start,last_entry,max_trades,min_reds,below_open,stop,target_r,target_pts,n,win,avg,total,pf,t,maxdd,is_avg,is_t,oos_avg,oos_t,y2020,y2021,y2022,y2023,y2024,y2025,y2026
09:30,11:30,1,1,False,LOW,1,0,1460,51.2,0.57,836,1.01,0.18,4119,0.78,0.23,0.33,0.06,17,37,968,-406,1219,1731,-2728
09:30,11:30,1,1,False,LOW,2,0,1460,35.9,0.91,1323,1.01,0.21,6320,4.04,0.85,-2.72,-0.37,-275,1177,107,2156,468,2477,-4786
09:30,11:30,1,1,False,LOW,3,0,1460,30.8,3.23,4714,1.05,0.67,6561,7.34,1.32,-1.52,-0.19,187,2445,787,2326,756,2517,-4303
09:30,11:30,1,1,False,LOW,0,50,1460,47.9,-1.53,-2236,0.97,-0.57,6540,4.01,1.23,-7.94,-1.80,-469,503,3387,-279,-133,-1624,-3621
09:30,11:30,1,1,False,LOW,0,100,1460,35.1,3.02,4416,1.05,0.81,3904,4.87,1.04,0.89,0.15,-5,1856,731,1231,491,2101,-1988
09:30,11:30,1,1,False,LOW,0,0,1460,27.9,5.43,7934,1.08,1.02,6544,11.32,1.72,-1.38,-0.16,517,3629,864,3856,1892,1709,-4532
09:30,11:30,1,1,False,P40,1,0,1460,49.9,-2.11,-3075,0.95,-1.01,4731,0.76,0.27,-5.42,-1.76,-26,-359,1096,-114,-28,-2032,-1613
09:30,11:30,1,1,False,P40,2,0,1460,35.5,1.15,1685,1.02,0.39,2532,2.21,0.55,-0.06,-0.01,-762,565,1842,82,817,-1076,217
09:30,11:30,1,1,False,P40,3,0,1460,29.7,3.98,5806,1.07,1.12,4501,5.93,1.23,1.71,0.33,-61,1793,1384,1530,2652,916,-2407
09:30,11:30,1,1,False,P40,0,50,1460,44.8,-1.63,-2377,0.96,-0.70,4299,0.92,0.29,-4.58,-1.33,-810,-39,1570,-1,487,-1887,-1698
09:30,11:30,1,1,False,P40,0,100,1460,32.3,3.57,5210,1.07,1.09,2939,3.73,0.84,3.38,0.70,-388,1690,900,719,1790,718,-218
09:30,11:30,1,1,False,P40,0,0,1460,25.7,4.65,6791,1.08,1.05,6464,10.35,1.72,-1.94,-0.30,134,2550,2795,2630,3704,-1944,-3077
09:30,11:30,1,1,False,LOW,1,0,1459,51.2,0.64,938,1.01,0.20,4119,0.74,0.21,0.53,0.10,-18,37,968,-406,1271,1815,-2728
09:30,11:30,1,1,False,LOW,2,0,1459,36.1,1.08,1578,1.02,0.26,6320,4.00,0.84,-2.30,-0.32,-309,1177,107,2156,673,2561,-4786
09:30,11:30,1,1,False,LOW,3,0,1459,30.9,3.33,4864,1.05,0.69,6561,7.29,1.31,-1.25,-0.15,153,2445,787,2326,855,2602,-4303
09:30,11:30,1,1,False,LOW,0,50,1459,48.0,-1.38,-2013,0.97,-0.51,6283,3.97,1.21,-7.57,-1.71,-503,503,3387,-279,40,-1539,-3621
09:30,11:30,1,1,False,LOW,0,100,1459,35.2,3.13,4566,1.05,0.84,3904,4.83,1.04,1.16,0.19,-39,1856,731,1231,590,2185,-1988
09:30,11:30,1,1,False,LOW,0,0,1459,28.0,5.54,8083,1.08,1.04,6544,11.28,1.72,-1.11,-0.13,483,3629,864,3856,1991,1794,-4532
09:30,11:30,1,1,False,P40,1,0,1459,49.9,-2.16,-3153,0.95,-1.03,4810,0.76,0.27,-5.55,-1.80,-26,-359,1096,-114,-28,-2111,-1613
09:30,11:30,1,1,False,P40,2,0,1459,35.4,1.05,1527,1.02,0.36,2532,2.21,0.55,-0.30,-0.07,-761,565,1842,82,817,-1235,217
09:30,11:30,1,1,False,P40,3,0,1459,29.7,3.82,5568,1.07,1.08,4739,5.93,1.23,1.36,0.26,-61,1793,1384,1530,2652,678,-2407
09:30,11:30,1,1,False,P40,0,50,1459,44.8,-1.57,-2294,0.97,-0.67,4339,0.92,0.29,-4.46,-1.30,-809,-39,1570,-1,668,-1985,-1698
09:30,11:30,1,1,False,P40,0,100,1459,32.2,3.43,5012,1.06,1.05,2939,3.73,0.84,3.09,0.64,-388,1690,900,719,1790,520,-218
09:30,11:30,1,1,False,P40,0,0,1459,25.6,4.48,6532,1.07,1.01,6724,10.36,1.72,-2.33,-0.36,134,2550,2795,2630,3704,-2204,-3077
09:30,11:30,1,1,False,LOW,1,0,650,52.9,6.03,3921,1.12,1.25,1813,3.86,0.78,8.73,0.98,766,579,-845,888,1744,849,-61
09:30,11:30,1,1,False,LOW,2,0,650,37.8,6.58,4275,1.11,1.03,2342,12.90,1.87,-1.27,-0.11,1079,1738,103,1723,913,-1278,-3
09:30,11:30,1,1,False,LOW,3,0,650,31.4,6.34,4119,1.09,0.88,2268,12.06,1.51,-0.77,-0.06,1472,1437,156,1277,596,-1501,683
09:30,11:30,1,1,False,LOW,0,50,650,48.8,0.38,246,1.01,0.09,2244,3.81,0.80,-3.88,-0.55,1045,5,59,262,809,-1294,-639
09:30,11:30,1,1,False,LOW,0,100,650,35.5,4.69,3050,1.08,0.84,2528,6.77,1.01,2.12,0.22,1230,814,-47,439,847,1051,-1284
09:30,11:30,1,1,False,LOW,0,0,650,28.0,6.42,4173,1.09,0.79,2784,11.28,1.21,0.39,0.03,1486,1874,-66,766,1635,-1428,-94
09:30,11:30,1,1,False,P40,1,0,650,49.7,-3.75,-2437,0.91,-1.13,3531,1.07,0.26,-9.73,-1.82,623,-235,29,-32,375,-2075,-1121
09:30,11:30,1,1,False,P40,2,0,650,35.2,-1.61,-1047,0.97,-0.36,3170,2.65,0.45,-6.90,-0.99,1048,-46,30,-77,56,-1973,-85
09:30,11:30,1,1,False,P40,3,0,650,30.0,1.42,923,1.02,0.27,3479,6.30,0.90,-4.64,-0.56,1354,529,708,-321,560,-849,-1058
09:30,11:30,1,1,False,P40,0,50,650,44.8,-3.24,-2104,0.93,-0.88,3506,1.41,0.30,-9.01,-1.55,903,-67,-84,-244,597,-2287,-923
09:30,11:30,1,1,False,P40,0,100,650,32.3,1.17,758,1.02,0.23,2527,4.12,0.63,-2.50,-0.32,1169,426,-41,-71,535,-1165,-95
09:30,11:30,1,1,False,P40,0,0,650,25.2,1.47,957,1.02,0.21,4776,9.78,1.09,-8.84,-0.82,1425,1612,717,-231,1518,-2853,-1230
09:30,11:30,1,1,False,LOW,1,0,650,52.9,6.05,3934,1.12,1.25,1813,3.86,0.78,8.78,0.98,766,579,-845,888,1744,862,-61
09:30,11:30,1,1,False,LOW,2,0,650,37.8,6.60,4289,1.11,1.03,2329,12.90,1.87,-1.22,-0.11,1079,1738,103,1723,913,-1264,-3
09:30,11:30,1,1,False,LOW,3,0,650,31.4,6.36,4133,1.09,0.89,2254,12.06,1.51,-0.72,-0.06,1472,1437,156,1277,596,-1488,683
09:30,11:30,1,1,False,LOW,0,50,650,48.8,0.40,260,1.01,0.10,2244,3.81,0.80,-3.83,-0.54,1045,5,59,262,809,-1281,-639
09:30,11:30,1,1,False,LOW,0,100,650,35.5,4.71,3064,1.08,0.84,2528,6.77,1.01,2.16,0.23,1230,814,-47,439,847,1065,-1284
09:30,11:30,1,1,False,LOW,0,0,650,28.0,6.44,4186,1.09,0.79,2784,11.28,1.21,0.44,0.03,1486,1874,-66,766,1635,-1414,-94
09:30,11:30,1,1,False,P40,1,0,650,49.7,-3.75,-2437,0.91,-1.13,3531,1.07,0.26,-9.73,-1.82,623,-235,29,-32,375,-2075,-1121
09:30,11:30,1,1,False,P40,2,0,650,35.2,-1.61,-1047,0.97,-0.36,3170,2.65,0.45,-6.90,-0.99,1048,-46,30,-77,56,-1973,-85
09:30,11:30,1,1,False,P40,3,0,650,30.0,1.42,923,1.02,0.27,3479,6.30,0.90,-4.64,-0.56,1354,529,708,-321,560,-849,-1058
09:30,11:30,1,1,False,P40,0,50,650,44.8,-3.24,-2104,0.93,-0.88,3506,1.41,0.30,-9.01,-1.55,903,-67,-84,-244,597,-2287,-923
09:30,11:30,1,1,False,P40,0,100,650,32.3,1.17,758,1.02,0.23,2527,4.12,0.63,-2.50,-0.32,1169,426,-41,-71,535,-1165,-95
09:30,11:30,1,1,False,P40,0,0,650,25.2,1.47,957,1.02,0.21,4776,9.78,1.09,-8.84,-0.82,1425,1612,717,-231,1518,-2853,-1230
09:30,11:30,1,1,False,LOW,1,0,1458,51.1,0.21,310,1.00,0.07,4119,0.74,0.21,-0.40,-0.07,33,-18,968,-402,1176,1281,-2728
09:30,11:30,1,1,False,LOW,2,0,1458,35.9,0.47,686,1.01,0.11,6320,4.04,0.85,-3.67,-0.50,-235,1135,107,2160,255,2051,-4786
09:30,11:30,1,1,False,LOW,3,0,1458,30.8,2.69,3916,1.04,0.56,6561,7.26,1.31,-2.62,-0.32,156,2415,787,2330,471,2061,-4303
09:30,11:30,1,1,False,LOW,0,50,1458,48.1,-1.47,-2140,0.97,-0.54,6346,3.89,1.19,-7.69,-1.73,-500,436,3387,-275,-66,-1502,-3621
09:30,11:30,1,1,False,LOW,0,100,1458,35.0,2.41,3509,1.04,0.64,3904,4.43,0.95,0.06,0.01,-36,1538,731,1235,221,1809,-1988
09:30,11:30,1,1,False,LOW,0,0,1458,28.0,4.84,7060,1.07,0.91,6544,10.91,1.66,-2.20,-0.25,486,3335,864,3860,1893,1154,-4532
09:30,11:30,1,1,False,P40,1,0,1458,49.8,-2.27,-3304,0.94,-1.08,4888,0.67,0.24,-5.67,-1.84,10,-466,1096,-114,-28,-2189,-1613
09:30,11:30,1,1,False,P40,2,0,1458,35.4,1.00,1458,1.02,0.34,2532,2.01,0.50,-0.18,-0.04,-726,379,1842,82,817,-1153,217
09:30,11:30,1,1,False,P40,3,0,1458,29.6,3.60,5242,1.06,1.02,4501,5.51,1.15,1.37,0.26,-26,1426,1384,1530,2576,760,-2407
09:30,11:30,1,1,False,P40,0,50,1458,44.8,-1.57,-2284,0.97,-0.67,4257,0.83,0.26,-4.35,-1.26,-774,-146,1570,-1,668,-1903,-1698
09:30,11:30,1,1,False,P40,0,100,1458,32.2,3.26,4746,1.06,0.99,2939,3.33,0.75,3.17,0.65,-353,1343,900,719,1754,602,-218
09:30,11:30,1,1,False,P40,0,0,1458,25.7,4.37,6370,1.07,0.99,6926,9.99,1.66,-2.15,-0.33,169,2228,2795,2630,3949,-2324,-3077
09:30,11:30,1,1,False,LOW,1,0,1457,51.1,0.26,386,1.01,0.08,4119,0.74,0.21,-0.29,-0.05,33,-18,968,-402,1167,1366,-2728
09:30,11:30,1,1,False,LOW,2,0,1457,36.0,0.61,885,1.01,0.14,6320,4.04,0.85,-3.39,-0.46,-235,1135,107,2160,369,2136,-4786
09:30,11:30,1,1,False,LOW,3,0,1457,30.8,2.75,4009,1.04,0.57,6561,7.26,1.31,-2.49,-0.30,156,2415,787,2330,480,2145,-4303
09:30,11:30,1,1,False,LOW,0,50,1457,48.1,-1.40,-2047,0.97,-0.52,6253,3.89,1.19,-7.56,-1.70,-500,436,3387,-275,-57,-1418,-3621
09:30,11:30,1,1,False,LOW,0,100,1457,35.1,2.47,3602,1.04,0.66,3904,4.43,0.95,0.20,0.03,-36,1538,731,1235,230,1893,-1988
09:30,11:30,1,1,False,LOW,0,0,1457,28.0,4.91,7153,1.07,0.92,6544,10.91,1.66,-2.06,-0.24,486,3335,864,3860,1902,1239,-4532
09:30,11:30,1,1,False,P40,1,0,1457,49.8,-2.32,-3382,0.94,-1.11,4967,0.67,0.24,-5.80,-1.88,10,-466,1096,-114,-28,-2268,-1613
09:30,11:30,1,1,False,P40,2,0,1457,35.3,0.89,1299,1.02,0.30,2532,2.01,0.50,-0.41,-0.09,-726,379,1842,82,817,-1311,217
09:30,11:30,1,1,False,P40,3,0,1457,29.6,3.43,5004,1.06,0.97,4739,5.51,1.15,1.02,0.20,-26,1426,1384,1530,2576,521,-2407
09:30,11:30,1,1,False,P40,0,50,1457,44.7,-1.64,-2383,0.96,-0.70,4356,0.83,0.26,-4.50,-1.31,-774,-146,1570,-1,668,-2002,-1698
09:30,11:30,1,1,False,P40,0,100,1457,32.1,3.12,4548,1.06,0.95,2939,3.33,0.75,2.88,0.59,-353,1343,900,719,1754,403,-218
09:30,11:30,1,1,False,P40,0,0,1457,25.6,4.19,6110,1.07,0.95,7185,9.99,1.66,-2.54,-0.39,169,2228,2795,2630,3949,-2583,-3077
09:30,11:30,1,1,False,LOW,1,0,650,52.9,6.03,3921,1.12,1.25,1813,3.86,0.78,8.73,0.98,766,579,-845,888,1744,849,-61
09:30,11:30,1,1,False,LOW,2,0,650,37.8,6.58,4275,1.11,1.03,2342,12.90,1.87,-1.27,-0.11,1079,1738,103,1723,913,-1278,-3
09:30,11:30,1,1,False,LOW,3,0,650,31.4,6.34,4119,1.09,0.88,2268,12.06,1.51,-0.77,-0.06,1472,1437,156,1277,596,-1501,683
09:30,11:30,1,1,False,LOW,0,50,650,48.8,0.38,246,1.01,0.09,2244,3.81,0.80,-3.88,-0.55,1045,5,59,262,809,-1294,-639
09:30,11:30,1,1,False,LOW,0,100,650,35.5,4.69,3050,1.08,0.84,2528,6.77,1.01,2.12,0.22,1230,814,-47,439,847,1051,-1284
09:30,11:30,1,1,False,LOW,0,0,650,28.0,6.42,4173,1.09,0.79,2784,11.28,1.21,0.39,0.03,1486,1874,-66,766,1635,-1428,-94
09:30,11:30,1,1,False,P40,1,0,650,49.7,-3.75,-2437,0.91,-1.13,3531,1.07,0.26,-9.73,-1.82,623,-235,29,-32,375,-2075,-1121
09:30,11:30,1,1,False,P40,2,0,650,35.2,-1.61,-1047,0.97,-0.36,3170,2.65,0.45,-6.90,-0.99,1048,-46,30,-77,56,-1973,-85
09:30,11:30,1,1,False,P40,3,0,650,30.0,1.42,923,1.02,0.27,3479,6.30,0.90,-4.64,-0.56,1354,529,708,-321,560,-849,-1058
09:30,11:30,1,1,False,P40,0,50,650,44.8,-3.24,-2104,0.93,-0.88,3506,1.41,0.30,-9.01,-1.55,903,-67,-84,-244,597,-2287,-923
09:30,11:30,1,1,False,P40,0,100,650,32.3,1.17,758,1.02,0.23,2527,4.12,0.63,-2.50,-0.32,1169,426,-41,-71,535,-1165,-95
09:30,11:30,1,1,False,P40,0,0,650,25.2,1.47,957,1.02,0.21,4776,9.78,1.09,-8.84,-0.82,1425,1612,717,-231,1518,-2853,-1230
09:30,11:30,1,1,False,LOW,1,0,650,52.9,6.05,3934,1.12,1.25,1813,3.86,0.78,8.78,0.98,766,579,-845,888,1744,862,-61
09:30,11:30,1,1,False,LOW,2,0,650,37.8,6.60,4289,1.11,1.03,2329,12.90,1.87,-1.22,-0.11,1079,1738,103,1723,913,-1264,-3
09:30,11:30,1,1,False,LOW,3,0,650,31.4,6.36,4133,1.09,0.89,2254,12.06,1.51,-0.72,-0.06,1472,1437,156,1277,596,-1488,683
09:30,11:30,1,1,False,LOW,0,50,650,48.8,0.40,260,1.01,0.10,2244,3.81,0.80,-3.83,-0.54,1045,5,59,262,809,-1281,-639
09:30,11:30,1,1,False,LOW,0,100,650,35.5,4.71,3064,1.08,0.84,2528,6.77,1.01,2.16,0.23,1230,814,-47,439,847,1065,-1284
09:30,11:30,1,1,False,LOW,0,0,650,28.0,6.44,4186,1.09,0.79,2784,11.28,1.21,0.44,0.03,1486,1874,-66,766,1635,-1414,-94
09:30,11:30,1,1,False,P40,1,0,650,49.7,-3.75,-2437,0.91,-1.13,3531,1.07,0.26,-9.73,-1.82,623,-235,29,-32,375,-2075,-1121
09:30,11:30,1,1,False,P40,2,0,650,35.2,-1.61,-1047,0.97,-0.36,3170,2.65,0.45,-6.90,-0.99,1048,-46,30,-77,56,-1973,-85
09:30,11:30,1,1,False,P40,3,0,650,30.0,1.42,923,1.02,0.27,3479,6.30,0.90,-4.64,-0.56,1354,529,708,-321,560,-849,-1058
09:30,11:30,1,1,False,P40,0,50,650,44.8,-3.24,-2104,0.93,-0.88,3506,1.41,0.30,-9.01,-1.55,903,-67,-84,-244,597,-2287,-923
09:30,11:30,1,1,False,P40,0,100,650,32.3,1.17,758,1.02,0.23,2527,4.12,0.63,-2.50,-0.32,1169,426,-41,-71,535,-1165,-95
09:30,11:30,1,1,False,P40,0,0,650,25.2,1.47,957,1.02,0.21,4776,9.78,1.09,-8.84,-0.82,1425,1612,717,-231,1518,-2853,-1230
09:30,11:30,1,1,False,LOW,1,0,1389,50.1,-1.64,-2274,0.97,-0.49,3885,-1.18,-0.33,-2.16,-0.37,429,-726,236,-820,924,-137,-2180
09:30,11:30,1,1,False,LOW,2,0,1389,35.3,-1.90,-2638,0.97,-0.43,5982,2.48,0.51,-6.97,-0.92,342,-348,242,1615,-600,330,-4219
09:30,11:30,1,1,False,LOW,3,0,1389,30.7,1.13,1577,1.02,0.23,6241,6.74,1.18,-5.34,-0.63,774,601,1338,2306,-948,1165,-3658
09:30,11:30,1,1,False,LOW,0,50,1389,47.8,-3.04,-4216,0.94,-1.09,6587,1.35,0.40,-8.11,-1.77,195,-902,2230,-516,-492,-2510,-2222
09:30,11:30,1,1,False,LOW,0,100,1389,34.8,-0.42,-582,0.99,-0.11,3981,3.07,0.64,-4.45,-0.72,419,-433,1108,1191,-1004,-288,-1575
09:30,11:30,1,1,False,LOW,0,0,1389,28.0,1.81,2520,1.02,0.33,6576,9.04,1.34,-6.54,-0.74,938,768,1416,3610,1,-217,-3996
09:30,11:30,1,1,False,P40,1,0,1389,48.5,-4.37,-6074,0.90,-2.04,6718,-0.98,-0.33,-8.30,-2.63,422,-1309,229,-71,-973,-2931,-1442
09:30,11:30,1,1,False,P40,2,0,1389,34.4,-1.76,-2444,0.97,-0.59,4459,0.84,0.21,-4.77,-1.09,42,-1222,1331,476,-616,-2443,-13
09:30,11:30,1,1,False,P40,3,0,1389,28.8,-0.16,-221,1.00,-0.04,5411,4.40,0.91,-5.43,-1.04,464,-821,2240,1393,139,-1047,-2588
09:30,11:30,1,1,False,P40,0,50,1389,43.8,-3.56,-4940,0.92,-1.49,5352,-1.14,-0.35,-6.35,-1.81,-14,-1432,503,95,-318,-2568,-1206
09:30,11:30,1,1,False,P40,0,100,1389,31.5,0.60,827,1.01,0.18,2815,2.90,0.64,-2.07,-0.42,177,-488,1266,1203,78,-1269,-141
09:30,11:30,1,1,False,P40,0,0,1389,24.9,0.94,1306,1.02,0.21,7998,9.56,1.53,-9.03,-1.41,696,-92,4097,2418,1560,-3725,-3648
09:30,11:30,1,1,False,LOW,1,0,1388,50.1,-1.58,-2199,0.97,-0.48,3885,-1.18,-0.33,-2.05,-0.35,429,-726,236,-820,915,-52,-2180
09:30,11:30,1,1,False,LOW,2,0,1388,35.4,-1.76,-2439,0.97,-0.40,5982,2.48,0.51,-6.67,-0.88,342,-348,242,1615,-485,415,-4219
09:30,11:30,1,1,False,LOW,3,0,1388,30.8,1.20,1670,1.02,0.24,6241,6.74,1.18,-5.21,-0.61,774,601,1338,2306,-939,1249,-3658
09:30,11:30,1,1,False,LOW,0,50,1388,47.8,-2.97,-4123,0.94,-1.06,6494,1.35,0.40,-7.98,-1.74,195,-902,2230,-516,-483,-2425,-2222
09:30,11:30,1,1,False,LOW,0,100,1388,34.8,-0.35,-488,0.99,-0.09,3981,3.07,0.64,-4.31,-0.70,419,-433,1108,1191,-995,-203,-1575
09:30,11:30,1,1,False,LOW,0,0,1388,28.0,1.88,2613,1.03,0.35,6576,9.04,1.34,-6.41,-0.73,938,768,1416,3610,10,-133,-3996
09:30,11:30,1,1,False,P40,1,0,1388,48.5,-4.43,-6153,0.89,-2.07,6796,-0.98,-0.33,-8.44,-2.67,422,-1309,229,-71,-973,-3009,-1442
09:30,11:30,1,1,False,P40,2,0,1388,34.4,-1.88,-2603,0.96,-0.63,4617,0.84,0.21,-5.02,-1.15,42,-1222,1331,476,-616,-2602,-13
09:30,11:30,1,1,False,P40,3,0,1388,28.7,-0.33,-460,0.99,-0.09,5650,4.40,0.91,-5.81,-1.12,464,-821,2240,1393,139,-1286,-2588
09:30,11:30,1,1,False,P40,0,50,1388,43.7,-3.63,-5038,0.92,-1.52,5450,-1.14,-0.35,-6.52,-1.86,-14,-1432,503,95,-318,-2666,-1206
09:30,11:30,1,1,False,P40,0,100,1388,31.4,0.45,628,1.01,0.14,2868,2.90,0.64,-2.38,-0.49,177,-488,1266,1203,78,-1467,-141
09:30,11:30,1,1,False,P40,0,0,1388,24.9,0.75,1047,1.01,0.17,8258,9.56,1.53,-9.44,-1.47,696,-92,4097,2418,1560,-3984,-3648
09:30,11:30,1,1,False,LOW,1,0,643,52.4,4.53,2910,1.09,0.93,1745,3.96,0.79,5.23,0.58,827,579,-881,889,1503,271,-277
09:30,11:30,1,1,False,LOW,2,0,643,37.3,4.83,3108,1.08,0.75,2885,12.78,1.84,-5.08,-0.44,1140,1738,-39,1723,426,-1924,44
09:30,11:30,1,1,False,LOW,3,0,643,30.9,4.88,3135,1.07,0.68,2740,11.98,1.49,-3.99,-0.31,1533,1437,29,1277,-138,-1733,730
09:30,11:30,1,1,False,LOW,0,50,643,48.4,-0.47,-303,0.99,-0.11,2571,3.92,0.82,-5.95,-0.83,1106,5,28,262,513,-1393,-824
09:30,11:30,1,1,False,LOW,0,100,643,35.1,3.62,2329,1.06,0.64,2584,6.63,0.99,-0.13,-0.01,1290,814,-177,440,251,948,-1237
09:30,11:30,1,1,False,LOW,0,0,643,27.5,4.61,2964,1.07,0.56,2762,11.18,1.19,-3.60,-0.25,1546,1874,-193,767,677,-1659,-47
09:30,11:30,1,1,False,P40,1,0,643,49.6,-3.90,-2505,0.91,-1.16,3666,1.32,0.31,-10.40,-1.93,705,-235,33,-32,139,-1833,-1282
09:30,11:30,1,1,False,P40,2,0,643,34.8,-2.61,-1676,0.95,-0.58,3722,2.02,0.34,-8.38,-1.20,1130,-46,-288,-77,-420,-1651,-326
09:30,11:30,1,1,False,P40,3,0,643,29.9,0.83,536,1.01,0.16,3397,6.15,0.87,-5.80,-0.70,1436,529,552,-321,-156,-447,-1058
09:30,11:30,1,1,False,P40,0,50,643,44.5,-3.78,-2432,0.92,-1.03,3916,1.10,0.23,-9.88,-1.69,985,-67,-281,-244,302,-2024,-1103
09:30,11:30,1,1,False,P40,0,100,643,32.2,0.76,490,1.01,0.15,2445,4.06,0.62,-3.35,-0.43,1251,426,-157,-71,-61,-803,-95
09:30,11:30,1,1,False,P40,0,0,643,24.9,0.08,50,1.00,0.01,4694,9.78,1.08,-12.03,-1.12,1507,1612,604,-231,560,-2771,-1230
09:30,11:30,1,1,False,LOW,1,0,643,52.4,4.55,2924,1.09,0.93,1745,3.96,0.79,5.28,0.58,827,579,-881,889,1503,285,-277
09:30,11:30,1,1,False,LOW,2,0,643,37.3,4.85,3122,1.08,0.75,2871,12.78,1.84,-5.04,-0.43,1140,1738,-39,1723,426,-1910,44
09:30,11:30,1,1,False,LOW,3,0,643,30.9,4.90,3149,1.07,0.68,2726,11.98,1.49,-3.94,-0.31,1533,1437,29,1277,-138,-1719,730
09:30,11:30,1,1,False,LOW,0,50,643,48.4,-0.45,-289,0.99,-0.11,2558,3.92,0.82,-5.91,-0.82,1106,5,28,262,513,-1379,-824
09:30,11:30,1,1,False,LOW,0,100,643,35.1,3.64,2342,1.06,0.65,2584,6.63,0.99,-0.09,-0.01,1290,814,-177,440,251,961,-1237
09:30,11:30,1,1,False,LOW,0,0,643,27.5,4.63,2978,1.07,0.57,2762,11.18,1.19,-3.55,-0.25,1546,1874,-193,767,677,-1646,-47
09:30,11:30,1,1,False,P40,1,0,643,49.6,-3.90,-2505,0.91,-1.16,3666,1.32,0.31,-10.40,-1.93,705,-235,33,-32,139,-1833,-1282
09:30,11:30,1,1,False,P40,2,0,643,34.8,-2.61,-1676,0.95,-0.58,3722,2.02,0.34,-8.38,-1.20,1130,-46,-288,-77,-420,-1651,-326
09:30,11:30,1,1,False,P40,3,0,643,29.9,0.83,536,1.01,0.16,3397,6.15,0.87,-5.80,-0.70,1436,529,552,-321,-156,-447,-1058
09:30,11:30,1,1,False,P40,0,50,643,44.5,-3.78,-2432,0.92,-1.03,3916,1.10,0.23,-9.88,-1.69,985,-67,-281,-244,302,-2024,-1103
09:30,11:30,1,1,False,P40,0,100,643,32.2,0.76,490,1.01,0.15,2445,4.06,0.62,-3.35,-0.43,1251,426,-157,-71,-61,-803,-95
09:30,11:30,1,1,False,P40,0,0,643,24.9,0.08,50,1.00,0.01,4694,9.78,1.08,-12.03,-1.12,1507,1612,604,-231,560,-2771,-1230
09:30,11:30,1,1,False,LOW,1,0,1144,50.8,1.79,2051,1.03,0.49,4249,3.08,0.79,0.28,0.04,136,-513,1642,638,1611,1699,-3162
09:30,11:30,1,1,False,LOW,2,0,1144,36.0,1.61,1845,1.02,0.33,4082,5.79,1.09,-3.29,-0.39,302,85,564,2626,-414,1785,-3103
09:30,11:30,1,1,False,LOW,3,0,1144,30.6,2.34,2680,1.03,0.43,4123,7.81,1.27,-4.08,-0.43,699,935,824,2370,-1343,2445,-3249
09:30,11:30,1,1,False,LOW,0,50,1144,48.8,0.06,63,1.00,0.02,4691,5.19,1.42,-5.98,-1.19,273,-655,2461,1130,546,-406,-3286
09:30,11:30,1,1,False,LOW,0,100,1144,34.8,0.75,863,1.01,0.18,3841,4.62,0.90,-3.79,-0.56,395,-56,703,1816,-1180,1606,-2421
09:30,11:30,1,1,False,LOW,0,0,1144,27.9,4.06,4645,1.06,0.67,4105,7.58,1.09,-0.08,-0.01,782,833,750,2323,1,2688,-2731
09:30,11:30,1,1,False,P40,1,0,1144,48.9,-3.65,-4177,0.91,-1.54,5127,0.26,0.08,-8.24,-2.36,-63,-1497,535,1185,385,-2290,-2431
09:30,11:30,1,1,False,P40,2,0,1144,33.7,-2.78,-3186,0.95,-0.85,5654,2.66,0.59,-9.18,-1.92,121,-1027,755,1793,-635,-2073,-2120
09:30,11:30,1,1,False,P40,3,0,1144,28.1,-1.71,-1959,0.97,-0.44,6488,5.80,1.08,-10.54,-1.87,439,-206,1209,2141,-1023,-885,-3634
09:30,11:30,1,1,False,P40,0,50,1144,44.1,-2.67,-3057,0.94,-1.01,5338,1.93,0.54,-8.08,-2.09,103,-1340,1101,1331,239,-2036,-2455
09:30,11:30,1,1,False,P40,0,100,1144,30.5,-1.66,-1894,0.97,-0.46,4734,3.23,0.65,-7.39,-1.40,192,-297,20,2080,-1128,-959,-1802
09:30,11:30,1,1,False,P40,0,0,1144,23.9,-3.98,-4551,0.94,-0.85,8927,4.65,0.74,-14.11,-2.00,579,306,593,1396,605,-2686,-5344
09:30,11:30,1,1,False,LOW,1,0,1144,50.8,1.79,2051,1.03,0.49,4249,3.08,0.79,0.28,0.04,136,-513,1642,638,1611,1699,-3162
09:30,11:30,1,1,False,LOW,2,0,1144,36.0,1.61,1845,1.02,0.33,4082,5.79,1.09,-3.29,-0.39,302,85,564,2626,-414,1785,-3103
09:30,11:30,1,1,False,LOW,3,0,1144,30.6,2.34,2680,1.03,0.43,4123,7.81,1.27,-4.08,-0.43,699,935,824,2370,-1343,2445,-3249
09:30,11:30,1,1,False,LOW,0,50,1144,48.8,0.06,63,1.00,0.02,4691,5.19,1.42,-5.98,-1.19,273,-655,2461,1130,546,-406,-3286
09:30,11:30,1,1,False,LOW,0,100,1144,34.8,0.75,863,1.01,0.18,3841,4.62,0.90,-3.79,-0.56,395,-56,703,1816,-1180,1606,-2421
09:30,11:30,1,1,False,LOW,0,0,1144,27.9,4.06,4645,1.06,0.67,4105,7.58,1.09,-0.08,-0.01,782,833,750,2323,1,2688,-2731
09:30,11:30,1,1,False,P40,1,0,1144,48.9,-3.65,-4177,0.91,-1.54,5127,0.26,0.08,-8.24,-2.36,-63,-1497,535,1185,385,-2290,-2431
09:30,11:30,1,1,False,P40,2,0,1144,33.7,-2.78,-3186,0.95,-0.85,5654,2.66,0.59,-9.18,-1.92,121,-1027,755,1793,-635,-2073,-2120
09:30,11:30,1,1,False,P40,3,0,1144,28.1,-1.71,-1959,0.97,-0.44,6488,5.80,1.08,-10.54,-1.87,439,-206,1209,2141,-1023,-885,-3634
09:30,11:30,1,1,False,P40,0,50,1144,44.1,-2.67,-3057,0.94,-1.01,5338,1.93,0.54,-8.08,-2.09,103,-1340,1101,1331,239,-2036,-2455
09:30,11:30,1,1,False,P40,0,100,1144,30.5,-1.66,-1894,0.97,-0.46,4734,3.23,0.65,-7.39,-1.40,192,-297,20,2080,-1128,-959,-1802
09:30,11:30,1,1,False,P40,0,0,1144,23.9,-3.98,-4551,0.94,-0.85,8927,4.65,0.74,-14.11,-2.00,579,306,593,1396,605,-2686,-5344
09:30,11:30,1,1,False,LOW,1,0,602,54.3,8.06,4854,1.17,1.61,1433,7.17,1.43,9.17,0.98,771,817,-158,958,1571,1426,-531
09:30,11:30,1,1,False,LOW,2,0,602,37.9,6.23,3751,1.10,0.94,2194,13.04,1.85,-2.20,-0.18,1063,1653,-82,1709,276,-508,-360
09:30,11:30,1,1,False,LOW,3,0,602,30.9,5.45,3278,1.08,0.73,2170,9.79,1.22,0.06,0.00,1456,951,-551,1405,-316,-144,477
09:30,11:30,1,1,False,LOW,0,50,602,49.2,1.61,968,1.03,0.38,2439,4.97,1.02,-2.55,-0.35,1007,310,-126,464,877,-171,-1392
09:30,11:30,1,1,False,LOW,0,100,602,35.2,4.21,2536,1.07,0.73,2031,5.12,0.76,3.08,0.31,1214,472,-590,611,197,1941,-1309
09:30,11:30,1,1,False,LOW,0,0,602,27.9,5.57,3353,1.08,0.67,2952,6.31,0.73,4.65,0.30,1470,1603,-1760,789,821,589,-159
09:30,11:30,1,1,False,P40,1,0,602,50.5,-2.51,-1514,0.94,-0.72,3350,3.09,0.71,-9.46,-1.69,627,-40,-29,472,392,-1505,-1432
09:30,11:30,1,1,False,P40,2,0,602,34.6,-3.56,-2143,0.93,-0.77,3868,0.76,0.13,-8.90,-1.23,1053,-101,-923,223,-277,-1082,-1036
09:30,11:30,1,1,False,P40,3,0,602,29.9,0.78,472,1.01,0.14,3286,6.15,0.85,-5.86,-0.69,1359,609,-323,404,-173,124,-1527
09:30,11:30,1,1,False,P40,0,50,602,45.3,-2.14,-1291,0.95,-0.56,3176,3.13,0.64,-8.68,-1.43,887,179,-282,260,695,-1516,-1514
09:30,11:30,1,1,False,P40,0,100,602,32.2,0.43,257,1.01,0.08,2308,3.40,0.51,-3.25,-0.40,1174,290,-792,459,2,-432,-444
09:30,11:30,1,1,False,P40,0,0,602,25.1,-2.16,-1299,0.96,-0.32,4964,4.65,0.56,-10.58,-0.94,1430,1695,-1720,143,791,-1945,-1693
09:30,11:30,1,1,False,LOW,1,0,602,54.3,8.06,4854,1.17,1.61,1433,7.17,1.43,9.17,0.98,771,817,-158,958,1571,1426,-531
09:30,11:30,1,1,False,LOW,2,0,602,37.9,6.23,3751,1.10,0.94,2194,13.04,1.85,-2.20,-0.18,1063,1653,-82,1709,276,-508,-360
09:30,11:30,1,1,False,LOW,3,0,602,30.9,5.45,3278,1.08,0.73,2170,9.79,1.22,0.06,0.00,1456,951,-551,1405,-316,-144,477
09:30,11:30,1,1,False,LOW,0,50,602,49.2,1.61,968,1.03,0.38,2439,4.97,1.02,-2.55,-0.35,1007,310,-126,464,877,-171,-1392
09:30,11:30,1,1,False,LOW,0,100,602,35.2,4.21,2536,1.07,0.73,2031,5.12,0.76,3.08,0.31,1214,472,-590,611,197,1941,-1309
09:30,11:30,1,1,False,LOW,0,0,602,27.9,5.57,3353,1.08,0.67,2952,6.31,0.73,4.65,0.30,1470,1603,-1760,789,821,589,-159
09:30,11:30,1,1,False,P40,1,0,602,50.5,-2.51,-1514,0.94,-0.72,3350,3.09,0.71,-9.46,-1.69,627,-40,-29,472,392,-1505,-1432
09:30,11:30,1,1,False,P40,2,0,602,34.6,-3.56,-2143,0.93,-0.77,3868,0.76,0.13,-8.90,-1.23,1053,-101,-923,223,-277,-1082,-1036
09:30,11:30,1,1,False,P40,3,0,602,29.9,0.78,472,1.01,0.14,3286,6.15,0.85,-5.86,-0.69,1359,609,-323,404,-173,124,-1527
09:30,11:30,1,1,False,P40,0,50,602,45.3,-2.14,-1291,0.95,-0.56,3176,3.13,0.64,-8.68,-1.43,887,179,-282,260,695,-1516,-1514
09:30,11:30,1,1,False,P40,0,100,602,32.2,0.43,257,1.01,0.08,2308,3.40,0.51,-3.25,-0.40,1174,290,-792,459,2,-432,-444
09:30,11:30,1,1,False,P40,0,0,602,25.1,-2.16,-1299,0.96,-0.32,4964,4.65,0.56,-10.58,-0.94,1430,1695,-1720,143,791,-1945,-1693
09:30,11:30,1,1,True,LOW,1,0,1237,49.6,-1.47,-1819,0.97,-0.42,4084,-0.25,-0.06,-2.86,-0.47,-103,-171,112,-3,44,1418,-3116
09:30,11:30,1,1,True,LOW,2,0,1237,34.9,0.05,58,1.00,0.01,5659,3.26,0.62,-3.61,-0.45,-230,1054,-631,1952,-116,2551,-4524
09:30,11:30,1,1,True,LOW,3,0,1237,30.2,1.48,1835,1.02,0.28,5653,6.06,1.00,-3.74,-0.42,145,1415,-266,2702,44,2152,-4357
09:30,11:30,1,1,True,LOW,0,50,1237,47.4,-3.15,-3902,0.94,-1.07,6309,2.30,0.64,-9.37,-1.95,-337,-394,2311,-64,-847,-1335,-3236
09:30,11:30,1,1,True,LOW,0,100,1237,34.4,0.43,536,1.01,0.11,3865,3.07,0.60,-2.57,-0.40,-48,147,377,1547,-630,1764,-2622
09:30,11:30,1,1,True,LOW,0,0,1237,26.9,1.48,1831,1.02,0.26,6357,8.19,1.16,-6.17,-0.65,474,1670,-853,4108,343,560,-4470
09:30,11:30,1,1,True,P40,1,0,1237,48.5,-4.41,-5449,0.90,-1.94,5652,-1.86,-0.60,-7.30,-2.19,-101,-1769,435,207,-289,-2372,-1561
09:30,11:30,1,1,True,P40,2,0,1237,34.1,-1.81,-2241,0.97,-0.57,3813,-0.67,-0.15,-3.11,-0.67,-713,-1395,1539,127,71,-1582,-289
09:30,11:30,1,1,True,P40,3,0,1237,28.3,0.35,433,1.01,0.09,5054,4.04,0.77,-3.85,-0.69,15,-1302,1979,1968,1289,-569,-2947
09:30,11:30,1,1,True,P40,0,50,1237,43.6,-3.78,-4682,0.92,-1.49,4942,-1.30,-0.38,-6.62,-1.79,-563,-1558,1191,72,-155,-2266,-1404
09:30,11:30,1,1,True,P40,0,100,1237,31.0,0.39,489,1.01,0.11,3636,0.86,0.18,-0.13,-0.03,-313,-1121,938,1060,804,-379,-501
09:30,11:30,1,1,True,P40,0,0,1237,24.2,1.32,1637,1.02,0.27,7125,8.68,1.28,-7.06,-1.01,209,-266,3139,2635,2034,-2977,-3137
09:30,11:30,1,1,True,LOW,1,0,1236,49.6,-1.41,-1743,0.97,-0.40,4084,-0.25,-0.06,-2.74,-0.45,-103,-171,112,-3,35,1502,-3116
09:30,11:30,1,1,True,LOW,2,0,1236,35.0,0.21,257,1.00,0.04,5659,3.26,0.62,-3.27,-0.40,-230,1054,-631,1952,-1,2636,-4524
09:30,11:30,1,1,True,LOW,3,0,1236,30.2,1.56,1928,1.02,0.29,5653,6.06,1.00,-3.58,-0.40,145,1415,-266,2702,53,2236,-4357
09:30,11:30,1,1,True,LOW,0,50,1236,47.4,-3.08,-3808,0.94,-1.04,6215,2.30,0.64,-9.23,-1.92,-337,-394,2311,-64,-838,-1251,-3236
09:30,11:30,1,1,True,LOW,0,100,1236,34.5,0.51,629,1.01,0.12,3865,3.07,0.60,-2.42,-0.37,-48,147,377,1547,-621,1849,-2622
09:30,11:30,1,1,True,LOW,0,0,1236,26.9,1.56,1925,1.02,0.27,6357,8.19,1.16,-6.02,-0.64,474,1670,-853,4108,352,644,-4470
09:30,11:30,1,1,True,P40,1,0,1236,48.5,-4.47,-5528,0.89,-1.96,5731,-1.86,-0.60,-7.45,-2.23,-101,-1769,435,207,-289,-2451,-1561
09:30,11:30,1,1,True,P40,2,0,1236,34.1,-1.94,-2400,0.96,-0.61,3813,-0.67,-0.15,-3.39,-0.73,-713,-1395,1539,127,71,-1741,-289
09:30,11:30,1,1,True,P40,3,0,1236,28.2,0.16,195,1.00,0.04,5292,4.04,0.77,-4.27,-0.77,15,-1302,1979,1968,1289,-807,-2947
09:30,11:30,1,1,True,P40,0,50,1236,43.5,-3.87,-4781,0.92,-1.53,5040,-1.30,-0.38,-6.80,-1.84,-563,-1558,1191,72,-155,-2364,-1404
09:30,11:30,1,1,True,P40,0,100,1236,30.9,0.23,290,1.00,0.07,3636,0.86,0.18,-0.47,-0.09,-313,-1121,938,1060,804,-578,-501
09:30,11:30,1,1,True,P40,0,0,1236,24.1,1.11,1377,1.02,0.23,7385,8.68,1.28,-7.52,-1.08,209,-266,3139,2635,2034,-3237,-3137
09:30,11:30,1,1,True,LOW,1,0,650,52.9,6.03,3921,1.12,1.25,1813,3.86,0.78,8.73,0.98,766,579,-845,888,1744,849,-61
09:30,11:30,1,1,True,LOW,2,0,650,37.8,6.58,4275,1.11,1.03,2342,12.90,1.87,-1.27,-0.11,1079,1738,103,1723,913,-1278,-3
09:30,11:30,1,1,True,LOW,3,0,650,31.4,6.34,4119,1.09,0.88,2268,12.06,1.51,-0.77,-0.06,1472,1437,156,1277,596,-1501,683
09:30,11:30,1,1,True,LOW,0,50,650,48.8,0.38,246,1.01,0.09,2244,3.81,0.80,-3.88,-0.55,1045,5,59,262,809,-1294,-639
09:30,11:30,1,1,True,LOW,0,100,650,35.5,4.69,3050,1.08,0.84,2528,6.77,1.01,2.12,0.22,1230,814,-47,439,847,1051,-1284
09:30,11:30,1,1,True,LOW,0,0,650,28.0,6.42,4173,1.09,0.79,2784,11.28,1.21,0.39,0.03,1486,1874,-66,766,1635,-1428,-94
09:30,11:30,1,1,True,P40,1,0,650,49.7,-3.75,-2437,0.91,-1.13,3531,1.07,0.26,-9.73,-1.82,623,-235,29,-32,375,-2075,-1121
09:30,11:30,1,1,True,P40,2,0,650,35.2,-1.61,-1047,0.97,-0.36,3170,2.65,0.45,-6.90,-0.99,1048,-46,30,-77,56,-1973,-85
09:30,11:30,1,1,True,P40,3,0,650,30.0,1.42,923,1.02,0.27,3479,6.30,0.90,-4.64,-0.56,1354,529,708,-321,560,-849,-1058
09:30,11:30,1,1,True,P40,0,50,650,44.8,-3.24,-2104,0.93,-0.88,3506,1.41,0.30,-9.01,-1.55,903,-67,-84,-244,597,-2287,-923
09:30,11:30,1,1,True,P40,0,100,650,32.3,1.17,758,1.02,0.23,2527,4.12,0.63,-2.50,-0.32,1169,426,-41,-71,535,-1165,-95
09:30,11:30,1,1,True,P40,0,0,650,25.2,1.47,957,1.02,0.21,4776,9.78,1.09,-8.84,-0.82,1425,1612,717,-231,1518,-2853,-1230
09:30,11:30,1,1,True,LOW,1,0,650,52.9,6.05,3934,1.12,1.25,1813,3.86,0.78,8.78,0.98,766,579,-845,888,1744,862,-61
09:30,11:30,1,1,True,LOW,2,0,650,37.8,6.60,4289,1.11,1.03,2329,12.90,1.87,-1.22,-0.11,1079,1738,103,1723,913,-1264,-3
09:30,11:30,1,1,True,LOW,3,0,650,31.4,6.36,4133,1.09,0.89,2254,12.06,1.51,-0.72,-0.06,1472,1437,156,1277,596,-1488,683
09:30,11:30,1,1,True,LOW,0,50,650,48.8,0.40,260,1.01,0.10,2244,3.81,0.80,-3.83,-0.54,1045,5,59,262,809,-1281,-639
09:30,11:30,1,1,True,LOW,0,100,650,35.5,4.71,3064,1.08,0.84,2528,6.77,1.01,2.16,0.23,1230,814,-47,439,847,1065,-1284
09:30,11:30,1,1,True,LOW,0,0,650,28.0,6.44,4186,1.09,0.79,2784,11.28,1.21,0.44,0.03,1486,1874,-66,766,1635,-1414,-94
09:30,11:30,1,1,True,P40,1,0,650,49.7,-3.75,-2437,0.91,-1.13,3531,1.07,0.26,-9.73,-1.82,623,-235,29,-32,375,-2075,-1121
09:30,11:30,1,1,True,P40,2,0,650,35.2,-1.61,-1047,0.97,-0.36,3170,2.65,0.45,-6.90,-0.99,1048,-46,30,-77,56,-1973,-85
09:30,11:30,1,1,True,P40,3,0,650,30.0,1.42,923,1.02,0.27,3479,6.30,0.90,-4.64,-0.56,1354,529,708,-321,560,-849,-1058
09:30,11:30,1,1,True,P40,0,50,650,44.8,-3.24,-2104,0.93,-0.88,3506,1.41,0.30,-9.01,-1.55,903,-67,-84,-244,597,-2287,-923
09:30,11:30,1,1,True,P40,0,100,650,32.3,1.17,758,1.02,0.23,2527,4.12,0.63,-2.50,-0.32,1169,426,-41,-71,535,-1165,-95
09:30,11:30,1,1,True,P40,0,0,650,25.2,1.47,957,1.02,0.21,4776,9.78,1.09,-8.84,-0.82,1425,1612,717,-231,1518,-2853,-1230
09:30,11:30,1,1,True,LOW,1,0,1236,49.5,-1.68,-2080,0.97,-0.48,4084,-0.17,-0.04,-3.41,-0.56,-53,-171,112,-3,-159,1309,-3116
09:30,11:30,1,1,True,LOW,2,0,1236,34.9,-0.29,-362,1.00,-0.06,5659,3.37,0.64,-4.47,-0.55,-156,1054,-631,1952,-390,2333,-4524
09:30,11:30,1,1,True,LOW,3,0,1236,30.0,0.94,1163,1.01,0.18,5653,6.07,1.00,-4.92,-0.55,148,1415,-266,2702,-303,1823,-4357
09:30,11:30,1,1,True,LOW,0,50,1236,47.2,-3.42,-4229,0.93,-1.16,6639,2.31,0.64,-9.96,-2.07,-334,-394,2311,-64,-1078,-1434,-3236
09:30,11:30,1,1,True,LOW,0,100,1236,34.3,0.01,9,1.00,0.00,3865,3.07,0.60,-3.50,-0.54,-45,147,377,1547,-962,1566,-2622
09:30,11:30,1,1,True,LOW,0,0,1236,26.9,1.11,1378,1.02,0.19,6357,8.20,1.16,-6.97,-0.74,477,1670,-853,4108,283,163,-4470
09:30,11:30,1,1,True,P40,1,0,1236,48.4,-4.57,-5653,0.89,-2.01,5891,-1.81,-0.58,-7.73,-2.32,-66,-1769,435,207,-450,-2451,-1561
09:30,11:30,1,1,True,P40,2,0,1236,34.0,-2.11,-2605,0.96,-0.66,3778,-0.62,-0.14,-3.81,-0.82,-678,-1395,1539,127,-170,-1741,-289
09:30,11:30,1,1,True,P40,3,0,1236,28.2,-0.07,-91,1.00,-0.02,5054,4.09,0.78,-4.83,-0.87,50,-1302,1979,1968,968,-807,-2947
09:30,11:30,1,1,True,P40,0,50,1236,43.4,-3.99,-4926,0.91,-1.57,5221,-1.25,-0.36,-7.11,-1.92,-528,-1558,1191,72,-335,-2364,-1404
09:30,11:30,1,1,True,P40,0,100,1236,30.8,0.04,45,1.00,0.01,3636,0.91,0.19,-0.96,-0.18,-278,-1121,938,1060,524,-578,-501
09:30,11:30,1,1,True,P40,0,0,1236,24.1,1.03,1275,1.02,0.21,7522,8.73,1.29,-7.76,-1.11,244,-266,3139,2635,2034,-3374,-3137
09:30,11:30,1,1,True,LOW,1,0,1235,49.6,-1.62,-2004,0.97,-0.46,4084,-0.17,-0.04,-3.28,-0.54,-53,-171,112,-3,-168,1394,-3116
09:30,11:30,1,1,True,LOW,2,0,1235,35.0,-0.13,-163,1.00,-0.03,5659,3.37,0.64,-4.14,-0.51,-156,1054,-631,1952,-276,2417,-4524
09:30,11:30,1,1,True,LOW,3,0,1235,30.0,1.02,1257,1.01,0.19,5653,6.07,1.00,-4.76,-0.53,148,1415,-266,2702,-294,1908,-4357
09:30,11:30,1,1,True,LOW,0,50,1235,47.3,-3.35,-4135,0.93,-1.13,6545,2.31,0.64,-9.82,-2.04,-334,-394,2311,-64,-1069,-1349,-3236
09:30,11:30,1,1,True,LOW,0,100,1235,34.3,0.08,102,1.00,0.02,3865,3.07,0.60,-3.34,-0.51,-45,147,377,1547,-953,1650,-2622
09:30,11:30,1,1,True,LOW,0,0,1235,26.9,1.19,1471,1.02,0.21,6357,8.20,1.16,-6.82,-0.72,477,1670,-853,4108,292,247,-4470
09:30,11:30,1,1,True,P40,1,0,1235,48.3,-4.64,-5732,0.89,-2.04,5970,-1.81,-0.58,-7.88,-2.36,-66,-1769,435,207,-450,-2529,-1561
09:30,11:30,1,1,True,P40,2,0,1235,33.9,-2.24,-2764,0.96,-0.71,3900,-0.62,-0.14,-4.09,-0.88,-678,-1395,1539,127,-170,-1899,-289
09:30,11:30,1,1,True,P40,3,0,1235,28.1,-0.27,-330,1.00,-0.07,5292,4.09,0.78,-5.25,-0.95,50,-1302,1979,1968,968,-1046,-2947
09:30,11:30,1,1,True,P40,0,50,1235,43.4,-4.07,-5025,0.91,-1.61,5319,-1.25,-0.36,-7.29,-1.97,-528,-1558,1191,72,-335,-2463,-1404
09:30,11:30,1,1,True,P40,0,100,1235,30.8,-0.12,-154,1.00,-0.04,3636,0.91,0.19,-1.31,-0.25,-278,-1121,938,1060,524,-776,-501
09:30,11:30,1,1,True,P40,0,0,1235,24.0,0.82,1015,1.01,0.17,7782,8.73,1.29,-8.22,-1.18,244,-266,3139,2635,2034,-3634,-3137
09:30,11:30,1,1,True,LOW,1,0,650,52.9,6.03,3921,1.12,1.25,1813,3.86,0.78,8.73,0.98,766,579,-845,888,1744,849,-61
09:30,11:30,1,1,True,LOW,2,0,650,37.8,6.58,4275,1.11,1.03,2342,12.90,1.87,-1.27,-0.11,1079,1738,103,1723,913,-1278,-3
09:30,11:30,1,1,True,LOW,3,0,650,31.4,6.34,4119,1.09,0.88,2268,12.06,1.51,-0.77,-0.06,1472,1437,156,1277,596,-1501,683
09:30,11:30,1,1,True,LOW,0,50,650,48.8,0.38,246,1.01,0.09,2244,3.81,0.80,-3.88,-0.55,1045,5,59,262,809,-1294,-639
09:30,11:30,1,1,True,LOW,0,100,650,35.5,4.69,3050,1.08,0.84,2528,6.77,1.01,2.12,0.22,1230,814,-47,439,847,1051,-1284
09:30,11:30,1,1,True,LOW,0,0,650,28.0,6.42,4173,1.09,0.79,2784,11.28,1.21,0.39,0.03,1486,1874,-66,766,1635,-1428,-94
09:30,11:30,1,1,True,P40,1,0,650,49.7,-3.75,-2437,0.91,-1.13,3531,1.07,0.26,-9.73,-1.82,623,-235,29,-32,375,-2075,-1121
09:30,11:30,1,1,True,P40,2,0,650,35.2,-1.61,-1047,0.97,-0.36,3170,2.65,0.45,-6.90,-0.99,1048,-46,30,-77,56,-1973,-85
09:30,11:30,1,1,True,P40,3,0,650,30.0,1.42,923,1.02,0.27,3479,6.30,0.90,-4.64,-0.56,1354,529,708,-321,560,-849,-1058
09:30,11:30,1,1,True,P40,0,50,650,44.8,-3.24,-2104,0.93,-0.88,3506,1.41,0.30,-9.01,-1.55,903,-67,-84,-244,597,-2287,-923
09:30,11:30,1,1,True,P40,0,100,650,32.3,1.17,758,1.02,0.23,2527,4.12,0.63,-2.50,-0.32,1169,426,-41,-71,535,-1165,-95
09:30,11:30,1,1,True,P40,0,0,650,25.2,1.47,957,1.02,0.21,4776,9.78,1.09,-8.84,-0.82,1425,1612,717,-231,1518,-2853,-1230
09:30,11:30,1,1,True,LOW,1,0,650,52.9,6.05,3934,1.12,1.25,1813,3.86,0.78,8.78,0.98,766,579,-845,888,1744,862,-61
09:30,11:30,1,1,True,LOW,2,0,650,37.8,6.60,4289,1.11,1.03,2329,12.90,1.87,-1.22,-0.11,1079,1738,103,1723,913,-1264,-3
09:30,11:30,1,1,True,LOW,3,0,650,31.4,6.36,4133,1.09,0.89,2254,12.06,1.51,-0.72,-0.06,1472,1437,156,1277,596,-1488,683
09:30,11:30,1,1,True,LOW,0,50,650,48.8,0.40,260,1.01,0.10,2244,3.81,0.80,-3.83,-0.54,1045,5,59,262,809,-1281,-639
09:30,11:30,1,1,True,LOW,0,100,650,35.5,4.71,3064,1.08,0.84,2528,6.77,1.01,2.16,0.23,1230,814,-47,439,847,1065,-1284
09:30,11:30,1,1,True,LOW,0,0,650,28.0,6.44,4186,1.09,0.79,2784,11.28,1.21,0.44,0.03,1486,1874,-66,766,1635,-1414,-94
09:30,11:30,1,1,True,P40,1,0,650,49.7,-3.75,-2437,0.91,-1.13,3531,1.07,0.26,-9.73,-1.82,623,-235,29,-32,375,-2075,-1121
09:30,11:30,1,1,True,P40,2,0,650,35.2,-1.61,-1047,0.97,-0.36,3170,2.65,0.45,-6.90,-0.99,1048,-46,30,-77,56,-1973,-85
09:30,11:30,1,1,True,P40,3,0,650,30.0,1.42,923,1.02,0.27,3479,6.30,0.90,-4.64,-0.56,1354,529,708,-321,560,-849,-1058
09:30,11:30,1,1,True,P40,0,50,650,44.8,-3.24,-2104,0.93,-0.88,3506,1.41,0.30,-9.01,-1.55,903,-67,-84,-244,597,-2287,-923
09:30,11:30,1,1,True,P40,0,100,650,32.3,1.17,758,1.02,0.23,2527,4.12,0.63,-2.50,-0.32,1169,426,-41,-71,535,-1165,-95
09:30,11:30,1,1,True,P40,0,0,650,25.2,1.47,957,1.02,0.21,4776,9.78,1.09,-8.84,-0.82,1425,1612,717,-231,1518,-2853,-1230
09:30,11:30,1,1,True,LOW,1,0,1201,49.5,-1.60,-1922,0.97,-0.44,4006,-0.23,-0.06,-3.16,-0.50,329,-263,-142,-75,479,480,-2732
09:30,11:30,1,1,True,LOW,2,0,1201,35.1,0.23,277,1.00,0.05,4983,4.46,0.83,-4.59,-0.55,317,864,-383,2056,-474,1385,-3488
09:30,11:30,1,1,True,LOW,3,0,1201,30.4,1.73,2072,1.02,0.32,5171,6.89,1.12,-4.17,-0.45,662,1306,153,2289,-809,1606,-3135
09:30,11:30,1,1,True,LOW,0,50,1201,47.5,-3.71,-4451,0.93,-1.23,6567,1.87,0.51,-10.07,-2.05,258,-704,1735,-90,-880,-1692,-3078
09:30,11:30,1,1,True,LOW,0,100,1201,34.7,0.16,188,1.00,0.04,3359,3.61,0.70,-3.78,-0.57,307,33,827,1143,-1273,935,-1784
09:30,11:30,1,1,True,LOW,0,0,1201,27.4,2.07,2492,1.03,0.35,5875,9.26,1.29,-6.13,-0.63,826,1108,207,3789,-610,-59,-2770
09:30,11:30,1,1,True,P40,1,0,1201,48.0,-5.24,-6288,0.88,-2.27,6856,-1.82,-0.58,-9.13,-2.70,426,-1725,-40,171,-518,-2803,-1800
09:30,11:30,1,1,True,P40,2,0,1201,33.8,-2.90,-3488,0.95,-0.91,4524,-0.53,-0.12,-5.61,-1.20,9,-1748,1386,12,-767,-1932,-448
09:30,11:30,1,1,True,P40,3,0,1201,28.3,-0.55,-660,0.99,-0.14,4610,4.13,0.78,-5.88,-1.05,457,-1775,2628,1331,242,-997,-2545
09:30,11:30,1,1,True,P40,0,50,1201,43.2,-4.57,-5486,0.90,-1.78,5980,-1.85,-0.53,-7.67,-2.05,150,-1909,436,137,-483,-2315,-1503
09:30,11:30,1,1,True,P40,0,100,1201,31.0,-0.13,-154,1.00,-0.04,3307,1.34,0.27,-1.80,-0.34,170,-1318,1266,738,-43,-828,-138
09:30,11:30,1,1,True,P40,0,0,1201,24.3,1.42,1701,1.02,0.29,6458,9.86,1.44,-8.22,-1.15,689,-910,4109,2426,891,-3426,-2077
09:30,11:30,1,1,True,LOW,1,0,1200,49.6,-1.54,-1847,0.97,-0.43,4006,-0.23,-0.06,-3.03,-0.48,329,-263,-142,-75,470,565,-2732
09:30,11:30,1,1,True,LOW,2,0,1200,35.3,0.40,476,1.01,0.08,4983,4.46,0.83,-4.25,-0.51,317,864,-383,2056,-359,1470,-3488
09:30,11:30,1,1,True,LOW,3,0,1200,30.4,1.80,2166,1.03,0.33,5171,6.89,1.12,-4.01,-0.43,662,1306,153,2289,-800,1691,-3135
09:30,11:30,1,1,True,LOW,0,50,1200,47.5,-3.63,-4357,0.93,-1.21,6473,1.87,0.51,-9.92,-2.02,258,-704,1735,-90,-871,-1608,-3078
09:30,11:30,1,1,True,LOW,0,100,1200,34.8,0.23,282,1.00,0.06,3359,3.61,0.70,-3.62,-0.55,307,33,827,1143,-1264,1019,-1784
09:30,11:30,1,1,True,LOW,0,0,1200,27.4,2.15,2585,1.03,0.36,5875,9.26,1.29,-5.97,-0.61,826,1108,207,3789,-601,26,-2770
09:30,11:30,1,1,True,P40,1,0,1200,48.0,-5.31,-6366,0.88,-2.30,6935,-1.82,-0.58,-9.28,-2.75,426,-1725,-40,171,-518,-2882,-1800
09:30,11:30,1,1,True,P40,2,0,1200,33.8,-3.04,-3646,0.94,-0.95,4683,-0.53,-0.12,-5.90,-1.26,9,-1748,1386,12,-767,-2090,-448
09:30,11:30,1,1,True,P40,3,0,1200,28.3,-0.75,-898,0.99,-0.19,4848,4.13,0.78,-6.32,-1.13,457,-1775,2628,1331,242,-1235,-2545
09:30,11:30,1,1,True,P40,0,50,1200,43.2,-4.65,-5585,0.90,-1.82,6079,-1.85,-0.53,-7.86,-2.10,150,-1909,436,137,-483,-2414,-1503
09:30,11:30,1,1,True,P40,0,100,1200,30.9,-0.29,-352,0.99,-0.08,3307,1.34,0.27,-2.16,-0.41,170,-1318,1266,738,-43,-1026,-138
09:30,11:30,1,1,True,P40,0,0,1200,24.3,1.20,1442,1.02,0.24,6717,9.86,1.44,-8.70,-1.21,689,-910,4109,2426,891,-3686,-2077
09:30,11:30,1,1,True,LOW,1,0,643,52.4,4.53,2910,1.09,0.93,1745,3.96,0.79,5.23,0.58,827,579,-881,889,1503,271,-277
09:30,11:30,1,1,True,LOW,2,0,643,37.3,4.83,3108,1.08,0.75,2885,12.78,1.84,-5.08,-0.44,1140,1738,-39,1723,426,-1924,44
09:30,11:30,1,1,True,LOW,3,0,643,30.9,4.88,3135,1.07,0.68,2740,11.98,1.49,-3.99,-0.31,1533,1437,29,1277,-138,-1733,730
09:30,11:30,1,1,True,LOW,0,50,643,48.4,-0.47,-303,0.99,-0.11,2571,3.92,0.82,-5.95,-0.83,1106,5,28,262,513,-1393,-824
09:30,11:30,1,1,True,LOW,0,100,643,35.1,3.62,2329,1.06,0.64,2584,6.63,0.99,-0.13,-0.01,1290,814,-177,440,251,948,-1237
09:30,11:30,1,1,True,LOW,0,0,643,27.5,4.61,2964,1.07,0.56,2762,11.18,1.19,-3.60,-0.25,1546,1874,-193,767,677,-1659,-47
09:30,11:30,1,1,True,P40,1,0,643,49.6,-3.90,-2505,0.91,-1.16,3666,1.32,0.31,-10.40,-1.93,705,-235,33,-32,139,-1833,-1282
09:30,11:30,1,1,True,P40,2,0,643,34.8,-2.61,-1676,0.95,-0.58,3722,2.02,0.34,-8.38,-1.20,1130,-46,-288,-77,-420,-1651,-326
09:30,11:30,1,1,True,P40,3,0,643,29.9,0.83,536,1.01,0.16,3397,6.15,0.87,-5.80,-0.70,1436,529,552,-321,-156,-447,-1058
09:30,11:30,1,1,True,P40,0,50,643,44.5,-3.78,-2432,0.92,-1.03,3916,1.10,0.23,-9.88,-1.69,985,-67,-281,-244,302,-2024,-1103
09:30,11:30,1,1,True,P40,0,100,643,32.2,0.76,490,1.01,0.15,2445,4.06,0.62,-3.35,-0.43,1251,426,-157,-71,-61,-803,-95
09:30,11:30,1,1,True,P40,0,0,643,24.9,0.08,50,1.00,0.01,4694,9.78,1.08,-12.03,-1.12,1507,1612,604,-231,560,-2771,-1230
09:30,11:30,1,1,True,LOW,1,0,643,52.4,4.55,2924,1.09,0.93,1745,3.96,0.79,5.28,0.58,827,579,-881,889,1503,285,-277
09:30,11:30,1,1,True,LOW,2,0,643,37.3,4.85,3122,1.08,0.75,2871,12.78,1.84,-5.04,-0.43,1140,1738,-39,1723,426,-1910,44
09:30,11:30,1,1,True,LOW,3,0,643,30.9,4.90,3149,1.07,0.68,2726,11.98,1.49,-3.94,-0.31,1533,1437,29,1277,-138,-1719,730
09:30,11:30,1,1,True,LOW,0,50,643,48.4,-0.45,-289,0.99,-0.11,2558,3.92,0.82,-5.91,-0.82,1106,5,28,262,513,-1379,-824
09:30,11:30,1,1,True,LOW,0,100,643,35.1,3.64,2342,1.06,0.65,2584,6.63,0.99,-0.09,-0.01,1290,814,-177,440,251,961,-1237
09:30,11:30,1,1,True,LOW,0,0,643,27.5,4.63,2978,1.07,0.57,2762,11.18,1.19,-3.55,-0.25,1546,1874,-193,767,677,-1646,-47
09:30,11:30,1,1,True,P40,1,0,643,49.6,-3.90,-2505,0.91,-1.16,3666,1.32,0.31,-10.40,-1.93,705,-235,33,-32,139,-1833,-1282
09:30,11:30,1,1,True,P40,2,0,643,34.8,-2.61,-1676,0.95,-0.58,3722,2.02,0.34,-8.38,-1.20,1130,-46,-288,-77,-420,-1651,-326
09:30,11:30,1,1,True,P40,3,0,643,29.9,0.83,536,1.01,0.16,3397,6.15,0.87,-5.80,-0.70,1436,529,552,-321,-156,-447,-1058
09:30,11:30,1,1,True,P40,0,50,643,44.5,-3.78,-2432,0.92,-1.03,3916,1.10,0.23,-9.88,-1.69,985,-67,-281,-244,302,-2024,-1103
09:30,11:30,1,1,True,P40,0,100,643,32.2,0.76,490,1.01,0.15,2445,4.06,0.62,-3.35,-0.43,1251,426,-157,-71,-61,-803,-95
09:30,11:30,1,1,True,P40,0,0,643,24.9,0.08,50,1.00,0.01,4694,9.78,1.08,-12.03,-1.12,1507,1612,604,-231,560,-2771,-1230
09:30,11:30,1,1,True,LOW,1,0,1037,51.0,2.18,2257,1.04,0.57,3279,2.53,0.61,1.77,0.26,230,-14,1214,-20,1352,2097,-2602
09:30,11:30,1,1,True,LOW,2,0,1037,36.2,3.16,3282,1.05,0.61,3218,4.63,0.83,1.46,0.16,436,634,158,1353,-110,2887,-2075
09:30,11:30,1,1,True,LOW,3,0,1037,30.6,3.87,4015,1.06,0.66,2984,5.82,0.91,1.62,0.16,711,1130,519,880,-1253,3490,-1462
09:30,11:30,1,1,True,LOW,0,50,1037,48.9,0.45,470,1.01,0.14,3744,4.51,1.17,-4.26,-0.81,426,-334,2216,205,418,351,-2812
09:30,11:30,1,1,True,LOW,0,100,1037,35.0,2.00,2075,1.03,0.46,3040,3.90,0.72,-0.21,-0.03,407,278,959,531,-586,2330,-1842
09:30,11:30,1,1,True,LOW,0,0,1037,27.7,5.21,5407,1.07,0.81,3998,4.21,0.60,6.38,0.56,794,1183,-660,1029,-27,3415,-326
09:30,11:30,1,1,True,P40,1,0,1037,49.2,-3.27,-3396,0.92,-1.32,4623,-0.18,-0.05,-6.86,-1.88,98,-1362,488,674,901,-2191,-2004
09:30,11:30,1,1,True,P40,2,0,1037,33.6,-3.33,-3451,0.94,-0.97,5176,0.87,0.18,-8.20,-1.63,164,-1274,1110,483,-124,-1718,-2093
09:30,11:30,1,1,True,P40,3,0,1037,28.1,-1.28,-1325,0.98,-0.31,5179,4.76,0.84,-8.29,-1.39,482,-503,1619,1057,71,-596,-3454
09:30,11:30,1,1,True,P40,0,50,1037,44.3,-2.60,-2693,0.94,-0.94,4411,1.01,0.27,-6.78,-1.67,284,-1397,1035,641,615,-1742,-2127
09:30,11:30,1,1,True,P40,0,100,1037,30.7,-1.00,-1041,0.98,-0.26,3927,1.77,0.34,-4.22,-0.75,235,-582,550,782,107,-629,-1502
09:30,11:30,1,1,True,P40,0,0,1037,23.8,-3.08,-3193,0.95,-0.61,7076,2.92,0.45,-10.04,-1.29,622,269,451,284,1223,-2489,-3551
09:30,11:30,1,1,True,LOW,1,0,1037,51.0,2.18,2257,1.04,0.57,3279,2.53,0.61,1.77,0.26,230,-14,1214,-20,1352,2097,-2602
09:30,11:30,1,1,True,LOW,2,0,1037,36.2,3.16,3282,1.05,0.61,3218,4.63,0.83,1.46,0.16,436,634,158,1353,-110,2887,-2075
09:30,11:30,1,1,True,LOW,3,0,1037,30.6,3.87,4015,1.06,0.66,2984,5.82,0.91,1.62,0.16,711,1130,519,880,-1253,3490,-1462
09:30,11:30,1,1,True,LOW,0,50,1037,48.9,0.45,470,1.01,0.14,3744,4.51,1.17,-4.26,-0.81,426,-334,2216,205,418,351,-2812
09:30,11:30,1,1,True,LOW,0,100,1037,35.0,2.00,2075,1.03,0.46,3040,3.90,0.72,-0.21,-0.03,407,278,959,531,-586,2330,-1842
09:30,11:30,1,1,True,LOW,0,0,1037,27.7,5.21,5407,1.07,0.81,3998,4.21,0.60,6.38,0.56,794,1183,-660,1029,-27,3415,-326
09:30,11:30,1,1,True,P40,1,0,1037,49.2,-3.27,-3396,0.92,-1.32,4623,-0.18,-0.05,-6.86,-1.88,98,-1362,488,674,901,-2191,-2004
09:30,11:30,1,1,True,P40,2,0,1037,33.6,-3.33,-3451,0.94,-0.97,5176,0.87,0.18,-8.20,-1.63,164,-1274,1110,483,-124,-1718,-2093
09:30,11:30,1,1,True,P40,3,0,1037,28.1,-1.28,-1325,0.98,-0.31,5179,4.76,0.84,-8.29,-1.39,482,-503,1619,1057,71,-596,-3454
09:30,11:30,1,1,True,P40,0,50,1037,44.3,-2.60,-2693,0.94,-0.94,4411,1.01,0.27,-6.78,-1.67,284,-1397,1035,641,615,-1742,-2127
09:30,11:30,1,1,True,P40,0,100,1037,30.7,-1.00,-1041,0.98,-0.26,3927,1.77,0.34,-4.22,-0.75,235,-582,550,782,107,-629,-1502
09:30,11:30,1,1,True,P40,0,0,1037,23.8,-3.08,-3193,0.95,-0.61,7076,2.92,0.45,-10.04,-1.29,622,269,451,284,1223,-2489,-3551
09:30,11:30,1,1,True,LOW,1,0,602,54.3,8.06,4854,1.17,1.61,1433,7.17,1.43,9.17,0.98,771,817,-158,958,1571,1426,-531
09:30,11:30,1,1,True,LOW,2,0,602,37.9,6.23,3751,1.10,0.94,2194,13.04,1.85,-2.20,-0.18,1063,1653,-82,1709,276,-508,-360
09:30,11:30,1,1,True,LOW,3,0,602,30.9,5.45,3278,1.08,0.73,2170,9.79,1.22,0.06,0.00,1456,951,-551,1405,-316,-144,477
09:30,11:30,1,1,True,LOW,0,50,602,49.2,1.61,968,1.03,0.38,2439,4.97,1.02,-2.55,-0.35,1007,310,-126,464,877,-171,-1392
09:30,11:30,1,1,True,LOW,0,100,602,35.2,4.21,2536,1.07,0.73,2031,5.12,0.76,3.08,0.31,1214,472,-590,611,197,1941,-1309
09:30,11:30,1,1,True,LOW,0,0,602,27.9,5.57,3353,1.08,0.67,2952,6.31,0.73,4.65,0.30,1470,1603,-1760,789,821,589,-159
09:30,11:30,1,1,True,P40,1,0,602,50.5,-2.51,-1514,0.94,-0.72,3350,3.09,0.71,-9.46,-1.69,627,-40,-29,472,392,-1505,-1432
09:30,11:30,1,1,True,P40,2,0,602,34.6,-3.56,-2143,0.93,-0.77,3868,0.76,0.13,-8.90,-1.23,1053,-101,-923,223,-277,-1082,-1036
09:30,11:30,1,1,True,P40,3,0,602,29.9,0.78,472,1.01,0.14,3286,6.15,0.85,-5.86,-0.69,1359,609,-323,404,-173,124,-1527
09:30,11:30,1,1,True,P40,0,50,602,45.3,-2.14,-1291,0.95,-0.56,3176,3.13,0.64,-8.68,-1.43,887,179,-282,260,695,-1516,-1514
09:30,11:30,1,1,True,P40,0,100,602,32.2,0.43,257,1.01,0.08,2308,3.40,0.51,-3.25,-0.40,1174,290,-792,459,2,-432,-444
09:30,11:30,1,1,True,P40,0,0,602,25.1,-2.16,-1299,0.96,-0.32,4964,4.65,0.56,-10.58,-0.94,1430,1695,-1720,143,791,-1945,-1693
09:30,11:30,1,1,True,LOW,1,0,602,54.3,8.06,4854,1.17,1.61,1433,7.17,1.43,9.17,0.98,771,817,-158,958,1571,1426,-531
09:30,11:30,1,1,True,LOW,2,0,602,37.9,6.23,3751,1.10,0.94,2194,13.04,1.85,-2.20,-0.18,1063,1653,-82,1709,276,-508,-360
09:30,11:30,1,1,True,LOW,3,0,602,30.9,5.45,3278,1.08,0.73,2170,9.79,1.22,0.06,0.00,1456,951,-551,1405,-316,-144,477
09:30,11:30,1,1,True,LOW,0,50,602,49.2,1.61,968,1.03,0.38,2439,4.97,1.02,-2.55,-0.35,1007,310,-126,464,877,-171,-1392
09:30,11:30,1,1,True,LOW,0,100,602,35.2,4.21,2536,1.07,0.73,2031,5.12,0.76,3.08,0.31,1214,472,-590,611,197,1941,-1309
09:30,11:30,1,1,True,LOW,0,0,602,27.9,5.57,3353,1.08,0.67,2952,6.31,0.73,4.65,0.30,1470,1603,-1760,789,821,589,-159
09:30,11:30,1,1,True,P40,1,0,602,50.5,-2.51,-1514,0.94,-0.72,3350,3.09,0.71,-9.46,-1.69,627,-40,-29,472,392,-1505,-1432
09:30,11:30,1,1,True,P40,2,0,602,34.6,-3.56,-2143,0.93,-0.77,3868,0.76,0.13,-8.90,-1.23,1053,-101,-923,223,-277,-1082,-1036
09:30,11:30,1,1,True,P40,3,0,602,29.9,0.78,472,1.01,0.14,3286,6.15,0.85,-5.86,-0.69,1359,609,-323,404,-173,124,-1527
09:30,11:30,1,1,True,P40,0,50,602,45.3,-2.14,-1291,0.95,-0.56,3176,3.13,0.64,-8.68,-1.43,887,179,-282,260,695,-1516,-1514
09:30,11:30,1,1,True,P40,0,100,602,32.2,0.43,257,1.01,0.08,2308,3.40,0.51,-3.25,-0.40,1174,290,-792,459,2,-432,-444
09:30,11:30,1,1,True,P40,0,0,602,25.1,-2.16,-1299,0.96,-0.32,4964,4.65,0.56,-10.58,-0.94,1430,1695,-1720,143,791,-1945,-1693
09:30,11:30,3,1,False,LOW,1,0,3408,49.7,-2.01,-6864,0.96,-1.11,8197,-1.85,-0.95,-2.22,-0.68,512,-564,-3323,-64,253,1811,-5489
09:30,11:30,3,1,False,LOW,2,0,2793,34.8,-2.44,-6816,0.96,-0.89,8623,-0.40,-0.13,-4.92,-1.00,171,399,-4591,3412,-596,674,-6285
09:30,11:30,3,1,False,LOW,3,0,2566,29.7,-0.12,-312,1.00,-0.04,6316,1.83,0.49,-2.47,-0.42,650,1123,-3031,3826,-1155,1450,-3175
09:30,11:30,3,1,False,LOW,0,50,3326,44.9,-2.06,-6866,0.95,-1.22,8304,-0.14,-0.07,-4.21,-1.54,-149,338,-663,228,-1430,-837,-4353
09:30,11:30,3,1,False,LOW,0,100,2769,32.7,-2.18,-6025,0.96,-0.84,9333,0.17,0.05,-4.77,-1.15,277,392,-3698,3273,-549,-386,-5333
09:30,11:30,3,1,False,LOW,0,0,2432,27.3,4.02,9789,1.06,0.96,6607,4.33,0.95,3.67,0.49,884,2513,-2189,4482,1735,4279,-1915
09:30,11:30,3,1,False,P40,1,0,3446,49.2,-3.42,-11775,0.92,-2.48,13554,-0.56,-0.30,-6.49,-3.22,312,-184,-1752,624,-2453,-2761,-5562
09:30,11:30,3,1,False,P40,2,0,2964,35.0,-0.87,-2592,0.98,-0.42,7115,2.19,0.76,-3.98,-1.35,233,375,610,2048,-1498,-1850,-2509
09:30,11:30,3,1,False,P40,3,0,2736,28.8,-0.78,-2131,0.99,-0.31,6527,1.56,0.44,-3.14,-0.86,397,345,-1452,2857,-513,-651,-3114
09:30,11:30,3,1,False,P40,0,50,3302,44.4,-2.61,-8608,0.94,-1.67,10638,-0.25,-0.11,-5.10,-2.25,-54,674,-1678,641,-2503,-1121,-4568
09:30,11:30,3,1,False,P40,0,100,2823,31.5,-0.24,-664,1.00,-0.10,5630,2.00,0.62,-2.50,-0.75,320,960,-1094,2658,-962,-449,-2097
09:30,11:30,3,1,False,P40,0,0,2546,25.3,1.39,3529,1.02,0.41,5932,5.90,1.29,-3.23,-0.66,722,2868,780,3227,696,-3331,-1433
09:30,11:30,3,1,False,LOW,1,0,3380,49.7,-2.01,-6797,0.96,-1.10,8096,-1.92,-0.98,-2.13,-0.65,439,-463,-3426,-95,186,2020,-5458
09:30,11:30,3,1,False,LOW,2,0,2772,34.9,-2.34,-6482,0.96,-0.84,8252,-0.48,-0.16,-4.60,-0.93,133,410,-4722,3441,-487,954,-6211
09:30,11:30,3,1,False,LOW,3,0,2551,29.8,-0.06,-152,1.00,-0.02,6260,1.79,0.48,-2.29,-0.39,660,1179,-3229,3889,-1019,1605,-3235
09:30,11:30,3,1,False,LOW,0,50,3299,45.1,-2.02,-6649,0.96,-1.18,8116,-0.17,-0.08,-4.08,-1.48,-113,278,-709,257,-1272,-721,-4369
09:30,11:30,3,1,False,LOW,0,100,2753,32.8,-2.11,-5811,0.97,-0.81,9389,0.11,0.03,-4.57,-1.09,287,460,-3894,3302,-649,136,-5453
09:30,11:30,3,1,False,LOW,0,0,2421,27.4,4.14,10033,1.06,0.98,6607,4.43,0.97,3.81,0.51,894,2569,-2144,4482,1834,4434,-2035
09:30,11:30,3,1,False,P40,1,0,3424,49.1,-3.57,-12217,0.91,-2.58,14004,-0.51,-0.27,-6.87,-3.40,395,-259,-1748,706,-2524,-3310,-5476
09:30,11:30,3,1,False,P40,2,0,2943,34.9,-1.07,-3154,0.98,-0.52,7399,2.07,0.71,-4.27,-1.44,233,172,534,2130,-1512,-2125,-2585
09:30,11:30,3,1,False,P40,3,0,2723,28.8,-0.86,-2333,0.99,-0.34,6755,1.50,0.42,-3.26,-0.89,397,375,-1565,2857,-349,-862,-3186
09:30,11:30,3,1,False,P40,0,50,3277,44.2,-2.82,-9241,0.94,-1.80,11057,-0.33,-0.15,-5.46,-2.39,-152,485,-1612,723,-2454,-1729,-4503
09:30,11:30,3,1,False,P40,0,100,2808,31.4,-0.50,-1404,0.99,-0.21,5910,1.81,0.55,-2.85,-0.85,320,990,-1491,2740,-996,-716,-2251
09:30,11:30,3,1,False,P40,0,0,2536,25.2,1.39,3519,1.02,0.41,6137,5.99,1.30,-3.35,-0.69,723,2898,862,3227,860,-3464,-1587
09:30,11:30,3,1,False,LOW,1,0,1100,50.1,-1.08,-1193,0.98,-0.32,3983,-3.78,-1.10,2.50,0.39,681,-135,-3160,239,1968,-650,-137
09:30,11:30,3,1,False,LOW,2,0,1002,35.0,-0.68,-680,0.99,-0.14,3975,2.02,0.41,-4.29,-0.49,795,441,-1503,1427,1448,-2568,-719
09:30,11:30,3,1,False,LOW,3,0,974,29.4,-0.37,-362,0.99,-0.07,5021,1.32,0.23,-2.60,-0.26,1224,56,-1953,1405,1499,-3680,1088
09:30,11:30,3,1,False,LOW,0,50,1077,45.4,-3.17,-3419,0.93,-1.04,4647,-4.23,-1.18,-1.84,-0.35,788,-423,-2717,-193,1448,-1270,-1052
09:30,11:30,3,1,False,LOW,0,100,993,32.1,-3.02,-2999,0.95,-0.70,5304,-2.15,-0.43,-4.12,-0.56,1072,-767,-2113,611,1235,-728,-2310
09:30,11:30,3,1,False,LOW,0,0,967,26.2,0.52,499,1.01,0.08,4620,1.97,0.28,-1.39,-0.13,1354,1016,-1997,708,2610,-3119,-73
09:30,11:30,3,1,False,P40,1,0,1114,48.8,-4.50,-5014,0.89,-1.81,7076,-2.06,-0.63,-7.40,-1.93,613,-433,-1943,516,-69,-1730,-1968
09:30,11:30,3,1,False,P40,2,0,1020,34.0,-3.55,-3623,0.93,-1.00,6199,-0.71,-0.15,-6.85,-1.28,960,-880,-1684,1212,-147,-2884,-201
09:30,11:30,3,1,False,P40,3,0,1001,28.7,-2.44,-2446,0.96,-0.58,5623,1.67,0.30,-7.30,-1.15,1218,-601,-1061,1351,36,-2576,-812
09:30,11:30,3,1,False,P40,0,50,1081,44.1,-3.64,-3932,0.92,-1.30,6254,-1.87,-0.51,-5.75,-1.34,756,-173,-2409,727,633,-1676,-1789
09:30,11:30,3,1,False,P40,0,100,1006,30.7,-2.55,-2564,0.96,-0.65,5428,0.55,0.10,-6.18,-1.04,1121,-653,-1695,1523,14,-2396,-479
09:30,11:30,3,1,False,P40,0,0,988,24.5,-1.97,-1949,0.97,-0.36,6543,4.47,0.63,-9.59,-1.16,1289,1118,-1114,1101,1541,-4326,-1558
09:30,11:30,3,1,False,LOW,1,0,1099,50.1,-1.02,-1124,0.98,-0.30,3983,-3.78,-1.10,2.66,0.42,681,-135,-3160,239,1968,-580,-137
09:30,11:30,3,1,False,LOW,2,0,1000,35.1,-0.57,-566,0.99,-0.12,3906,2.11,0.42,-4.14,-0.47,795,441,-1458,1427,1448,-2499,-719
09:30,11:30,3,1,False,LOW,3,0,972,29.4,-0.25,-248,1.00,-0.05,4906,1.40,0.24,-2.44,-0.25,1224,56,-1908,1405,1499,-3610,1088
09:30,11:30,3,1,False,LOW,0,50,1075,45.5,-3.07,-3304,0.94,-1.00,4533,-4.16,-1.16,-1.70,-0.32,788,-423,-2672,-193,1448,-1200,-1052
09:30,11:30,3,1,False,LOW,0,100,991,32.2,-2.91,-2884,0.95,-0.67,5190,-2.07,-0.41,-3.97,-0.54,1072,-767,-2068,611,1235,-658,-2310
09:30,11:30,3,1,False,LOW,0,0,965,26.2,0.64,614,1.01,0.10,4620,2.06,0.29,-1.23,-0.11,1354,1016,-1952,708,2610,-3049,-73
09:30,11:30,3,1,False,P40,1,0,1111,48.9,-4.44,-4929,0.90,-1.78,6991,-2.06,-0.63,-7.27,-1.89,613,-433,-1943,516,13,-1727,-1968
09:30,11:30,3,1,False,P40,2,0,1016,34.1,-3.48,-3535,0.94,-0.98,6112,-0.57,-0.12,-6.88,-1.28,960,-880,-1602,1212,-65,-2961,-201
09:30,11:30,3,1,False,P40,3,0,997,28.7,-2.45,-2439,0.96,-0.58,5616,1.83,0.33,-7.51,-1.18,1218,-601,-979,1351,118,-2733,-812
09:30,11:30,3,1,False,P40,0,50,1077,44.2,-3.51,-3785,0.92,-1.26,6107,-1.73,-0.47,-5.65,-1.31,756,-173,-2327,727,715,-1693,-1789
09:30,11:30,3,1,False,P40,0,100,1002,30.7,-2.51,-2516,0.96,-0.64,5381,0.70,0.13,-6.29,-1.06,1121,-653,-1613,1523,96,-2512,-479
09:30,11:30,3,1,False,P40,0,0,984,24.5,-1.80,-1772,0.97,-0.33,6530,4.64,0.65,-9.44,-1.13,1289,1118,-1032,1101,1623,-4313,-1558
09:30,11:30,3,1,False,LOW,1,0,3331,49.5,-2.35,-7835,0.95,-1.27,9079,-1.91,-0.97,-2.88,-0.87,496,-833,-3365,205,-26,1239,-5551
09:30,11:30,3,1,False,LOW,2,0,2743,34.6,-3.02,-8279,0.95,-1.08,10260,-0.47,-0.16,-6.11,-1.23,217,215,-4489,3344,-1115,-8,-6443
09:30,11:30,3,1,False,LOW,3,0,2532,29.9,-0.15,-375,1.00,-0.04,6248,2.14,0.57,-2.90,-0.49,622,1368,-2962,3934,-1514,1240,-3062
09:30,11:30,3,1,False,LOW,0,50,3263,45.1,-2.40,-7825,0.95,-1.40,9066,-0.40,-0.19,-4.63,-1.66,-205,-32,-640,185,-1424,-1464,-4247
09:30,11:30,3,1,False,LOW,0,100,2737,32.7,-2.68,-7330,0.96,-1.02,9708,-0.23,-0.07,-5.40,-1.29,148,124,-3906,3310,-943,-340,-5723
09:30,11:30,3,1,False,LOW,0,0,2417,27.4,3.68,8887,1.05,0.87,6607,4.30,0.94,2.94,0.39,897,2366,-2189,4544,1213,3939,-1882
09:30,11:30,3,1,False,P40,1,0,3394,48.8,-4.06,-13769,0.90,-2.92,15085,-1.08,-0.57,-7.28,-3.58,351,-979,-2059,788,-2756,-3568,-5546
09:30,11:30,3,1,False,P40,2,0,2929,34.5,-1.90,-5561,0.96,-0.92,8677,1.26,0.43,-5.12,-1.73,110,-331,-24,2102,-1970,-2454,-2994
09:30,11:30,3,1,False,P40,3,0,2716,28.6,-1.43,-3886,0.98,-0.56,7123,0.94,0.27,-3.84,-1.05,432,90,-2249,3014,-581,-1000,-3591
09:30,11:30,3,1,False,P40,0,50,3252,43.9,-3.36,-10926,0.93,-2.13,12183,-1.29,-0.59,-5.56,-2.43,-117,-110,-2295,362,-2487,-1834,-4447
09:30,11:30,3,1,False,P40,0,100,2799,31.1,-1.05,-2945,0.98,-0.45,6325,1.06,0.33,-3.20,-0.95,213,626,-1970,2631,-1233,-718,-2494
09:30,11:30,3,1,False,P40,0,0,2539,25.2,1.09,2779,1.02,0.33,6752,5.77,1.26,-3.71,-0.76,758,2576,780,3309,508,-3723,-1429
09:30,11:30,3,1,False,LOW,1,0,3316,49.5,-2.37,-7863,0.95,-1.28,9107,-1.97,-0.99,-2.86,-0.86,456,-736,-3473,174,-55,1365,-5594
09:30,11:30,3,1,False,LOW,2,0,2733,34.6,-3.01,-8226,0.95,-1.07,10160,-0.56,-0.18,-5.99,-1.20,169,240,-4619,3373,-1021,162,-6530
09:30,11:30,3,1,False,LOW,3,0,2523,29.9,-0.23,-592,1.00,-0.07,6222,2.07,0.55,-3.01,-0.51,622,1394,-3160,3997,-1468,1219,-3194
09:30,11:30,3,1,False,LOW,0,50,3248,45.1,-2.34,-7615,0.95,-1.36,8962,-0.37,-0.17,-4.56,-1.63,-179,69,-736,214,-1257,-1383,-4345
09:30,11:30,3,1,False,LOW,0,100,2726,32.6,-2.86,-7797,0.95,-1.09,10175,-0.32,-0.10,-5.68,-1.35,148,149,-4101,3339,-1132,-324,-5876
09:30,11:30,3,1,False,LOW,0,0,2411,27.4,3.65,8792,1.05,0.86,6607,4.36,0.95,2.81,0.37,897,2391,-2144,4544,1222,3918,-2035
09:30,11:30,3,1,False,P40,1,0,3379,48.7,-4.19,-14144,0.90,-3.01,15542,-1.03,-0.54,-7.62,-3.74,351,-897,-2137,870,-2671,-4036,-5625
09:30,11:30,3,1,False,P40,2,0,2914,34.4,-2.04,-5958,0.96,-0.99,8997,1.26,0.44,-5.44,-1.83,110,-331,-101,2184,-1908,-2760,-3152
09:30,11:30,3,1,False,P40,3,0,2705,28.5,-1.65,-4458,0.97,-0.65,7664,0.86,0.24,-4.21,-1.15,432,90,-2362,3014,-499,-1387,-3745
09:30,11:30,3,1,False,P40,0,50,3235,43.8,-3.56,-11517,0.92,-2.25,12758,-1.26,-0.58,-6.01,-2.62,-216,-28,-2311,444,-2421,-2441,-4545
09:30,11:30,3,1,False,P40,0,100,2785,31.0,-1.33,-3715,0.98,-0.57,6841,1.04,0.32,-3.76,-1.12,213,626,-2087,2713,-1349,-1184,-2648
09:30,11:30,3,1,False,P40,0,0,2530,25.1,0.98,2481,1.02,0.29,7215,5.84,1.27,-4.03,-0.83,758,2576,862,3309,590,-4032,-1582
09:30,11:30,3,1,False,LOW,1,0,1100,50.1,-1.08,-1193,0.98,-0.32,3983,-3.78,-1.10,2.50,0.39,681,-135,-3160,239,1968,-650,-137
09:30,11:30,3,1,False,LOW,2,0,1002,35.0,-0.68,-680,0.99,-0.14,3975,2.02,0.41,-4.29,-0.49,795,441,-1503,1427,1448,-2568,-719
09:30,11:30,3,1,False,LOW,3,0,974,29.4,-0.37,-362,0.99,-0.07,5021,1.32,0.23,-2.60,-0.26,1224,56,-1953,1405,1499,-3680,1088
09:30,11:30,3,1,False,LOW,0,50,1077,45.4,-3.17,-3419,0.93,-1.04,4647,-4.23,-1.18,-1.84,-0.35,788,-423,-2717,-193,1448,-1270,-1052
09:30,11:30,3,1,False,LOW,0,100,993,32.1,-3.02,-2999,0.95,-0.70,5304,-2.15,-0.43,-4.12,-0.56,1072,-767,-2113,611,1235,-728,-2310
09:30,11:30,3,1,False,LOW,0,0,967,26.2,0.52,499,1.01,0.08,4620,1.97,0.28,-1.39,-0.13,1354,1016,-1997,708,2610,-3119,-73
09:30,11:30,3,1,False,P40,1,0,1114,48.8,-4.50,-5014,0.89,-1.81,7076,-2.06,-0.63,-7.40,-1.93,613,-433,-1943,516,-69,-1730,-1968
09:30,11:30,3,1,False,P40,2,0,1020,34.0,-3.55,-3623,0.93,-1.00,6199,-0.71,-0.15,-6.85,-1.28,960,-880,-1684,1212,-147,-2884,-201
09:30,11:30,3,1,False,P40,3,0,1001,28.7,-2.44,-2446,0.96,-0.58,5623,1.67,0.30,-7.30,-1.15,1218,-601,-1061,1351,36,-2576,-812
09:30,11:30,3,1,False,P40,0,50,1081,44.1,-3.64,-3932,0.92,-1.30,6254,-1.87,-0.51,-5.75,-1.34,756,-173,-2409,727,633,-1676,-1789
09:30,11:30,3,1,False,P40,0,100,1006,30.7,-2.55,-2564,0.96,-0.65,5428,0.55,0.10,-6.18,-1.04,1121,-653,-1695,1523,14,-2396,-479
09:30,11:30,3,1,False,P40,0,0,988,24.5,-1.97,-1949,0.97,-0.36,6543,4.47,0.63,-9.59,-1.16,1289,1118,-1114,1101,1541,-4326,-1558
09:30,11:30,3,1,False,LOW,1,0,1099,50.1,-1.02,-1124,0.98,-0.30,3983,-3.78,-1.10,2.66,0.42,681,-135,-3160,239,1968,-580,-137
09:30,11:30,3,1,False,LOW,2,0,1000,35.1,-0.57,-566,0.99,-0.12,3906,2.11,0.42,-4.14,-0.47,795,441,-1458,1427,1448,-2499,-719
09:30,11:30,3,1,False,LOW,3,0,972,29.4,-0.25,-248,1.00,-0.05,4906,1.40,0.24,-2.44,-0.25,1224,56,-1908,1405,1499,-3610,1088
09:30,11:30,3,1,False,LOW,0,50,1075,45.5,-3.07,-3304,0.94,-1.00,4533,-4.16,-1.16,-1.70,-0.32,788,-423,-2672,-193,1448,-1200,-1052
09:30,11:30,3,1,False,LOW,0,100,991,32.2,-2.91,-2884,0.95,-0.67,5190,-2.07,-0.41,-3.97,-0.54,1072,-767,-2068,611,1235,-658,-2310
09:30,11:30,3,1,False,LOW,0,0,965,26.2,0.64,614,1.01,0.10,4620,2.06,0.29,-1.23,-0.11,1354,1016,-1952,708,2610,-3049,-73
09:30,11:30,3,1,False,P40,1,0,1111,48.9,-4.44,-4929,0.90,-1.78,6991,-2.06,-0.63,-7.27,-1.89,613,-433,-1943,516,13,-1727,-1968
09:30,11:30,3,1,False,P40,2,0,1016,34.1,-3.48,-3535,0.94,-0.98,6112,-0.57,-0.12,-6.88,-1.28,960,-880,-1602,1212,-65,-2961,-201
09:30,11:30,3,1,False,P40,3,0,997,28.7,-2.45,-2439,0.96,-0.58,5616,1.83,0.33,-7.51,-1.18,1218,-601,-979,1351,118,-2733,-812
09:30,11:30,3,1,False,P40,0,50,1077,44.2,-3.51,-3785,0.92,-1.26,6107,-1.73,-0.47,-5.65,-1.31,756,-173,-2327,727,715,-1693,-1789
09:30,11:30,3,1,False,P40,0,100,1002,30.7,-2.51,-2516,0.96,-0.64,5381,0.70,0.13,-6.29,-1.06,1121,-653,-1613,1523,96,-2512,-479
09:30,11:30,3,1,False,P40,0,0,984,24.5,-1.80,-1772,0.97,-0.33,6530,4.64,0.65,-9.44,-1.13,1289,1118,-1032,1101,1623,-4313,-1558
09:30,11:30,3,1,False,LOW,1,0,2772,50.0,-2.34,-6484,0.95,-1.09,7848,-2.93,-1.29,-1.61,-0.42,721,-958,-4527,294,1302,440,-3754
09:30,11:30,3,1,False,LOW,2,0,2384,34.9,-3.35,-7975,0.95,-1.07,10240,-1.20,-0.36,-5.98,-1.07,834,-1588,-4043,3223,-436,-643,-5323
09:30,11:30,3,1,False,LOW,3,0,2263,30.1,-0.80,-1809,0.99,-0.22,6543,2.44,0.60,-4.72,-0.73,1336,-643,-1920,4255,-1525,-336,-2976
09:30,11:30,3,1,False,LOW,0,50,2753,46.9,-1.75,-4809,0.96,-0.91,6219,-0.97,-0.42,-2.64,-0.84,731,-1667,-2094,1610,205,-1909,-1686
09:30,11:30,3,1,False,LOW,0,100,2423,33.1,-3.65,-8854,0.94,-1.30,11266,-1.32,-0.38,-6.32,-1.38,806,-2011,-3101,2604,-1184,-1541,-4428
09:30,11:30,3,1,False,LOW,0,0,2208,27.4,1.38,3046,1.02,0.31,6565,3.37,0.70,-0.98,-0.12,1553,-138,-1560,4184,-49,1506,-2449
09:30,11:30,3,1,False,P40,1,0,2884,48.5,-4.63,-13358,0.89,-3.07,14719,-2.59,-1.26,-6.89,-3.09,443,-2065,-3032,745,-1775,-3516,-4159
09:30,11:30,3,1,False,P40,2,0,2579,34.3,-2.31,-5949,0.96,-1.05,7507,0.27,0.09,-5.01,-1.57,664,-2008,-600,2295,-1866,-3482,-952
09:30,11:30,3,1,False,P40,3,0,2448,28.4,-2.41,-5888,0.96,-0.90,8464,0.84,0.23,-5.81,-1.50,980,-1789,-1048,2907,-1540,-2991,-2408
09:30,11:30,3,1,False,P40,0,50,2786,44.1,-3.15,-8784,0.93,-1.85,10241,-1.80,-0.77,-4.62,-1.85,563,-1794,-2731,1357,-1112,-2569,-2498
09:30,11:30,3,1,False,P40,0,100,2505,31.1,-1.45,-3636,0.97,-0.59,6963,1.24,0.36,-4.29,-1.20,719,-1110,-1073,3059,-1625,-2612,-995
09:30,11:30,3,1,False,P40,0,0,2336,24.7,-1.08,-2532,0.98,-0.31,11793,6.34,1.31,-8.90,-1.79,1261,462,2435,3437,-931,-6589,-2607
09:30,11:30,3,1,False,LOW,1,0,2767,50.0,-2.27,-6286,0.95,-1.06,7650,-2.84,-1.25,-1.57,-0.41,721,-820,-4527,294,1293,508,-3754
09:30,11:30,3,1,False,LOW,2,0,2381,35.0,-3.23,-7681,0.95,-1.04,9946,-1.12,-0.33,-5.80,-1.04,834,-1530,-3998,3223,-378,-510,-5323
09:30,11:30,3,1,False,LOW,3,0,2259,30.1,-0.69,-1564,0.99,-0.19,6485,2.53,0.62,-4.59,-0.71,1336,-585,-1875,4255,-1516,-203,-2976
09:30,11:30,3,1,False,LOW,0,50,2747,47.0,-1.59,-4362,0.97,-0.82,5772,-0.84,-0.36,-2.44,-0.77,731,-1529,-2049,1610,434,-1874,-1686
09:30,11:30,3,1,False,LOW,0,100,2418,33.1,-3.64,-8807,0.94,-1.29,11219,-1.24,-0.36,-6.39,-1.39,806,-1953,-3056,2604,-1175,-1606,-4428
09:30,11:30,3,1,False,LOW,0,0,2204,27.4,1.49,3292,1.02,0.33,6565,3.46,0.71,-0.84,-0.11,1553,-80,-1515,4184,-40,1639,-2449
09:30,11:30,3,1,False,P40,1,0,2877,48.5,-4.67,-13426,0.89,-3.09,14869,-2.53,-1.24,-7.03,-3.15,443,-1983,-3032,745,-1615,-3826,-4159
09:30,11:30,3,1,False,P40,2,0,2572,34.3,-2.28,-5856,0.96,-1.03,7414,0.33,0.11,-5.03,-1.57,664,-2008,-518,2295,-1626,-3712,-952
09:30,11:30,3,1,False,P40,3,0,2442,28.4,-2.47,-6037,0.96,-0.93,8695,0.90,0.25,-6.02,-1.55,980,-1789,-966,2907,-1540,-3222,-2408
09:30,11:30,3,1,False,P40,0,50,2778,44.1,-3.19,-8850,0.93,-1.86,10389,-1.69,-0.72,-4.81,-1.92,563,-1712,-2649,1357,-932,-2980,-2498
09:30,11:30,3,1,False,P40,0,100,2498,31.0,-1.56,-3903,0.97,-0.63,7313,1.31,0.38,-4.60,-1.28,719,-1110,-991,3059,-1625,-2961,-995
09:30,11:30,3,1,False,P40,0,0,2330,24.6,-1.09,-2532,0.98,-0.31,11875,6.41,1.32,-9.01,-1.80,1261,462,2517,3437,-931,-6671,-2607
09:30,11:30,3,1,False,LOW,1,0,1080,49.9,-1.87,-2017,0.96,-0.55,3911,-3.73,-1.07,0.60,0.09,760,-135,-3126,205,1773,-1227,-267
09:30,11:30,3,1,False,LOW,2,0,987,34.9,-1.60,-1575,0.97,-0.33,4574,2.35,0.47,-6.83,-0.77,874,441,-1524,1533,989,-3214,-672
09:30,11:30,3,1,False,LOW,3,0,960,29.2,-1.13,-1082,0.98,-0.21,5866,1.65,0.28,-4.78,-0.48,1303,56,-1959,1502,794,-3911,1135
09:30,11:30,3,1,False,LOW,0,50,1059,45.4,-3.41,-3610,0.93,-1.10,4917,-3.85,-1.07,-2.85,-0.53,867,-423,-2627,-96,1188,-1368,-1151
09:30,11:30,3,1,False,LOW,0,100,979,32.0,-3.53,-3456,0.94,-0.81,5840,-1.88,-0.37,-5.61,-0.75,1151,-767,-2123,708,668,-831,-2263
09:30,11:30,3,1,False,LOW,0,0,953,25.9,-0.47,-445,0.99,-0.07,4609,2.32,0.33,-4.10,-0.37,1433,1016,-2003,806,1680,-3350,-26
09:30,11:30,3,1,False,P40,1,0,1100,49.0,-4.24,-4669,0.90,-1.70,6813,-1.66,-0.51,-7.32,-1.89,695,-433,-1776,519,-62,-1488,-2125
09:30,11:30,3,1,False,P40,2,0,1008,33.9,-3.81,-3841,0.93,-1.07,6374,-0.70,-0.15,-7.43,-1.38,1042,-880,-1837,1294,-540,-2562,-359
09:30,11:30,3,1,False,P40,3,0,989,28.7,-2.45,-2424,0.96,-0.58,5683,2.01,0.36,-7.73,-1.21,1300,-601,-1054,1433,-598,-2174,-730
09:30,11:30,3,1,False,P40,0,50,1067,44.1,-3.62,-3867,0.92,-1.29,6271,-1.84,-0.50,-5.76,-1.33,838,-173,-2442,710,501,-1414,-1888
09:30,11:30,3,1,False,P40,0,100,994,30.8,-2.44,-2421,0.96,-0.62,5368,0.95,0.18,-6.41,-1.07,1203,-653,-1647,1605,-500,-2033,-397
09:30,11:30,3,1,False,P40,0,0,976,24.4,-2.51,-2446,0.96,-0.46,6379,4.93,0.68,-11.31,-1.37,1371,1118,-1063,1183,665,-4244,-1476
09:30,11:30,3,1,False,LOW,1,0,1079,50.0,-1.80,-1947,0.96,-0.53,3893,-3.73,-1.07,0.75,0.12,760,-135,-3126,205,1773,-1158,-267
09:30,11:30,3,1,False,LOW,2,0,985,34.9,-1.48,-1460,0.98,-0.31,4505,2.43,0.48,-6.69,-0.75,874,441,-1479,1533,989,-3145,-672
09:30,11:30,3,1,False,LOW,3,0,958,29.2,-1.01,-967,0.98,-0.18,5752,1.74,0.29,-4.62,-0.46,1303,56,-1914,1502,794,-3842,1135
09:30,11:30,3,1,False,LOW,0,50,1057,45.5,-3.31,-3495,0.93,-1.07,4803,-3.78,-1.05,-2.71,-0.51,867,-423,-2582,-96,1188,-1299,-1151
09:30,11:30,3,1,False,LOW,0,100,977,32.0,-3.42,-3341,0.94,-0.79,5726,-1.80,-0.35,-5.47,-0.73,1151,-767,-2078,708,668,-762,-2263
09:30,11:30,3,1,False,LOW,0,0,951,26.0,-0.35,-331,0.99,-0.06,4524,2.41,0.34,-3.94,-0.35,1433,1016,-1958,806,1680,-3281,-26
09:30,11:30,3,1,False,P40,1,0,1098,49.0,-4.25,-4665,0.90,-1.70,6809,-1.66,-0.51,-7.34,-1.89,695,-433,-1776,519,-62,-1484,-2125
09:30,11:30,3,1,False,P40,2,0,1005,33.9,-3.82,-3836,0.93,-1.07,6369,-0.55,-0.12,-7.62,-1.42,1042,-880,-1755,1294,-540,-2638,-359
09:30,11:30,3,1,False,P40,3,0,986,28.7,-2.53,-2498,0.96,-0.60,5757,2.17,0.38,-8.11,-1.27,1300,-601,-972,1433,-598,-2330,-730
09:30,11:30,3,1,False,P40,0,50,1064,44.2,-3.57,-3802,0.92,-1.27,6206,-1.70,-0.46,-5.82,-1.34,838,-173,-2360,710,501,-1430,-1888
09:30,11:30,3,1,False,P40,0,100,991,30.8,-2.48,-2456,0.96,-0.63,5402,1.10,0.21,-6.69,-1.12,1203,-653,-1565,1605,-500,-2150,-397
09:30,11:30,3,1,False,P40,0,0,973,24.4,-2.42,-2351,0.96,-0.44,6366,5.10,0.70,-11.33,-1.36,1371,1118,-981,1183,665,-4231,-1476
09:30,11:30,3,1,False,LOW,1,0,2041,49.5,-1.57,-3214,0.97,-0.62,6540,-1.58,-0.59,-1.57,-0.34,-56,-579,-2034,889,1352,2037,-4823
09:30,11:30,3,1,False,LOW,2,0,1841,34.3,-2.91,-5359,0.95,-0.81,7172,-0.76,-0.20,-5.56,-0.86,510,-801,-3038,2560,-1009,536,-4117
09:30,11:30,3,1,False,LOW,3,0,1766,29.6,-0.45,-793,0.99,-0.11,5364,2.16,0.47,-3.59,-0.48,1184,-583,-2049,3530,-1473,1455,-2857
09:30,11:30,3,1,False,LOW,0,50,2039,46.7,-1.95,-3975,0.96,-0.87,6160,0.08,0.03,-4.33,-1.16,201,-636,-1479,2003,429,-607,-3886
09:30,11:30,3,1,False,LOW,0,100,1861,32.7,-3.71,-6899,0.94,-1.16,9579,-0.96,-0.25,-6.92,-1.32,748,-1120,-2917,2329,-1879,245,-4306
09:30,11:30,3,1,False,LOW,0,0,1741,26.9,3.30,5749,1.05,0.63,5624,2.77,0.52,3.94,0.41,1320,-50,-1811,3172,-406,5247,-1724
09:30,11:30,3,1,False,P40,1,0,2128,47.6,-5.97,-12695,0.86,-3.38,13547,-3.68,-1.54,-8.52,-3.24,-294,-1654,-3108,929,-674,-2260,-5636
09:30,11:30,3,1,False,P40,2,0,1952,33.4,-4.12,-8044,0.92,-1.63,9882,-0.61,-0.17,-7.93,-2.15,619,-2192,-1430,2385,-835,-3106,-3487
09:30,11:30,3,1,False,P40,3,0,1889,27.9,-3.25,-6141,0.94,-1.07,8457,0.22,0.05,-7.00,-1.58,876,-1790,-1770,2902,-1040,-2024,-3296
09:30,11:30,3,1,False,P40,0,50,2066,43.3,-4.51,-9323,0.90,-2.27,10622,-1.67,-0.62,-7.67,-2.61,56,-1251,-2172,1548,-232,-2095,-5178
09:30,11:30,3,1,False,P40,0,100,1918,30.0,-3.85,-7390,0.93,-1.37,9942,-1.12,-0.29,-6.82,-1.66,633,-1466,-2935,2649,-1681,-2075,-2516
09:30,11:30,3,1,False,P40,0,0,1829,23.8,-3.62,-6630,0.94,-0.93,10484,1.92,0.37,-9.59,-1.65,983,-155,-828,1816,-467,-4876,-3104
09:30,11:30,3,1,False,LOW,1,0,2040,49.6,-1.55,-3163,0.97,-0.61,6547,-1.53,-0.57,-1.58,-0.34,-56,-521,-2034,889,1352,2030,-4823
09:30,11:30,3,1,False,LOW,2,0,1839,34.3,-2.86,-5263,0.95,-0.80,7076,-0.66,-0.17,-5.57,-0.86,510,-743,-2993,2560,-1009,529,-4117
09:30,11:30,3,1,False,LOW,3,0,1764,29.6,-0.40,-697,0.99,-0.09,5306,2.27,0.49,-3.60,-0.48,1184,-525,-2004,3530,-1473,1448,-2857
09:30,11:30,3,1,False,LOW,0,50,2037,46.7,-1.90,-3879,0.96,-0.85,6167,0.17,0.07,-4.33,-1.16,201,-578,-1434,2003,429,-614,-3886
09:30,11:30,3,1,False,LOW,0,100,1859,32.8,-3.66,-6803,0.94,-1.14,9483,-0.86,-0.22,-6.93,-1.32,748,-1062,-2872,2329,-1879,238,-4306
09:30,11:30,3,1,False,LOW,0,0,1739,27.0,3.36,5845,1.05,0.64,5566,2.88,0.54,3.93,0.41,1320,9,-1766,3172,-406,5240,-1724
09:30,11:30,3,1,False,P40,1,0,2127,47.6,-6.01,-12774,0.86,-3.40,13626,-3.68,-1.54,-8.60,-3.27,-294,-1654,-3108,929,-674,-2338,-5636
09:30,11:30,3,1,False,P40,2,0,1950,33.4,-4.04,-7880,0.93,-1.59,9718,-0.53,-0.15,-7.86,-2.12,619,-2192,-1348,2385,-835,-3024,-3487
09:30,11:30,3,1,False,P40,3,0,1887,27.9,-3.17,-5977,0.95,-1.04,8375,0.31,0.07,-6.92,-1.56,876,-1790,-1688,2902,-1040,-1942,-3296
09:30,11:30,3,1,False,P40,0,50,2064,43.3,-4.52,-9340,0.90,-2.27,10639,-1.60,-0.59,-7.78,-2.65,56,-1251,-2090,1548,-232,-2193,-5178
09:30,11:30,3,1,False,P40,0,100,1916,30.0,-3.77,-7226,0.93,-1.34,9778,-1.04,-0.27,-6.73,-1.64,633,-1466,-2853,2649,-1681,-1993,-2516
09:30,11:30,3,1,False,P40,0,0,1827,23.8,-3.54,-6466,0.94,-0.91,10402,2.01,0.38,-9.51,-1.63,983,-155,-746,1816,-467,-4794,-3104
09:30,11:30,3,1,False,LOW,1,0,984,50.7,-0.04,-36,1.00,-0.01,3348,-2.84,-0.78,3.58,0.53,578,109,-2712,452,1813,-54,-222
09:30,11:30,3,1,False,LOW,2,0,904,35.2,-0.23,-212,1.00,-0.05,3194,2.03,0.39,-3.18,-0.34,797,501,-1980,1719,1111,-1674,-685
09:30,11:30,3,1,False,LOW,3,0,877,29.3,0.05,41,1.00,0.01,4493,0.55,0.09,-0.60,-0.06,1227,-286,-2584,1916,887,-2213,1095
09:30,11:30,3,1,False,LOW,0,50,965,45.7,-2.85,-2755,0.94,-0.88,4213,-3.78,-0.99,-1.71,-0.31,768,-95,-2961,274,1339,-552,-1527
09:30,11:30,3,1,False,LOW,0,100,894,32.3,-2.28,-2035,0.96,-0.50,4585,-2.13,-0.40,-2.46,-0.32,1075,-964,-2336,1166,687,203,-1864
09:30,11:30,3,1,False,LOW,0,0,871,26.4,1.25,1092,1.02,0.19,4818,0.25,0.04,2.53,0.21,1357,890,-3239,1114,2096,-1201,76
09:30,11:30,3,1,False,P40,1,0,1001,48.7,-4.86,-4860,0.89,-1.84,6851,-2.48,-0.72,-7.64,-1.88,538,-148,-2280,552,45,-1217,-2350
09:30,11:30,3,1,False,P40,2,0,918,33.4,-4.95,-4548,0.91,-1.33,6933,-2.65,-0.54,-7.62,-1.35,966,-766,-2509,1005,-196,-1985,-1064
09:30,11:30,3,1,False,P40,3,0,902,28.4,-3.15,-2841,0.95,-0.71,5867,0.18,0.03,-7.05,-1.05,1223,-421,-2271,1555,-337,-1637,-954
09:30,11:30,3,1,False,P40,0,50,973,44.1,-3.71,-3614,0.92,-1.26,6050,-1.98,-0.51,-5.74,-1.27,739,204,-2608,623,763,-1103,-2233
09:30,11:30,3,1,False,P40,0,100,906,30.5,-3.36,-3043,0.94,-0.81,5797,-1.25,-0.23,-5.82,-0.93,1127,-659,-2601,1523,-357,-1576,-501
09:30,11:30,3,1,False,P40,0,0,891,24.1,-4.57,-4070,0.93,-0.83,7400,0.31,0.04,-10.27,-1.17,1294,1302,-3192,746,1175,-3620,-1775
09:30,11:30,3,1,False,LOW,1,0,984,50.7,-0.04,-36,1.00,-0.01,3348,-2.84,-0.78,3.58,0.53,578,109,-2712,452,1813,-54,-222
09:30,11:30,3,1,False,LOW,2,0,903,35.2,-0.18,-167,1.00,-0.04,3194,2.12,0.40,-3.18,-0.34,797,501,-1935,1719,1111,-1674,-685
09:30,11:30,3,1,False,LOW,3,0,876,29.3,0.10,86,1.00,0.02,4448,0.65,0.11,-0.60,-0.06,1227,-286,-2539,1916,887,-2213,1095
09:30,11:30,3,1,False,LOW,0,50,964,45.7,-2.81,-2710,0.94,-0.86,4168,-3.70,-0.97,-1.71,-0.31,768,-95,-2916,274,1339,-552,-1527
09:30,11:30,3,1,False,LOW,0,100,893,32.4,-2.23,-1990,0.96,-0.49,4585,-2.05,-0.39,-2.46,-0.32,1075,-964,-2291,1166,687,203,-1864
09:30,11:30,3,1,False,LOW,0,0,870,26.4,1.31,1137,1.02,0.20,4773,0.34,0.05,2.53,0.21,1357,890,-3194,1114,2096,-1201,76
09:30,11:30,3,1,False,P40,1,0,1001,48.7,-4.86,-4860,0.89,-1.84,6851,-2.48,-0.72,-7.64,-1.88,538,-148,-2280,552,45,-1217,-2350
09:30,11:30,3,1,False,P40,2,0,917,33.5,-4.87,-4466,0.91,-1.31,6851,-2.49,-0.50,-7.62,-1.35,966,-766,-2427,1005,-196,-1985,-1064
09:30,11:30,3,1,False,P40,3,0,901,28.4,-3.06,-2759,0.95,-0.69,5785,0.35,0.06,-7.05,-1.05,1223,-421,-2189,1555,-337,-1637,-954
09:30,11:30,3,1,False,P40,0,50,972,44.1,-3.63,-3532,0.92,-1.23,5968,-1.83,-0.47,-5.74,-1.27,739,204,-2526,623,763,-1103,-2233
09:30,11:30,3,1,False,P40,0,100,905,30.5,-3.27,-2961,0.94,-0.79,5715,-1.08,-0.20,-5.82,-0.93,1127,-659,-2519,1523,-357,-1576,-501
09:30,11:30,3,1,False,P40,0,0,890,24.2,-4.48,-3988,0.93,-0.81,7318,0.49,0.07,-10.27,-1.17,1294,1302,-3110,746,1175,-3620,-1775
09:30,11:30,3,1,True,LOW,1,0,2408,49.0,-3.47,-8354,0.93,-1.52,9134,-4.11,-1.68,-2.70,-0.66,94,-1213,-4172,-111,621,1435,-5008
09:30,11:30,3,1,True,LOW,2,0,2129,34.4,-2.73,-5804,0.96,-0.83,7785,-1.05,-0.29,-4.73,-0.81,321,-336,-3886,2682,-364,1139,-5360
09:30,11:30,3,1,True,LOW,3,0,2041,29.5,-0.72,-1474,0.99,-0.19,6973,1.19,0.28,-2.96,-0.44,859,-92,-2942,3486,-366,1238,-3659
09:30,11:30,3,1,True,LOW,0,50,2357,45.5,-3.58,-8434,0.93,-1.73,8944,-1.89,-0.75,-5.48,-1.62,-232,-900,-1449,218,-627,-54,-5391
09:30,11:30,3,1,True,LOW,0,100,2110,32.5,-3.72,-7847,0.94,-1.24,10630,-2.47,-0.67,-5.14,-1.05,504,-1329,-3918,1977,-183,510,-5407
09:30,11:30,3,1,True,LOW,0,0,2018,26.4,-0.51,-1020,0.99,-0.12,7954,1.40,0.28,-2.72,-0.37,1051,691,-3567,3346,800,-424,-2917
09:30,11:30,3,1,True,P40,1,0,2451,48.0,-5.39,-13213,0.87,-3.28,14619,-3.04,-1.36,-7.95,-3.29,187,-1651,-2410,-9,-1613,-2344,-5374
09:30,11:30,3,1,True,P40,2,0,2203,33.9,-2.87,-6327,0.95,-1.20,7688,-0.72,-0.22,-5.11,-1.48,166,-1872,-304,1205,-872,-1772,-2879
09:30,11:30,3,1,True,P40,3,0,2130,27.9,-2.67,-5680,0.95,-0.93,7908,0.06,0.01,-5.51,-1.32,679,-2068,-751,2203,-560,-1364,-3820
09:30,11:30,3,1,True,P40,0,50,2363,43.1,-4.76,-11254,0.90,-2.57,11892,-2.48,-0.97,-7.21,-2.66,-214,-1688,-1668,539,-1568,-1561,-5095
09:30,11:30,3,1,True,P40,0,100,2159,30.4,-2.29,-4942,0.96,-0.86,7378,-0.62,-0.17,-4.04,-1.04,460,-1521,-1598,1977,-887,-811,-2562
09:30,11:30,3,1,True,P40,0,0,2086,24.1,-1.37,-2853,0.98,-0.37,8846,4.19,0.82,-7.16,-1.34,880,222,1134,2226,359,-3892,-3780
09:30,11:30,3,1,True,LOW,1,0,2402,49.0,-3.34,-8017,0.93,-1.46,8770,-4.02,-1.64,-2.52,-0.62,67,-1046,-4172,-111,612,1641,-5008
09:30,11:30,3,1,True,LOW,2,0,2125,34.5,-2.57,-5456,0.96,-0.78,7451,-0.98,-0.27,-4.47,-0.76,335,-310,-3841,2682,-306,1345,-5360
09:30,11:30,3,1,True,LOW,3,0,2036,29.6,-0.58,-1175,0.99,-0.15,6948,1.27,0.30,-2.74,-0.41,873,-66,-2897,3486,-357,1444,-3659
09:30,11:30,3,1,True,LOW,0,50,2351,45.7,-3.33,-7834,0.93,-1.60,8358,-1.76,-0.70,-5.10,-1.50,-218,-795,-1404,218,-398,153,-5391
09:30,11:30,3,1,True,LOW,0,100,2105,32.5,-3.59,-7548,0.94,-1.19,10345,-2.40,-0.65,-4.93,-1.01,518,-1304,-3873,1977,-174,716,-5407
09:30,11:30,3,1,True,LOW,0,0,2013,26.4,-0.36,-721,0.99,-0.08,7954,1.48,0.30,-2.50,-0.34,1065,716,-3522,3346,809,-218,-2917
09:30,11:30,3,1,True,P40,1,0,2445,48.0,-5.33,-13042,0.88,-3.24,14530,-2.98,-1.33,-7.91,-3.26,187,-1569,-2410,-9,-1370,-2497,-5374
09:30,11:30,3,1,True,P40,2,0,2197,33.9,-2.77,-6076,0.95,-1.15,7436,-0.65,-0.19,-4.97,-1.43,166,-1872,-222,1205,-549,-1925,-2879
09:30,11:30,3,1,True,P40,3,0,2124,27.9,-2.74,-5829,0.95,-0.95,8139,0.13,0.03,-5.76,-1.38,679,-2068,-669,2203,-478,-1677,-3820
09:30,11:30,3,1,True,P40,0,50,2356,43.2,-4.69,-11041,0.90,-2.52,11761,-2.35,-0.92,-7.20,-2.65,-214,-1606,-1586,539,-1306,-1774,-5095
09:30,11:30,3,1,True,P40,0,100,2153,30.4,-2.33,-5011,0.96,-0.87,7447,-0.54,-0.15,-4.20,-1.08,460,-1521,-1516,1977,-805,-1044,-2562
09:30,11:30,3,1,True,P40,0,0,2080,24.0,-1.37,-2853,0.98,-0.37,8959,4.27,0.84,-7.28,-1.35,880,222,1216,2226,441,-4056,-3780
09:30,11:30,3,1,True,LOW,1,0,1100,50.1,-1.08,-1193,0.98,-0.32,3983,-3.78,-1.10,2.50,0.39,681,-135,-3160,239,1968,-650,-137
09:30,11:30,3,1,True,LOW,2,0,1002,35.0,-0.68,-680,0.99,-0.14,3975,2.02,0.41,-4.29,-0.49,795,441,-1503,1427,1448,-2568,-719
09:30,11:30,3,1,True,LOW,3,0,974,29.4,-0.37,-362,0.99,-0.07,5021,1.32,0.23,-2.60,-0.26,1224,56,-1953,1405,1499,-3680,1088
09:30,11:30,3,1,True,LOW,0,50,1077,45.4,-3.17,-3419,0.93,-1.04,4647,-4.23,-1.18,-1.84,-0.35,788,-423,-2717,-193,1448,-1270,-1052
09:30,11:30,3,1,True,LOW,0,100,993,32.1,-3.02,-2999,0.95,-0.70,5304,-2.15,-0.43,-4.12,-0.56,1072,-767,-2113,611,1235,-728,-2310
09:30,11:30,3,1,True,LOW,0,0,967,26.2,0.52,499,1.01,0.08,4620,1.97,0.28,-1.39,-0.13,1354,1016,-1997,708,2610,-3119,-73
09:30,11:30,3,1,True,P40,1,0,1114,48.8,-4.50,-5014,0.89,-1.81,7076,-2.06,-0.63,-7.40,-1.93,613,-433,-1943,516,-69,-1730,-1968
09:30,11:30,3,1,True,P40,2,0,1020,34.0,-3.55,-3623,0.93,-1.00,6199,-0.71,-0.15,-6.85,-1.28,960,-880,-1684,1212,-147,-2884,-201
09:30,11:30,3,1,True,P40,3,0,1001,28.7,-2.44,-2446,0.96,-0.58,5623,1.67,0.30,-7.30,-1.15,1218,-601,-1061,1351,36,-2576,-812
09:30,11:30,3,1,True,P40,0,50,1081,44.1,-3.64,-3932,0.92,-1.30,6254,-1.87,-0.51,-5.75,-1.34,756,-173,-2409,727,633,-1676,-1789
09:30,11:30,3,1,True,P40,0,100,1006,30.7,-2.55,-2564,0.96,-0.65,5428,0.55,0.10,-6.18,-1.04,1121,-653,-1695,1523,14,-2396,-479
09:30,11:30,3,1,True,P40,0,0,988,24.5,-1.97,-1949,0.97,-0.36,6543,4.47,0.63,-9.59,-1.16,1289,1118,-1114,1101,1541,-4326,-1558
09:30,11:30,3,1,True,LOW,1,0,1099,50.1,-1.02,-1124,0.98,-0.30,3983,-3.78,-1.10,2.66,0.42,681,-135,-3160,239,1968,-580,-137
09:30,11:30,3,1,True,LOW,2,0,1000,35.1,-0.57,-566,0.99,-0.12,3906,2.11,0.42,-4.14,-0.47,795,441,-1458,1427,1448,-2499,-719
09:30,11:30,3,1,True,LOW,3,0,972,29.4,-0.25,-248,1.00,-0.05,4906,1.40,0.24,-2.44,-0.25,1224,56,-1908,1405,1499,-3610,1088
09:30,11:30,3,1,True,LOW,0,50,1075,45.5,-3.07,-3304,0.94,-1.00,4533,-4.16,-1.16,-1.70,-0.32,788,-423,-2672,-193,1448,-1200,-1052
09:30,11:30,3,1,True,LOW,0,100,991,32.2,-2.91,-2884,0.95,-0.67,5190,-2.07,-0.41,-3.97,-0.54,1072,-767,-2068,611,1235,-658,-2310
09:30,11:30,3,1,True,LOW,0,0,965,26.2,0.64,614,1.01,0.10,4620,2.06,0.29,-1.23,-0.11,1354,1016,-1952,708,2610,-3049,-73
09:30,11:30,3,1,True,P40,1,0,1111,48.9,-4.44,-4929,0.90,-1.78,6991,-2.06,-0.63,-7.27,-1.89,613,-433,-1943,516,13,-1727,-1968
09:30,11:30,3,1,True,P40,2,0,1016,34.1,-3.48,-3535,0.94,-0.98,6112,-0.57,-0.12,-6.88,-1.28,960,-880,-1602,1212,-65,-2961,-201
09:30,11:30,3,1,True,P40,3,0,997,28.7,-2.45,-2439,0.96,-0.58,5616,1.83,0.33,-7.51,-1.18,1218,-601,-979,1351,118,-2733,-812
09:30,11:30,3,1,True,P40,0,50,1077,44.2,-3.51,-3785,0.92,-1.26,6107,-1.73,-0.47,-5.65,-1.31,756,-173,-2327,727,715,-1693,-1789
09:30,11:30,3,1,True,P40,0,100,1002,30.7,-2.51,-2516,0.96,-0.64,5381,0.70,0.13,-6.29,-1.06,1121,-653,-1613,1523,96,-2512,-479
09:30,11:30,3,1,True,P40,0,0,984,24.5,-1.80,-1772,0.97,-0.33,6530,4.64,0.65,-9.44,-1.13,1289,1118,-1032,1101,1623,-4313,-1558
09:30,11:30,3,1,True,LOW,1,0,2403,48.9,-3.57,-8589,0.93,-1.57,9409,-4.09,-1.67,-2.96,-0.73,134,-1213,-4172,-111,483,1298,-5008
09:30,11:30,3,1,True,LOW,2,0,2125,34.4,-3.01,-6405,0.95,-0.91,8474,-0.98,-0.27,-5.46,-0.93,409,-336,-3886,2682,-777,863,-5360
09:30,11:30,3,1,True,LOW,3,0,2037,29.4,-1.13,-2309,0.98,-0.29,6973,1.21,0.28,-3.88,-0.58,876,-92,-2942,3486,-920,941,-3659
09:30,11:30,3,1,True,LOW,0,50,2352,45.5,-3.69,-8681,0.92,-1.78,9208,-1.88,-0.75,-5.74,-1.69,-215,-900,-1449,218,-824,-121,-5391
09:30,11:30,3,1,True,LOW,0,100,2107,32.4,-4.06,-8559,0.93,-1.35,11359,-2.46,-0.67,-5.89,-1.21,521,-1329,-3918,1977,-713,311,-5407
09:30,11:30,3,1,True,LOW,0,0,2016,26.3,-0.99,-1988,0.99,-0.23,7954,1.42,0.28,-3.78,-0.52,1068,691,-3567,3346,212,-821,-2917
09:30,11:30,3,1,True,P40,1,0,2447,47.9,-5.51,-13492,0.87,-3.36,14933,-3.01,-1.35,-8.24,-3.40,222,-1651,-2410,-9,-1770,-2501,-5374
09:30,11:30,3,1,True,P40,2,0,2200,33.7,-3.19,-7008,0.94,-1.33,8404,-0.69,-0.21,-5.79,-1.67,201,-1872,-304,1205,-1271,-2089,-2879
09:30,11:30,3,1,True,P40,3,0,2128,27.8,-3.03,-6442,0.95,-1.05,8705,0.09,0.02,-6.29,-1.51,714,-2068,-751,2203,-1119,-1602,-3820
09:30,11:30,3,1,True,P40,0,50,2359,43.0,-4.92,-11613,0.89,-2.65,12286,-2.45,-0.96,-7.58,-2.79,-179,-1688,-1668,539,-1765,-1758,-5095
09:30,11:30,3,1,True,P40,0,100,2157,30.3,-2.59,-5584,0.95,-0.97,8056,-0.59,-0.16,-4.69,-1.21,495,-1521,-1598,1977,-1366,-1009,-2562
09:30,11:30,3,1,True,P40,0,0,2085,24.0,-1.79,-3729,0.97,-0.48,9757,4.22,0.83,-8.06,-1.51,915,222,1134,2226,-156,-4289,-3780
09:30,11:30,3,1,True,LOW,1,0,2398,49.0,-3.44,-8241,0.93,-1.50,9045,-3.98,-1.62,-2.78,-0.68,117,-1046,-4172,-111,474,1504,-5008
09:30,11:30,3,1,True,LOW,2,0,2122,34.4,-2.86,-6071,0.95,-0.86,8140,-0.92,-0.25,-5.20,-0.89,409,-310,-3841,2682,-719,1069,-5360
09:30,11:30,3,1,True,LOW,3,0,2033,29.5,-1.00,-2023,0.99,-0.26,6948,1.27,0.30,-3.66,-0.55,876,-66,-2897,3486,-911,1147,-3659
09:30,11:30,3,1,True,LOW,0,50,2347,45.6,-3.45,-8095,0.93,-1.66,8622,-1.76,-0.70,-5.36,-1.57,-215,-795,-1404,218,-595,86,-5391
09:30,11:30,3,1,True,LOW,0,100,2103,32.4,-3.93,-8273,0.94,-1.31,11073,-2.39,-0.65,-5.68,-1.16,521,-1304,-3873,1977,-704,517,-5407
09:30,11:30,3,1,True,LOW,0,0,2012,26.3,-0.85,-1703,0.99,-0.20,7954,1.49,0.30,-3.56,-0.49,1068,716,-3522,3346,221,-615,-2917
09:30,11:30,3,1,True,P40,1,0,2441,47.9,-5.46,-13321,0.87,-3.32,14844,-2.95,-1.32,-8.20,-3.38,222,-1569,-2410,-9,-1527,-2654,-5374
09:30,11:30,3,1,True,P40,2,0,2194,33.8,-3.08,-6757,0.94,-1.28,8152,-0.61,-0.19,-5.66,-1.63,201,-1872,-222,1205,-948,-2242,-2879
09:30,11:30,3,1,True,P40,3,0,2122,27.8,-3.11,-6591,0.95,-1.08,8936,0.17,0.04,-6.54,-1.57,714,-2068,-669,2203,-1037,-1915,-3820
09:30,11:30,3,1,True,P40,0,50,2352,43.1,-4.85,-11400,0.90,-2.61,12155,-2.32,-0.91,-7.57,-2.78,-179,-1606,-1586,539,-1503,-1971,-5095
09:30,11:30,3,1,True,P40,0,100,2151,30.3,-2.63,-5653,0.95,-0.99,8125,-0.51,-0.14,-4.85,-1.25,495,-1521,-1516,1977,-1284,-1242,-2562
09:30,11:30,3,1,True,P40,0,0,2079,24.0,-1.79,-3729,0.97,-0.49,9839,4.30,0.84,-8.18,-1.53,915,222,1216,2226,-74,-4453,-3780
09:30,11:30,3,1,True,LOW,1,0,1100,50.1,-1.08,-1193,0.98,-0.32,3983,-3.78,-1.10,2.50,0.39,681,-135,-3160,239,1968,-650,-137
09:30,11:30,3,1,True,LOW,2,0,1002,35.0,-0.68,-680,0.99,-0.14,3975,2.02,0.41,-4.29,-0.49,795,441,-1503,1427,1448,-2568,-719
09:30,11:30,3,1,True,LOW,3,0,974,29.4,-0.37,-362,0.99,-0.07,5021,1.32,0.23,-2.60,-0.26,1224,56,-1953,1405,1499,-3680,1088
09:30,11:30,3,1,True,LOW,0,50,1077,45.4,-3.17,-3419,0.93,-1.04,4647,-4.23,-1.18,-1.84,-0.35,788,-423,-2717,-193,1448,-1270,-1052
09:30,11:30,3,1,True,LOW,0,100,993,32.1,-3.02,-2999,0.95,-0.70,5304,-2.15,-0.43,-4.12,-0.56,1072,-767,-2113,611,1235,-728,-2310
09:30,11:30,3,1,True,LOW,0,0,967,26.2,0.52,499,1.01,0.08,4620,1.97,0.28,-1.39,-0.13,1354,1016,-1997,708,2610,-3119,-73
09:30,11:30,3,1,True,P40,1,0,1114,48.8,-4.50,-5014,0.89,-1.81,7076,-2.06,-0.63,-7.40,-1.93,613,-433,-1943,516,-69,-1730,-1968
09:30,11:30,3,1,True,P40,2,0,1020,34.0,-3.55,-3623,0.93,-1.00,6199,-0.71,-0.15,-6.85,-1.28,960,-880,-1684,1212,-147,-2884,-201
09:30,11:30,3,1,True,P40,3,0,1001,28.7,-2.44,-2446,0.96,-0.58,5623,1.67,0.30,-7.30,-1.15,1218,-601,-1061,1351,36,-2576,-812
09:30,11:30,3,1,True,P40,0,50,1081,44.1,-3.64,-3932,0.92,-1.30,6254,-1.87,-0.51,-5.75,-1.34,756,-173,-2409,727,633,-1676,-1789
09:30,11:30,3,1,True,P40,0,100,1006,30.7,-2.55,-2564,0.96,-0.65,5428,0.55,0.10,-6.18,-1.04,1121,-653,-1695,1523,14,-2396,-479
09:30,11:30,3,1,True,P40,0,0,988,24.5,-1.97,-1949,0.97,-0.36,6543,4.47,0.63,-9.59,-1.16,1289,1118,-1114,1101,1541,-4326,-1558
09:30,11:30,3,1,True,LOW,1,0,1099,50.1,-1.02,-1124,0.98,-0.30,3983,-3.78,-1.10,2.66,0.42,681,-135,-3160,239,1968,-580,-137
09:30,11:30,3,1,True,LOW,2,0,1000,35.1,-0.57,-566,0.99,-0.12,3906,2.11,0.42,-4.14,-0.47,795,441,-1458,1427,1448,-2499,-719
09:30,11:30,3,1,True,LOW,3,0,972,29.4,-0.25,-248,1.00,-0.05,4906,1.40,0.24,-2.44,-0.25,1224,56,-1908,1405,1499,-3610,1088
09:30,11:30,3,1,True,LOW,0,50,1075,45.5,-3.07,-3304,0.94,-1.00,4533,-4.16,-1.16,-1.70,-0.32,788,-423,-2672,-193,1448,-1200,-1052
09:30,11:30,3,1,True,LOW,0,100,991,32.2,-2.91,-2884,0.95,-0.67,5190,-2.07,-0.41,-3.97,-0.54,1072,-767,-2068,611,1235,-658,-2310
09:30,11:30,3,1,True,LOW,0,0,965,26.2,0.64,614,1.01,0.10,4620,2.06,0.29,-1.23,-0.11,1354,1016,-1952,708,2610,-3049,-73
09:30,11:30,3,1,True,P40,1,0,1111,48.9,-4.44,-4929,0.90,-1.78,6991,-2.06,-0.63,-7.27,-1.89,613,-433,-1943,516,13,-1727,-1968
09:30,11:30,3,1,True,P40,2,0,1016,34.1,-3.48,-3535,0.94,-0.98,6112,-0.57,-0.12,-6.88,-1.28,960,-880,-1602,1212,-65,-2961,-201
09:30,11:30,3,1,True,P40,3,0,997,28.7,-2.45,-2439,0.96,-0.58,5616,1.83,0.33,-7.51,-1.18,1218,-601,-979,1351,118,-2733,-812
09:30,11:30,3,1,True,P40,0,50,1077,44.2,-3.51,-3785,0.92,-1.26,6107,-1.73,-0.47,-5.65,-1.31,756,-173,-2327,727,715,-1693,-1789
09:30,11:30,3,1,True,P40,0,100,1002,30.7,-2.51,-2516,0.96,-0.64,5381,0.70,0.13,-6.29,-1.06,1121,-653,-1613,1523,96,-2512,-479
09:30,11:30,3,1,True,P40,0,0,984,24.5,-1.80,-1772,0.97,-0.33,6530,4.64,0.65,-9.44,-1.13,1289,1118,-1032,1101,1623,-4313,-1558
09:30,11:30,3,1,True,LOW,1,0,2255,49.0,-3.72,-8386,0.93,-1.55,9477,-3.87,-1.52,-3.53,-0.81,404,-989,-4123,-110,537,327,-4432
09:30,11:30,3,1,True,LOW,2,0,2009,34.3,-3.37,-6766,0.95,-0.98,9220,-0.42,-0.11,-6.94,-1.13,795,-385,-3526,2653,-755,-651,-4897
09:30,11:30,3,1,True,LOW,3,0,1935,29.5,-1.24,-2391,0.98,-0.31,6159,1.91,0.43,-4.98,-0.71,1333,-16,-2508,3198,-1138,-246,-3015
09:30,11:30,3,1,True,LOW,0,50,2211,46.2,-3.21,-7102,0.93,-1.49,8206,-1.57,-0.60,-5.12,-1.43,363,-910,-1784,471,-637,-546,-4059
09:30,11:30,3,1,True,LOW,0,100,2004,32.5,-4.66,-9348,0.93,-1.51,12520,-2.06,-0.55,-7.66,-1.52,1006,-1259,-3379,1427,-1217,-1020,-4906
09:30,11:30,3,1,True,LOW,0,0,1915,26.4,-1.52,-2907,0.98,-0.34,7497,1.90,0.37,-5.53,-0.73,1551,314,-2698,2797,-730,-2347,-1794
09:30,11:30,3,1,True,P40,1,0,2305,47.9,-5.62,-12964,0.87,-3.32,14412,-3.01,-1.32,-8.54,-3.39,382,-1647,-2386,-17,-1768,-2658,-4872
09:30,11:30,3,1,True,P40,2,0,2095,33.7,-3.53,-7390,0.93,-1.44,9011,-0.80,-0.24,-6.41,-1.80,665,-2116,-364,953,-1807,-2821,-1900
09:30,11:30,3,1,True,P40,3,0,2032,27.8,-3.53,-7179,0.94,-1.20,9644,-0.17,-0.04,-7.10,-1.67,1098,-2432,-333,1491,-1867,-2696,-2441
09:30,11:30,3,1,True,P40,0,50,2229,43.2,-4.66,-10393,0.90,-2.44,11511,-2.55,-0.98,-6.99,-2.48,300,-1699,-2227,652,-1609,-1799,-4012
09:30,11:30,3,1,True,P40,0,100,2060,30.3,-2.82,-5808,0.95,-1.04,8587,-0.48,-0.13,-5.31,-1.34,919,-1609,-1421,1599,-1910,-2040,-1345
09:30,11:30,3,1,True,P40,0,0,1989,23.9,-2.16,-4298,0.97,-0.57,10032,4.38,0.84,-9.08,-1.65,1336,-314,1577,1877,-1188,-5741,-1846
09:30,11:30,3,1,True,LOW,1,0,2251,49.1,-3.61,-8123,0.93,-1.50,9214,-3.77,-1.48,-3.41,-0.79,404,-851,-4123,-110,528,460,-4432
09:30,11:30,3,1,True,LOW,2,0,2006,34.4,-3.23,-6472,0.95,-0.93,8926,-0.33,-0.09,-6.74,-1.09,795,-327,-3481,2653,-697,-518,-4897
09:30,11:30,3,1,True,LOW,3,0,1931,29.5,-1.11,-2145,0.98,-0.28,6101,2.01,0.45,-4.83,-0.68,1333,43,-2463,3198,-1129,-112,-3015
09:30,11:30,3,1,True,LOW,0,50,2206,46.3,-2.97,-6556,0.94,-1.37,7660,-1.42,-0.55,-4.77,-1.33,363,-772,-1739,471,-408,-412,-4059
09:30,11:30,3,1,True,LOW,0,100,2000,32.6,-4.55,-9102,0.93,-1.47,12274,-1.96,-0.52,-7.53,-1.49,1006,-1201,-3334,1427,-1208,-886,-4906
09:30,11:30,3,1,True,LOW,0,0,1911,26.4,-1.39,-2662,0.98,-0.31,7439,2.00,0.39,-5.38,-0.71,1551,372,-2653,2797,-721,-2214,-1794
09:30,11:30,3,1,True,P40,1,0,2300,47.9,-5.60,-12875,0.87,-3.30,14405,-2.95,-1.29,-8.57,-3.40,382,-1565,-2386,-17,-1607,-2811,-4872
09:30,11:30,3,1,True,P40,2,0,2090,33.7,-3.45,-7220,0.94,-1.41,8841,-0.72,-0.21,-6.35,-1.78,665,-2116,-282,953,-1567,-2974,-1900
09:30,11:30,3,1,True,P40,3,0,2027,27.7,-3.66,-7410,0.94,-1.25,9875,-0.09,-0.02,-7.45,-1.75,1098,-2432,-251,1491,-1867,-3009,-2441
09:30,11:30,3,1,True,P40,0,50,2223,43.3,-4.62,-10262,0.90,-2.41,11462,-2.41,-0.93,-7.04,-2.49,300,-1617,-2145,652,-1428,-2012,-4012
09:30,11:30,3,1,True,P40,0,100,2055,30.3,-2.90,-5959,0.95,-1.06,8738,-0.41,-0.11,-5.56,-1.40,919,-1609,-1339,1599,-1910,-2273,-1345
09:30,11:30,3,1,True,P40,0,0,1984,23.8,-2.21,-4380,0.96,-0.58,10196,4.46,0.86,-9.29,-1.68,1336,-314,1659,1877,-1188,-5905,-1846
09:30,11:30,3,1,True,LOW,1,0,1080,49.9,-1.87,-2017,0.96,-0.55,3911,-3.73,-1.07,0.60,0.09,760,-135,-3126,205,1773,-1227,-267
09:30,11:30,3,1,True,LOW,2,0,987,34.9,-1.60,-1575,0.97,-0.33,4574,2.35,0.47,-6.83,-0.77,874,441,-1524,1533,989,-3214,-672
09:30,11:30,3,1,True,LOW,3,0,960,29.2,-1.13,-1082,0.98,-0.21,5866,1.65,0.28,-4.78,-0.48,1303,56,-1959,1502,794,-3911,1135
09:30,11:30,3,1,True,LOW,0,50,1059,45.4,-3.41,-3610,0.93,-1.10,4917,-3.85,-1.07,-2.85,-0.53,867,-423,-2627,-96,1188,-1368,-1151
09:30,11:30,3,1,True,LOW,0,100,979,32.0,-3.53,-3456,0.94,-0.81,5840,-1.88,-0.37,-5.61,-0.75,1151,-767,-2123,708,668,-831,-2263
09:30,11:30,3,1,True,LOW,0,0,953,25.9,-0.47,-445,0.99,-0.07,4609,2.32,0.33,-4.10,-0.37,1433,1016,-2003,806,1680,-3350,-26
09:30,11:30,3,1,True,P40,1,0,1100,49.0,-4.24,-4669,0.90,-1.70,6813,-1.66,-0.51,-7.32,-1.89,695,-433,-1776,519,-62,-1488,-2125
09:30,11:30,3,1,True,P40,2,0,1008,33.9,-3.81,-3841,0.93,-1.07,6374,-0.70,-0.15,-7.43,-1.38,1042,-880,-1837,1294,-540,-2562,-359
09:30,11:30,3,1,True,P40,3,0,989,28.7,-2.45,-2424,0.96,-0.58,5683,2.01,0.36,-7.73,-1.21,1300,-601,-1054,1433,-598,-2174,-730
09:30,11:30,3,1,True,P40,0,50,1067,44.1,-3.62,-3867,0.92,-1.29,6271,-1.84,-0.50,-5.76,-1.33,838,-173,-2442,710,501,-1414,-1888
09:30,11:30,3,1,True,P40,0,100,994,30.8,-2.44,-2421,0.96,-0.62,5368,0.95,0.18,-6.41,-1.07,1203,-653,-1647,1605,-500,-2033,-397
09:30,11:30,3,1,True,P40,0,0,976,24.4,-2.51,-2446,0.96,-0.46,6379,4.93,0.68,-11.31,-1.37,1371,1118,-1063,1183,665,-4244,-1476
09:30,11:30,3,1,True,LOW,1,0,1079,50.0,-1.80,-1947,0.96,-0.53,3893,-3.73,-1.07,0.75,0.12,760,-135,-3126,205,1773,-1158,-267
09:30,11:30,3,1,True,LOW,2,0,985,34.9,-1.48,-1460,0.98,-0.31,4505,2.43,0.48,-6.69,-0.75,874,441,-1479,1533,989,-3145,-672
09:30,11:30,3,1,True,LOW,3,0,958,29.2,-1.01,-967,0.98,-0.18,5752,1.74,0.29,-4.62,-0.46,1303,56,-1914,1502,794,-3842,1135
09:30,11:30,3,1,True,LOW,0,50,1057,45.5,-3.31,-3495,0.93,-1.07,4803,-3.78,-1.05,-2.71,-0.51,867,-423,-2582,-96,1188,-1299,-1151
09:30,11:30,3,1,True,LOW,0,100,977,32.0,-3.42,-3341,0.94,-0.79,5726,-1.80,-0.35,-5.47,-0.73,1151,-767,-2078,708,668,-762,-2263
09:30,11:30,3,1,True,LOW,0,0,951,26.0,-0.35,-331,0.99,-0.06,4524,2.41,0.34,-3.94,-0.35,1433,1016,-1958,806,1680,-3281,-26
09:30,11:30,3,1,True,P40,1,0,1098,49.0,-4.25,-4665,0.90,-1.70,6809,-1.66,-0.51,-7.34,-1.89,695,-433,-1776,519,-62,-1484,-2125
09:30,11:30,3,1,True,P40,2,0,1005,33.9,-3.82,-3836,0.93,-1.07,6369,-0.55,-0.12,-7.62,-1.42,1042,-880,-1755,1294,-540,-2638,-359
09:30,11:30,3,1,True,P40,3,0,986,28.7,-2.53,-2498,0.96,-0.60,5757,2.17,0.38,-8.11,-1.27,1300,-601,-972,1433,-598,-2330,-730
09:30,11:30,3,1,True,P40,0,50,1064,44.2,-3.57,-3802,0.92,-1.27,6206,-1.70,-0.46,-5.82,-1.34,838,-173,-2360,710,501,-1430,-1888
09:30,11:30,3,1,True,P40,0,100,991,30.8,-2.48,-2456,0.96,-0.63,5402,1.10,0.21,-6.69,-1.12,1203,-653,-1565,1605,-500,-2150,-397
09:30,11:30,3,1,True,P40,0,0,973,24.4,-2.42,-2351,0.96,-0.44,6366,5.10,0.70,-11.33,-1.36,1371,1118,-981,1183,665,-4231,-1476
09:30,11:30,3,1,True,LOW,1,0,1822,49.3,-2.28,-4154,0.95,-0.85,5186,-3.09,-1.10,-1.28,-0.26,44,-702,-2515,70,1097,1599,-3747
09:30,11:30,3,1,True,LOW,2,0,1658,34.3,-2.00,-3319,0.97,-0.52,6245,-1.20,-0.30,-3.00,-0.43,765,-332,-2905,1377,-624,1526,-3127
09:30,11:30,3,1,True,LOW,3,0,1602,29.3,-0.02,-29,1.00,0.00,5235,0.86,0.18,-1.09,-0.14,1317,-238,-2096,1776,-1286,1953,-1455
09:30,11:30,3,1,True,LOW,0,50,1802,46.2,-2.57,-4632,0.95,-1.08,5806,-1.15,-0.41,-4.24,-1.07,278,-597,-1537,734,355,285,-4149
09:30,11:30,3,1,True,LOW,0,100,1658,32.4,-3.81,-6321,0.94,-1.13,9427,-1.77,-0.43,-6.22,-1.11,936,-1082,-2456,1017,-1048,593,-4281
09:30,11:30,3,1,True,LOW,0,0,1588,26.4,0.88,1399,1.01,0.18,5899,-0.06,-0.01,2.01,0.23,1453,374,-3154,1272,-167,1734,-114
09:30,11:30,3,1,True,P40,1,0,1871,47.7,-5.89,-11015,0.86,-3.11,12079,-3.59,-1.41,-8.45,-3.00,-127,-1340,-2628,553,-361,-2026,-5088
09:30,11:30,3,1,True,P40,2,0,1721,33.1,-4.59,-7904,0.92,-1.70,9711,-1.29,-0.35,-8.19,-2.07,668,-2221,-954,1351,-726,-2544,-3479
09:30,11:30,3,1,True,P40,3,0,1680,27.6,-3.80,-6390,0.94,-1.18,8797,-0.30,-0.07,-7.61,-1.61,1044,-2051,-1322,2065,-972,-1811,-3344
09:30,11:30,3,1,True,P40,0,50,1815,43.3,-4.64,-8428,0.90,-2.18,9858,-2.15,-0.74,-7.42,-2.35,203,-1331,-1912,990,-20,-1589,-4770
09:30,11:30,3,1,True,P40,0,100,1697,29.8,-3.96,-6721,0.93,-1.32,9477,-1.65,-0.40,-6.48,-1.47,801,-1694,-2366,1803,-1211,-1457,-2598
09:30,11:30,3,1,True,P40,0,0,1645,23.6,-4.22,-6941,0.93,-1.03,9728,-0.39,-0.07,-8.36,-1.34,1190,-229,-2018,723,71,-3943,-2736
09:30,11:30,3,1,True,LOW,1,0,1821,49.4,-2.25,-4103,0.95,-0.84,5135,-3.04,-1.08,-1.29,-0.27,44,-644,-2515,70,1097,1592,-3747
09:30,11:30,3,1,True,LOW,2,0,1656,34.3,-1.95,-3223,0.97,-0.51,6142,-1.09,-0.27,-3.01,-0.43,765,-274,-2860,1377,-624,1519,-3127
09:30,11:30,3,1,True,LOW,3,0,1600,29.3,0.04,67,1.00,0.01,5132,0.98,0.21,-1.10,-0.14,1317,-180,-2051,1776,-1286,1946,-1455
09:30,11:30,3,1,True,LOW,0,50,1800,46.2,-2.52,-4536,0.95,-1.06,5768,-1.05,-0.37,-4.25,-1.07,278,-539,-1492,734,355,278,-4149
09:30,11:30,3,1,True,LOW,0,100,1656,32.4,-3.76,-6225,0.94,-1.11,9331,-1.66,-0.41,-6.23,-1.11,936,-1024,-2411,1017,-1048,586,-4281
09:30,11:30,3,1,True,LOW,0,0,1586,26.4,0.94,1495,1.01,0.19,5841,0.05,0.01,2.00,0.23,1453,432,-3109,1272,-167,1727,-114
09:30,11:30,3,1,True,P40,1,0,1870,47.7,-5.93,-11094,0.86,-3.14,12157,-3.59,-1.41,-8.54,-3.03,-127,-1340,-2628,553,-361,-2104,-5088
09:30,11:30,3,1,True,P40,2,0,1719,33.2,-4.50,-7740,0.92,-1.67,9547,-1.20,-0.32,-8.10,-2.05,668,-2221,-872,1351,-726,-2462,-3479
09:30,11:30,3,1,True,P40,3,0,1678,27.6,-3.71,-6226,0.94,-1.15,8633,-0.21,-0.05,-7.52,-1.59,1044,-2051,-1240,2065,-972,-1729,-3344
09:30,11:30,3,1,True,P40,0,50,1813,43.2,-4.66,-8444,0.90,-2.19,9875,-2.06,-0.72,-7.54,-2.39,203,-1331,-1830,990,-20,-1687,-4770
09:30,11:30,3,1,True,P40,0,100,1695,29.9,-3.87,-6557,0.93,-1.29,9313,-1.56,-0.38,-6.38,-1.45,801,-1694,-2284,1803,-1211,-1375,-2598
09:30,11:30,3,1,True,P40,0,0,1643,23.6,-4.12,-6777,0.93,-1.01,9564,-0.29,-0.06,-8.27,-1.32,1190,-229,-1936,723,71,-3861,-2736
09:30,11:30,3,1,True,LOW,1,0,984,50.7,-0.04,-36,1.00,-0.01,3348,-2.84,-0.78,3.58,0.53,578,109,-2712,452,1813,-54,-222
09:30,11:30,3,1,True,LOW,2,0,904,35.2,-0.23,-212,1.00,-0.05,3194,2.03,0.39,-3.18,-0.34,797,501,-1980,1719,1111,-1674,-685
09:30,11:30,3,1,True,LOW,3,0,877,29.3,0.05,41,1.00,0.01,4493,0.55,0.09,-0.60,-0.06,1227,-286,-2584,1916,887,-2213,1095
09:30,11:30,3,1,True,LOW,0,50,965,45.7,-2.85,-2755,0.94,-0.88,4213,-3.78,-0.99,-1.71,-0.31,768,-95,-2961,274,1339,-552,-1527
09:30,11:30,3,1,True,LOW,0,100,894,32.3,-2.28,-2035,0.96,-0.50,4585,-2.13,-0.40,-2.46,-0.32,1075,-964,-2336,1166,687,203,-1864
09:30,11:30,3,1,True,LOW,0,0,871,26.4,1.25,1092,1.02,0.19,4818,0.25,0.04,2.53,0.21,1357,890,-3239,1114,2096,-1201,76
09:30,11:30,3,1,True,P40,1,0,1001,48.7,-4.86,-4860,0.89,-1.84,6851,-2.48,-0.72,-7.64,-1.88,538,-148,-2280,552,45,-1217,-2350
09:30,11:30,3,1,True,P40,2,0,918,33.4,-4.95,-4548,0.91,-1.33,6933,-2.65,-0.54,-7.62,-1.35,966,-766,-2509,1005,-196,-1985,-1064
09:30,11:30,3,1,True,P40,3,0,902,28.4,-3.15,-2841,0.95,-0.71,5867,0.18,0.03,-7.05,-1.05,1223,-421,-2271,1555,-337,-1637,-954
09:30,11:30,3,1,True,P40,0,50,973,44.1,-3.71,-3614,0.92,-1.26,6050,-1.98,-0.51,-5.74,-1.27,739,204,-2608,623,763,-1103,-2233
09:30,11:30,3,1,True,P40,0,100,906,30.5,-3.36,-3043,0.94,-0.81,5797,-1.25,-0.23,-5.82,-0.93,1127,-659,-2601,1523,-357,-1576,-501
09:30,11:30,3,1,True,P40,0,0,891,24.1,-4.57,-4070,0.93,-0.83,7400,0.31,0.04,-10.27,-1.17,1294,1302,-3192,746,1175,-3620,-1775
09:30,11:30,3,1,True,LOW,1,0,984,50.7,-0.04,-36,1.00,-0.01,3348,-2.84,-0.78,3.58,0.53,578,109,-2712,452,1813,-54,-222
09:30,11:30,3,1,True,LOW,2,0,903,35.2,-0.18,-167,1.00,-0.04,3194,2.12,0.40,-3.18,-0.34,797,501,-1935,1719,1111,-1674,-685
09:30,11:30,3,1,True,LOW,3,0,876,29.3,0.10,86,1.00,0.02,4448,0.65,0.11,-0.60,-0.06,1227,-286,-2539,1916,887,-2213,1095
09:30,11:30,3,1,True,LOW,0,50,964,45.7,-2.81,-2710,0.94,-0.86,4168,-3.70,-0.97,-1.71,-0.31,768,-95,-2916,274,1339,-552,-1527
09:30,11:30,3,1,True,LOW,0,100,893,32.4,-2.23,-1990,0.96,-0.49,4585,-2.05,-0.39,-2.46,-0.32,1075,-964,-2291,1166,687,203,-1864
09:30,11:30,3,1,True,LOW,0,0,870,26.4,1.31,1137,1.02,0.20,4773,0.34,0.05,2.53,0.21,1357,890,-3194,1114,2096,-1201,76
09:30,11:30,3,1,True,P40,1,0,1001,48.7,-4.86,-4860,0.89,-1.84,6851,-2.48,-0.72,-7.64,-1.88,538,-148,-2280,552,45,-1217,-2350
09:30,11:30,3,1,True,P40,2,0,917,33.5,-4.87,-4466,0.91,-1.31,6851,-2.49,-0.50,-7.62,-1.35,966,-766,-2427,1005,-196,-1985,-1064
09:30,11:30,3,1,True,P40,3,0,901,28.4,-3.06,-2759,0.95,-0.69,5785,0.35,0.06,-7.05,-1.05,1223,-421,-2189,1555,-337,-1637,-954
09:30,11:30,3,1,True,P40,0,50,972,44.1,-3.63,-3532,0.92,-1.23,5968,-1.83,-0.47,-5.74,-1.27,739,204,-2526,623,763,-1103,-2233
09:30,11:30,3,1,True,P40,0,100,905,30.5,-3.27,-2961,0.94,-0.79,5715,-1.08,-0.20,-5.82,-0.93,1127,-659,-2519,1523,-357,-1576,-501
09:30,11:30,3,1,True,P40,0,0,890,24.2,-4.48,-3988,0.93,-0.81,7318,0.49,0.07,-10.27,-1.17,1294,1302,-3110,746,1175,-3620,-1775
09:30,15:00,1,1,False,LOW,1,0,1461,51.2,0.61,889,1.01,0.19,4119,0.85,0.25,0.33,0.06,17,90,968,-406,1219,1731,-2728
09:30,15:00,1,1,False,LOW,2,0,1461,35.9,0.98,1431,1.01,0.23,6320,4.17,0.88,-2.72,-0.37,-275,1285,107,2156,468,2477,-4786
09:30,15:00,1,1,False,LOW,3,0,1461,30.9,3.29,4814,1.05,0.69,6561,7.45,1.34,-1.52,-0.19,187,2545,787,2326,756,2517,-4303
09:30,15:00,1,1,False,LOW,0,50,1461,48.0,-1.46,-2138,0.97,-0.54,6540,4.13,1.27,-7.94,-1.80,-469,601,3387,-279,-133,-1624,-3621
09:30,15:00,1,1,False,LOW,0,100,1461,35.1,3.09,4516,1.05,0.83,3904,4.99,1.07,0.89,0.15,-5,1956,731,1231,491,2101,-1988
09:30,15:00,1,1,False,LOW,0,0,1461,28.0,5.50,8033,1.08,1.03,6544,11.43,1.74,-1.38,-0.16,517,3729,864,3856,1892,1709,-4532
09:30,15:00,1,1,False,P40,1,0,1461,50.0,-2.05,-2997,0.95,-0.98,4731,0.86,0.30,-5.42,-1.76,-26,-280,1096,-114,-28,-2032,-1613
09:30,15:00,1,1,False,P40,2,0,1461,35.5,1.22,1784,1.02,0.42,2532,2.33,0.58,-0.06,-0.01,-762,665,1842,82,817,-1076,217
09:30,15:00,1,1,False,P40,3,0,1461,29.8,4.04,5906,1.07,1.14,4501,6.05,1.26,1.71,0.33,-61,1893,1384,1530,2652,916,-2407
09:30,15:00,1,1,False,P40,0,50,1461,44.8,-1.56,-2278,0.97,-0.67,4299,1.05,0.33,-4.58,-1.33,-810,60,1570,-1,487,-1887,-1698
09:30,15:00,1,1,False,P40,0,100,1461,32.3,3.63,5309,1.07,1.11,2939,3.85,0.87,3.38,0.70,-388,1789,900,719,1790,718,-218
09:30,15:00,1,1,False,P40,0,0,1461,25.7,4.72,6891,1.08,1.07,6464,10.47,1.74,-1.94,-0.30,134,2649,2795,2630,3704,-1944,-3077
09:30,15:00,1,1,False,LOW,1,0,1461,51.3,0.70,1030,1.01,0.22,4119,0.81,0.23,0.59,0.11,-18,90,968,-406,1271,1854,-2728
09:30,15:00,1,1,False,LOW,2,0,1461,36.1,1.21,1765,1.02,0.29,6320,4.13,0.87,-2.18,-0.30,-309,1285,107,2156,673,2641,-4786
09:30,15:00,1,1,False,LOW,3,0,1461,31.0,3.48,5083,1.05,0.72,6561,7.41,1.34,-1.07,-0.13,153,2545,787,2326,855,2722,-4303
09:30,15:00,1,1,False,LOW,0,50,1461,48.1,-1.24,-1816,0.97,-0.46,6184,4.09,1.25,-7.42,-1.68,-503,601,3387,-279,40,-1441,-3621
09:30,15:00,1,1,False,LOW,0,100,1461,35.2,3.33,4864,1.05,0.89,3904,4.95,1.06,1.46,0.24,-39,1956,731,1231,590,2384,-1988
09:30,15:00,1,1,False,LOW,0,0,1461,28.1,5.77,8425,1.08,1.08,6544,11.39,1.74,-0.75,-0.09,483,3729,864,3856,1991,2036,-4532
09:30,15:00,1,1,False,P40,1,0,1461,50.0,-2.05,-2996,0.95,-0.98,4731,0.86,0.30,-5.42,-1.76,-26,-280,1096,-114,-28,-2032,-1613
09:30,15:00,1,1,False,P40,2,0,1461,35.5,1.22,1785,1.02,0.42,2532,2.33,0.58,-0.06,-0.01,-761,665,1842,82,817,-1076,217
09:30,15:00,1,1,False,P40,3,0,1461,29.8,4.04,5906,1.07,1.14,4501,6.05,1.26,1.71,0.33,-61,1893,1384,1530,2652,916,-2407
09:30,15:00,1,1,False,P40,0,50,1461,44.9,-1.44,-2097,0.97,-0.61,4241,1.05,0.33,-4.31,-1.25,-809,60,1570,-1,668,-1887,-1698
09:30,15:00,1,1,False,P40,0,100,1461,32.3,3.63,5310,1.07,1.11,2939,3.85,0.87,3.38,0.70,-388,1789,900,719,1790,718,-218
09:30,15:00,1,1,False,P40,0,0,1461,25.7,4.70,6874,1.08,1.06,6482,10.47,1.74,-1.97,-0.30,134,2649,2795,2630,3704,-1962,-3077
09:30,15:00,1,1,False,LOW,1,0,793,52.2,4.36,3456,1.09,1.02,2569,4.07,0.94,4.72,0.60,797,935,-729,778,1260,-498,912
09:30,15:00,1,1,False,LOW,2,0,793,37.8,4.14,3286,1.07,0.74,3705,11.11,1.84,-4.45,-0.45,1217,2168,-5,1485,841,-2324,-96
09:30,15:00,1,1,False,LOW,3,0,793,31.8,4.19,3322,1.06,0.67,3808,10.73,1.54,-3.89,-0.36,1667,1918,35,1082,891,-2539,268
09:30,15:00,1,1,False,LOW,0,50,793,47.5,-1.01,-801,0.98,-0.28,4125,3.20,0.76,-6.20,-0.98,1133,159,81,28,364,-2939,375
09:30,15:00,1,1,False,LOW,0,100,793,35.4,3.84,3042,1.07,0.77,2751,6.63,1.13,0.39,0.05,1194,985,147,579,770,-256,-377
09:30,15:00,1,1,False,LOW,0,0,793,28.5,3.90,3092,1.06,0.55,4303,10.26,1.26,-3.95,-0.33,1450,2596,-492,940,1882,-2515,-770
09:30,15:00,1,1,False,P40,1,0,793,48.8,-4.90,-3888,0.89,-1.64,5809,-0.16,-0.04,-10.75,-2.28,616,-32,-498,-156,169,-3162,-825
09:30,15:00,1,1,False,P40,2,0,793,35.2,-2.41,-1913,0.95,-0.60,5046,1.08,0.21,-6.72,-1.08,1201,-193,-718,183,9,-3061,667
09:30,15:00,1,1,False,P40,3,0,793,30.3,-0.14,-110,1.00,-0.03,3948,4.26,0.69,-5.57,-0.76,1241,302,250,74,599,-1723,-852
09:30,15:00,1,1,False,P40,0,50,793,43.9,-4.71,-3738,0.90,-1.44,5903,0.12,0.03,-10.68,-2.08,936,-164,-411,-309,90,-3434,-446
09:30,15:00,1,1,False,P40,0,100,793,32.4,-0.35,-282,0.99,-0.08,3634,1.86,0.32,-3.08,-0.45,1056,118,-588,227,373,-2159,691
09:30,15:00,1,1,False,P40,0,0,793,26.0,-0.32,-252,0.99,-0.05,5838,6.95,0.88,-9.28,-1.00,1312,1856,-39,-86,1680,-3631,-1344
09:30,15:00,1,1,False,LOW,1,0,793,52.3,4.47,3549,1.09,1.05,2556,4.25,0.98,4.75,0.60,797,935,-649,778,1260,-485,912
09:30,15:00,1,1,False,LOW,2,0,793,37.8,4.18,3313,1.07,0.75,3692,11.14,1.85,-4.41,-0.44,1217,2168,10,1485,841,-2310,-96
09:30,15:00,1,1,False,LOW,3,0,793,31.8,4.22,3349,1.06,0.68,3795,10.76,1.55,-3.85,-0.35,1667,1918,49,1082,891,-2525,268
09:30,15:00,1,1,False,LOW,0,50,793,47.5,-0.98,-774,0.98,-0.27,4098,3.23,0.77,-6.16,-0.97,1133,159,95,28,364,-2926,375
09:30,15:00,1,1,False,LOW,0,100,793,35.4,3.87,3069,1.07,0.78,2738,6.66,1.14,0.43,0.05,1194,985,161,579,770,-242,-377
09:30,15:00,1,1,False,LOW,0,0,793,28.5,3.93,3120,1.06,0.56,4289,10.29,1.26,-3.91,-0.32,1450,2596,-478,940,1882,-2501,-770
09:30,15:00,1,1,False,P40,1,0,793,48.8,-4.90,-3888,0.89,-1.64,5809,-0.16,-0.04,-10.75,-2.28,616,-32,-498,-156,169,-3162,-825
09:30,15:00,1,1,False,P40,2,0,793,35.2,-2.41,-1913,0.95,-0.60,5046,1.08,0.21,-6.72,-1.08,1201,-193,-718,183,9,-3061,667
09:30,15:00,1,1,False,P40,3,0,793,30.3,-0.14,-110,1.00,-0.03,3948,4.26,0.69,-5.57,-0.76,1241,302,250,74,599,-1723,-852
09:30,15:00,1,1,False,P40,0,50,793,43.9,-4.71,-3738,0.90,-1.44,5903,0.12,0.03,-10.68,-2.08,936,-164,-411,-309,90,-3434,-446
09:30,15:00,1,1,False,P40,0,100,793,32.4,-0.35,-282,0.99,-0.08,3634,1.86,0.32,-3.08,-0.45,1056,118,-588,227,373,-2159,691
09:30,15:00,1,1,False,P40,0,0,793,26.0,-0.32,-252,0.99,-0.05,5838,6.95,0.88,-9.28,-1.00,1312,1856,-39,-86,1680,-3631,-1344
09:30,15:00,1,1,False,LOW,1,0,1461,51.1,0.25,359,1.00,0.08,4119,0.81,0.23,-0.41,-0.07,33,35,968,-402,1176,1277,-2728
09:30,15:00,1,1,False,LOW,2,0,1461,35.9,0.57,826,1.01,0.13,6320,4.18,0.88,-3.62,-0.50,-235,1242,107,2160,255,2083,-4786
09:30,15:00,1,1,False,LOW,3,0,1461,30.9,2.79,4083,1.04,0.58,6561,7.38,1.33,-2.52,-0.31,156,2514,787,2330,471,2129,-4303
09:30,15:00,1,1,False,LOW,0,50,1461,48.1,-1.36,-1982,0.97,-0.50,6286,4.01,1.23,-7.58,-1.71,-500,535,3387,-275,-66,-1442,-3621
09:30,15:00,1,1,False,LOW,0,100,1461,35.1,2.58,3768,1.04,0.69,3904,4.55,0.98,0.30,0.05,-36,1637,731,1235,221,1969,-1988
09:30,15:00,1,1,False,LOW,0,0,1461,28.0,4.85,7083,1.07,0.91,6544,11.03,1.68,-2.31,-0.27,486,3435,864,3860,1893,1078,-4532
09:30,15:00,1,1,False,P40,1,0,1461,49.8,-2.21,-3229,0.95,-1.06,4892,0.77,0.27,-5.66,-1.84,10,-387,1096,-114,-28,-2193,-1613
09:30,15:00,1,1,False,P40,2,0,1461,35.5,1.12,1634,1.02,0.38,2532,2.14,0.54,-0.06,-0.01,-726,479,1842,82,817,-1076,217
09:30,15:00,1,1,False,P40,3,0,1461,29.7,3.76,5498,1.07,1.06,4501,5.63,1.17,1.60,0.31,-26,1526,1384,1530,2576,916,-2407
09:30,15:00,1,1,False,P40,0,50,1461,44.8,-1.48,-2169,0.97,-0.64,4241,0.95,0.30,-4.31,-1.25,-774,-48,1570,-1,668,-1887,-1698
09:30,15:00,1,1,False,P40,0,100,1461,32.2,3.40,4962,1.06,1.04,2939,3.45,0.78,3.33,0.68,-353,1443,900,719,1754,718,-218
09:30,15:00,1,1,False,P40,0,0,1461,25.7,4.32,6305,1.07,0.98,7008,10.10,1.68,-2.39,-0.37,169,2327,2795,2630,3949,-2488,-3077
09:30,15:00,1,1,False,LOW,1,0,1461,51.2,0.32,474,1.01,0.10,4119,0.81,0.23,-0.24,-0.04,33,35,968,-402,1167,1401,-2728
09:30,15:00,1,1,False,LOW,2,0,1461,36.1,0.76,1104,1.01,0.18,6320,4.18,0.88,-3.21,-0.44,-235,1242,107,2160,369,2247,-4786
09:30,15:00,1,1,False,LOW,3,0,1461,30.9,2.94,4297,1.04,0.61,6561,7.38,1.33,-2.20,-0.27,156,2514,787,2330,480,2333,-4303
09:30,15:00,1,1,False,LOW,0,50,1461,48.2,-1.22,-1790,0.97,-0.45,6094,4.01,1.23,-7.29,-1.65,-500,535,3387,-275,-57,-1259,-3621
09:30,15:00,1,1,False,LOW,0,100,1461,35.2,2.78,4060,1.04,0.74,3904,4.55,0.98,0.73,0.12,-36,1637,731,1235,230,2252,-1988
09:30,15:00,1,1,False,LOW,0,0,1461,28.1,5.08,7418,1.07,0.95,6544,11.03,1.68,-1.81,-0.21,486,3435,864,3860,1902,1404,-4532
09:30,15:00,1,1,False,P40,1,0,1461,49.8,-2.21,-3229,0.95,-1.06,4892,0.77,0.27,-5.66,-1.84,10,-387,1096,-114,-28,-2193,-1613
09:30,15:00,1,1,False,P40,2,0,1461,35.5,1.12,1634,1.02,0.38,2532,2.14,0.54,-0.06,-0.01,-726,479,1842,82,817,-1076,217
09:30,15:00,1,1,False,P40,3,0,1461,29.7,3.76,5498,1.07,1.06,4501,5.63,1.17,1.60,0.31,-26,1526,1384,1530,2576,916,-2407
09:30,15:00,1,1,False,P40,0,50,1461,44.8,-1.48,-2169,0.97,-0.64,4241,0.95,0.30,-4.31,-1.25,-774,-48,1570,-1,668,-1887,-1698
09:30,15:00,1,1,False,P40,0,100,1461,32.2,3.40,4962,1.06,1.04,2939,3.45,0.78,3.33,0.68,-353,1443,900,719,1754,718,-218
09:30,15:00,1,1,False,P40,0,0,1461,25.7,4.30,6288,1.07,0.98,7025,10.10,1.68,-2.41,-0.37,169,2327,2795,2630,3949,-2505,-3077
09:30,15:00,1,1,False,LOW,1,0,793,52.2,4.36,3456,1.09,1.02,2569,4.07,0.94,4.72,0.60,797,935,-729,778,1260,-498,912
09:30,15:00,1,1,False,LOW,2,0,793,37.8,4.14,3286,1.07,0.74,3705,11.11,1.84,-4.45,-0.45,1217,2168,-5,1485,841,-2324,-96
09:30,15:00,1,1,False,LOW,3,0,793,31.8,4.19,3322,1.06,0.67,3808,10.73,1.54,-3.89,-0.36,1667,1918,35,1082,891,-2539,268
09:30,15:00,1,1,False,LOW,0,50,793,47.5,-1.01,-801,0.98,-0.28,4125,3.20,0.76,-6.20,-0.98,1133,159,81,28,364,-2939,375
09:30,15:00,1,1,False,LOW,0,100,793,35.4,3.84,3042,1.07,0.77,2751,6.63,1.13,0.39,0.05,1194,985,147,579,770,-256,-377
09:30,15:00,1,1,False,LOW,0,0,793,28.5,3.90,3092,1.06,0.55,4303,10.26,1.26,-3.95,-0.33,1450,2596,-492,940,1882,-2515,-770
09:30,15:00,1,1,False,P40,1,0,793,48.8,-4.90,-3888,0.89,-1.64,5809,-0.16,-0.04,-10.75,-2.28,616,-32,-498,-156,169,-3162,-825
09:30,15:00,1,1,False,P40,2,0,793,35.2,-2.41,-1913,0.95,-0.60,5046,1.08,0.21,-6.72,-1.08,1201,-193,-718,183,9,-3061,667
09:30,15:00,1,1,False,P40,3,0,793,30.3,-0.14,-110,1.00,-0.03,3948,4.26,0.69,-5.57,-0.76,1241,302,250,74,599,-1723,-852
09:30,15:00,1,1,False,P40,0,50,793,43.9,-4.71,-3738,0.90,-1.44,5903,0.12,0.03,-10.68,-2.08,936,-164,-411,-309,90,-3434,-446
09:30,15:00,1,1,False,P40,0,100,793,32.4,-0.35,-282,0.99,-0.08,3634,1.86,0.32,-3.08,-0.45,1056,118,-588,227,373,-2159,691
09:30,15:00,1,1,False,P40,0,0,793,26.0,-0.32,-252,0.99,-0.05,5838,6.95,0.88,-9.28,-1.00,1312,1856,-39,-86,1680,-3631,-1344
09:30,15:00,1,1,False,LOW,1,0,793,52.3,4.47,3549,1.09,1.05,2556,4.25,0.98,4.75,0.60,797,935,-649,778,1260,-485,912
09:30,15:00,1,1,False,LOW,2,0,793,37.8,4.18,3313,1.07,0.75,3692,11.14,1.85,-4.41,-0.44,1217,2168,10,1485,841,-2310,-96
09:30,15:00,1,1,False,LOW,3,0,793,31.8,4.22,3349,1.06,0.68,3795,10.76,1.55,-3.85,-0.35,1667,1918,49,1082,891,-2525,268
09:30,15:00,1,1,False,LOW,0,50,793,47.5,-0.98,-774,0.98,-0.27,4098,3.23,0.77,-6.16,-0.97,1133,159,95,28,364,-2926,375
09:30,15:00,1,1,False,LOW,0,100,793,35.4,3.87,3069,1.07,0.78,2738,6.66,1.14,0.43,0.05,1194,985,161,579,770,-242,-377
09:30,15:00,1,1,False,LOW,0,0,793,28.5,3.93,3120,1.06,0.56,4289,10.29,1.26,-3.91,-0.32,1450,2596,-478,940,1882,-2501,-770
09:30,15:00,1,1,False,P40,1,0,793,48.8,-4.90,-3888,0.89,-1.64,5809,-0.16,-0.04,-10.75,-2.28,616,-32,-498,-156,169,-3162,-825
09:30,15:00,1,1,False,P40,2,0,793,35.2,-2.41,-1913,0.95,-0.60,5046,1.08,0.21,-6.72,-1.08,1201,-193,-718,183,9,-3061,667
09:30,15:00,1,1,False,P40,3,0,793,30.3,-0.14,-110,1.00,-0.03,3948,4.26,0.69,-5.57,-0.76,1241,302,250,74,599,-1723,-852
09:30,15:00,1,1,False,P40,0,50,793,43.9,-4.71,-3738,0.90,-1.44,5903,0.12,0.03,-10.68,-2.08,936,-164,-411,-309,90,-3434,-446
09:30,15:00,1,1,False,P40,0,100,793,32.4,-0.35,-282,0.99,-0.08,3634,1.86,0.32,-3.08,-0.45,1056,118,-588,227,373,-2159,691
09:30,15:00,1,1,False,P40,0,0,793,26.0,-0.32,-252,0.99,-0.05,5838,6.95,0.88,-9.28,-1.00,1312,1856,-39,-86,1680,-3631,-1344
09:30,15:00,1,1,False,LOW,1,0,1435,50.5,-1.25,-1799,0.98,-0.39,3975,-1.13,-0.32,-1.40,-0.25,504,-746,242,-868,1110,24,-2064
09:30,15:00,1,1,False,LOW,2,0,1435,35.6,-1.19,-1708,0.98,-0.28,6072,2.51,0.53,-5.49,-0.74,433,-220,280,1446,-293,542,-3895
09:30,15:00,1,1,False,LOW,3,0,1435,31.0,1.93,2766,1.03,0.40,6331,6.47,1.17,-3.35,-0.40,859,713,1279,2137,-421,1392,-3194
09:30,15:00,1,1,False,LOW,0,50,1435,47.7,-2.41,-3454,0.95,-0.88,6083,1.47,0.45,-6.91,-1.54,322,-795,2291,-685,-226,-2247,-2115
09:30,15:00,1,1,False,LOW,0,100,1435,34.9,0.35,498,1.01,0.09,4071,3.08,0.67,-2.82,-0.47,587,-335,1100,1022,-485,-51,-1340
09:30,15:00,1,1,False,LOW,0,0,1435,28.4,2.79,3998,1.04,0.52,6666,8.85,1.36,-4.25,-0.49,1106,866,1408,3441,554,79,-3455
09:30,15:00,1,1,False,P40,1,0,1435,48.6,-4.16,-5964,0.90,-1.97,6552,-0.96,-0.34,-7.86,-2.53,472,-1162,326,-379,-905,-2788,-1528
09:30,15:00,1,1,False,P40,2,0,1435,34.6,-1.39,-1991,0.97,-0.47,4038,0.67,0.17,-3.78,-0.87,173,-1091,1267,169,-234,-2224,-50
09:30,15:00,1,1,False,P40,3,0,1435,29.1,0.02,24,1.00,0.00,5448,3.75,0.79,-4.32,-0.84,595,-931,2144,1086,580,-825,-2625
09:30,15:00,1,1,False,P40,0,50,1435,43.9,-3.22,-4620,0.93,-1.37,5030,-1.05,-0.33,-5.74,-1.66,76,-1352,680,-213,-170,-2369,-1272
09:30,15:00,1,1,False,P40,0,100,1435,31.7,0.68,982,1.01,0.21,3086,2.30,0.52,-1.20,-0.25,308,-598,1171,896,479,-1095,-178
09:30,15:00,1,1,False,P40,0,0,1435,25.4,1.08,1555,1.02,0.25,7831,8.74,1.44,-7.80,-1.24,827,-202,4001,2111,1995,-3492,-3685
09:30,15:00,1,1,False,LOW,1,0,1433,50.5,-1.13,-1617,0.98,-0.35,3975,-0.94,-0.27,-1.34,-0.24,504,-795,430,-868,1101,75,-2064
09:30,15:00,1,1,False,LOW,2,0,1433,35.7,-0.96,-1370,0.99,-0.22,6072,2.78,0.59,-5.31,-0.72,433,-294,561,1446,-179,558,-3895
09:30,15:00,1,1,False,LOW,3,0,1433,31.1,2.13,3056,1.03,0.44,6331,6.86,1.24,-3.37,-0.41,859,715,1578,2137,-412,1373,-3194
09:30,15:00,1,1,False,LOW,0,50,1433,47.8,-2.25,-3221,0.95,-0.82,6088,1.78,0.54,-6.94,-1.54,322,-793,2528,-685,-217,-2261,-2115
09:30,15:00,1,1,False,LOW,0,100,1433,35.0,0.51,732,1.01,0.14,4071,3.52,0.76,-2.99,-0.50,587,-334,1437,1022,-476,-165,-1340
09:30,15:00,1,1,False,LOW,0,0,1433,28.5,3.01,4309,1.04,0.57,6666,9.40,1.44,-4.44,-0.51,1106,868,1831,3441,563,-44,-3455
09:30,15:00,1,1,False,P40,1,0,1433,48.6,-4.11,-5893,0.90,-1.95,6481,-0.67,-0.23,-8.12,-2.61,472,-1162,554,-379,-905,-2945,-1528
09:30,15:00,1,1,False,P40,2,0,1433,34.6,-1.42,-2039,0.97,-0.49,4355,1.02,0.26,-4.27,-0.99,173,-1091,1536,169,-234,-2541,-50
09:30,15:00,1,1,False,P40,3,0,1433,29.1,-0.05,-74,1.00,-0.01,5687,4.20,0.89,-5.01,-0.98,595,-931,2493,1086,580,-1271,-2625
09:30,15:00,1,1,False,P40,0,50,1433,43.9,-3.22,-4608,0.93,-1.37,5018,-0.78,-0.24,-6.05,-1.75,76,-1352,889,-213,-170,-2566,-1272
09:30,15:00,1,1,False,P40,0,100,1433,31.7,0.62,894,1.01,0.19,2905,2.70,0.61,-1.80,-0.37,308,-598,1480,896,479,-1492,-178
09:30,15:00,1,1,False,P40,0,0,1433,25.3,1.03,1483,1.02,0.24,8091,9.25,1.52,-8.53,-1.36,827,-202,4397,2111,1995,-3959,-3685
09:30,15:00,1,1,False,LOW,1,0,788,51.8,3.09,2438,1.06,0.72,2742,4.12,0.95,1.82,0.23,886,935,-800,779,1019,-1076,696
09:30,15:00,1,1,False,LOW,2,0,788,37.4,2.72,2141,1.04,0.49,4248,11.00,1.82,-7.59,-0.76,1335,2168,-181,1485,353,-2970,-49
09:30,15:00,1,1,False,LOW,3,0,788,31.5,3.03,2390,1.05,0.49,3936,10.73,1.54,-6.55,-0.60,1815,1918,-127,1082,158,-2770,315
09:30,15:00,1,1,False,LOW,0,50,788,47.2,-1.63,-1286,0.97,-0.44,4584,3.42,0.81,-7.92,-1.24,1292,159,16,28,69,-3038,190
09:30,15:00,1,1,False,LOW,0,100,788,35.2,3.06,2410,1.05,0.62,2855,6.69,1.14,-1.46,-0.17,1379,985,-19,579,175,-359,-330
09:30,15:00,1,1,False,LOW,0,0,788,28.2,2.50,1973,1.04,0.36,4487,10.34,1.27,-7.25,-0.60,1635,2596,-654,941,924,-2746,-723
09:30,15:00,1,1,False,P40,1,0,788,48.7,-5.02,-3960,0.88,-1.68,5884,0.03,0.01,-11.31,-2.38,777,-32,-577,-156,-67,-2920,-985
09:30,15:00,1,1,False,P40,2,0,788,34.9,-3.17,-2499,0.94,-0.79,5598,0.64,0.12,-7.92,-1.27,1407,-193,-1117,183,-467,-2739,427
09:30,15:00,1,1,False,P40,3,0,788,30.2,-0.58,-455,0.99,-0.12,3964,4.20,0.68,-6.52,-0.89,1448,302,11,74,-117,-1321,-852
09:30,15:00,1,1,False,P40,0,50,788,43.7,-5.14,-4050,0.89,-1.56,6215,-0.10,-0.02,-11.41,-2.21,1117,-164,-690,-309,-206,-3172,-627
09:30,15:00,1,1,False,P40,0,100,788,32.4,-0.64,-507,0.99,-0.15,4065,1.88,0.33,-3.78,-0.55,1263,118,-786,227,-223,-1797,691
09:30,15:00,1,1,False,P40,0,0,788,25.8,-1.42,-1116,0.98,-0.24,5756,6.99,0.89,-11.88,-1.29,1519,1856,-234,-86,722,-3549,-1344
09:30,15:00,1,1,False,LOW,1,0,788,51.9,3.21,2531,1.07,0.75,2729,4.30,0.99,1.86,0.23,886,935,-720,779,1019,-1062,696
09:30,15:00,1,1,False,LOW,2,0,788,37.4,2.75,2169,1.04,0.49,4234,11.03,1.83,-7.56,-0.75,1335,2168,-167,1485,353,-2956,-49
09:30,15:00,1,1,False,LOW,3,0,788,31.5,3.07,2417,1.05,0.49,3923,10.76,1.54,-6.51,-0.59,1815,1918,-113,1082,158,-2757,315
09:30,15:00,1,1,False,LOW,0,50,788,47.2,-1.60,-1259,0.97,-0.43,4557,3.45,0.82,-7.88,-1.23,1292,159,30,28,69,-3024,190
09:30,15:00,1,1,False,LOW,0,100,788,35.2,3.09,2437,1.05,0.62,2841,6.72,1.15,-1.43,-0.17,1379,985,-5,579,175,-346,-330
09:30,15:00,1,1,False,LOW,0,0,788,28.2,2.54,2001,1.04,0.36,4474,10.37,1.27,-7.21,-0.60,1635,2596,-640,941,924,-2733,-723
09:30,15:00,1,1,False,P40,1,0,788,48.7,-5.02,-3960,0.88,-1.68,5884,0.03,0.01,-11.31,-2.38,777,-32,-577,-156,-67,-2920,-985
09:30,15:00,1,1,False,P40,2,0,788,34.9,-3.17,-2499,0.94,-0.79,5598,0.64,0.12,-7.92,-1.27,1407,-193,-1117,183,-467,-2739,427
09:30,15:00,1,1,False,P40,3,0,788,30.2,-0.58,-455,0.99,-0.12,3964,4.20,0.68,-6.52,-0.89,1448,302,11,74,-117,-1321,-852
09:30,15:00,1,1,False,P40,0,50,788,43.7,-5.14,-4050,0.89,-1.56,6215,-0.10,-0.02,-11.41,-2.21,1117,-164,-690,-309,-206,-3172,-627
09:30,15:00,1,1,False,P40,0,100,788,32.4,-0.64,-507,0.99,-0.15,4065,1.88,0.33,-3.78,-0.55,1263,118,-786,227,-223,-1797,691
09:30,15:00,1,1,False,P40,0,0,788,25.8,-1.42,-1116,0.98,-0.24,5756,6.99,0.89,-11.88,-1.29,1519,1856,-234,-86,722,-3549,-1344
09:30,15:00,1,1,False,LOW,1,0,1324,51.4,2.20,2918,1.05,0.68,3955,3.64,1.06,0.52,0.09,314,-355,1658,986,1852,1537,-3072
09:30,15:00,1,1,False,LOW,2,0,1324,36.6,2.94,3888,1.05,0.68,3646,6.75,1.43,-1.53,-0.20,173,317,999,3332,-67,1986,-2852
09:30,15:00,1,1,False,LOW,3,0,1324,31.0,3.31,4387,1.05,0.68,3940,8.92,1.63,-3.24,-0.38,600,1272,1494,3001,-1007,1861,-2833
09:30,15:00,1,1,False,LOW,0,50,1324,47.4,0.22,291,1.00,0.08,4981,5.63,1.70,-6.11,-1.35,185,-493,2462,1865,728,-770,-3686
09:30,15:00,1,1,False,LOW,0,100,1324,34.4,1.10,1450,1.02,0.29,3777,5.61,1.22,-4.19,-0.69,333,318,1282,2074,-1001,1000,-2556
09:30,15:00,1,1,False,LOW,0,0,1324,28.2,4.26,5642,1.06,0.79,3654,7.51,1.22,0.46,0.05,720,1215,1085,2344,127,2161,-2009
09:30,15:00,1,1,False,P40,1,0,1324,49.2,-3.27,-4330,0.92,-1.49,5948,1.15,0.39,-8.44,-2.61,-218,-1209,349,1896,133,-2182,-3100
09:30,15:00,1,1,False,P40,2,0,1324,35.0,-2.01,-2660,0.96,-0.67,6364,4.03,0.98,-9.08,-2.08,13,-471,838,2498,-609,-2108,-2821
09:30,15:00,1,1,False,P40,3,0,1324,29.6,-1.07,-1412,0.98,-0.30,7112,6.85,1.40,-10.33,-2.01,330,119,1658,2783,-758,-1129,-4415
09:30,15:00,1,1,False,P40,0,50,1324,44.5,-2.42,-3201,0.95,-0.99,6588,3.18,0.96,-8.97,-2.52,-32,-892,1035,2161,156,-2258,-3371
09:30,15:00,1,1,False,P40,0,100,1324,31.9,-1.11,-1473,0.98,-0.34,5684,5.01,1.10,-8.27,-1.72,83,74,473,2945,-1102,-1282,-2663
09:30,15:00,1,1,False,P40,0,0,1324,25.7,-3.67,-4860,0.94,-0.87,9828,5.32,0.94,-14.20,-2.25,470,685,823,1825,284,-2931,-6015
09:30,15:00,1,1,False,LOW,1,0,1320,51.4,2.27,2996,1.05,0.70,3991,3.79,1.10,0.48,0.08,314,-376,1781,986,1825,1575,-3108
09:30,15:00,1,1,False,LOW,2,0,1320,36.7,3.05,4023,1.05,0.71,3607,6.96,1.47,-1.55,-0.21,173,274,1188,3332,-128,1998,-2813
09:30,15:00,1,1,False,LOW,3,0,1320,30.9,3.43,4530,1.05,0.70,3901,9.24,1.68,-3.39,-0.40,600,1241,1749,3001,-1049,1783,-2794
09:30,15:00,1,1,False,LOW,0,50,1320,47.5,0.36,478,1.01,0.13,4879,5.81,1.76,-6.04,-1.33,185,-525,2620,1865,687,-707,-3647
09:30,15:00,1,1,False,LOW,0,100,1320,34.4,1.21,1596,1.02,0.32,3738,5.94,1.28,-4.34,-0.71,333,286,1540,2074,-1042,922,-2517
09:30,15:00,1,1,False,LOW,0,0,1320,28.1,4.44,5857,1.07,0.82,3615,7.94,1.28,0.33,0.04,720,1183,1412,2344,85,2083,-1970
09:30,15:00,1,1,False,P40,1,0,1320,49.2,-3.13,-4128,0.92,-1.43,5875,1.33,0.45,-8.36,-2.58,-218,-1241,510,1896,55,-2100,-3030
09:30,15:00,1,1,False,P40,2,0,1320,34.9,-1.91,-2516,0.96,-0.63,6429,4.33,1.05,-9.23,-2.10,13,-503,1078,2498,-656,-2196,-2751
09:30,15:00,1,1,False,P40,3,0,1320,29.5,-0.90,-1189,0.98,-0.25,7177,7.26,1.48,-10.49,-2.03,330,87,1979,2783,-805,-1217,-4345
09:30,15:00,1,1,False,P40,0,50,1320,44.5,-2.23,-2948,0.95,-0.92,6484,3.40,1.02,-8.84,-2.47,-32,-924,1216,2161,109,-2176,-3301
09:30,15:00,1,1,False,P40,0,100,1320,31.8,-0.98,-1289,0.98,-0.29,5781,5.36,1.18,-8.42,-1.74,83,43,753,2945,-1150,-1370,-2593
09:30,15:00,1,1,False,P40,0,0,1320,25.6,-3.49,-4607,0.94,-0.82,9846,5.78,1.02,-14.38,-2.27,470,653,1173,1825,236,-3019,-5945
09:30,15:00,1,1,False,LOW,1,0,771,53.0,5.45,4200,1.12,1.28,1979,6.60,1.56,4.03,0.51,830,1036,-31,972,915,19,460
09:30,15:00,1,1,False,LOW,2,0,771,37.9,3.76,2896,1.06,0.67,3568,11.80,1.98,-6.12,-0.61,1258,1946,50,1761,110,-1614,-614
09:30,15:00,1,1,False,LOW,3,0,771,31.1,3.11,2401,1.05,0.50,3038,10.05,1.46,-5.41,-0.49,1738,1294,-428,1667,-350,-1241,-280
09:30,15:00,1,1,False,LOW,0,50,771,47.3,-0.27,-207,0.99,-0.07,2877,4.67,1.11,-6.33,-1.00,1193,326,-22,487,246,-1876,-560
09:30,15:00,1,1,False,LOW,0,100,771,34.8,2.83,2180,1.05,0.58,2308,6.02,1.04,-1.09,-0.13,1303,505,-266,1016,-209,575,-743
09:30,15:00,1,1,False,LOW,0,0,771,28.3,2.73,2104,1.04,0.39,3391,7.29,0.98,-2.88,-0.23,1559,2189,-1914,1266,739,-559,-1176
09:30,15:00,1,1,False,P40,1,0,771,49.5,-3.76,-2901,0.91,-1.24,4865,1.67,0.43,-10.44,-2.18,698,-1,-648,662,273,-2674,-1212
09:30,15:00,1,1,False,P40,2,0,771,34.8,-4.06,-3131,0.92,-1.00,5864,-0.21,-0.04,-8.78,-1.41,1331,-412,-1763,753,-346,-2252,-442
09:30,15:00,1,1,False,P40,3,0,771,30.4,-0.90,-693,0.98,-0.19,4245,4.55,0.73,-7.59,-1.04,1371,217,-715,1061,-76,-833,-1719
09:30,15:00,1,1,False,P40,0,50,771,44.4,-3.92,-3026,0.92,-1.18,5103,1.66,0.38,-10.78,-2.08,1018,-83,-641,409,271,-2745,-1255
09:30,15:00,1,1,False,P40,0,100,771,32.4,-1.39,-1075,0.97,-0.31,3977,1.49,0.26,-4.93,-0.72,1186,-182,-1352,979,-142,-1508,-57
09:30,15:00,1,1,False,P40,0,0,771,26.1,-3.76,-2901,0.94,-0.65,6905,3.34,0.46,-12.48,-1.35,1442,1775,-2347,548,691,-2804,-2206
09:30,15:00,1,1,False,LOW,1,0,770,53.1,5.51,4246,1.12,1.30,1979,6.79,1.60,3.94,0.50,830,1036,50,972,915,19,425
09:30,15:00,1,1,False,LOW,2,0,770,37.9,3.83,2951,1.06,0.69,3568,11.84,1.98,-6.03,-0.60,1258,1946,66,1761,110,-1614,-575
09:30,15:00,1,1,False,LOW,3,0,770,31.2,3.19,2455,1.05,0.51,3038,10.09,1.47,-5.31,-0.48,1738,1294,-412,1667,-350,-1241,-241
09:30,15:00,1,1,False,LOW,0,50,770,47.4,-0.20,-152,1.00,-0.05,2838,4.70,1.12,-6.24,-0.98,1193,326,-6,487,246,-1876,-521
09:30,15:00,1,1,False,LOW,0,100,770,34.8,2.90,2235,1.05,0.59,2308,6.05,1.05,-0.98,-0.12,1303,505,-251,1016,-209,575,-704
09:30,15:00,1,1,False,LOW,0,0,770,28.3,2.80,2158,1.04,0.40,3377,7.33,0.98,-2.77,-0.22,1559,2189,-1898,1266,739,-559,-1137
09:30,15:00,1,1,False,P40,1,0,770,49.6,-3.68,-2831,0.91,-1.21,4865,1.67,0.43,-10.27,-2.14,698,-1,-648,662,273,-2674,-1142
09:30,15:00,1,1,False,P40,2,0,770,34.8,-3.97,-3061,0.93,-0.98,5864,-0.21,-0.04,-8.61,-1.37,1331,-412,-1763,753,-346,-2252,-372
09:30,15:00,1,1,False,P40,3,0,770,30.4,-0.81,-623,0.99,-0.17,4175,4.55,0.73,-7.41,-1.02,1371,217,-715,1061,-76,-833,-1649
09:30,15:00,1,1,False,P40,0,50,770,44.4,-3.84,-2956,0.92,-1.15,5103,1.66,0.38,-10.61,-2.04,1018,-83,-641,409,271,-2745,-1185
09:30,15:00,1,1,False,P40,0,100,770,32.5,-1.30,-1005,0.98,-0.29,3977,1.49,0.26,-4.74,-0.69,1186,-182,-1352,979,-142,-1508,14
09:30,15:00,1,1,False,P40,0,0,770,26.1,-3.68,-2831,0.94,-0.64,6835,3.34,0.46,-12.32,-1.33,1442,1775,-2347,548,691,-2804,-2136
09:30,15:00,1,1,True,LOW,1,0,1285,49.7,-1.40,-1794,0.97,-0.41,3932,0.03,0.01,-3.02,-0.51,-103,-240,221,139,87,1066,-2964
09:30,15:00,1,1,True,LOW,2,0,1285,34.9,0.14,176,1.00,0.03,5215,2.65,0.52,-2.74,-0.35,-230,877,-748,1916,235,2204,-4080
09:30,15:00,1,1,True,LOW,3,0,1285,30.3,1.55,1996,1.02,0.30,5344,5.07,0.87,-2.47,-0.28,145,1230,-482,2585,334,1805,-3620
09:30,15:00,1,1,True,LOW,0,50,1285,47.0,-3.62,-4650,0.93,-1.25,6617,1.57,0.45,-9.56,-2.03,-337,-580,2057,-62,-707,-1844,-3177
09:30,15:00,1,1,True,LOW,0,100,1285,34.4,0.35,453,1.01,0.09,4079,2.37,0.48,-1.96,-0.31,-48,-38,236,1478,-229,1416,-2363
09:30,15:00,1,1,True,LOW,0,0,1285,27.2,1.96,2522,1.03,0.35,6298,7.35,1.08,-4.20,-0.45,474,1485,-1126,4208,657,213,-3388
09:30,15:00,1,1,True,P40,1,0,1285,48.3,-4.73,-6084,0.89,-2.13,6287,-2.21,-0.73,-7.63,-2.33,-101,-1885,254,218,-385,-2539,-1646
09:30,15:00,1,1,True,P40,2,0,1285,34.0,-2.35,-3015,0.96,-0.76,4239,-1.39,-0.33,-3.44,-0.75,-713,-1410,1036,131,225,-1749,-535
09:30,15:00,1,1,True,P40,3,0,1285,28.3,-0.29,-370,1.00,-0.08,5217,2.92,0.57,-3.96,-0.73,15,-1558,1495,2052,1474,-655,-3193
09:30,15:00,1,1,True,P40,0,50,1285,43.2,-4.56,-5860,0.90,-1.84,5860,-2.17,-0.64,-7.30,-2.01,-563,-1635,749,-38,-171,-2553,-1650
09:30,15:00,1,1,True,P40,0,100,1285,30.9,-0.29,-373,0.99,-0.08,4384,-0.10,-0.02,-0.50,-0.10,-313,-1377,515,1104,950,-505,-747
09:30,15:00,1,1,True,P40,0,0,1285,24.4,0.71,918,1.01,0.15,7574,7.56,1.15,-7.13,-1.05,209,-522,2655,2847,2213,-3102,-3383
09:30,15:00,1,1,True,LOW,1,0,1284,49.8,-1.19,-1531,0.98,-0.35,3932,0.29,0.08,-2.89,-0.49,-103,-240,402,139,78,1158,-2964
09:30,15:00,1,1,True,LOW,2,0,1284,35.2,0.60,765,1.01,0.13,5215,3.05,0.60,-2.22,-0.28,-230,877,-472,1916,350,2403,-4080
09:30,15:00,1,1,True,LOW,3,0,1284,30.5,2.04,2616,1.03,0.39,5344,5.61,0.96,-2.06,-0.23,145,1230,-111,2585,343,2044,-3620
09:30,15:00,1,1,True,LOW,0,50,1284,47.2,-3.30,-4238,0.93,-1.14,6390,1.84,0.53,-9.20,-1.95,-337,-580,2242,-62,-698,-1626,-3177
09:30,15:00,1,1,True,LOW,0,100,1284,34.6,0.83,1065,1.01,0.21,3794,2.79,0.56,-1.42,-0.22,-48,-38,521,1478,-220,1734,-2363
09:30,15:00,1,1,True,LOW,0,0,1284,27.3,2.65,3399,1.04,0.47,5791,8.09,1.18,-3.59,-0.39,474,1485,-619,4208,666,574,-3388
09:30,15:00,1,1,True,P40,1,0,1284,48.4,-4.62,-5932,0.89,-2.07,6135,-1.97,-0.65,-7.65,-2.34,-101,-1885,414,218,-385,-2547,-1646
09:30,15:00,1,1,True,P40,2,0,1284,34.0,-2.17,-2783,0.96,-0.70,3998,-1.04,-0.25,-3.46,-0.76,-713,-1410,1277,131,225,-1757,-535
09:30,15:00,1,1,True,P40,3,0,1284,28.3,-0.04,-57,1.00,-0.01,5225,3.39,0.66,-3.98,-0.73,15,-1558,1816,2052,1474,-663,-3193
09:30,15:00,1,1,True,P40,0,50,1284,43.2,-4.43,-5687,0.90,-1.79,5687,-1.90,-0.56,-7.33,-2.02,-563,-1635,929,-38,-171,-2561,-1650
09:30,15:00,1,1,True,P40,0,100,1284,30.9,-0.08,-101,1.00,-0.02,4103,0.31,0.06,-0.52,-0.10,-313,-1377,795,1104,950,-513,-747
09:30,15:00,1,1,True,P40,0,0,1284,24.4,1.09,1395,1.02,0.23,7599,8.30,1.26,-7.19,-1.05,209,-522,3158,2847,2213,-3128,-3383
09:30,15:00,1,1,True,LOW,1,0,793,52.2,4.36,3456,1.09,1.02,2569,4.07,0.94,4.72,0.60,797,935,-729,778,1260,-498,912
09:30,15:00,1,1,True,LOW,2,0,793,37.8,4.14,3286,1.07,0.74,3705,11.11,1.84,-4.45,-0.45,1217,2168,-5,1485,841,-2324,-96
09:30,15:00,1,1,True,LOW,3,0,793,31.8,4.19,3322,1.06,0.67,3808,10.73,1.54,-3.89,-0.36,1667,1918,35,1082,891,-2539,268
09:30,15:00,1,1,True,LOW,0,50,793,47.5,-1.01,-801,0.98,-0.28,4125,3.20,0.76,-6.20,-0.98,1133,159,81,28,364,-2939,375
09:30,15:00,1,1,True,LOW,0,100,793,35.4,3.84,3042,1.07,0.77,2751,6.63,1.13,0.39,0.05,1194,985,147,579,770,-256,-377
09:30,15:00,1,1,True,LOW,0,0,793,28.5,3.90,3092,1.06,0.55,4303,10.26,1.26,-3.95,-0.33,1450,2596,-492,940,1882,-2515,-770
09:30,15:00,1,1,True,P40,1,0,793,48.8,-4.90,-3888,0.89,-1.64,5809,-0.16,-0.04,-10.75,-2.28,616,-32,-498,-156,169,-3162,-825
09:30,15:00,1,1,True,P40,2,0,793,35.2,-2.41,-1913,0.95,-0.60,5046,1.08,0.21,-6.72,-1.08,1201,-193,-718,183,9,-3061,667
09:30,15:00,1,1,True,P40,3,0,793,30.3,-0.14,-110,1.00,-0.03,3948,4.26,0.69,-5.57,-0.76,1241,302,250,74,599,-1723,-852
09:30,15:00,1,1,True,P40,0,50,793,43.9,-4.71,-3738,0.90,-1.44,5903,0.12,0.03,-10.68,-2.08,936,-164,-411,-309,90,-3434,-446
09:30,15:00,1,1,True,P40,0,100,793,32.4,-0.35,-282,0.99,-0.08,3634,1.86,0.32,-3.08,-0.45,1056,118,-588,227,373,-2159,691
09:30,15:00,1,1,True,P40,0,0,793,26.0,-0.32,-252,0.99,-0.05,5838,6.95,0.88,-9.28,-1.00,1312,1856,-39,-86,1680,-3631,-1344
09:30,15:00,1,1,True,LOW,1,0,793,52.3,4.47,3549,1.09,1.05,2556,4.25,0.98,4.75,0.60,797,935,-649,778,1260,-485,912
09:30,15:00,1,1,True,LOW,2,0,793,37.8,4.18,3313,1.07,0.75,3692,11.14,1.85,-4.41,-0.44,1217,2168,10,1485,841,-2310,-96
09:30,15:00,1,1,True,LOW,3,0,793,31.8,4.22,3349,1.06,0.68,3795,10.76,1.55,-3.85,-0.35,1667,1918,49,1082,891,-2525,268
09:30,15:00,1,1,True,LOW,0,50,793,47.5,-0.98,-774,0.98,-0.27,4098,3.23,0.77,-6.16,-0.97,1133,159,95,28,364,-2926,375
09:30,15:00,1,1,True,LOW,0,100,793,35.4,3.87,3069,1.07,0.78,2738,6.66,1.14,0.43,0.05,1194,985,161,579,770,-242,-377
09:30,15:00,1,1,True,LOW,0,0,793,28.5,3.93,3120,1.06,0.56,4289,10.29,1.26,-3.91,-0.32,1450,2596,-478,940,1882,-2501,-770
09:30,15:00,1,1,True,P40,1,0,793,48.8,-4.90,-3888,0.89,-1.64,5809,-0.16,-0.04,-10.75,-2.28,616,-32,-498,-156,169,-3162,-825
09:30,15:00,1,1,True,P40,2,0,793,35.2,-2.41,-1913,0.95,-0.60,5046,1.08,0.21,-6.72,-1.08,1201,-193,-718,183,9,-3061,667
09:30,15:00,1,1,True,P40,3,0,793,30.3,-0.14,-110,1.00,-0.03,3948,4.26,0.69,-5.57,-0.76,1241,302,250,74,599,-1723,-852
09:30,15:00,1,1,True,P40,0,50,793,43.9,-4.71,-3738,0.90,-1.44,5903,0.12,0.03,-10.68,-2.08,936,-164,-411,-309,90,-3434,-446
09:30,15:00,1,1,True,P40,0,100,793,32.4,-0.35,-282,0.99,-0.08,3634,1.86,0.32,-3.08,-0.45,1056,118,-588,227,373,-2159,691
09:30,15:00,1,1,True,P40,0,0,793,26.0,-0.32,-252,0.99,-0.05,5838,6.95,0.88,-9.28,-1.00,1312,1856,-39,-86,1680,-3631,-1344
09:30,15:00,1,1,True,LOW,1,0,1284,49.7,-1.60,-2055,0.97,-0.47,3932,0.10,0.03,-3.55,-0.60,-53,-240,221,139,-116,957,-2964
09:30,15:00,1,1,True,LOW,2,0,1284,34.9,-0.19,-244,1.00,-0.04,5215,2.76,0.54,-3.57,-0.45,-156,877,-748,1916,-40,1986,-4080
09:30,15:00,1,1,True,LOW,3,0,1284,30.1,1.03,1324,1.01,0.20,5344,5.07,0.87,-3.61,-0.41,148,1230,-482,2585,-12,1476,-3620
09:30,15:00,1,1,True,LOW,0,50,1284,46.9,-3.88,-4977,0.92,-1.34,6947,1.58,0.45,-10.13,-2.15,-334,-580,2057,-62,-938,-1943,-3177
09:30,15:00,1,1,True,LOW,0,100,1284,34.3,-0.06,-74,1.00,-0.01,4079,2.38,0.48,-2.85,-0.45,-45,-38,236,1478,-560,1218,-2363
09:30,15:00,1,1,True,LOW,0,0,1284,27.1,1.61,2068,1.02,0.28,6298,7.35,1.08,-4.97,-0.54,477,1485,-1126,4208,598,-185,-3388
09:30,15:00,1,1,True,P40,1,0,1284,48.2,-4.90,-6288,0.88,-2.20,6526,-2.16,-0.71,-8.04,-2.46,-66,-1885,254,218,-546,-2617,-1646
09:30,15:00,1,1,True,P40,2,0,1284,33.9,-2.63,-3379,0.95,-0.85,4204,-1.34,-0.32,-4.11,-0.90,-678,-1410,1036,131,-16,-1908,-535
09:30,15:00,1,1,True,P40,3,0,1284,28.2,-0.70,-894,0.99,-0.19,5308,2.97,0.58,-4.90,-0.91,50,-1558,1495,2052,1154,-893,-3193
09:30,15:00,1,1,True,P40,0,50,1284,43.1,-4.75,-6104,0.90,-1.92,6104,-2.12,-0.62,-7.78,-2.14,-528,-1635,749,-38,-351,-2651,-1650
09:30,15:00,1,1,True,P40,0,100,1284,30.8,-0.64,-817,0.99,-0.18,4384,-0.05,-0.01,-1.31,-0.26,-278,-1377,515,1104,669,-704,-747
09:30,15:00,1,1,True,P40,0,0,1284,24.3,0.43,556,1.01,0.09,7971,7.62,1.16,-7.81,-1.15,244,-522,2655,2847,2213,-3499,-3383
09:30,15:00,1,1,True,LOW,1,0,1283,49.8,-1.40,-1792,0.97,-0.41,3932,0.36,0.10,-3.42,-0.58,-53,-240,402,139,-125,1049,-2964
09:30,15:00,1,1,True,LOW,2,0,1283,35.2,0.27,346,1.00,0.06,5215,3.16,0.62,-3.05,-0.38,-156,877,-472,1916,75,2185,-4080
09:30,15:00,1,1,True,LOW,3,0,1283,30.3,1.52,1944,1.02,0.29,5344,5.61,0.96,-3.20,-0.36,148,1230,-111,2585,-3,1716,-3620
09:30,15:00,1,1,True,LOW,0,50,1283,47.1,-3.56,-4565,0.93,-1.23,6720,1.84,0.53,-9.77,-2.06,-334,-580,2242,-62,-929,-1725,-3177
09:30,15:00,1,1,True,LOW,0,100,1283,34.5,0.42,538,1.01,0.11,3794,2.79,0.56,-2.31,-0.36,-45,-38,521,1478,-551,1536,-2363
09:30,15:00,1,1,True,LOW,0,0,1283,27.3,2.30,2946,1.03,0.40,5791,8.09,1.18,-4.36,-0.47,477,1485,-619,4208,607,177,-3388
09:30,15:00,1,1,True,P40,1,0,1283,48.2,-4.78,-6136,0.89,-2.14,6374,-1.92,-0.63,-8.07,-2.46,-66,-1885,414,218,-546,-2625,-1646
09:30,15:00,1,1,True,P40,2,0,1283,33.9,-2.45,-3147,0.95,-0.79,3963,-0.99,-0.23,-4.13,-0.90,-678,-1410,1277,131,-16,-1916,-535
09:30,15:00,1,1,True,P40,3,0,1283,28.2,-0.45,-581,0.99,-0.12,5316,3.44,0.67,-4.93,-0.91,50,-1558,1816,2052,1154,-901,-3193
09:30,15:00,1,1,True,P40,0,50,1283,43.1,-4.62,-5931,0.90,-1.87,5931,-1.85,-0.55,-7.81,-2.15,-528,-1635,929,-38,-351,-2659,-1650
09:30,15:00,1,1,True,P40,0,100,1283,30.8,-0.42,-545,0.99,-0.12,4103,0.36,0.08,-1.32,-0.26,-278,-1377,795,1104,669,-712,-747
09:30,15:00,1,1,True,P40,0,0,1283,24.3,0.80,1033,1.01,0.17,7996,8.35,1.27,-7.86,-1.16,244,-522,3158,2847,2213,-3525,-3383
09:30,15:00,1,1,True,LOW,1,0,793,52.2,4.36,3456,1.09,1.02,2569,4.07,0.94,4.72,0.60,797,935,-729,778,1260,-498,912
09:30,15:00,1,1,True,LOW,2,0,793,37.8,4.14,3286,1.07,0.74,3705,11.11,1.84,-4.45,-0.45,1217,2168,-5,1485,841,-2324,-96
09:30,15:00,1,1,True,LOW,3,0,793,31.8,4.19,3322,1.06,0.67,3808,10.73,1.54,-3.89,-0.36,1667,1918,35,1082,891,-2539,268
09:30,15:00,1,1,True,LOW,0,50,793,47.5,-1.01,-801,0.98,-0.28,4125,3.20,0.76,-6.20,-0.98,1133,159,81,28,364,-2939,375
09:30,15:00,1,1,True,LOW,0,100,793,35.4,3.84,3042,1.07,0.77,2751,6.63,1.13,0.39,0.05,1194,985,147,579,770,-256,-377
09:30,15:00,1,1,True,LOW,0,0,793,28.5,3.90,3092,1.06,0.55,4303,10.26,1.26,-3.95,-0.33,1450,2596,-492,940,1882,-2515,-770
09:30,15:00,1,1,True,P40,1,0,793,48.8,-4.90,-3888,0.89,-1.64,5809,-0.16,-0.04,-10.75,-2.28,616,-32,-498,-156,169,-3162,-825
09:30,15:00,1,1,True,P40,2,0,793,35.2,-2.41,-1913,0.95,-0.60,5046,1.08,0.21,-6.72,-1.08,1201,-193,-718,183,9,-3061,667
09:30,15:00,1,1,True,P40,3,0,793,30.3,-0.14,-110,1.00,-0.03,3948,4.26,0.69,-5.57,-0.76,1241,302,250,74,599,-1723,-852
09:30,15:00,1,1,True,P40,0,50,793,43.9,-4.71,-3738,0.90,-1.44,5903,0.12,0.03,-10.68,-2.08,936,-164,-411,-309,90,-3434,-446
09:30,15:00,1,1,True,P40,0,100,793,32.4,-0.35,-282,0.99,-0.08,3634,1.86,0.32,-3.08,-0.45,1056,118,-588,227,373,-2159,691
09:30,15:00,1,1,True,P40,0,0,793,26.0,-0.32,-252,0.99,-0.05,5838,6.95,0.88,-9.28,-1.00,1312,1856,-39,-86,1680,-3631,-1344
09:30,15:00,1,1,True,LOW,1,0,793,52.3,4.47,3549,1.09,1.05,2556,4.25,0.98,4.75,0.60,797,935,-649,778,1260,-485,912
09:30,15:00,1,1,True,LOW,2,0,793,37.8,4.18,3313,1.07,0.75,3692,11.14,1.85,-4.41,-0.44,1217,2168,10,1485,841,-2310,-96
09:30,15:00,1,1,True,LOW,3,0,793,31.8,4.22,3349,1.06,0.68,3795,10.76,1.55,-3.85,-0.35,1667,1918,49,1082,891,-2525,268
09:30,15:00,1,1,True,LOW,0,50,793,47.5,-0.98,-774,0.98,-0.27,4098,3.23,0.77,-6.16,-0.97,1133,159,95,28,364,-2926,375
09:30,15:00,1,1,True,LOW,0,100,793,35.4,3.87,3069,1.07,0.78,2738,6.66,1.14,0.43,0.05,1194,985,161,579,770,-242,-377
09:30,15:00,1,1,True,LOW,0,0,793,28.5,3.93,3120,1.06,0.56,4289,10.29,1.26,-3.91,-0.32,1450,2596,-478,940,1882,-2501,-770
09:30,15:00,1,1,True,P40,1,0,793,48.8,-4.90,-3888,0.89,-1.64,5809,-0.16,-0.04,-10.75,-2.28,616,-32,-498,-156,169,-3162,-825
09:30,15:00,1,1,True,P40,2,0,793,35.2,-2.41,-1913,0.95,-0.60,5046,1.08,0.21,-6.72,-1.08,1201,-193,-718,183,9,-3061,667
09:30,15:00,1,1,True,P40,3,0,793,30.3,-0.14,-110,1.00,-0.03,3948,4.26,0.69,-5.57,-0.76,1241,302,250,74,599,-1723,-852
09:30,15:00,1,1,True,P40,0,50,793,43.9,-4.71,-3738,0.90,-1.44,5903,0.12,0.03,-10.68,-2.08,936,-164,-411,-309,90,-3434,-446
09:30,15:00,1,1,True,P40,0,100,793,32.4,-0.35,-282,0.99,-0.08,3634,1.86,0.32,-3.08,-0.45,1056,118,-588,227,373,-2159,691
09:30,15:00,1,1,True,P40,0,0,793,26.0,-0.32,-252,0.99,-0.05,5838,6.95,0.88,-9.28,-1.00,1312,1856,-39,-86,1680,-3631,-1344
09:30,15:00,1,1,True,LOW,1,0,1261,49.6,-1.78,-2248,0.97,-0.51,4200,-0.03,-0.01,-3.81,-0.63,413,-407,-54,26,470,89,-2785
09:30,15:00,1,1,True,LOW,2,0,1261,35.1,0.11,144,1.00,0.02,5028,3.80,0.74,-4.15,-0.51,394,612,-452,2016,-176,999,-3249
09:30,15:00,1,1,True,LOW,3,0,1261,30.5,1.56,1967,1.02,0.30,5066,5.80,0.99,-3.34,-0.37,709,1046,-38,2204,-571,1220,-2603
09:30,15:00,1,1,True,LOW,0,50,1261,46.9,-4.11,-5179,0.92,-1.41,6847,1.14,0.32,-10.18,-2.13,316,-966,1490,-67,-793,-2240,-2920
09:30,15:00,1,1,True,LOW,0,100,1261,34.6,-0.03,-35,1.00,-0.01,3422,3.06,0.62,-3.60,-0.56,392,-228,712,1196,-924,548,-1729
09:30,15:00,1,1,True,LOW,0,0,1261,27.5,2.22,2805,1.03,0.39,5501,8.12,1.18,-4.59,-0.48,911,848,-41,3772,-348,-445,-1892
09:30,15:00,1,1,True,P40,1,0,1261,47.9,-5.46,-6880,0.87,-2.43,7427,-2.20,-0.72,-9.22,-2.79,404,-1923,-307,339,-696,-2891,-1807
09:30,15:00,1,1,True,P40,2,0,1261,33.9,-3.03,-3816,0.94,-0.97,4531,-0.95,-0.22,-5.42,-1.18,33,-1846,835,333,-696,-1940,-535
09:30,15:00,1,1,True,P40,3,0,1261,28.4,-1.12,-1409,0.98,-0.30,4860,3.01,0.59,-5.89,-1.08,481,-2113,2095,1572,345,-916,-2873
09:30,15:00,1,1,True,P40,0,50,1261,42.9,-5.16,-6501,0.89,-2.07,6895,-2.61,-0.77,-8.09,-2.21,148,-2067,-72,225,-581,-2504,-1650
09:30,15:00,1,1,True,P40,0,100,1261,31.0,-0.55,-690,0.99,-0.16,4211,0.76,0.16,-2.05,-0.40,194,-1656,794,1179,21,-755,-466
09:30,15:00,1,1,True,P40,0,0,1261,24.5,0.57,715,1.01,0.12,6988,8.16,1.24,-8.21,-1.18,713,-1248,3577,2475,988,-3384,-2405
09:30,15:00,1,1,True,LOW,1,0,1259,49.8,-1.52,-1916,0.97,-0.44,4200,0.39,0.10,-3.74,-0.61,413,-407,234,26,461,142,-2785
09:30,15:00,1,1,True,LOW,2,0,1259,35.4,0.65,816,1.01,0.14,5028,4.45,0.86,-3.76,-0.46,394,612,-14,2016,-61,1119,-3249
09:30,15:00,1,1,True,LOW,3,0,1259,30.7,2.13,2682,1.03,0.41,5066,6.67,1.13,-3.13,-0.35,709,1046,549,2204,-562,1340,-2603
09:30,15:00,1,1,True,LOW,0,50,1259,47.2,-3.74,-4712,0.92,-1.28,6718,1.64,0.47,-9.99,-2.08,316,-966,1828,-67,-784,-2121,-2920
09:30,15:00,1,1,True,LOW,0,100,1259,34.8,0.50,633,1.01,0.12,3418,3.86,0.77,-3.39,-0.52,392,-228,1250,1196,-915,667,-1729
09:30,15:00,1,1,True,LOW,0,0,1259,27.7,3.00,3780,1.04,0.52,5501,9.37,1.36,-4.38,-0.46,911,848,806,3772,-339,-326,-1892
09:30,15:00,1,1,True,P40,1,0,1259,48.0,-5.28,-6646,0.88,-2.35,7192,-1.72,-0.56,-9.40,-2.84,404,-1923,15,339,-696,-2978,-1807
09:30,15:00,1,1,True,P40,2,0,1259,33.9,-2.78,-3502,0.95,-0.89,4563,-0.24,-0.06,-5.72,-1.25,33,-1846,1316,333,-696,-2107,-535
09:30,15:00,1,1,True,P40,3,0,1259,28.4,-0.81,-1015,0.99,-0.22,5106,3.96,0.77,-6.33,-1.16,481,-2113,2736,1572,345,-1162,-2873
09:30,15:00,1,1,True,P40,0,50,1259,43.0,-4.96,-6247,0.89,-1.99,6640,-2.08,-0.61,-8.30,-2.26,148,-2067,289,225,-581,-2610,-1650
09:30,15:00,1,1,True,P40,0,100,1259,31.1,-0.27,-336,1.00,-0.08,3650,1.59,0.34,-2.41,-0.47,194,-1656,1355,1179,21,-962,-466
09:30,15:00,1,1,True,P40,0,0,1259,24.5,1.05,1317,1.02,0.22,7256,9.45,1.43,-8.69,-1.25,713,-1248,4446,2475,988,-3652,-2405
09:30,15:00,1,1,True,LOW,1,0,788,51.8,3.09,2438,1.06,0.72,2742,4.12,0.95,1.82,0.23,886,935,-800,779,1019,-1076,696
09:30,15:00,1,1,True,LOW,2,0,788,37.4,2.72,2141,1.04,0.49,4248,11.00,1.82,-7.59,-0.76,1335,2168,-181,1485,353,-2970,-49
09:30,15:00,1,1,True,LOW,3,0,788,31.5,3.03,2390,1.05,0.49,3936,10.73,1.54,-6.55,-0.60,1815,1918,-127,1082,158,-2770,315
09:30,15:00,1,1,True,LOW,0,50,788,47.2,-1.63,-1286,0.97,-0.44,4584,3.42,0.81,-7.92,-1.24,1292,159,16,28,69,-3038,190
09:30,15:00,1,1,True,LOW,0,100,788,35.2,3.06,2410,1.05,0.62,2855,6.69,1.14,-1.46,-0.17,1379,985,-19,579,175,-359,-330
09:30,15:00,1,1,True,LOW,0,0,788,28.2,2.50,1973,1.04,0.36,4487,10.34,1.27,-7.25,-0.60,1635,2596,-654,941,924,-2746,-723
09:30,15:00,1,1,True,P40,1,0,788,48.7,-5.02,-3960,0.88,-1.68,5884,0.03,0.01,-11.31,-2.38,777,-32,-577,-156,-67,-2920,-985
09:30,15:00,1,1,True,P40,2,0,788,34.9,-3.17,-2499,0.94,-0.79,5598,0.64,0.12,-7.92,-1.27,1407,-193,-1117,183,-467,-2739,427
09:30,15:00,1,1,True,P40,3,0,788,30.2,-0.58,-455,0.99,-0.12,3964,4.20,0.68,-6.52,-0.89,1448,302,11,74,-117,-1321,-852
09:30,15:00,1,1,True,P40,0,50,788,43.7,-5.14,-4050,0.89,-1.56,6215,-0.10,-0.02,-11.41,-2.21,1117,-164,-690,-309,-206,-3172,-627
09:30,15:00,1,1,True,P40,0,100,788,32.4,-0.64,-507,0.99,-0.15,4065,1.88,0.33,-3.78,-0.55,1263,118,-786,227,-223,-1797,691
09:30,15:00,1,1,True,P40,0,0,788,25.8,-1.42,-1116,0.98,-0.24,5756,6.99,0.89,-11.88,-1.29,1519,1856,-234,-86,722,-3549,-1344
09:30,15:00,1,1,True,LOW,1,0,788,51.9,3.21,2531,1.07,0.75,2729,4.30,0.99,1.86,0.23,886,935,-720,779,1019,-1062,696
09:30,15:00,1,1,True,LOW,2,0,788,37.4,2.75,2169,1.04,0.49,4234,11.03,1.83,-7.56,-0.75,1335,2168,-167,1485,353,-2956,-49
09:30,15:00,1,1,True,LOW,3,0,788,31.5,3.07,2417,1.05,0.49,3923,10.76,1.54,-6.51,-0.59,1815,1918,-113,1082,158,-2757,315
09:30,15:00,1,1,True,LOW,0,50,788,47.2,-1.60,-1259,0.97,-0.43,4557,3.45,0.82,-7.88,-1.23,1292,159,30,28,69,-3024,190
09:30,15:00,1,1,True,LOW,0,100,788,35.2,3.09,2437,1.05,0.62,2841,6.72,1.15,-1.43,-0.17,1379,985,-5,579,175,-346,-330
09:30,15:00,1,1,True,LOW,0,0,788,28.2,2.54,2001,1.04,0.36,4474,10.37,1.27,-7.21,-0.60,1635,2596,-640,941,924,-2733,-723
09:30,15:00,1,1,True,P40,1,0,788,48.7,-5.02,-3960,0.88,-1.68,5884,0.03,0.01,-11.31,-2.38,777,-32,-577,-156,-67,-2920,-985
09:30,15:00,1,1,True,P40,2,0,788,34.9,-3.17,-2499,0.94,-0.79,5598,0.64,0.12,-7.92,-1.27,1407,-193,-1117,183,-467,-2739,427
09:30,15:00,1,1,True,P40,3,0,788,30.2,-0.58,-455,0.99,-0.12,3964,4.20,0.68,-6.52,-0.89,1448,302,11,74,-117,-1321,-852
09:30,15:00,1,1,True,P40,0,50,788,43.7,-5.14,-4050,0.89,-1.56,6215,-0.10,-0.02,-11.41,-2.21,1117,-164,-690,-309,-206,-3172,-627
09:30,15:00,1,1,True,P40,0,100,788,32.4,-0.64,-507,0.99,-0.15,4065,1.88,0.33,-3.78,-0.55,1263,118,-786,227,-223,-1797,691
09:30,15:00,1,1,True,P40,0,0,788,25.8,-1.42,-1116,0.98,-0.24,5756,6.99,0.89,-11.88,-1.29,1519,1856,-234,-86,722,-3549,-1344
09:30,15:00,1,1,True,LOW,1,0,1166,51.5,1.87,2178,1.04,0.53,3613,3.45,0.92,0.03,0.00,343,-3,1434,389,1348,1603,-2936
09:30,15:00,1,1,True,LOW,2,0,1166,36.4,3.24,3777,1.05,0.69,3313,5.37,1.05,0.76,0.09,424,443,569,1931,237,2467,-2294
09:30,15:00,1,1,True,LOW,3,0,1166,30.9,3.93,4581,1.06,0.73,3110,7.18,1.22,0.15,0.02,729,982,1084,1709,-1191,2746,-1477
09:30,15:00,1,1,True,LOW,0,50,1166,47.9,0.07,80,1.00,0.02,4056,4.64,1.30,-5.25,-1.08,455,-529,2132,850,412,-280,-2959
09:30,15:00,1,1,True,LOW,0,100,1166,34.6,1.27,1483,1.02,0.31,3271,4.87,0.98,-2.92,-0.44,462,98,1414,1082,-669,1507,-2410
09:30,15:00,1,1,True,LOW,0,0,1166,28.0,4.91,5723,1.07,0.83,4430,4.99,0.78,4.81,0.46,849,1098,-368,1548,-127,2671,52
09:30,15:00,1,1,True,P40,1,0,1166,49.3,-3.16,-3688,0.92,-1.35,5036,0.47,0.15,-7.39,-2.15,76,-1445,278,1388,570,-2539,-2016
09:30,15:00,1,1,True,P40,2,0,1166,34.1,-3.23,-3763,0.94,-1.00,6021,1.82,0.41,-9.10,-1.95,188,-1340,785,1512,-503,-2114,-2291
09:30,15:00,1,1,True,P40,3,0,1166,28.7,-1.81,-2107,0.97,-0.47,6213,5.04,0.96,-9.77,-1.77,506,-755,1713,1698,-144,-1071,-4053
09:30,15:00,1,1,True,P40,0,50,1166,44.2,-2.96,-3449,0.93,-1.14,5162,0.95,0.27,-7.51,-1.97,282,-1481,544,1254,424,-2111,-2361
09:30,15:00,1,1,True,P40,0,100,1166,31.2,-1.54,-1801,0.97,-0.43,5035,2.79,0.57,-6.59,-1.27,259,-874,504,1864,-228,-1185,-2141
09:30,15:00,1,1,True,P40,0,0,1166,24.7,-3.91,-4557,0.94,-0.85,8065,2.81,0.47,-11.73,-1.65,646,72,318,731,712,-2966,-4068
09:30,15:00,1,1,True,LOW,1,0,1163,51.5,2.00,2331,1.04,0.57,3649,3.74,1.00,-0.03,0.00,343,-3,1616,389,1348,1609,-2972
09:30,15:00,1,1,True,LOW,2,0,1163,36.5,3.56,4140,1.06,0.75,3274,5.81,1.13,0.93,0.11,424,443,846,1931,237,2514,-2255
09:30,15:00,1,1,True,LOW,3,0,1163,31.0,4.26,4950,1.06,0.79,3071,7.78,1.32,0.14,0.01,729,982,1457,1709,-1191,2703,-1438
09:30,15:00,1,1,True,LOW,0,50,1163,48.2,0.35,404,1.01,0.12,3836,4.93,1.38,-5.02,-1.03,455,-529,2318,850,412,-182,-2920
09:30,15:00,1,1,True,LOW,0,100,1163,34.7,1.52,1766,1.03,0.37,3187,5.33,1.07,-2.94,-0.45,462,98,1700,1082,-669,1464,-2371
09:30,15:00,1,1,True,LOW,0,0,1163,28.0,5.35,6227,1.08,0.90,3923,5.80,0.90,4.83,0.46,849,1098,141,1548,-127,2628,91
09:30,15:00,1,1,True,P40,1,0,1163,49.4,-2.91,-3384,0.93,-1.24,4957,0.73,0.23,-7.17,-2.08,76,-1445,439,1388,570,-2465,-1946
09:30,15:00,1,1,True,P40,2,0,1163,34.1,-3.05,-3549,0.94,-0.95,6088,2.21,0.50,-9.20,-1.96,188,-1340,1025,1512,-503,-2210,-2221
09:30,15:00,1,1,True,P40,3,0,1163,28.7,-1.56,-1813,0.97,-0.41,6239,5.55,1.05,-9.88,-1.78,506,-755,2033,1698,-144,-1167,-3983
09:30,15:00,1,1,True,P40,0,50,1163,44.3,-2.69,-3125,0.94,-1.03,5018,1.24,0.35,-7.28,-1.90,282,-1481,724,1254,424,-2037,-2291
09:30,15:00,1,1,True,P40,0,100,1163,31.2,-1.33,-1547,0.98,-0.37,5061,3.24,0.67,-6.68,-1.28,259,-874,785,1864,-228,-1281,-2071
09:30,15:00,1,1,True,P40,0,0,1163,24.7,-3.51,-4080,0.94,-0.76,8091,3.62,0.60,-11.84,-1.66,646,72,820,731,712,-3062,-3998
09:30,15:00,1,1,True,LOW,1,0,771,53.0,5.45,4200,1.12,1.28,1979,6.60,1.56,4.03,0.51,830,1036,-31,972,915,19,460
09:30,15:00,1,1,True,LOW,2,0,771,37.9,3.76,2896,1.06,0.67,3568,11.80,1.98,-6.12,-0.61,1258,1946,50,1761,110,-1614,-614
09:30,15:00,1,1,True,LOW,3,0,771,31.1,3.11,2401,1.05,0.50,3038,10.05,1.46,-5.41,-0.49,1738,1294,-428,1667,-350,-1241,-280
09:30,15:00,1,1,True,LOW,0,50,771,47.3,-0.27,-207,0.99,-0.07,2877,4.67,1.11,-6.33,-1.00,1193,326,-22,487,246,-1876,-560
09:30,15:00,1,1,True,LOW,0,100,771,34.8,2.83,2180,1.05,0.58,2308,6.02,1.04,-1.09,-0.13,1303,505,-266,1016,-209,575,-743
09:30,15:00,1,1,True,LOW,0,0,771,28.3,2.73,2104,1.04,0.39,3391,7.29,0.98,-2.88,-0.23,1559,2189,-1914,1266,739,-559,-1176
09:30,15:00,1,1,True,P40,1,0,771,49.5,-3.76,-2901,0.91,-1.24,4865,1.67,0.43,-10.44,-2.18,698,-1,-648,662,273,-2674,-1212
09:30,15:00,1,1,True,P40,2,0,771,34.8,-4.06,-3131,0.92,-1.00,5864,-0.21,-0.04,-8.78,-1.41,1331,-412,-1763,753,-346,-2252,-442
09:30,15:00,1,1,True,P40,3,0,771,30.4,-0.90,-693,0.98,-0.19,4245,4.55,0.73,-7.59,-1.04,1371,217,-715,1061,-76,-833,-1719
09:30,15:00,1,1,True,P40,0,50,771,44.4,-3.92,-3026,0.92,-1.18,5103,1.66,0.38,-10.78,-2.08,1018,-83,-641,409,271,-2745,-1255
09:30,15:00,1,1,True,P40,0,100,771,32.4,-1.39,-1075,0.97,-0.31,3977,1.49,0.26,-4.93,-0.72,1186,-182,-1352,979,-142,-1508,-57
09:30,15:00,1,1,True,P40,0,0,771,26.1,-3.76,-2901,0.94,-0.65,6905,3.34,0.46,-12.48,-1.35,1442,1775,-2347,548,691,-2804,-2206
09:30,15:00,1,1,True,LOW,1,0,770,53.1,5.51,4246,1.12,1.30,1979,6.79,1.60,3.94,0.50,830,1036,50,972,915,19,425
09:30,15:00,1,1,True,LOW,2,0,770,37.9,3.83,2951,1.06,0.69,3568,11.84,1.98,-6.03,-0.60,1258,1946,66,1761,110,-1614,-575
09:30,15:00,1,1,True,LOW,3,0,770,31.2,3.19,2455,1.05,0.51,3038,10.09,1.47,-5.31,-0.48,1738,1294,-412,1667,-350,-1241,-241
09:30,15:00,1,1,True,LOW,0,50,770,47.4,-0.20,-152,1.00,-0.05,2838,4.70,1.12,-6.24,-0.98,1193,326,-6,487,246,-1876,-521
09:30,15:00,1,1,True,LOW,0,100,770,34.8,2.90,2235,1.05,0.59,2308,6.05,1.05,-0.98,-0.12,1303,505,-251,1016,-209,575,-704
09:30,15:00,1,1,True,LOW,0,0,770,28.3,2.80,2158,1.04,0.40,3377,7.33,0.98,-2.77,-0.22,1559,2189,-1898,1266,739,-559,-1137
09:30,15:00,1,1,True,P40,1,0,770,49.6,-3.68,-2831,0.91,-1.21,4865,1.67,0.43,-10.27,-2.14,698,-1,-648,662,273,-2674,-1142
09:30,15:00,1,1,True,P40,2,0,770,34.8,-3.97,-3061,0.93,-0.98,5864,-0.21,-0.04,-8.61,-1.37,1331,-412,-1763,753,-346,-2252,-372
09:30,15:00,1,1,True,P40,3,0,770,30.4,-0.81,-623,0.99,-0.17,4175,4.55,0.73,-7.41,-1.02,1371,217,-715,1061,-76,-833,-1649
09:30,15:00,1,1,True,P40,0,50,770,44.4,-3.84,-2956,0.92,-1.15,5103,1.66,0.38,-10.61,-2.04,1018,-83,-641,409,271,-2745,-1185
09:30,15:00,1,1,True,P40,0,100,770,32.5,-1.30,-1005,0.98,-0.29,3977,1.49,0.26,-4.74,-0.69,1186,-182,-1352,979,-142,-1508,14
09:30,15:00,1,1,True,P40,0,0,770,26.1,-3.68,-2831,0.94,-0.64,6835,3.34,0.46,-12.32,-1.33,1442,1775,-2347,548,691,-2804,-2136
09:30,15:00,3,1,False,LOW,1,0,4289,49.7,-2.20,-9439,0.95,-1.45,10961,-1.72,-1.05,-2.76,-1.03,342,-257,-4526,460,-857,-539,-4063
09:30,15:00,3,1,False,LOW,2,0,3970,34.9,-1.72,-6836,0.97,-0.82,10091,-0.90,-0.39,-2.70,-0.73,200,-734,-5473,4065,-190,1224,-5928
09:30,15:00,3,1,False,LOW,3,0,3632,30.3,0.82,2963,1.01,0.32,7706,2.04,0.71,-0.65,-0.15,687,359,-3024,6018,107,2360,-3544
09:30,15:00,3,1,False,LOW,0,50,4282,42.9,-1.41,-6052,0.97,-1.00,8512,0.49,0.28,-3.58,-1.55,-75,1203,-1694,1690,-2380,-477,-4319
09:30,15:00,3,1,False,LOW,0,100,3909,31.5,-1.85,-7231,0.97,-0.91,10804,0.48,0.19,-4.44,-1.37,64,-878,-3152,4951,-883,-2212,-5122
09:30,15:00,3,1,False,LOW,0,0,3095,27.1,2.98,9224,1.05,0.85,7384,3.17,0.83,2.76,0.45,816,2154,-3109,5434,1198,4877,-2146
09:30,15:00,3,1,False,P40,1,0,4248,49.9,-2.25,-9567,0.94,-1.83,13682,0.77,0.46,-5.64,-3.10,545,2121,-4036,3106,-2097,-3066,-6141
09:30,15:00,3,1,False,P40,2,0,3949,36.5,-0.03,-114,1.00,-0.02,6474,1.96,0.82,-2.18,-0.85,329,-607,-913,5212,15,-1858,-2292
09:30,15:00,3,1,False,P40,3,0,3651,30.7,-0.72,-2643,0.99,-0.34,7890,0.95,0.33,-2.48,-0.80,-20,-662,-1966,4428,901,-1173,-4152
09:30,15:00,3,1,False,P40,0,50,4177,44.8,-2.26,-9459,0.95,-1.65,11151,-0.45,-0.24,-4.27,-2.11,-282,224,-3890,2961,-2913,-945,-4615
09:30,15:00,3,1,False,P40,0,100,3792,33.3,0.28,1072,1.01,0.14,6763,3.29,1.22,-2.92,-1.03,-14,575,744,5134,-359,-1247,-3761
09:30,15:00,3,1,False,P40,0,0,3145,26.4,-0.37,-1172,0.99,-0.13,7733,3.12,0.80,-4.06,-0.96,529,2202,-2612,4920,175,-2888,-3497
09:30,15:00,3,1,False,LOW,1,0,4259,50.0,-1.76,-7505,0.96,-1.15,9022,-1.44,-0.87,-2.14,-0.79,236,14,-3968,395,-445,308,-4044
09:30,15:00,3,1,False,LOW,2,0,3909,35.0,-1.77,-6938,0.97,-0.83,9778,-0.96,-0.41,-2.75,-0.73,272,-703,-5670,4045,-411,1669,-6141
09:30,15:00,3,1,False,LOW,3,0,3592,30.5,0.82,2959,1.01,0.32,7427,2.06,0.71,-0.68,-0.15,715,310,-2726,5760,113,2543,-3755
09:30,15:00,3,1,False,LOW,0,50,4239,43.2,-1.45,-6134,0.97,-1.01,8206,0.37,0.21,-3.51,-1.51,-235,1006,-1430,1490,-1746,-579,-4641
09:30,15:00,3,1,False,LOW,0,100,3861,31.8,-1.68,-6472,0.97,-0.82,10418,0.53,0.21,-4.14,-1.26,83,-633,-3112,4746,-1030,-1512,-5014
09:30,15:00,3,1,False,LOW,0,0,3082,27.3,3.30,10163,1.05,0.94,6630,3.65,0.96,2.88,0.46,834,2122,-2326,5457,1532,4974,-2431
09:30,15:00,3,1,False,P40,1,0,4226,49.8,-2.23,-9444,0.95,-1.81,13499,1.09,0.65,-5.96,-3.27,569,2005,-3139,2992,-1841,-3896,-6134
09:30,15:00,3,1,False,P40,2,0,3923,36.4,-0.26,-1007,0.99,-0.15,6103,2.03,0.85,-2.74,-1.07,330,-1006,-348,5167,-397,-2263,-2490
09:30,15:00,3,1,False,P40,3,0,3622,30.7,-0.64,-2301,0.99,-0.30,7566,1.28,0.44,-2.65,-0.85,-19,-975,-1130,4500,753,-623,-4807
09:30,15:00,3,1,False,P40,0,50,4150,44.6,-2.35,-9751,0.95,-1.71,11310,-0.43,-0.23,-4.47,-2.20,-392,98,-3289,2637,-2375,-1783,-4648
09:30,15:00,3,1,False,P40,0,100,3764,33.2,0.10,378,1.00,0.05,7392,3.33,1.23,-3.34,-1.18,-13,389,806,5280,-439,-1580,-4066
09:30,15:00,3,1,False,P40,0,0,3140,26.4,-0.14,-435,1.00,-0.05,7685,3.55,0.91,-4.04,-0.95,529,1963,-1751,4987,367,-2943,-3587
09:30,15:00,3,1,False,LOW,1,0,1851,51.1,-0.67,-1239,0.98,-0.28,5139,-0.41,-0.17,-1.00,-0.23,801,164,-2391,994,936,-3309,1567
09:30,15:00,3,1,False,LOW,2,0,1713,36.2,-0.22,-376,1.00,-0.07,5033,1.52,0.43,-2.47,-0.41,1168,137,-2084,2247,419,-3076,813
09:30,15:00,3,1,False,LOW,3,0,1633,30.3,0.22,363,1.00,0.06,6742,3.07,0.73,-3.40,-0.49,1879,489,-2993,3430,787,-5115,1886
09:30,15:00,3,1,False,LOW,0,50,1820,43.8,-1.67,-3047,0.96,-0.75,5863,-0.36,-0.13,-3.29,-0.88,1289,-668,-1733,754,103,-2792,-1
09:30,15:00,3,1,False,LOW,0,100,1680,31.9,-1.64,-2758,0.97,-0.53,7123,-1.08,-0.29,-2.31,-0.44,1647,-1357,-3213,1927,-296,-1436,-30
09:30,15:00,3,1,False,LOW,0,0,1571,26.6,-0.38,-590,0.99,-0.08,5626,1.72,0.33,-3.02,-0.38,1935,1086,-3020,1510,1930,-3768,-261
09:30,15:00,3,1,False,P40,1,0,1831,49.3,-3.40,-6223,0.92,-1.79,8835,-0.57,-0.23,-6.78,-2.34,670,-670,-3014,2442,-862,-2518,-2271
09:30,15:00,3,1,False,P40,2,0,1683,34.8,-3.92,-6593,0.93,-1.46,11017,-2.44,-0.68,-5.58,-1.40,1227,-1440,-5570,3611,-679,-3450,-292
09:30,15:00,3,1,False,P40,3,0,1617,29.9,-3.29,-5320,0.94,-1.04,9836,-1.32,-0.31,-5.50,-1.16,1366,-1233,-3954,2696,-563,-2635,-997
09:30,15:00,3,1,False,P40,0,50,1779,44.2,-3.55,-6313,0.92,-1.67,8992,-1.20,-0.42,-6.31,-1.96,855,-817,-3355,2162,-780,-2473,-1905
09:30,15:00,3,1,False,P40,0,100,1643,31.7,-3.83,-6289,0.93,-1.30,10568,-1.96,-0.49,-5.91,-1.35,1274,-1542,-4352,2923,-1428,-2809,-355
09:30,15:00,3,1,False,P40,0,0,1560,26.3,-4.85,-7568,0.92,-1.22,11616,-1.07,-0.20,-9.11,-1.51,1437,988,-5379,2068,475,-4681,-2475
09:30,15:00,3,1,False,LOW,1,0,1843,51.1,-0.62,-1151,0.99,-0.26,5051,-0.44,-0.18,-0.87,-0.20,801,169,-2364,937,979,-3235,1563
09:30,15:00,3,1,False,LOW,2,0,1703,36.3,-0.16,-279,1.00,-0.05,5017,1.25,0.35,-2.00,-0.33,1168,198,-2412,2247,505,-2910,925
09:30,15:00,3,1,False,LOW,3,0,1623,30.4,0.25,403,1.00,0.06,6548,2.89,0.68,-3.14,-0.45,1879,552,-3225,3430,846,-4932,1854
09:30,15:00,3,1,False,LOW,0,50,1810,44.0,-1.50,-2714,0.97,-0.67,5715,-0.65,-0.25,-2.55,-0.67,1289,-609,-2085,754,330,-2577,185
09:30,15:00,3,1,False,LOW,0,100,1670,31.9,-1.77,-2962,0.97,-0.57,7460,-1.77,-0.47,-1.78,-0.34,1647,-1294,-3896,1927,-237,-1453,344
09:30,15:00,3,1,False,LOW,0,0,1561,26.6,-0.25,-394,1.00,-0.06,5502,1.68,0.32,-2.70,-0.34,1935,1149,-3129,1510,1989,-3554,-292
09:30,15:00,3,1,False,P40,1,0,1824,49.2,-3.46,-6304,0.92,-1.81,8984,-0.94,-0.37,-6.48,-2.23,670,-670,-3414,2478,-619,-2709,-2041
09:30,15:00,3,1,False,P40,2,0,1678,34.6,-4.18,-7006,0.92,-1.56,11500,-3.08,-0.86,-5.41,-1.35,1227,-1370,-6244,3641,-484,-3555,-222
09:30,15:00,3,1,False,P40,3,0,1611,29.9,-3.28,-5286,0.94,-1.03,9801,-1.49,-0.35,-5.31,-1.11,1366,-1163,-4202,2726,-349,-2902,-763
09:30,15:00,3,1,False,P40,0,50,1772,44.1,-3.53,-6252,0.92,-1.65,8981,-1.62,-0.57,-5.78,-1.79,855,-747,-3865,2200,-517,-2523,-1655
09:30,15:00,3,1,False,P40,0,100,1638,31.5,-4.16,-6820,0.92,-1.41,11100,-2.73,-0.69,-5.77,-1.31,1274,-1471,-5123,2953,-1214,-2954,-285
09:30,15:00,3,1,False,P40,0,0,1555,26.2,-4.73,-7363,0.92,-1.19,11411,-1.15,-0.22,-8.81,-1.45,1437,1059,-5544,2099,689,-4778,-2323
09:30,15:00,3,1,False,LOW,1,0,4264,49.7,-2.12,-9053,0.95,-1.39,10537,-1.23,-0.74,-3.16,-1.17,349,-291,-3704,815,-1055,-845,-4322
09:30,15:00,3,1,False,LOW,2,0,3904,34.9,-1.81,-7077,0.97,-0.85,10262,-0.78,-0.34,-3.04,-0.81,173,-1049,-4832,4043,-186,1078,-6304
09:30,15:00,3,1,False,LOW,3,0,3583,30.5,0.70,2524,1.01,0.27,7668,2.25,0.78,-1.17,-0.26,688,440,-2971,6265,-363,2056,-3591
09:30,15:00,3,1,False,LOW,0,50,4246,43.0,-1.64,-6964,0.96,-1.15,9148,0.48,0.27,-4.04,-1.74,-237,675,-788,1423,-2135,-1301,-4602
09:30,15:00,3,1,False,LOW,0,100,3858,31.9,-1.84,-7105,0.97,-0.90,11579,0.82,0.32,-4.80,-1.46,42,-708,-2638,4961,-1603,-1841,-5318
09:30,15:00,3,1,False,LOW,0,0,3093,27.2,2.78,8610,1.04,0.80,7384,3.14,0.82,2.37,0.39,844,1881,-3109,5621,921,4649,-2197
09:30,15:00,3,1,False,P40,1,0,4221,49.7,-2.48,-10452,0.94,-2.01,13758,0.51,0.31,-5.83,-3.19,455,1291,-3699,3099,-1955,-3519,-6124
09:30,15:00,3,1,False,P40,2,0,3912,36.1,-0.89,-3468,0.98,-0.51,7477,1.22,0.51,-3.16,-1.24,325,-1406,-1282,4835,-772,-2367,-2802
09:30,15:00,3,1,False,P40,3,0,3617,30.4,-1.52,-5481,0.97,-0.71,8692,0.13,0.04,-3.23,-1.05,41,-1449,-2792,4433,-248,-664,-4803
09:30,15:00,3,1,False,P40,0,50,4151,44.4,-2.60,-10772,0.94,-1.88,12032,-0.83,-0.44,-4.54,-2.24,-407,-90,-3851,2529,-2622,-1441,-4891
09:30,15:00,3,1,False,P40,0,100,3760,33.1,-0.32,-1220,0.99,-0.17,7306,2.41,0.89,-3.23,-1.14,22,4,-320,4965,-873,-808,-4210
09:30,15:00,3,1,False,P40,0,0,3144,26.4,-0.63,-1966,0.99,-0.22,8364,3.02,0.77,-4.47,-1.06,589,1897,-2612,5002,-217,-3132,-3493
09:30,15:00,3,1,False,LOW,1,0,4234,49.9,-1.90,-8042,0.96,-1.23,9636,-1.14,-0.69,-2.79,-1.02,257,-78,-3572,776,-528,-579,-4318
09:30,15:00,3,1,False,LOW,2,0,3859,34.9,-2.20,-8474,0.96,-1.02,10790,-1.03,-0.44,-3.61,-0.94,252,-969,-5240,3794,-361,540,-6490
09:30,15:00,3,1,False,LOW,3,0,3550,30.6,0.66,2342,1.01,0.25,7480,2.46,0.84,-1.53,-0.33,681,390,-2540,6257,-461,1668,-3654
09:30,15:00,3,1,False,LOW,0,50,4208,43.4,-1.45,-6122,0.97,-1.01,8463,0.56,0.32,-3.74,-1.60,-281,825,-790,1494,-1714,-847,-4810
09:30,15:00,3,1,False,LOW,0,100,3826,32.0,-1.89,-7239,0.97,-0.91,11697,0.78,0.30,-4.88,-1.47,36,-654,-2653,4845,-1573,-1982,-5260
09:30,15:00,3,1,False,LOW,0,0,3078,27.3,2.91,8957,1.05,0.83,6630,3.63,0.95,2.06,0.33,837,1888,-2326,5644,1041,4277,-2404
09:30,15:00,3,1,False,P40,1,0,4201,49.7,-2.49,-10447,0.94,-2.01,13770,0.74,0.44,-6.12,-3.34,479,1218,-3135,3090,-1618,-4511,-5969
09:30,15:00,3,1,False,P40,2,0,3886,36.0,-1.09,-4228,0.98,-0.62,7870,1.41,0.58,-3.80,-1.48,325,-1704,-777,4999,-1066,-3142,-2864
09:30,15:00,3,1,False,P40,3,0,3595,30.5,-1.24,-4470,0.98,-0.58,8201,0.53,0.18,-3.12,-1.00,41,-1532,-2088,4563,127,-537,-5043
09:30,15:00,3,1,False,P40,0,50,4122,44.3,-2.64,-10863,0.94,-1.91,12183,-0.72,-0.38,-4.76,-2.34,-420,-138,-3361,2361,-2418,-2313,-4575
09:30,15:00,3,1,False,P40,0,100,3736,33.1,-0.38,-1437,0.99,-0.20,8188,2.80,1.04,-3.79,-1.33,22,-175,349,5218,-845,-1739,-4267
09:30,15:00,3,1,False,P40,0,0,3138,26.3,-0.53,-1674,0.99,-0.19,8801,3.47,0.89,-4.78,-1.13,589,1698,-1751,5069,-206,-3491,-3583
09:30,15:00,3,1,False,LOW,1,0,1851,51.1,-0.67,-1239,0.98,-0.28,5139,-0.41,-0.17,-1.00,-0.23,801,164,-2391,994,936,-3309,1567
09:30,15:00,3,1,False,LOW,2,0,1713,36.2,-0.22,-376,1.00,-0.07,5033,1.52,0.43,-2.47,-0.41,1168,137,-2084,2247,419,-3076,813
09:30,15:00,3,1,False,LOW,3,0,1633,30.3,0.22,363,1.00,0.06,6742,3.07,0.73,-3.40,-0.49,1879,489,-2993,3430,787,-5115,1886
09:30,15:00,3,1,False,LOW,0,50,1820,43.8,-1.67,-3047,0.96,-0.75,5863,-0.36,-0.13,-3.29,-0.88,1289,-668,-1733,754,103,-2792,-1
09:30,15:00,3,1,False,LOW,0,100,1680,31.9,-1.64,-2758,0.97,-0.53,7123,-1.08,-0.29,-2.31,-0.44,1647,-1357,-3213,1927,-296,-1436,-30
09:30,15:00,3,1,False,LOW,0,0,1571,26.6,-0.38,-590,0.99,-0.08,5626,1.72,0.33,-3.02,-0.38,1935,1086,-3020,1510,1930,-3768,-261
09:30,15:00,3,1,False,P40,1,0,1831,49.3,-3.40,-6223,0.92,-1.79,8835,-0.57,-0.23,-6.78,-2.34,670,-670,-3014,2442,-862,-2518,-2271
09:30,15:00,3,1,False,P40,2,0,1683,34.8,-3.92,-6593,0.93,-1.46,11017,-2.44,-0.68,-5.58,-1.40,1227,-1440,-5570,3611,-679,-3450,-292
09:30,15:00,3,1,False,P40,3,0,1617,29.9,-3.29,-5320,0.94,-1.04,9836,-1.32,-0.31,-5.50,-1.16,1366,-1233,-3954,2696,-563,-2635,-997
09:30,15:00,3,1,False,P40,0,50,1779,44.2,-3.55,-6313,0.92,-1.67,8992,-1.20,-0.42,-6.31,-1.96,855,-817,-3355,2162,-780,-2473,-1905
09:30,15:00,3,1,False,P40,0,100,1643,31.7,-3.83,-6289,0.93,-1.30,10568,-1.96,-0.49,-5.91,-1.35,1274,-1542,-4352,2923,-1428,-2809,-355
09:30,15:00,3,1,False,P40,0,0,1560,26.3,-4.85,-7568,0.92,-1.22,11616,-1.07,-0.20,-9.11,-1.51,1437,988,-5379,2068,475,-4681,-2475
09:30,15:00,3,1,False,LOW,1,0,1843,51.1,-0.62,-1151,0.99,-0.26,5051,-0.44,-0.18,-0.87,-0.20,801,169,-2364,937,979,-3235,1563
09:30,15:00,3,1,False,LOW,2,0,1703,36.3,-0.16,-279,1.00,-0.05,5017,1.25,0.35,-2.00,-0.33,1168,198,-2412,2247,505,-2910,925
09:30,15:00,3,1,False,LOW,3,0,1623,30.4,0.25,403,1.00,0.06,6548,2.89,0.68,-3.14,-0.45,1879,552,-3225,3430,846,-4932,1854
09:30,15:00,3,1,False,LOW,0,50,1810,44.0,-1.50,-2714,0.97,-0.67,5715,-0.65,-0.25,-2.55,-0.67,1289,-609,-2085,754,330,-2577,185
09:30,15:00,3,1,False,LOW,0,100,1670,31.9,-1.77,-2962,0.97,-0.57,7460,-1.77,-0.47,-1.78,-0.34,1647,-1294,-3896,1927,-237,-1453,344
09:30,15:00,3,1,False,LOW,0,0,1561,26.6,-0.25,-394,1.00,-0.06,5502,1.68,0.32,-2.70,-0.34,1935,1149,-3129,1510,1989,-3554,-292
09:30,15:00,3,1,False,P40,1,0,1824,49.2,-3.46,-6304,0.92,-1.81,8984,-0.94,-0.37,-6.48,-2.23,670,-670,-3414,2478,-619,-2709,-2041
09:30,15:00,3,1,False,P40,2,0,1678,34.6,-4.18,-7006,0.92,-1.56,11500,-3.08,-0.86,-5.41,-1.35,1227,-1370,-6244,3641,-484,-3555,-222
09:30,15:00,3,1,False,P40,3,0,1611,29.9,-3.28,-5286,0.94,-1.03,9801,-1.49,-0.35,-5.31,-1.11,1366,-1163,-4202,2726,-349,-2902,-763
09:30,15:00,3,1,False,P40,0,50,1772,44.1,-3.53,-6252,0.92,-1.65,8981,-1.62,-0.57,-5.78,-1.79,855,-747,-3865,2200,-517,-2523,-1655
09:30,15:00,3,1,False,P40,0,100,1638,31.5,-4.16,-6820,0.92,-1.41,11100,-2.73,-0.69,-5.77,-1.31,1274,-1471,-5123,2953,-1214,-2954,-285
09:30,15:00,3,1,False,P40,0,0,1555,26.2,-4.73,-7363,0.92,-1.19,11411,-1.15,-0.22,-8.81,-1.45,1437,1059,-5544,2099,689,-4778,-2323
09:30,15:00,3,1,False,LOW,1,0,3949,49.9,-2.16,-8525,0.95,-1.33,10190,-2.38,-1.37,-1.89,-0.66,484,-756,-5628,800,250,-781,-2895
09:30,15:00,3,1,False,LOW,2,0,3585,35.2,-2.42,-8671,0.96,-1.06,11565,-1.80,-0.73,-3.16,-0.78,893,-3146,-4375,3081,-331,648,-5441
09:30,15:00,3,1,False,LOW,3,0,3319,30.3,-0.49,-1620,0.99,-0.18,8771,2.39,0.78,-3.95,-0.82,1152,-1784,-760,5729,-1851,-417,-3689
09:30,15:00,3,1,False,LOW,0,50,3909,44.1,-1.38,-5413,0.97,-0.92,7203,-0.09,-0.05,-2.85,-1.16,764,-1596,-1812,2453,-1371,-2037,-1814
09:30,15:00,3,1,False,LOW,0,100,3561,32.2,-2.49,-8861,0.96,-1.15,11234,-0.34,-0.13,-4.92,-1.41,562,-2772,-1827,3387,-1674,-2583,-3955
09:30,15:00,3,1,False,LOW,0,0,2985,27.4,1.64,4889,1.03,0.46,7105,3.24,0.83,-0.25,-0.04,1457,-531,-788,5096,-52,2525,-2818
09:30,15:00,3,1,False,P40,1,0,3909,49.2,-3.23,-12615,0.92,-2.52,15718,-1.01,-0.58,-5.69,-3.01,1049,-736,-3976,1582,-2087,-3655,-4793
09:30,15:00,3,1,False,P40,2,0,3619,35.7,-1.60,-5783,0.97,-0.88,8682,0.60,0.24,-3.99,-1.50,1141,-3291,-970,4244,-1942,-3188,-1777
09:30,15:00,3,1,False,P40,3,0,3396,30.1,-2.41,-8181,0.96,-1.10,9649,-0.11,-0.04,-4.86,-1.52,700,-3454,-905,3473,-1486,-2449,-4060
09:30,15:00,3,1,False,P40,0,50,3831,44.4,-2.76,-10588,0.94,-1.93,12540,-1.45,-0.74,-4.21,-2.00,989,-2262,-3846,2200,-2082,-2625,-2961
09:30,15:00,3,1,False,P40,0,100,3503,32.6,-1.50,-5244,0.97,-0.74,9063,1.73,0.62,-4.97,-1.69,667,-2210,382,4299,-1735,-3042,-3606
09:30,15:00,3,1,False,P40,0,0,3041,26.6,-1.23,-3755,0.98,-0.42,10764,3.70,0.92,-6.47,-1.54,1243,-431,81,4903,-777,-5035,-3739
09:30,15:00,3,1,False,LOW,1,0,3912,50.1,-2.07,-8085,0.95,-1.26,9854,-2.11,-1.20,-2.02,-0.69,491,-662,-4923,608,131,-1015,-2716
09:30,15:00,3,1,False,LOW,2,0,3551,35.2,-2.64,-9391,0.95,-1.15,11884,-1.77,-0.71,-3.72,-0.90,847,-3163,-4085,2950,-658,330,-5613
09:30,15:00,3,1,False,LOW,3,0,3295,30.3,-0.62,-2028,0.99,-0.22,8687,2.21,0.72,-4.03,-0.83,1152,-1854,-878,5565,-2093,-349,-3572
09:30,15:00,3,1,False,LOW,0,50,3877,44.4,-1.21,-4700,0.97,-0.79,6482,-0.03,-0.01,-2.56,-1.03,761,-1525,-1457,2170,-1154,-1967,-1528
09:30,15:00,3,1,False,LOW,0,100,3534,32.2,-2.66,-9393,0.95,-1.22,11760,-0.36,-0.13,-5.28,-1.50,562,-2800,-1736,3301,-1868,-3291,-3561
09:30,15:00,3,1,False,LOW,0,0,2964,27.5,1.85,5473,1.03,0.51,6810,3.73,0.95,-0.38,-0.06,1457,-559,-29,5121,-198,2553,-2871
09:30,15:00,3,1,False,P40,1,0,3881,49.2,-3.13,-12160,0.92,-2.43,15169,-0.71,-0.41,-5.84,-3.07,969,-957,-3024,1560,-1790,-4443,-4477
09:30,15:00,3,1,False,P40,2,0,3600,35.6,-1.62,-5833,0.97,-0.89,8555,0.75,0.30,-4.22,-1.58,1141,-3298,-798,4368,-1813,-4118,-1316
09:30,15:00,3,1,False,P40,3,0,3382,30.0,-2.43,-8213,0.96,-1.11,9681,0.15,0.05,-5.18,-1.62,700,-3461,-514,3540,-1425,-3333,-3721
09:30,15:00,3,1,False,P40,0,50,3805,44.4,-2.67,-10160,0.94,-1.86,12070,-1.22,-0.62,-4.27,-2.02,864,-2357,-3065,2126,-1729,-3355,-2645
09:30,15:00,3,1,False,P40,0,100,3486,32.4,-1.66,-5772,0.97,-0.82,9984,1.95,0.70,-5.56,-1.89,667,-2217,658,4423,-1721,-4152,-3430
09:30,15:00,3,1,False,P40,0,0,3030,26.4,-1.27,-3850,0.98,-0.44,11625,4.20,1.04,-7.09,-1.68,1243,-437,786,4970,-954,-5770,-3688
09:30,15:00,3,1,False,LOW,1,0,1840,50.7,-1.40,-2572,0.97,-0.59,6289,-0.61,-0.25,-2.42,-0.55,840,116,-2638,1047,704,-3997,1356
09:30,15:00,3,1,False,LOW,2,0,1700,35.9,-1.07,-1824,0.98,-0.33,6419,1.18,0.33,-3.98,-0.66,1247,137,-2498,2247,-95,-3722,860
09:30,15:00,3,1,False,LOW,3,0,1620,30.1,-0.42,-682,0.99,-0.11,7694,2.99,0.70,-4.74,-0.69,1958,489,-3163,3421,27,-5346,1933
09:30,15:00,3,1,False,LOW,0,50,1808,43.8,-1.90,-3433,0.96,-0.85,6147,0.06,0.02,-4.30,-1.15,1368,-666,-1491,851,-433,-2883,-181
09:30,15:00,3,1,False,LOW,0,100,1667,31.7,-2.09,-3476,0.96,-0.66,7967,-1.14,-0.30,-3.22,-0.62,1726,-1357,-3387,1982,-918,-1539,17
09:30,15:00,3,1,False,LOW,0,0,1558,26.4,-1.15,-1795,0.98,-0.25,6920,1.70,0.32,-4.73,-0.60,2014,1086,-3190,1564,945,-4000,-214
09:30,15:00,3,1,False,P40,1,0,1823,49.5,-3.14,-5728,0.92,-1.65,8448,-0.08,-0.03,-6.80,-2.34,752,-510,-2850,2524,-776,-2436,-2432
09:30,15:00,3,1,False,P40,2,0,1673,34.7,-4.21,-7050,0.92,-1.57,11316,-2.74,-0.76,-5.87,-1.47,1309,-1440,-5963,3663,-959,-3128,-532
09:30,15:00,3,1,False,P40,3,0,1609,30.0,-3.30,-5314,0.94,-1.04,9911,-1.25,-0.29,-5.60,-1.18,1448,-1233,-4029,2748,-1019,-2232,-997
09:30,15:00,3,1,False,P40,0,50,1772,44.2,-3.43,-6070,0.92,-1.60,8831,-0.95,-0.33,-6.35,-1.97,937,-817,-3371,2342,-864,-2211,-2086
09:30,15:00,3,1,False,P40,0,100,1635,31.7,-3.77,-6162,0.93,-1.27,10524,-1.85,-0.46,-5.91,-1.34,1356,-1542,-4386,2975,-1764,-2447,-355
09:30,15:00,3,1,False,P40,0,0,1552,26.3,-5.21,-8081,0.91,-1.31,12211,-0.95,-0.18,-10.01,-1.66,1519,988,-5410,2120,-224,-4599,-2475
09:30,15:00,3,1,False,LOW,1,0,1832,50.8,-1.30,-2378,0.97,-0.54,6108,-0.53,-0.22,-2.30,-0.52,840,171,-2555,991,747,-3923,1351
09:30,15:00,3,1,False,LOW,2,0,1690,36.1,-0.98,-1650,0.98,-0.29,6357,0.99,0.28,-3.52,-0.58,1247,198,-2749,2247,-9,-3556,972
09:30,15:00,3,1,False,LOW,3,0,1610,30.2,-0.40,-642,0.99,-0.10,7622,2.81,0.66,-4.49,-0.64,1958,552,-3395,3421,86,-5164,1901
09:30,15:00,3,1,False,LOW,0,50,1798,44.0,-1.65,-2966,0.96,-0.73,5866,-0.10,-0.04,-3.56,-0.94,1368,-607,-1709,851,-206,-2668,5
09:30,15:00,3,1,False,LOW,0,100,1657,31.7,-2.22,-3681,0.96,-0.71,8304,-1.83,-0.49,-2.70,-0.51,1726,-1294,-4070,1982,-859,-1556,391
09:30,15:00,3,1,False,LOW,0,0,1548,26.4,-1.03,-1599,0.98,-0.22,6756,1.65,0.31,-4.42,-0.55,2014,1149,-3299,1564,1004,-3785,-245
09:30,15:00,3,1,False,P40,1,0,1817,49.4,-3.15,-5730,0.92,-1.65,8519,-0.21,-0.08,-6.69,-2.30,752,-510,-3011,2560,-694,-2627,-2201
09:30,15:00,3,1,False,P40,2,0,1668,34.4,-4.62,-7704,0.91,-1.72,12040,-3.39,-0.94,-6.01,-1.50,1309,-1370,-6637,3693,-1005,-3233,-462
09:30,15:00,3,1,False,P40,3,0,1603,29.8,-3.46,-5539,0.94,-1.09,10137,-1.43,-0.33,-5.75,-1.20,1448,-1163,-4276,2778,-1065,-2499,-763
09:30,15:00,3,1,False,P40,0,50,1765,44.2,-3.40,-6008,0.92,-1.59,8769,-1.18,-0.42,-6.04,-1.86,937,-747,-3701,2381,-782,-2261,-1835
09:30,15:00,3,1,False,P40,0,100,1630,31.5,-4.27,-6954,0.92,-1.44,11315,-2.63,-0.66,-6.10,-1.38,1356,-1471,-5158,3005,-1810,-2592,-285
09:30,15:00,3,1,False,P40,0,0,1547,26.1,-5.26,-8136,0.91,-1.32,12266,-1.03,-0.20,-10.07,-1.66,1519,1059,-5575,2151,-270,-4696,-2323
09:30,15:00,3,1,False,LOW,1,0,3332,49.4,-2.42,-8062,0.94,-1.36,9895,-1.27,-0.66,-3.78,-1.19,-125,-543,-3123,1495,-900,27,-4894
09:30,15:00,3,1,False,LOW,2,0,3077,35.2,-2.24,-6897,0.96,-0.91,8985,-0.61,-0.23,-4.21,-0.96,356,-2423,-3066,4109,-2165,1182,-4889
09:30,15:00,3,1,False,LOW,3,0,2895,30.2,-0.90,-2618,0.98,-0.31,8165,1.93,0.60,-4.26,-0.84,904,-1892,-1951,5969,-2322,-5,-3321
09:30,15:00,3,1,False,LOW,0,50,3303,43.5,-2.59,-8552,0.94,-1.57,9962,0.45,0.22,-6.06,-2.26,361,-994,-1047,2470,-2198,-2185,-4959
09:30,15:00,3,1,False,LOW,0,100,3044,31.7,-3.24,-9860,0.94,-1.40,13069,-0.57,-0.20,-6.27,-1.68,632,-2477,-2558,3485,-3273,-2242,-3426
09:30,15:00,3,1,False,LOW,0,0,2685,26.9,1.96,5271,1.03,0.52,7578,2.22,0.57,1.67,0.25,1030,-729,-1841,4753,-851,4880,-1972
09:30,15:00,3,1,False,P40,1,0,3313,48.6,-4.37,-14493,0.90,-3.14,15383,-2.61,-1.38,-6.33,-3.07,-340,-2113,-3800,1700,-1535,-2411,-5995
09:30,15:00,3,1,False,P40,2,0,3083,35.0,-3.73,-11498,0.93,-1.91,14760,-1.17,-0.43,-6.52,-2.28,1026,-3008,-4039,4147,-2096,-3121,-4407
09:30,15:00,3,1,False,P40,3,0,2927,29.7,-3.69,-10810,0.93,-1.57,12656,-1.12,-0.35,-6.41,-1.88,538,-3132,-2803,3707,-1276,-2383,-5461
09:30,15:00,3,1,False,P40,0,50,3238,43.7,-4.47,-14484,0.90,-2.87,16057,-1.85,-0.87,-7.38,-3.22,39,-2225,-3181,2211,-1858,-3103,-6368
09:30,15:00,3,1,False,P40,0,100,2995,31.7,-4.29,-12848,0.92,-1.99,15054,-0.73,-0.25,-8.12,-2.59,567,-2552,-3281,4126,-2668,-3401,-5639
09:30,15:00,3,1,False,P40,0,0,2723,26.3,-3.90,-10619,0.93,-1.30,13095,0.75,0.19,-8.86,-2.00,726,-459,-2998,3790,-1168,-6037,-4472
09:30,15:00,3,1,False,LOW,1,0,3304,49.3,-2.56,-8447,0.94,-1.42,10168,-1.27,-0.66,-4.09,-1.28,-109,-481,-3048,1358,-953,-219,-4996
09:30,15:00,3,1,False,LOW,2,0,3045,35.1,-2.39,-7274,0.96,-0.96,9259,-0.75,-0.28,-4.38,-0.99,369,-2411,-3262,4050,-2109,1036,-4948
09:30,15:00,3,1,False,LOW,3,0,2868,29.9,-1.07,-3057,0.98,-0.36,8295,1.85,0.57,-4.54,-0.88,904,-1819,-2093,5888,-2388,-117,-3432
09:30,15:00,3,1,False,LOW,0,50,3273,43.5,-2.59,-8477,0.94,-1.56,9854,0.42,0.21,-6.06,-2.23,361,-1018,-1049,2443,-2094,-2166,-4955
09:30,15:00,3,1,False,LOW,0,100,3013,31.6,-3.43,-10328,0.94,-1.47,13499,-0.70,-0.25,-6.55,-1.73,632,-2404,-2825,3469,-3245,-2614,-3341
09:30,15:00,3,1,False,LOW,0,0,2660,26.8,1.95,5182,1.03,0.52,7466,2.28,0.58,1.56,0.23,1030,-656,-1853,4765,-822,4784,-2065
09:30,15:00,3,1,False,P40,1,0,3293,48.6,-4.23,-13914,0.90,-3.02,14804,-2.45,-1.29,-6.19,-2.99,-340,-1984,-3612,1678,-1276,-2606,-5776
09:30,15:00,3,1,False,P40,2,0,3064,34.7,-4.11,-12588,0.92,-2.09,15829,-1.33,-0.50,-7.16,-2.49,1026,-2969,-4330,4139,-2404,-3696,-4354
09:30,15:00,3,1,False,P40,3,0,2907,29.5,-3.77,-10966,0.93,-1.60,12791,-1.11,-0.34,-6.62,-1.92,538,-3093,-2876,3766,-1457,-2798,-5047
09:30,15:00,3,1,False,P40,0,50,3218,43.6,-4.44,-14285,0.90,-2.84,15857,-1.85,-0.87,-7.32,-3.18,39,-2186,-3248,2251,-1909,-3181,-6052
09:30,15:00,3,1,False,P40,0,100,2975,31.4,-4.59,-13669,0.92,-2.12,15853,-0.94,-0.32,-8.56,-2.71,567,-2513,-3670,4158,-2849,-3974,-5388
09:30,15:00,3,1,False,P40,0,0,2706,26.1,-3.92,-10610,0.93,-1.31,13350,0.93,0.23,-9.14,-2.05,726,-420,-2845,3849,-1349,-6132,-4439
09:30,15:00,3,1,False,LOW,1,0,1784,51.2,-0.19,-335,1.00,-0.08,4119,-0.16,-0.07,-0.22,-0.05,658,238,-2215,1157,757,-2450,1521
09:30,15:00,3,1,False,LOW,2,0,1658,36.4,0.05,77,1.00,0.01,5116,1.15,0.33,-1.37,-0.22,1171,95,-2756,2563,21,-1972,956
09:30,15:00,3,1,False,LOW,3,0,1573,30.1,0.19,298,1.00,0.05,6395,2.19,0.51,-2.31,-0.33,1881,-121,-3767,3919,-4,-3438,1826
09:30,15:00,3,1,False,LOW,0,50,1744,43.6,-1.76,-3073,0.96,-0.78,5333,0.39,0.14,-4.39,-1.15,1270,-438,-1752,1295,-338,-2569,-540
09:30,15:00,3,1,False,LOW,0,100,1614,31.7,-1.61,-2604,0.97,-0.51,7180,-1.32,-0.35,-1.97,-0.37,1649,-1822,-3540,2560,-1042,-668,259
09:30,15:00,3,1,False,LOW,0,0,1518,26.5,-0.36,-543,0.99,-0.08,6628,-0.09,-0.02,-0.69,-0.08,1937,692,-4698,1994,1142,-1640,30
09:30,15:00,3,1,False,P40,1,0,1758,49.4,-3.23,-5679,0.92,-1.66,8086,-0.23,-0.09,-6.79,-2.30,595,-553,-3140,2878,-462,-2412,-2585
09:30,15:00,3,1,False,P40,2,0,1611,34.1,-5.62,-9055,0.89,-2.07,13026,-4.64,-1.27,-6.72,-1.66,1232,-1665,-6879,3374,-1073,-2720,-1325
09:30,15:00,3,1,False,P40,3,0,1549,29.4,-4.91,-7604,0.91,-1.53,11812,-3.36,-0.78,-6.63,-1.38,1371,-1472,-5503,2870,-1135,-2188,-1548
09:30,15:00,3,1,False,P40,0,50,1705,44.2,-3.46,-5905,0.92,-1.59,8451,-0.97,-0.33,-6.39,-1.94,838,-769,-3339,2379,-470,-2064,-2480
09:30,15:00,3,1,False,P40,0,100,1573,31.2,-5.45,-8575,0.90,-1.82,12627,-4.11,-1.02,-6.93,-1.56,1280,-1927,-5637,2893,-1998,-2400,-787
09:30,15:00,3,1,False,P40,0,0,1500,25.9,-7.58,-11374,0.87,-1.94,14977,-5.17,-1.04,-10.28,-1.68,1442,612,-7825,1684,-91,-4466,-2729
09:30,15:00,3,1,False,LOW,1,0,1773,51.2,-0.16,-283,1.00,-0.07,4117,-0.16,-0.06,-0.16,-0.04,658,292,-2209,1101,737,-2377,1517
09:30,15:00,3,1,False,LOW,2,0,1644,36.4,0.06,104,1.00,0.02,5046,0.75,0.21,-0.81,-0.13,1171,156,-3167,2531,107,-1806,1114
09:30,15:00,3,1,False,LOW,3,0,1560,30.1,0.11,167,1.00,0.03,6493,1.76,0.41,-1.97,-0.28,1881,-58,-4191,3895,56,-3256,1840
09:30,15:00,3,1,False,LOW,0,50,1732,43.8,-1.55,-2681,0.96,-0.68,5170,0.10,0.04,-3.57,-0.93,1270,-381,-2088,1295,-112,-2356,-309
09:30,15:00,3,1,False,LOW,0,100,1601,31.7,-1.83,-2936,0.97,-0.58,7691,-2.23,-0.59,-1.36,-0.26,1649,-1759,-4407,2572,-983,-686,678
09:30,15:00,3,1,False,LOW,0,0,1505,26.6,-0.16,-234,1.00,-0.03,6680,-0.06,-0.01,-0.27,-0.03,1937,755,-4750,2005,1201,-1426,44
09:30,15:00,3,1,False,P40,1,0,1751,49.5,-3.05,-5340,0.93,-1.57,7747,-0.17,-0.07,-6.48,-2.18,595,-393,-3280,2914,-380,-2442,-2355
09:30,15:00,3,1,False,P40,2,0,1604,33.9,-5.95,-9545,0.89,-2.19,13547,-5.51,-1.51,-6.45,-1.58,1232,-1595,-7711,3405,-1119,-2585,-1173
09:30,15:00,3,1,False,P40,3,0,1540,29.3,-4.92,-7583,0.91,-1.53,11791,-3.84,-0.89,-6.14,-1.26,1371,-1401,-5989,2900,-1181,-2052,-1232
09:30,15:00,3,1,False,P40,0,50,1697,44.2,-3.44,-5843,0.92,-1.58,8389,-1.50,-0.52,-5.74,-1.73,838,-699,-3931,2417,-388,-1933,-2147
09:30,15:00,3,1,False,P40,0,100,1566,30.9,-5.88,-9203,0.89,-1.96,13255,-5.17,-1.29,-6.66,-1.48,1280,-1856,-6607,2923,-2044,-2264,-635
09:30,15:00,3,1,False,P40,0,0,1492,25.8,-7.39,-11032,0.88,-1.88,14635,-5.15,-1.03,-9.92,-1.60,1442,682,-7908,1714,-137,-4331,-2495
09:30,15:00,3,1,True,LOW,1,0,3186,49.0,-3.19,-10156,0.93,-1.72,11143,-2.73,-1.35,-3.73,-1.14,52,-1118,-4084,477,-705,72,-4852
09:30,15:00,3,1,True,LOW,2,0,2962,34.4,-3.10,-9179,0.95,-1.20,11385,-1.11,-0.39,-5.45,-1.21,434,-1733,-4041,3567,-619,-107,-6680
09:30,15:00,3,1,True,LOW,3,0,2811,29.6,-1.08,-3022,0.98,-0.35,7715,1.47,0.43,-4.06,-0.78,1091,-824,-3064,5029,-926,102,-4430
09:30,15:00,3,1,True,LOW,0,50,3175,43.5,-3.31,-10504,0.93,-1.94,11484,-0.90,-0.43,-6.03,-2.18,-48,-1388,-975,897,-2684,-417,-5890
09:30,15:00,3,1,True,LOW,0,100,2919,31.3,-4.01,-11706,0.93,-1.66,13901,-2.31,-0.77,-5.90,-1.52,652,-2974,-3877,2655,-1831,-927,-5405
09:30,15:00,3,1,True,LOW,0,0,2674,26.5,-0.30,-791,1.00,-0.08,8346,2.06,0.50,-3.04,-0.51,1226,202,-2770,4302,416,-234,-3932
09:30,15:00,3,1,True,P40,1,0,3198,48.7,-4.29,-13731,0.90,-3.01,15742,-2.48,-1.28,-6.32,-3.00,174,-1572,-3853,1083,-1303,-2048,-6212
09:30,15:00,3,1,True,P40,2,0,2964,34.8,-2.87,-8501,0.95,-1.42,11356,-0.68,-0.25,-5.21,-1.77,868,-2560,-2655,3304,-1407,-1811,-4240
09:30,15:00,3,1,True,P40,3,0,2836,29.3,-2.45,-6952,0.96,-1.01,9636,0.65,0.20,-5.72,-1.62,793,-2553,-927,3639,-586,-1530,-5787
09:30,15:00,3,1,True,P40,0,50,3131,43.2,-4.84,-15157,0.89,-3.04,16292,-2.61,-1.20,-7.29,-3.12,-183,-2524,-3013,1443,-2865,-1919,-6097
09:30,15:00,3,1,True,P40,0,100,2891,31.3,-3.26,-9426,0.94,-1.46,11734,-0.34,-0.11,-6.35,-1.96,683,-2364,-2436,3614,-2038,-1694,-5191
09:30,15:00,3,1,True,P40,0,0,2702,25.9,-1.82,-4927,0.97,-0.59,11407,3.55,0.83,-7.52,-1.67,1106,283,-698,4242,-89,-4355,-5416
09:30,15:00,3,1,True,LOW,1,0,3171,49.2,-2.94,-9332,0.94,-1.58,10365,-2.44,-1.21,-3.53,-1.07,65,-1065,-3622,446,-341,-3,-4813
09:30,15:00,3,1,True,LOW,2,0,2944,34.5,-3.13,-9207,0.95,-1.21,11522,-1.10,-0.39,-5.54,-1.22,548,-1640,-4235,3567,-492,-63,-6893
09:30,15:00,3,1,True,LOW,3,0,2798,29.7,-1.10,-3090,0.98,-0.36,7907,1.43,0.42,-4.09,-0.78,1111,-831,-3120,4999,-823,112,-4538
09:30,15:00,3,1,True,LOW,0,50,3156,43.8,-3.13,-9875,0.93,-1.83,10950,-0.89,-0.43,-5.67,-2.03,-28,-1296,-968,799,-2125,-230,-6028
09:30,15:00,3,1,True,LOW,0,100,2902,31.5,-3.98,-11560,0.93,-1.64,13770,-2.37,-0.79,-5.79,-1.48,673,-2981,-3972,2655,-1699,-1072,-5165
09:30,15:00,3,1,True,LOW,0,0,2661,26.5,-0.25,-659,1.00,-0.07,8307,2.09,0.50,-2.99,-0.50,1247,195,-2741,4302,519,-140,-4040
09:30,15:00,3,1,True,P40,1,0,3186,48.7,-4.12,-13137,0.90,-2.89,15172,-2.42,-1.25,-6.02,-2.85,197,-1650,-3689,1083,-727,-2452,-5900
09:30,15:00,3,1,True,P40,2,0,2955,34.8,-2.81,-8314,0.95,-1.39,10968,-0.76,-0.27,-5.02,-1.70,868,-2718,-2684,3371,-990,-2030,-4131
09:30,15:00,3,1,True,P40,3,0,2828,29.2,-2.40,-6783,0.96,-0.99,9488,0.67,0.20,-5.64,-1.60,793,-2752,-775,3706,-372,-1830,-5553
09:30,15:00,3,1,True,P40,0,50,3117,43.3,-4.57,-14237,0.90,-2.86,15441,-2.54,-1.17,-6.79,-2.90,-196,-2472,-2900,1412,-2349,-1969,-5764
09:30,15:00,3,1,True,P40,0,100,2882,31.3,-3.13,-9008,0.94,-1.39,11118,-0.16,-0.05,-6.27,-1.93,683,-2562,-2202,3851,-1785,-1872,-5121
09:30,15:00,3,1,True,P40,0,0,2696,25.9,-1.66,-4463,0.97,-0.53,10963,3.57,0.84,-7.20,-1.59,1106,84,-546,4309,126,-4277,-5264
09:30,15:00,3,1,True,LOW,1,0,1851,51.1,-0.67,-1239,0.98,-0.28,5139,-0.41,-0.17,-1.00,-0.23,801,164,-2391,994,936,-3309,1567
09:30,15:00,3,1,True,LOW,2,0,1713,36.2,-0.22,-376,1.00,-0.07,5033,1.52,0.43,-2.47,-0.41,1168,137,-2084,2247,419,-3076,813
09:30,15:00,3,1,True,LOW,3,0,1633,30.3,0.22,363,1.00,0.06,6742,3.07,0.73,-3.40,-0.49,1879,489,-2993,3430,787,-5115,1886
09:30,15:00,3,1,True,LOW,0,50,1820,43.8,-1.67,-3047,0.96,-0.75,5863,-0.36,-0.13,-3.29,-0.88,1289,-668,-1733,754,103,-2792,-1
09:30,15:00,3,1,True,LOW,0,100,1680,31.9,-1.64,-2758,0.97,-0.53,7123,-1.08,-0.29,-2.31,-0.44,1647,-1357,-3213,1927,-296,-1436,-30
09:30,15:00,3,1,True,LOW,0,0,1571,26.6,-0.38,-590,0.99,-0.08,5626,1.72,0.33,-3.02,-0.38,1935,1086,-3020,1510,1930,-3768,-261
09:30,15:00,3,1,True,P40,1,0,1831,49.3,-3.40,-6223,0.92,-1.79,8835,-0.57,-0.23,-6.78,-2.34,670,-670,-3014,2442,-862,-2518,-2271
09:30,15:00,3,1,True,P40,2,0,1683,34.8,-3.92,-6593,0.93,-1.46,11017,-2.44,-0.68,-5.58,-1.40,1227,-1440,-5570,3611,-679,-3450,-292
09:30,15:00,3,1,True,P40,3,0,1617,29.9,-3.29,-5320,0.94,-1.04,9836,-1.32,-0.31,-5.50,-1.16,1366,-1233,-3954,2696,-563,-2635,-997
09:30,15:00,3,1,True,P40,0,50,1779,44.2,-3.55,-6313,0.92,-1.67,8992,-1.20,-0.42,-6.31,-1.96,855,-817,-3355,2162,-780,-2473,-1905
09:30,15:00,3,1,True,P40,0,100,1643,31.7,-3.83,-6289,0.93,-1.30,10568,-1.96,-0.49,-5.91,-1.35,1274,-1542,-4352,2923,-1428,-2809,-355
09:30,15:00,3,1,True,P40,0,0,1560,26.3,-4.85,-7568,0.92,-1.22,11616,-1.07,-0.20,-9.11,-1.51,1437,988,-5379,2068,475,-4681,-2475
09:30,15:00,3,1,True,LOW,1,0,1843,51.1,-0.62,-1151,0.99,-0.26,5051,-0.44,-0.18,-0.87,-0.20,801,169,-2364,937,979,-3235,1563
09:30,15:00,3,1,True,LOW,2,0,1703,36.3,-0.16,-279,1.00,-0.05,5017,1.25,0.35,-2.00,-0.33,1168,198,-2412,2247,505,-2910,925
09:30,15:00,3,1,True,LOW,3,0,1623,30.4,0.25,403,1.00,0.06,6548,2.89,0.68,-3.14,-0.45,1879,552,-3225,3430,846,-4932,1854
09:30,15:00,3,1,True,LOW,0,50,1810,44.0,-1.50,-2714,0.97,-0.67,5715,-0.65,-0.25,-2.55,-0.67,1289,-609,-2085,754,330,-2577,185
09:30,15:00,3,1,True,LOW,0,100,1670,31.9,-1.77,-2962,0.97,-0.57,7460,-1.77,-0.47,-1.78,-0.34,1647,-1294,-3896,1927,-237,-1453,344
09:30,15:00,3,1,True,LOW,0,0,1561,26.6,-0.25,-394,1.00,-0.06,5502,1.68,0.32,-2.70,-0.34,1935,1149,-3129,1510,1989,-3554,-292
09:30,15:00,3,1,True,P40,1,0,1824,49.2,-3.46,-6304,0.92,-1.81,8984,-0.94,-0.37,-6.48,-2.23,670,-670,-3414,2478,-619,-2709,-2041
09:30,15:00,3,1,True,P40,2,0,1678,34.6,-4.18,-7006,0.92,-1.56,11500,-3.08,-0.86,-5.41,-1.35,1227,-1370,-6244,3641,-484,-3555,-222
09:30,15:00,3,1,True,P40,3,0,1611,29.9,-3.28,-5286,0.94,-1.03,9801,-1.49,-0.35,-5.31,-1.11,1366,-1163,-4202,2726,-349,-2902,-763
09:30,15:00,3,1,True,P40,0,50,1772,44.1,-3.53,-6252,0.92,-1.65,8981,-1.62,-0.57,-5.78,-1.79,855,-747,-3865,2200,-517,-2523,-1655
09:30,15:00,3,1,True,P40,0,100,1638,31.5,-4.16,-6820,0.92,-1.41,11100,-2.73,-0.69,-5.77,-1.31,1274,-1471,-5123,2953,-1214,-2954,-285
09:30,15:00,3,1,True,P40,0,0,1555,26.2,-4.73,-7363,0.92,-1.19,11411,-1.15,-0.22,-8.81,-1.45,1437,1059,-5544,2099,689,-4778,-2323
09:30,15:00,3,1,True,LOW,1,0,3182,49.0,-3.26,-10370,0.93,-1.75,11418,-2.69,-1.33,-3.92,-1.20,114,-1118,-4084,477,-843,-65,-4852
09:30,15:00,3,1,True,LOW,2,0,2958,34.4,-3.30,-9773,0.94,-1.28,12074,-1.05,-0.37,-5.97,-1.32,529,-1733,-4041,3567,-1032,-383,-6680
09:30,15:00,3,1,True,LOW,3,0,2808,29.6,-1.36,-3832,0.98,-0.45,7715,1.49,0.43,-4.71,-0.90,1114,-824,-3064,5029,-1481,-177,-4430
09:30,15:00,3,1,True,LOW,0,50,3171,43.6,-3.35,-10610,0.93,-1.96,11649,-0.86,-0.41,-6.15,-2.22,12,-1388,-975,897,-2881,-386,-5890
09:30,15:00,3,1,True,LOW,0,100,2916,31.2,-4.25,-12399,0.93,-1.76,14617,-2.29,-0.76,-6.44,-1.66,676,-2974,-3865,2655,-2361,-1126,-5405
09:30,15:00,3,1,True,LOW,0,0,2671,26.4,-0.73,-1958,0.99,-0.21,8346,2.07,0.50,-4.01,-0.67,1250,202,-2770,4302,-379,-631,-3932
09:30,15:00,3,1,True,P40,1,0,3195,48.6,-4.33,-13829,0.90,-3.04,15899,-2.44,-1.26,-6.43,-3.05,233,-1572,-3853,1083,-1382,-2126,-6212
09:30,15:00,3,1,True,P40,2,0,2961,34.8,-3.09,-9139,0.94,-1.53,12053,-0.64,-0.23,-5.71,-1.94,927,-2560,-2655,3304,-1806,-2109,-4240
09:30,15:00,3,1,True,P40,3,0,2833,29.2,-2.71,-7690,0.95,-1.12,10434,0.70,0.21,-6.30,-1.80,852,-2553,-927,3639,-1145,-1769,-5787
09:30,15:00,3,1,True,P40,0,50,3127,43.2,-4.86,-15206,0.89,-3.06,16407,-2.46,-1.13,-7.51,-3.21,-117,-2343,-3013,1443,-3062,-2018,-6097
09:30,15:00,3,1,True,P40,0,100,2888,31.2,-3.48,-10044,0.94,-1.56,12412,-0.30,-0.10,-6.84,-2.12,743,-2364,-2436,3614,-2517,-1893,-5191
09:30,15:00,3,1,True,P40,0,0,2699,25.8,-2.22,-5985,0.96,-0.72,12524,3.59,0.84,-8.39,-1.87,1166,283,-698,4242,-809,-4752,-5416
09:30,15:00,3,1,True,LOW,1,0,3167,49.2,-3.02,-9556,0.93,-1.62,10640,-2.41,-1.19,-3.72,-1.13,116,-1065,-3622,446,-479,-139,-4813
09:30,15:00,3,1,True,LOW,2,0,2941,34.5,-3.34,-9822,0.94,-1.29,12211,-1.05,-0.37,-6.06,-1.33,622,-1640,-4235,3567,-905,-339,-6893
09:30,15:00,3,1,True,LOW,3,0,2796,29.6,-1.40,-3920,0.98,-0.46,7907,1.43,0.42,-4.74,-0.90,1114,-831,-3120,4999,-1377,-167,-4538
09:30,15:00,3,1,True,LOW,0,50,3153,43.8,-3.17,-10002,0.93,-1.85,11115,-0.87,-0.42,-5.79,-2.07,12,-1296,-968,799,-2322,-199,-6028
09:30,15:00,3,1,True,LOW,0,100,2900,31.4,-4.24,-12286,0.93,-1.74,14499,-2.36,-0.79,-6.33,-1.62,676,-2981,-3972,2655,-2229,-1270,-5165
09:30,15:00,3,1,True,LOW,0,0,2659,26.4,-0.69,-1847,0.99,-0.20,8307,2.09,0.51,-3.97,-0.66,1250,195,-2741,4302,-275,-537,-4040
09:30,15:00,3,1,True,P40,1,0,3183,48.7,-4.16,-13235,0.90,-2.91,15329,-2.38,-1.23,-6.14,-2.90,257,-1650,-3689,1083,-805,-2530,-5900
09:30,15:00,3,1,True,P40,2,0,2952,34.8,-3.03,-8952,0.94,-1.50,11665,-0.72,-0.26,-5.51,-1.87,927,-2718,-2684,3371,-1389,-2329,-4131
09:30,15:00,3,1,True,P40,3,0,2825,29.2,-2.66,-7521,0.95,-1.09,10285,0.71,0.21,-6.22,-1.77,852,-2752,-775,3706,-931,-2068,-5553
09:30,15:00,3,1,True,P40,0,50,3113,43.3,-4.59,-14286,0.90,-2.88,15556,-2.40,-1.10,-7.01,-2.99,-130,-2291,-2900,1412,-2546,-2068,-5764
09:30,15:00,3,1,True,P40,0,100,2879,31.2,-3.34,-9626,0.94,-1.49,11796,-0.12,-0.04,-6.76,-2.09,743,-2562,-2202,3851,-2264,-2070,-5121
09:30,15:00,3,1,True,P40,0,0,2693,25.8,-2.05,-5521,0.97,-0.66,12080,3.61,0.85,-8.07,-1.79,1166,84,-546,4309,-595,-4674,-5264
09:30,15:00,3,1,True,LOW,1,0,1851,51.1,-0.67,-1239,0.98,-0.28,5139,-0.41,-0.17,-1.00,-0.23,801,164,-2391,994,936,-3309,1567
09:30,15:00,3,1,True,LOW,2,0,1713,36.2,-0.22,-376,1.00,-0.07,5033,1.52,0.43,-2.47,-0.41,1168,137,-2084,2247,419,-3076,813
09:30,15:00,3,1,True,LOW,3,0,1633,30.3,0.22,363,1.00,0.06,6742,3.07,0.73,-3.40,-0.49,1879,489,-2993,3430,787,-5115,1886
09:30,15:00,3,1,True,LOW,0,50,1820,43.8,-1.67,-3047,0.96,-0.75,5863,-0.36,-0.13,-3.29,-0.88,1289,-668,-1733,754,103,-2792,-1
09:30,15:00,3,1,True,LOW,0,100,1680,31.9,-1.64,-2758,0.97,-0.53,7123,-1.08,-0.29,-2.31,-0.44,1647,-1357,-3213,1927,-296,-1436,-30
09:30,15:00,3,1,True,LOW,0,0,1571,26.6,-0.38,-590,0.99,-0.08,5626,1.72,0.33,-3.02,-0.38,1935,1086,-3020,1510,1930,-3768,-261
09:30,15:00,3,1,True,P40,1,0,1831,49.3,-3.40,-6223,0.92,-1.79,8835,-0.57,-0.23,-6.78,-2.34,670,-670,-3014,2442,-862,-2518,-2271
09:30,15:00,3,1,True,P40,2,0,1683,34.8,-3.92,-6593,0.93,-1.46,11017,-2.44,-0.68,-5.58,-1.40,1227,-1440,-5570,3611,-679,-3450,-292
09:30,15:00,3,1,True,P40,3,0,1617,29.9,-3.29,-5320,0.94,-1.04,9836,-1.32,-0.31,-5.50,-1.16,1366,-1233,-3954,2696,-563,-2635,-997
09:30,15:00,3,1,True,P40,0,50,1779,44.2,-3.55,-6313,0.92,-1.67,8992,-1.20,-0.42,-6.31,-1.96,855,-817,-3355,2162,-780,-2473,-1905
09:30,15:00,3,1,True,P40,0,100,1643,31.7,-3.83,-6289,0.93,-1.30,10568,-1.96,-0.49,-5.91,-1.35,1274,-1542,-4352,2923,-1428,-2809,-355
09:30,15:00,3,1,True,P40,0,0,1560,26.3,-4.85,-7568,0.92,-1.22,11616,-1.07,-0.20,-9.11,-1.51,1437,988,-5379,2068,475,-4681,-2475
09:30,15:00,3,1,True,LOW,1,0,1843,51.1,-0.62,-1151,0.99,-0.26,5051,-0.44,-0.18,-0.87,-0.20,801,169,-2364,937,979,-3235,1563
09:30,15:00,3,1,True,LOW,2,0,1703,36.3,-0.16,-279,1.00,-0.05,5017,1.25,0.35,-2.00,-0.33,1168,198,-2412,2247,505,-2910,925
09:30,15:00,3,1,True,LOW,3,0,1623,30.4,0.25,403,1.00,0.06,6548,2.89,0.68,-3.14,-0.45,1879,552,-3225,3430,846,-4932,1854
09:30,15:00,3,1,True,LOW,0,50,1810,44.0,-1.50,-2714,0.97,-0.67,5715,-0.65,-0.25,-2.55,-0.67,1289,-609,-2085,754,330,-2577,185
09:30,15:00,3,1,True,LOW,0,100,1670,31.9,-1.77,-2962,0.97,-0.57,7460,-1.77,-0.47,-1.78,-0.34,1647,-1294,-3896,1927,-237,-1453,344
09:30,15:00,3,1,True,LOW,0,0,1561,26.6,-0.25,-394,1.00,-0.06,5502,1.68,0.32,-2.70,-0.34,1935,1149,-3129,1510,1989,-3554,-292
09:30,15:00,3,1,True,P40,1,0,1824,49.2,-3.46,-6304,0.92,-1.81,8984,-0.94,-0.37,-6.48,-2.23,670,-670,-3414,2478,-619,-2709,-2041
09:30,15:00,3,1,True,P40,2,0,1678,34.6,-4.18,-7006,0.92,-1.56,11500,-3.08,-0.86,-5.41,-1.35,1227,-1370,-6244,3641,-484,-3555,-222
09:30,15:00,3,1,True,P40,3,0,1611,29.9,-3.28,-5286,0.94,-1.03,9801,-1.49,-0.35,-5.31,-1.11,1366,-1163,-4202,2726,-349,-2902,-763
09:30,15:00,3,1,True,P40,0,50,1772,44.1,-3.53,-6252,0.92,-1.65,8981,-1.62,-0.57,-5.78,-1.79,855,-747,-3865,2200,-517,-2523,-1655
09:30,15:00,3,1,True,P40,0,100,1638,31.5,-4.16,-6820,0.92,-1.41,11100,-2.73,-0.69,-5.77,-1.31,1274,-1471,-5123,2953,-1214,-2954,-285
09:30,15:00,3,1,True,P40,0,0,1555,26.2,-4.73,-7363,0.92,-1.19,11411,-1.15,-0.22,-8.81,-1.45,1437,1059,-5544,2099,689,-4778,-2323
09:30,15:00,3,1,True,LOW,1,0,3098,48.9,-3.71,-11480,0.92,-1.95,12746,-2.64,-1.28,-4.97,-1.48,315,-1048,-4487,801,-1024,-1288,-4750
09:30,15:00,3,1,True,LOW,2,0,2877,34.3,-3.80,-10925,0.93,-1.44,13738,-1.00,-0.35,-7.12,-1.54,1040,-1795,-4259,3449,-1087,-1943,-6331
09:30,15:00,3,1,True,LOW,3,0,2738,29.6,-1.59,-4364,0.97,-0.52,8954,2.02,0.58,-5.84,-1.09,1440,-835,-2685,5067,-1482,-1828,-4042
09:30,15:00,3,1,True,LOW,0,50,3078,44.0,-3.02,-9298,0.93,-1.74,10704,-0.40,-0.19,-6.00,-2.12,451,-1408,-990,1300,-2761,-1237,-4653
09:30,15:00,3,1,True,LOW,0,100,2839,31.3,-4.63,-13139,0.92,-1.89,15792,-1.89,-0.62,-7.69,-1.95,1048,-2991,-3387,2505,-2710,-2406,-5199
09:30,15:00,3,1,True,LOW,0,0,2601,26.5,-1.27,-3310,0.98,-0.35,8189,2.26,0.54,-5.38,-0.89,1619,-212,-2163,3916,-1019,-2508,-2943
09:30,15:00,3,1,True,P40,1,0,3098,48.8,-4.09,-12684,0.90,-2.83,14899,-1.80,-0.92,-6.65,-3.10,695,-1546,-3354,1264,-1593,-2506,-5645
09:30,15:00,3,1,True,P40,2,0,2880,34.8,-3.09,-8909,0.94,-1.51,12101,-0.75,-0.27,-5.61,-1.88,1291,-2815,-2721,3122,-2183,-2578,-3026
09:30,15:00,3,1,True,P40,3,0,2759,29.4,-2.45,-6752,0.96,-1.00,9160,0.66,0.20,-5.73,-1.61,1148,-2970,-435,3195,-1104,-2327,-4259
09:30,15:00,3,1,True,P40,0,50,3038,43.7,-4.20,-12752,0.91,-2.60,14374,-2.32,-1.05,-6.27,-2.64,502,-2519,-3178,1504,-2335,-1860,-4866
09:30,15:00,3,1,True,P40,0,100,2814,31.5,-3.03,-8532,0.95,-1.34,11315,0.14,0.04,-6.40,-1.95,1066,-2554,-1944,3633,-2486,-2458,-3790
09:30,15:00,3,1,True,P40,0,0,2628,26.0,-1.99,-5226,0.97,-0.63,11093,3.56,0.83,-7.89,-1.73,1487,-230,-275,3840,-988,-5764,-3297
09:30,15:00,3,1,True,LOW,1,0,3083,49.1,-3.52,-10837,0.92,-1.84,12213,-2.29,-1.11,-4.96,-1.47,367,-1001,-3969,769,-991,-1301,-4711
09:30,15:00,3,1,True,LOW,2,0,2857,34.5,-3.84,-10978,0.93,-1.45,13830,-0.92,-0.32,-7.35,-1.57,1085,-1749,-4215,3449,-1185,-1962,-6402
09:30,15:00,3,1,True,LOW,3,0,2723,29.7,-1.53,-4164,0.98,-0.49,8828,2.07,0.60,-5.80,-1.08,1440,-890,-2526,5037,-1545,-1530,-4151
09:30,15:00,3,1,True,LOW,0,50,3058,44.2,-2.87,-8784,0.94,-1.64,10390,-0.36,-0.17,-5.73,-2.01,576,-1352,-1012,1201,-2473,-1085,-4640
09:30,15:00,3,1,True,LOW,0,100,2821,31.5,-4.48,-12646,0.92,-1.82,15294,-1.83,-0.60,-7.46,-1.87,1048,-3046,-3241,2505,-2665,-2289,-4958
09:30,15:00,3,1,True,LOW,0,0,2586,26.6,-1.07,-2768,0.98,-0.30,7875,2.49,0.59,-5.24,-0.86,1619,-267,-1794,3916,-974,-2217,-3052
09:30,15:00,3,1,True,P40,1,0,3086,48.9,-3.91,-12052,0.91,-2.69,14266,-1.57,-0.80,-6.52,-3.03,694,-1640,-2873,1264,-1177,-2988,-5333
09:30,15:00,3,1,True,P40,2,0,2872,34.7,-3.21,-9221,0.94,-1.57,12413,-0.73,-0.26,-5.89,-1.97,1291,-2815,-2750,3189,-2066,-3196,-2874
09:30,15:00,3,1,True,P40,3,0,2752,29.3,-2.54,-6987,0.96,-1.03,9802,1.04,0.31,-6.34,-1.78,1148,-2970,38,3262,-1172,-3268,-4025
09:30,15:00,3,1,True,P40,0,50,3024,43.7,-4.10,-12387,0.91,-2.53,14065,-2.14,-0.97,-6.26,-2.62,475,-2467,-2884,1472,-2261,-2189,-4534
09:30,15:00,3,1,True,P40,0,100,2806,31.4,-3.17,-8885,0.94,-1.40,11668,0.35,0.11,-6.91,-2.10,1066,-2554,-1710,3700,-2553,-3115,-3720
09:30,15:00,3,1,True,P40,0,0,2622,25.9,-1.92,-5026,0.97,-0.61,11480,3.99,0.93,-8.23,-1.80,1487,-230,244,3907,-1055,-6235,-3145
09:30,15:00,3,1,True,LOW,1,0,1840,50.7,-1.40,-2572,0.97,-0.59,6289,-0.61,-0.25,-2.42,-0.55,840,116,-2638,1047,704,-3997,1356
09:30,15:00,3,1,True,LOW,2,0,1700,35.9,-1.07,-1824,0.98,-0.33,6419,1.18,0.33,-3.98,-0.66,1247,137,-2498,2247,-95,-3722,860
09:30,15:00,3,1,True,LOW,3,0,1620,30.1,-0.42,-682,0.99,-0.11,7694,2.99,0.70,-4.74,-0.69,1958,489,-3163,3421,27,-5346,1933
09:30,15:00,3,1,True,LOW,0,50,1808,43.8,-1.90,-3433,0.96,-0.85,6147,0.06,0.02,-4.30,-1.15,1368,-666,-1491,851,-433,-2883,-181
09:30,15:00,3,1,True,LOW,0,100,1667,31.7,-2.09,-3476,0.96,-0.66,7967,-1.14,-0.30,-3.22,-0.62,1726,-1357,-3387,1982,-918,-1539,17
09:30,15:00,3,1,True,LOW,0,0,1558,26.4,-1.15,-1795,0.98,-0.25,6920,1.70,0.32,-4.73,-0.60,2014,1086,-3190,1564,945,-4000,-214
09:30,15:00,3,1,True,P40,1,0,1823,49.5,-3.14,-5728,0.92,-1.65,8448,-0.08,-0.03,-6.80,-2.34,752,-510,-2850,2524,-776,-2436,-2432
09:30,15:00,3,1,True,P40,2,0,1673,34.7,-4.21,-7050,0.92,-1.57,11316,-2.74,-0.76,-5.87,-1.47,1309,-1440,-5963,3663,-959,-3128,-532
09:30,15:00,3,1,True,P40,3,0,1609,30.0,-3.30,-5314,0.94,-1.04,9911,-1.25,-0.29,-5.60,-1.18,1448,-1233,-4029,2748,-1019,-2232,-997
09:30,15:00,3,1,True,P40,0,50,1772,44.2,-3.43,-6070,0.92,-1.60,8831,-0.95,-0.33,-6.35,-1.97,937,-817,-3371,2342,-864,-2211,-2086
09:30,15:00,3,1,True,P40,0,100,1635,31.7,-3.77,-6162,0.93,-1.27,10524,-1.85,-0.46,-5.91,-1.34,1356,-1542,-4386,2975,-1764,-2447,-355
09:30,15:00,3,1,True,P40,0,0,1552,26.3,-5.21,-8081,0.91,-1.31,12211,-0.95,-0.18,-10.01,-1.66,1519,988,-5410,2120,-224,-4599,-2475
09:30,15:00,3,1,True,LOW,1,0,1832,50.8,-1.30,-2378,0.97,-0.54,6108,-0.53,-0.22,-2.30,-0.52,840,171,-2555,991,747,-3923,1351
09:30,15:00,3,1,True,LOW,2,0,1690,36.1,-0.98,-1650,0.98,-0.29,6357,0.99,0.28,-3.52,-0.58,1247,198,-2749,2247,-9,-3556,972
09:30,15:00,3,1,True,LOW,3,0,1610,30.2,-0.40,-642,0.99,-0.10,7622,2.81,0.66,-4.49,-0.64,1958,552,-3395,3421,86,-5164,1901
09:30,15:00,3,1,True,LOW,0,50,1798,44.0,-1.65,-2966,0.96,-0.73,5866,-0.10,-0.04,-3.56,-0.94,1368,-607,-1709,851,-206,-2668,5
09:30,15:00,3,1,True,LOW,0,100,1657,31.7,-2.22,-3681,0.96,-0.71,8304,-1.83,-0.49,-2.70,-0.51,1726,-1294,-4070,1982,-859,-1556,391
09:30,15:00,3,1,True,LOW,0,0,1548,26.4,-1.03,-1599,0.98,-0.22,6756,1.65,0.31,-4.42,-0.55,2014,1149,-3299,1564,1004,-3785,-245
09:30,15:00,3,1,True,P40,1,0,1817,49.4,-3.15,-5730,0.92,-1.65,8519,-0.21,-0.08,-6.69,-2.30,752,-510,-3011,2560,-694,-2627,-2201
09:30,15:00,3,1,True,P40,2,0,1668,34.4,-4.62,-7704,0.91,-1.72,12040,-3.39,-0.94,-6.01,-1.50,1309,-1370,-6637,3693,-1005,-3233,-462
09:30,15:00,3,1,True,P40,3,0,1603,29.8,-3.46,-5539,0.94,-1.09,10137,-1.43,-0.33,-5.75,-1.20,1448,-1163,-4276,2778,-1065,-2499,-763
09:30,15:00,3,1,True,P40,0,50,1765,44.2,-3.40,-6008,0.92,-1.59,8769,-1.18,-0.42,-6.04,-1.86,937,-747,-3701,2381,-782,-2261,-1835
09:30,15:00,3,1,True,P40,0,100,1630,31.5,-4.27,-6954,0.92,-1.44,11315,-2.63,-0.66,-6.10,-1.38,1356,-1471,-5158,3005,-1810,-2592,-285
09:30,15:00,3,1,True,P40,0,0,1547,26.1,-5.26,-8136,0.91,-1.32,12266,-1.03,-0.20,-10.07,-1.66,1519,1059,-5575,2151,-270,-4696,-2323
09:30,15:00,3,1,True,LOW,1,0,2800,49.1,-3.04,-8515,0.93,-1.53,10090,-2.00,-0.94,-4.26,-1.21,-64,-825,-2844,710,-1038,17,-4472
09:30,15:00,3,1,True,LOW,2,0,2618,34.7,-2.65,-6936,0.95,-0.97,10206,-1.32,-0.45,-4.24,-0.87,922,-2131,-3462,2785,-1497,1260,-4814
09:30,15:00,3,1,True,LOW,3,0,2492,29.4,-1.61,-4019,0.97,-0.50,7660,0.26,0.07,-3.82,-0.68,1323,-1729,-3382,4138,-2013,506,-2862
09:30,15:00,3,1,True,LOW,0,50,2791,43.4,-3.20,-8945,0.93,-1.77,10305,-0.48,-0.22,-6.29,-2.13,432,-1417,-1211,1482,-2115,-1246,-4871
09:30,15:00,3,1,True,LOW,0,100,2578,31.1,-4.25,-10956,0.93,-1.67,13803,-1.93,-0.62,-6.86,-1.67,940,-3596,-2653,2680,-2424,-1272,-4632
09:30,15:00,3,1,True,LOW,0,0,2376,26.2,-0.47,-1116,0.99,-0.13,8203,-0.93,-0.23,0.07,0.01,1484,-973,-4559,2859,-162,1633,-1398
09:30,15:00,3,1,True,P40,1,0,2804,48.6,-4.43,-12409,0.89,-2.91,13486,-2.79,-1.35,-6.22,-2.77,-145,-2085,-3666,1798,-769,-1987,-5555
09:30,15:00,3,1,True,P40,2,0,2613,34.2,-4.80,-12548,0.91,-2.25,15744,-2.33,-0.80,-7.46,-2.40,1230,-3645,-4334,3590,-2318,-2606,-4466
09:30,15:00,3,1,True,P40,3,0,2506,29.1,-3.90,-9764,0.93,-1.53,12219,-0.62,-0.18,-7.34,-1.98,1031,-3630,-1830,3628,-1179,-2575,-5209
09:30,15:00,3,1,True,P40,0,50,2746,43.4,-4.78,-13118,0.90,-2.81,14780,-2.64,-1.14,-7.13,-2.86,174,-2446,-3304,1783,-1451,-2021,-5853
09:30,15:00,3,1,True,P40,0,100,2551,30.9,-4.97,-12678,0.91,-2.11,15215,-1.74,-0.54,-8.39,-2.47,866,-3574,-3510,3929,-2463,-2880,-5047
09:30,15:00,3,1,True,P40,0,0,2398,25.8,-4.66,-11182,0.92,-1.47,14262,-1.55,-0.37,-7.98,-1.65,1259,-1048,-4754,2629,-282,-5252,-3734
09:30,15:00,3,1,True,LOW,1,0,2781,49.0,-3.11,-8645,0.93,-1.56,10239,-2.03,-0.95,-4.37,-1.24,-48,-691,-2937,618,-1001,-58,-4528
09:30,15:00,3,1,True,LOW,2,0,2595,34.8,-2.62,-6789,0.95,-0.95,9955,-1.45,-0.49,-4.03,-0.82,935,-1995,-3747,2753,-1298,1325,-4762
09:30,15:00,3,1,True,LOW,3,0,2473,29.3,-1.63,-4024,0.97,-0.51,7813,0.14,0.04,-3.73,-0.66,1323,-1592,-3631,4084,-1933,605,-2881
09:30,15:00,3,1,True,LOW,0,50,2768,43.5,-3.11,-8610,0.93,-1.70,9968,-0.52,-0.23,-6.07,-2.04,432,-1312,-1369,1482,-1836,-1161,-4847
09:30,15:00,3,1,True,LOW,0,100,2556,31.2,-4.28,-10932,0.93,-1.67,13627,-2.06,-0.66,-6.79,-1.63,940,-3459,-2978,2692,-2344,-1380,-4404
09:30,15:00,3,1,True,LOW,0,0,2358,26.3,-0.32,-764,0.99,-0.09,8165,-0.86,-0.21,0.31,0.05,1484,-835,-4617,2871,-82,1749,-1333
09:30,15:00,3,1,True,P40,1,0,2790,48.7,-4.16,-11618,0.90,-2.73,12695,-2.56,-1.24,-5.94,-2.63,-145,-1924,-3482,1803,-353,-2100,-5418
09:30,15:00,3,1,True,P40,2,0,2600,34.0,-5.07,-13194,0.90,-2.38,16368,-2.47,-0.84,-7.90,-2.53,1230,-3574,-4603,3609,-2420,-2941,-4495
09:30,15:00,3,1,True,P40,3,0,2491,29.0,-3.95,-9850,0.93,-1.54,12283,-0.59,-0.17,-7.53,-2.02,1031,-3559,-1917,3687,-1225,-2990,-4877
09:30,15:00,3,1,True,P40,0,50,2730,43.3,-4.72,-12894,0.90,-2.77,14557,-2.72,-1.18,-6.94,-2.76,174,-2375,-3552,1850,-1356,-2016,-5619
09:30,15:00,3,1,True,P40,0,100,2537,30.7,-5.14,-13046,0.91,-2.18,15561,-1.90,-0.58,-8.61,-2.51,866,-3503,-3837,3988,-2509,-3173,-4878
09:30,15:00,3,1,True,P40,0,0,2385,25.7,-4.62,-11008,0.92,-1.44,14088,-1.32,-0.32,-8.16,-1.68,1259,-977,-4602,2688,-328,-5347,-3701
09:30,15:00,3,1,True,LOW,1,0,1784,51.2,-0.19,-335,1.00,-0.08,4119,-0.16,-0.07,-0.22,-0.05,658,238,-2215,1157,757,-2450,1521
09:30,15:00,3,1,True,LOW,2,0,1658,36.4,0.05,77,1.00,0.01,5116,1.15,0.33,-1.37,-0.22,1171,95,-2756,2563,21,-1972,956
09:30,15:00,3,1,True,LOW,3,0,1573,30.1,0.19,298,1.00,0.05,6395,2.19,0.51,-2.31,-0.33,1881,-121,-3767,3919,-4,-3438,1826
09:30,15:00,3,1,True,LOW,0,50,1744,43.6,-1.76,-3073,0.96,-0.78,5333,0.39,0.14,-4.39,-1.15,1270,-438,-1752,1295,-338,-2569,-540
09:30,15:00,3,1,True,LOW,0,100,1614,31.7,-1.61,-2604,0.97,-0.51,7180,-1.32,-0.35,-1.97,-0.37,1649,-1822,-3540,2560,-1042,-668,259
09:30,15:00,3,1,True,LOW,0,0,1518,26.5,-0.36,-543,0.99,-0.08,6628,-0.09,-0.02,-0.69,-0.08,1937,692,-4698,1994,1142,-1640,30
09:30,15:00,3,1,True,P40,1,0,1758,49.4,-3.23,-5679,0.92,-1.66,8086,-0.23,-0.09,-6.79,-2.30,595,-553,-3140,2878,-462,-2412,-2585
09:30,15:00,3,1,True,P40,2,0,1611,34.1,-5.62,-9055,0.89,-2.07,13026,-4.64,-1.27,-6.72,-1.66,1232,-1665,-6879,3374,-1073,-2720,-1325
09:30,15:00,3,1,True,P40,3,0,1549,29.4,-4.91,-7604,0.91,-1.53,11812,-3.36,-0.78,-6.63,-1.38,1371,-1472,-5503,2870,-1135,-2188,-1548
09:30,15:00,3,1,True,P40,0,50,1705,44.2,-3.46,-5905,0.92,-1.59,8451,-0.97,-0.33,-6.39,-1.94,838,-769,-3339,2379,-470,-2064,-2480
09:30,15:00,3,1,True,P40,0,100,1573,31.2,-5.45,-8575,0.90,-1.82,12627,-4.11,-1.02,-6.93,-1.56,1280,-1927,-5637,2893,-1998,-2400,-787
09:30,15:00,3,1,True,P40,0,0,1500,25.9,-7.58,-11374,0.87,-1.94,14977,-5.17,-1.04,-10.28,-1.68,1442,612,-7825,1684,-91,-4466,-2729
09:30,15:00,3,1,True,LOW,1,0,1773,51.2,-0.16,-283,1.00,-0.07,4117,-0.16,-0.06,-0.16,-0.04,658,292,-2209,1101,737,-2377,1517
09:30,15:00,3,1,True,LOW,2,0,1644,36.4,0.06,104,1.00,0.02,5046,0.75,0.21,-0.81,-0.13,1171,156,-3167,2531,107,-1806,1114
09:30,15:00,3,1,True,LOW,3,0,1560,30.1,0.11,167,1.00,0.03,6493,1.76,0.41,-1.97,-0.28,1881,-58,-4191,3895,56,-3256,1840
09:30,15:00,3,1,True,LOW,0,50,1732,43.8,-1.55,-2681,0.96,-0.68,5170,0.10,0.04,-3.57,-0.93,1270,-381,-2088,1295,-112,-2356,-309
09:30,15:00,3,1,True,LOW,0,100,1601,31.7,-1.83,-2936,0.97,-0.58,7691,-2.23,-0.59,-1.36,-0.26,1649,-1759,-4407,2572,-983,-686,678
09:30,15:00,3,1,True,LOW,0,0,1505,26.6,-0.16,-234,1.00,-0.03,6680,-0.06,-0.01,-0.27,-0.03,1937,755,-4750,2005,1201,-1426,44
09:30,15:00,3,1,True,P40,1,0,1751,49.5,-3.05,-5340,0.93,-1.57,7747,-0.17,-0.07,-6.48,-2.18,595,-393,-3280,2914,-380,-2442,-2355
09:30,15:00,3,1,True,P40,2,0,1604,33.9,-5.95,-9545,0.89,-2.19,13547,-5.51,-1.51,-6.45,-1.58,1232,-1595,-7711,3405,-1119,-2585,-1173
09:30,15:00,3,1,True,P40,3,0,1540,29.3,-4.92,-7583,0.91,-1.53,11791,-3.84,-0.89,-6.14,-1.26,1371,-1401,-5989,2900,-1181,-2052,-1232
09:30,15:00,3,1,True,P40,0,50,1697,44.2,-3.44,-5843,0.92,-1.58,8389,-1.50,-0.52,-5.74,-1.73,838,-699,-3931,2417,-388,-1933,-2147
09:30,15:00,3,1,True,P40,0,100,1566,30.9,-5.88,-9203,0.89,-1.96,13255,-5.17,-1.29,-6.66,-1.48,1280,-1856,-6607,2923,-2044,-2264,-635
09:30,15:00,3,1,True,P40,0,0,1492,25.8,-7.39,-11032,0.88,-1.88,14635,-5.15,-1.03,-9.92,-1.60,1442,682,-7908,1714,-137,-4331,-2495
10:00,11:30,1,1,False,LOW,1,0,1452,49.6,-1.90,-2766,0.96,-0.72,5515,-0.95,-0.33,-3.01,-0.65,141,-1214,-66,399,-1147,-2044,1165
10:00,11:30,1,1,False,LOW,2,0,1452,34.2,-2.60,-3778,0.95,-0.73,9404,2.37,0.59,-8.34,-1.36,155,193,207,1290,-3189,-4112,1679
10:00,11:30,1,1,False,LOW,3,0,1452,28.8,-1.63,-2365,0.97,-0.40,7767,3.59,0.76,-7.65,-1.11,505,1087,-1195,2395,-4151,-1797,792
10:00,11:30,1,1,False,LOW,0,50,1452,43.5,-2.79,-4053,0.94,-1.13,5523,0.86,0.28,-7.00,-1.79,393,-331,-265,869,-2596,-1295,-828
10:00,11:30,1,1,False,LOW,0,100,1452,31.5,-1.34,-1951,0.98,-0.40,8067,4.27,0.99,-7.83,-1.46,274,624,-701,3128,-2728,-2688,140
10:00,11:30,1,1,False,LOW,0,0,1452,25.9,-1.37,-1990,0.98,-0.30,8775,3.08,0.55,-6.50,-0.85,300,1292,-362,1163,-2589,-3632,1839
10:00,11:30,1,1,False,P40,1,0,1452,47.5,-5.64,-8197,0.87,-2.70,8489,-1.44,-0.51,-10.50,-3.42,-345,-763,-185,171,-1877,-3507,-1692
10:00,11:30,1,1,False,P40,2,0,1452,34.0,-4.02,-5833,0.92,-1.40,9844,3.07,0.78,-12.20,-2.95,-96,63,1329,1095,-3238,-4477,-510
10:00,11:30,1,1,False,P40,3,0,1452,29.1,-3.12,-4536,0.95,-0.93,9064,3.96,0.86,-11.30,-2.30,-84,1352,-230,2046,-2700,-3349,-1571
10:00,11:30,1,1,False,P40,0,50,1452,43.0,-4.90,-7122,0.89,-2.11,7987,0.43,0.13,-11.06,-3.26,-139,-386,-161,1017,-2886,-3044,-1523
10:00,11:30,1,1,False,P40,0,100,1452,30.7,-3.61,-5237,0.94,-1.15,10126,3.81,0.87,-12.17,-2.68,-289,1002,-118,2368,-2789,-4029,-1383
10:00,11:30,1,1,False,P40,0,0,1452,26.0,-3.79,-5497,0.94,-0.93,10303,4.25,0.76,-13.07,-2.21,-263,1771,1646,157,-1724,-4641,-2443
10:00,11:30,1,1,False,LOW,1,0,1448,49.7,-1.87,-2713,0.96,-0.70,5502,-0.73,-0.25,-3.20,-0.69,141,-1174,67,399,-1137,-2173,1165
10:00,11:30,1,1,False,LOW,2,0,1448,34.3,-2.42,-3509,0.96,-0.68,9390,2.70,0.67,-8.36,-1.36,155,233,423,1290,-3292,-3995,1679
10:00,11:30,1,1,False,LOW,3,0,1448,28.9,-1.46,-2114,0.98,-0.36,7811,3.97,0.84,-7.75,-1.12,505,1126,-939,2395,-4312,-1680,792
10:00,11:30,1,1,False,LOW,0,50,1448,43.6,-2.80,-4059,0.94,-1.14,5717,1.10,0.35,-7.32,-1.86,393,-292,-117,869,-2683,-1402,-828
10:00,11:30,1,1,False,LOW,0,100,1448,31.6,-1.20,-1734,0.98,-0.35,8137,4.65,1.08,-7.97,-1.48,274,664,-453,3128,-2915,-2571,140
10:00,11:30,1,1,False,LOW,0,0,1448,26.0,-1.18,-1712,0.98,-0.25,8675,3.46,0.62,-6.56,-0.86,300,1332,-106,1163,-2724,-3515,1839
10:00,11:30,1,1,False,P40,1,0,1448,47.5,-5.66,-8190,0.87,-2.70,8482,-1.13,-0.40,-10.90,-3.54,-345,-681,-24,171,-1956,-3664,-1692
10:00,11:30,1,1,False,P40,2,0,1448,34.0,-3.97,-5745,0.93,-1.38,10079,3.49,0.88,-12.61,-3.05,-96,145,1570,1095,-3396,-4553,-510
10:00,11:30,1,1,False,P40,3,0,1448,29.1,-3.09,-4468,0.95,-0.92,9367,4.45,0.96,-11.81,-2.41,-84,1434,59,2046,-2846,-3506,-1571
10:00,11:30,1,1,False,P40,0,50,1448,43.0,-4.94,-7155,0.89,-2.13,8283,0.76,0.24,-11.55,-3.41,-139,-304,20,1017,-2985,-3241,-1523
10:00,11:30,1,1,False,P40,0,100,1448,30.7,-3.58,-5190,0.94,-1.14,10441,4.28,0.98,-12.69,-2.80,-289,1084,163,2368,-2987,-4146,-1383
10:00,11:30,1,1,False,P40,0,0,1448,26.0,-3.76,-5451,0.94,-0.92,10627,4.74,0.85,-13.61,-2.30,-263,1853,1934,157,-1870,-4819,-2443
10:00,11:30,1,1,False,LOW,1,0,565,52.6,2.60,1472,1.06,0.56,2282,1.88,0.41,3.55,0.39,473,773,-761,118,943,-127,53
10:00,11:30,1,1,False,LOW,2,0,565,35.4,-4.83,-2732,0.92,-0.80,6953,6.25,1.00,-19.31,-1.73,908,1387,-723,427,-944,-3738,-49
10:00,11:30,1,1,False,LOW,3,0,565,28.0,-8.81,-4977,0.87,-1.32,7937,0.60,0.08,-21.09,-1.72,1206,300,-1700,386,-1502,-3237,-429
10:00,11:30,1,1,False,LOW,0,50,565,46.9,1.14,642,1.03,0.27,2226,3.38,0.70,-1.80,-0.25,821,695,-493,61,153,51,-645
10:00,11:30,1,1,False,LOW,0,100,565,31.3,-5.12,-2890,0.91,-0.92,6117,1.68,0.26,-13.99,-1.46,985,487,-1163,230,-1184,-1596,-649
10:00,11:30,1,1,False,LOW,0,0,565,25.0,-7.47,-4220,0.89,-0.98,7741,-0.42,-0.05,-16.67,-1.19,1224,1175,-2235,-300,-426,-3506,-153
10:00,11:30,1,1,False,P40,1,0,565,50.8,-2.01,-1135,0.95,-0.56,2952,2.77,0.62,-8.25,-1.39,466,687,-350,83,-158,-1006,-858
10:00,11:30,1,1,False,P40,2,0,565,32.6,-9.21,-5204,0.83,-1.96,7729,-1.41,-0.23,-19.40,-2.65,913,-178,-588,-598,-1865,-2427,-462
10:00,11:30,1,1,False,P40,3,0,565,27.6,-7.29,-4118,0.88,-1.32,7679,0.90,0.12,-17.98,-2.11,1063,423,-487,-712,-1547,-2262,-597
10:00,11:30,1,1,False,P40,0,50,565,45.3,-2.18,-1232,0.95,-0.55,3432,1.81,0.36,-7.39,-1.15,706,524,-282,-371,-175,-876,-759
10:00,11:30,1,1,False,P40,0,100,565,29.6,-8.01,-4524,0.86,-1.56,7610,0.57,0.09,-19.21,-2.42,885,304,-658,-348,-1626,-2698,-384
10:00,11:30,1,1,False,P40,0,0,565,23.5,-10.20,-5764,0.84,-1.55,8530,-0.09,-0.01,-23.41,-2.23,1124,875,-1151,-876,-660,-3732,-1345
10:00,11:30,1,1,False,LOW,1,0,565,52.6,2.63,1485,1.06,0.56,2282,1.88,0.41,3.60,0.40,473,773,-761,118,943,-113,53
10:00,11:30,1,1,False,LOW,2,0,565,35.4,-4.81,-2718,0.92,-0.80,6939,6.25,1.00,-19.25,-1.72,908,1387,-723,427,-944,-3724,-49
10:00,11:30,1,1,False,LOW,3,0,565,28.0,-8.78,-4963,0.87,-1.32,7924,0.60,0.08,-21.04,-1.72,1206,300,-1700,386,-1502,-3224,-429
10:00,11:30,1,1,False,LOW,0,50,565,46.9,1.16,655,1.03,0.28,2213,3.38,0.70,-1.75,-0.24,821,695,-493,61,153,64,-645
10:00,11:30,1,1,False,LOW,0,100,565,31.3,-5.09,-2877,0.91,-0.91,6103,1.68,0.26,-13.94,-1.46,985,487,-1163,230,-1184,-1583,-649
10:00,11:30,1,1,False,LOW,0,0,565,25.0,-7.45,-4207,0.89,-0.98,7728,-0.42,-0.05,-16.62,-1.18,1224,1175,-2235,-300,-426,-3493,-153
10:00,11:30,1,1,False,P40,1,0,565,50.8,-2.01,-1135,0.95,-0.56,2952,2.77,0.62,-8.25,-1.39,466,687,-350,83,-158,-1006,-858
10:00,11:30,1,1,False,P40,2,0,565,32.6,-9.21,-5204,0.83,-1.96,7729,-1.41,-0.23,-19.40,-2.65,913,-178,-588,-598,-1865,-2427,-462
10:00,11:30,1,1,False,P40,3,0,565,27.6,-7.29,-4118,0.88,-1.32,7679,0.90,0.12,-17.98,-2.11,1063,423,-487,-712,-1547,-2262,-597
10:00,11:30,1,1,False,P40,0,50,565,45.3,-2.18,-1232,0.95,-0.55,3432,1.81,0.36,-7.39,-1.15,706,524,-282,-371,-175,-876,-759
10:00,11:30,1,1,False,P40,0,100,565,29.6,-8.01,-4524,0.86,-1.56,7610,0.57,0.09,-19.21,-2.42,885,304,-658,-348,-1626,-2698,-384
10:00,11:30,1,1,False,P40,0,0,565,23.5,-10.20,-5764,0.84,-1.55,8530,-0.09,-0.01,-23.41,-2.23,1124,875,-1151,-876,-660,-3732,-1345
10:00,11:30,1,1,False,LOW,1,0,1446,49.4,-2.25,-3247,0.95,-0.84,6019,-1.12,-0.39,-3.54,-0.76,229,-1349,-168,416,-1322,-1955,902
10:00,11:30,1,1,False,LOW,2,0,1446,34.2,-2.57,-3722,0.96,-0.72,9547,2.76,0.69,-8.75,-1.42,428,257,254,1203,-3158,-4250,1545
10:00,11:30,1,1,False,LOW,3,0,1446,28.7,-1.92,-2782,0.97,-0.47,8159,3.69,0.78,-8.43,-1.21,477,1250,-1143,2282,-4149,-2156,658
10:00,11:30,1,1,False,LOW,0,50,1446,43.8,-2.64,-3824,0.94,-1.07,5462,1.07,0.34,-6.95,-1.75,512,-226,-316,860,-2481,-1212,-962
10:00,11:30,1,1,False,LOW,0,100,1446,31.5,-1.71,-2470,0.97,-0.50,8400,4.17,0.97,-8.52,-1.58,246,488,-615,3120,-2613,-3100,6
10:00,11:30,1,1,False,LOW,0,0,1446,26.1,-1.04,-1503,0.98,-0.22,8221,3.28,0.59,-6.04,-0.78,272,1294,-178,1154,-2474,-3275,1705
10:00,11:30,1,1,False,P40,1,0,1446,47.6,-5.45,-7878,0.87,-2.60,8430,-1.01,-0.36,-10.58,-3.44,-14,-599,-345,171,-2034,-3129,-1929
10:00,11:30,1,1,False,P40,2,0,1446,34.0,-3.85,-5565,0.93,-1.34,9712,3.26,0.82,-12.08,-2.92,39,305,1089,1095,-3314,-4259,-519
10:00,11:30,1,1,False,P40,3,0,1446,29.0,-3.17,-4585,0.94,-0.94,9223,4.26,0.92,-11.77,-2.40,51,1613,-406,2046,-2856,-3452,-1581
10:00,11:30,1,1,False,P40,0,50,1446,43.1,-4.56,-6593,0.90,-1.96,7795,0.86,0.27,-10.84,-3.19,118,-126,-341,1017,-2903,-2826,-1533
10:00,11:30,1,1,False,P40,0,100,1446,30.6,-3.69,-5329,0.93,-1.17,10116,3.94,0.91,-12.52,-2.76,-154,1107,-262,2368,-2905,-4092,-1393
10:00,11:30,1,1,False,P40,0,0,1446,26.0,-3.27,-4735,0.94,-0.80,9702,4.59,0.82,-12.38,-2.08,-128,2032,1533,123,-1917,-3925,-2452
10:00,11:30,1,1,False,LOW,1,0,1442,49.4,-2.24,-3231,0.95,-0.84,6043,-1.07,-0.37,-3.60,-0.77,229,-1309,-168,416,-1295,-2005,902
10:00,11:30,1,1,False,LOW,2,0,1442,34.3,-2.41,-3474,0.96,-0.67,9425,2.81,0.70,-8.48,-1.37,428,297,254,1203,-3146,-4054,1545
10:00,11:30,1,1,False,LOW,3,0,1442,28.7,-1.89,-2723,0.97,-0.46,8140,3.75,0.79,-8.44,-1.21,477,1289,-1143,2282,-4326,-1960,658
10:00,11:30,1,1,False,LOW,0,50,1442,43.8,-2.71,-3915,0.94,-1.09,5593,1.12,0.36,-7.17,-1.80,512,-186,-316,860,-2584,-1239,-962
10:00,11:30,1,1,False,LOW,0,100,1442,31.6,-1.69,-2437,0.97,-0.49,8407,4.23,0.98,-8.57,-1.58,246,527,-615,3120,-2816,-2904,6
10:00,11:30,1,1,False,LOW,0,0,1442,26.1,-0.98,-1418,0.98,-0.21,8176,3.33,0.59,-6.00,-0.78,272,1334,-178,1154,-2625,-3079,1705
10:00,11:30,1,1,False,P40,1,0,1442,47.6,-5.57,-8032,0.87,-2.66,8584,-0.91,-0.32,-10.99,-3.57,-14,-517,-345,171,-2113,-3286,-1929
10:00,11:30,1,1,False,P40,2,0,1442,34.0,-3.96,-5718,0.93,-1.38,9947,3.37,0.85,-12.48,-3.01,39,387,1089,1095,-3473,-4335,-519
10:00,11:30,1,1,False,P40,3,0,1442,28.9,-3.33,-4806,0.94,-0.99,9526,4.37,0.95,-12.28,-2.50,51,1695,-406,2046,-3003,-3608,-1581
10:00,11:30,1,1,False,P40,0,50,1442,43.0,-4.72,-6807,0.90,-2.03,8091,0.97,0.30,-11.33,-3.33,118,-44,-341,1017,-3001,-3023,-1533
10:00,11:30,1,1,False,P40,0,100,1442,30.6,-3.86,-5562,0.93,-1.22,10431,4.05,0.93,-13.05,-2.88,-154,1189,-262,2368,-3104,-4208,-1393
10:00,11:30,1,1,False,P40,0,0,1442,25.9,-3.45,-4977,0.94,-0.84,10026,4.70,0.84,-12.92,-2.17,-128,2114,1533,123,-2064,-4102,-2452
10:00,11:30,1,1,False,LOW,1,0,565,52.6,2.52,1422,1.06,0.54,2349,1.89,0.41,3.33,0.37,477,773,-761,118,943,-180,53
10:00,11:30,1,1,False,LOW,2,0,565,35.6,-4.69,-2649,0.92,-0.78,7006,6.67,1.06,-19.52,-1.75,1044,1387,-723,427,-944,-3791,-49
10:00,11:30,1,1,False,LOW,3,0,565,28.0,-8.91,-5034,0.86,-1.33,7991,0.58,0.08,-21.31,-1.74,1202,300,-1700,386,-1502,-3291,-429
10:00,11:30,1,1,False,LOW,0,50,565,47.1,1.29,731,1.03,0.31,2280,3.83,0.79,-2.02,-0.28,964,695,-493,61,153,-3,-645
10:00,11:30,1,1,False,LOW,0,100,565,31.3,-5.22,-2948,0.91,-0.93,6170,1.67,0.25,-14.21,-1.49,981,487,-1163,230,-1184,-1650,-649
10:00,11:30,1,1,False,LOW,0,0,565,25.0,-7.57,-4278,0.89,-0.99,7795,-0.44,-0.05,-16.89,-1.20,1220,1175,-2235,-300,-426,-3560,-153
10:00,11:30,1,1,False,P40,1,0,565,51.2,-1.44,-814,0.96,-0.40,2791,3.27,0.74,-7.59,-1.28,627,687,-350,83,-158,-845,-858
10:00,11:30,1,1,False,P40,2,0,565,32.6,-9.11,-5145,0.84,-1.94,7729,-1.23,-0.20,-19.40,-2.65,972,-178,-588,-598,-1865,-2427,-462
10:00,11:30,1,1,False,P40,3,0,565,27.6,-7.18,-4059,0.88,-1.30,7679,1.08,0.15,-17.98,-2.11,1122,423,-487,-712,-1547,-2262,-597
10:00,11:30,1,1,False,P40,0,50,565,45.5,-1.86,-1052,0.96,-0.47,3432,2.37,0.48,-7.39,-1.15,887,524,-282,-371,-175,-876,-759
10:00,11:30,1,1,False,P40,0,100,565,29.6,-7.90,-4465,0.86,-1.54,7610,0.76,0.11,-19.21,-2.42,944,304,-658,-348,-1626,-2698,-384
10:00,11:30,1,1,False,P40,0,0,565,23.5,-10.10,-5705,0.84,-1.54,8530,0.10,0.01,-23.41,-2.23,1183,875,-1151,-876,-660,-3732,-1345
10:00,11:30,1,1,False,LOW,1,0,565,52.6,2.52,1422,1.06,0.54,2349,1.89,0.41,3.33,0.37,477,773,-761,118,943,-180,53
10:00,11:30,1,1,False,LOW,2,0,565,35.6,-4.69,-2649,0.92,-0.78,7006,6.67,1.06,-19.52,-1.75,1044,1387,-723,427,-944,-3791,-49
10:00,11:30,1,1,False,LOW,3,0,565,28.0,-8.91,-5034,0.86,-1.33,7991,0.58,0.08,-21.31,-1.74,1202,300,-1700,386,-1502,-3291,-429
10:00,11:30,1,1,False,LOW,0,50,565,47.1,1.29,731,1.03,0.31,2280,3.83,0.79,-2.02,-0.28,964,695,-493,61,153,-3,-645
10:00,11:30,1,1,False,LOW,0,100,565,31.3,-5.22,-2948,0.91,-0.93,6170,1.67,0.25,-14.21,-1.49,981,487,-1163,230,-1184,-1650,-649
10:00,11:30,1,1,False,LOW,0,0,565,25.0,-7.57,-4278,0.89,-0.99,7795,-0.44,-0.05,-16.89,-1.20,1220,1175,-2235,-300,-426,-3560,-153
10:00,11:30,1,1,False,P40,1,0,565,51.2,-1.44,-814,0.96,-0.40,2791,3.27,0.74,-7.59,-1.28,627,687,-350,83,-158,-845,-858
10:00,11:30,1,1,False,P40,2,0,565,32.6,-9.11,-5145,0.84,-1.94,7729,-1.23,-0.20,-19.40,-2.65,972,-178,-588,-598,-1865,-2427,-462
10:00,11:30,1,1,False,P40,3,0,565,27.6,-7.18,-4059,0.88,-1.30,7679,1.08,0.15,-17.98,-2.11,1122,423,-487,-712,-1547,-2262,-597
10:00,11:30,1,1,False,P40,0,50,565,45.5,-1.86,-1052,0.96,-0.47,3432,2.37,0.48,-7.39,-1.15,887,524,-282,-371,-175,-876,-759
10:00,11:30,1,1,False,P40,0,100,565,29.6,-7.90,-4465,0.86,-1.54,7610,0.76,0.11,-19.21,-2.42,944,304,-658,-348,-1626,-2698,-384
10:00,11:30,1,1,False,P40,0,0,565,23.5,-10.10,-5705,0.84,-1.54,8530,0.10,0.01,-23.41,-2.23,1183,875,-1151,-876,-660,-3732,-1345
10:00,11:30,1,1,False,LOW,1,0,1247,50.8,0.77,956,1.02,0.25,3093,-1.53,-0.47,3.51,0.66,386,-542,-1529,645,438,383,1176
10:00,11:30,1,1,False,LOW,2,0,1247,36.2,1.27,1584,1.02,0.31,5496,5.74,1.28,-4.06,-0.58,704,1028,36,2125,-1821,-1601,1113
10:00,11:30,1,1,False,LOW,3,0,1247,30.4,0.80,999,1.01,0.17,6068,6.56,1.25,-6.07,-0.77,835,2270,-2179,3526,-3191,-764,502
10:00,11:30,1,1,False,LOW,0,50,1247,46.8,0.72,904,1.02,0.27,2774,2.09,0.62,-0.90,-0.20,900,590,-1364,1289,-1162,257,394
10:00,11:30,1,1,False,LOW,0,100,1247,33.6,0.43,541,1.01,0.12,5122,5.06,1.09,-5.08,-0.84,808,1296,-1770,3096,-2190,-752,52
10:00,11:30,1,1,False,LOW,0,0,1247,28.0,1.57,1963,1.02,0.31,6879,7.71,1.25,-5.73,-0.67,687,2907,-1633,3264,-2128,-2440,1305
10:00,11:30,1,1,False,P40,1,0,1247,48.7,-4.19,-5220,0.90,-1.86,6412,-0.57,-0.19,-8.49,-2.54,243,-688,-849,905,-2212,-1209,-1411
10:00,11:30,1,1,False,P40,2,0,1247,35.4,-1.01,-1254,0.98,-0.32,6752,5.50,1.29,-8.75,-1.91,471,1108,278,1872,-3663,-1641,322
10:00,11:30,1,1,False,P40,3,0,1247,29.9,-1.42,-1766,0.97,-0.39,8997,8.03,1.60,-12.67,-2.40,664,2301,-611,3092,-4288,-2031,-894
10:00,11:30,1,1,False,P40,0,50,1247,45.0,-1.63,-2034,0.96,-0.65,4490,2.41,0.71,-6.44,-1.73,610,116,-523,1430,-2157,-877,-633
10:00,11:30,1,1,False,P40,0,100,1247,31.7,-2.16,-2691,0.96,-0.63,8127,5.46,1.17,-11.23,-2.28,537,1573,-955,2546,-3927,-1995,-471
10:00,11:30,1,1,False,P40,0,0,1247,26.8,-2.14,-2674,0.96,-0.48,9388,8.30,1.34,-14.59,-2.31,416,3207,58,1947,-2725,-3176,-2401
10:00,11:30,1,1,False,LOW,1,0,1246,50.8,0.72,900,1.02,0.24,3084,-1.52,-0.47,3.40,0.64,386,-533,-1529,645,438,318,1176
10:00,11:30,1,1,False,LOW,2,0,1246,36.2,1.17,1461,1.02,0.29,5628,5.75,1.29,-4.30,-0.61,704,1037,36,2125,-1821,-1732,1113
10:00,11:30,1,1,False,LOW,3,0,1246,30.3,0.65,810,1.01,0.14,6266,6.58,1.26,-6.43,-0.82,835,2279,-2179,3526,-3191,-962,502
10:00,11:30,1,1,False,LOW,0,50,1246,46.8,0.65,814,1.01,0.24,2774,2.10,0.62,-1.07,-0.24,900,599,-1364,1289,-1162,158,394
10:00,11:30,1,1,False,LOW,0,100,1246,33.5,0.28,351,1.00,0.08,5320,5.07,1.09,-5.44,-0.90,808,1305,-1770,3096,-2190,-950,52
10:00,11:30,1,1,False,LOW,0,0,1246,28.0,1.64,2040,1.03,0.32,6811,7.72,1.25,-5.62,-0.66,687,2916,-1633,3264,-2128,-2372,1305
10:00,11:30,1,1,False,P40,1,0,1246,48.6,-4.25,-5299,0.90,-1.89,6491,-0.57,-0.19,-8.64,-2.58,243,-688,-849,905,-2212,-1288,-1411
10:00,11:30,1,1,False,P40,2,0,1246,35.3,-1.13,-1413,0.98,-0.36,6910,5.50,1.29,-9.05,-1.98,471,1108,278,1872,-3663,-1799,322
10:00,11:30,1,1,False,P40,3,0,1246,29.9,-1.35,-1684,0.98,-0.37,8915,8.03,1.60,-12.55,-2.38,664,2301,-611,3092,-4288,-1949,-894
10:00,11:30,1,1,False,P40,0,50,1246,44.9,-1.71,-2133,0.96,-0.68,4588,2.41,0.71,-6.63,-1.78,610,116,-523,1430,-2157,-976,-633
10:00,11:30,1,1,False,P40,0,100,1246,31.6,-2.32,-2890,0.96,-0.68,8326,5.46,1.17,-11.60,-2.35,537,1573,-955,2546,-3927,-2193,-471
10:00,11:30,1,1,False,P40,0,0,1246,26.8,-2.08,-2592,0.96,-0.47,9306,8.30,1.34,-14.47,-2.29,416,3207,58,1947,-2725,-3094,-2401
10:00,11:30,1,1,False,LOW,1,0,535,54.8,6.62,3541,1.15,1.36,1515,4.03,0.84,9.93,1.07,401,1043,-585,349,1066,852,415
10:00,11:30,1,1,False,LOW,2,0,535,37.4,-0.64,-340,0.99,-0.10,4697,10.50,1.60,-14.85,-1.28,871,1902,-335,712,-432,-2715,-343
10:00,11:30,1,1,False,LOW,3,0,535,30.1,-3.78,-2023,0.94,-0.54,5450,5.35,0.72,-15.44,-1.21,932,1100,-1300,874,-1279,-2141,-209
10:00,11:30,1,1,False,LOW,0,50,535,49.2,4.79,2565,1.11,1.11,1467,6.29,1.25,2.88,0.39,785,1188,-588,503,306,725,-354
10:00,11:30,1,1,False,LOW,0,100,535,34.0,1.59,848,1.03,0.27,3109,8.09,1.16,-6.72,-0.67,858,1345,-628,852,-891,-260,-429
10:00,11:30,1,1,False,LOW,0,0,535,27.3,-0.86,-461,0.99,-0.11,4939,7.79,0.88,-11.91,-0.82,988,2507,-2014,857,-265,-2602,68
10:00,11:30,1,1,False,P40,1,0,535,51.4,-1.22,-654,0.97,-0.33,2585,3.57,0.78,-7.33,-1.20,552,933,-817,403,-632,-238,-854
10:00,11:30,1,1,False,P40,2,0,535,34.0,-5.91,-3164,0.89,-1.21,5736,0.80,0.13,-14.49,-1.89,737,683,-1135,-44,-1537,-1330,-539
10:00,11:30,1,1,False,P40,3,0,535,29.2,-3.64,-1949,0.94,-0.63,6303,4.46,0.60,-13.99,-1.57,1047,1306,-893,-122,-1539,-1315,-433
10:00,11:30,1,1,False,P40,0,50,535,46.7,0.00,1,1.00,0.00,2380,3.15,0.61,-4.01,-0.60,772,952,-889,110,-208,41,-776
10:00,11:30,1,1,False,P40,0,100,535,31.2,-4.26,-2279,0.92,-0.80,6123,3.33,0.48,-13.95,-1.68,909,1119,-1124,96,-1578,-1481,-220
10:00,11:30,1,1,False,P40,0,0,535,24.9,-7.51,-4020,0.88,-1.10,7222,2.81,0.32,-20.69,-1.91,1039,2164,-2264,-97,-744,-2937,-1181
10:00,11:30,1,1,False,LOW,1,0,535,54.8,6.62,3541,1.15,1.36,1515,4.03,0.84,9.93,1.07,401,1043,-585,349,1066,852,415
10:00,11:30,1,1,False,LOW,2,0,535,37.4,-0.64,-340,0.99,-0.10,4697,10.50,1.60,-14.85,-1.28,871,1902,-335,712,-432,-2715,-343
10:00,11:30,1,1,False,LOW,3,0,535,30.1,-3.78,-2023,0.94,-0.54,5450,5.35,0.72,-15.44,-1.21,932,1100,-1300,874,-1279,-2141,-209
10:00,11:30,1,1,False,LOW,0,50,535,49.2,4.79,2565,1.11,1.11,1467,6.29,1.25,2.88,0.39,785,1188,-588,503,306,725,-354
10:00,11:30,1,1,False,LOW,0,100,535,34.0,1.59,848,1.03,0.27,3109,8.09,1.16,-6.72,-0.67,858,1345,-628,852,-891,-260,-429
10:00,11:30,1,1,False,LOW,0,0,535,27.3,-0.86,-461,0.99,-0.11,4939,7.79,0.88,-11.91,-0.82,988,2507,-2014,857,-265,-2602,68
10:00,11:30,1,1,False,P40,1,0,535,51.4,-1.22,-654,0.97,-0.33,2585,3.57,0.78,-7.33,-1.20,552,933,-817,403,-632,-238,-854
10:00,11:30,1,1,False,P40,2,0,535,34.0,-5.91,-3164,0.89,-1.21,5736,0.80,0.13,-14.49,-1.89,737,683,-1135,-44,-1537,-1330,-539
10:00,11:30,1,1,False,P40,3,0,535,29.2,-3.64,-1949,0.94,-0.63,6303,4.46,0.60,-13.99,-1.57,1047,1306,-893,-122,-1539,-1315,-433
10:00,11:30,1,1,False,P40,0,50,535,46.7,0.00,1,1.00,0.00,2380,3.15,0.61,-4.01,-0.60,772,952,-889,110,-208,41,-776
10:00,11:30,1,1,False,P40,0,100,535,31.2,-4.26,-2279,0.92,-0.80,6123,3.33,0.48,-13.95,-1.68,909,1119,-1124,96,-1578,-1481,-220
10:00,11:30,1,1,False,P40,0,0,535,24.9,-7.51,-4020,0.88,-1.10,7222,2.81,0.32,-20.69,-1.91,1039,2164,-2264,-97,-744,-2937,-1181
10:00,11:30,1,1,False,LOW,1,0,884,50.2,0.13,113,1.00,0.03,3362,-3.56,-0.91,4.57,0.67,95,-915,-1733,833,52,1156,626
10:00,11:30,1,1,False,LOW,2,0,884,35.4,-1.23,-1084,0.98,-0.25,3881,1.29,0.25,-4.26,-0.48,455,-689,-656,1514,-591,-1239,122
10:00,11:30,1,1,False,LOW,3,0,884,30.7,1.10,969,1.02,0.19,3497,2.83,0.46,-1.00,-0.10,783,-239,-474,1298,-1211,669,143
10:00,11:30,1,1,False,LOW,0,50,884,47.1,-0.27,-242,0.99,-0.08,2671,-1.24,-0.31,0.89,0.16,323,-604,-1518,1199,-72,733,-303
10:00,11:30,1,1,False,LOW,0,100,884,33.6,-1.12,-987,0.98,-0.25,3779,-0.67,-0.12,-1.65,-0.22,702,-212,-1933,1120,-1281,402,216
10:00,11:30,1,1,False,LOW,0,0,884,27.7,2.24,1979,1.03,0.34,3911,4.03,0.54,0.08,0.01,583,543,-253,1072,-438,-1306,1778
10:00,11:30,1,1,False,P40,1,0,884,48.0,-5.23,-4621,0.88,-1.95,5283,-4.86,-1.34,-5.67,-1.42,-105,-1370,-1479,605,-1294,38,-1016
10:00,11:30,1,1,False,P40,2,0,884,33.7,-4.53,-4004,0.92,-1.23,6067,0.88,0.18,-11.05,-2.04,597,-545,-525,899,-2954,-913,-564
10:00,11:30,1,1,False,P40,3,0,884,28.2,-5.55,-4910,0.90,-1.29,7470,2.13,0.36,-14.81,-2.36,726,-452,335,421,-3482,-1378,-1080
10:00,11:30,1,1,False,P40,0,50,884,43.4,-4.37,-3864,0.91,-1.47,4909,-2.71,-0.67,-6.38,-1.44,116,-1129,-1145,851,-1799,40,-799
10:00,11:30,1,1,False,P40,0,100,884,30.0,-6.20,-5481,0.89,-1.55,7723,-0.39,-0.07,-13.19,-2.25,623,-686,-610,483,-3392,-981,-919
10:00,11:30,1,1,False,P40,0,0,884,24.8,-5.83,-5156,0.90,-1.09,8149,2.94,0.41,-16.40,-2.06,505,11,1457,-553,-2318,-2424,-1833
10:00,11:30,1,1,False,LOW,1,0,884,50.2,0.13,113,1.00,0.03,3362,-3.56,-0.91,4.57,0.67,95,-915,-1733,833,52,1156,626
10:00,11:30,1,1,False,LOW,2,0,884,35.4,-1.23,-1084,0.98,-0.25,3881,1.29,0.25,-4.26,-0.48,455,-689,-656,1514,-591,-1239,122
10:00,11:30,1,1,False,LOW,3,0,884,30.7,1.10,969,1.02,0.19,3497,2.83,0.46,-1.00,-0.10,783,-239,-474,1298,-1211,669,143
10:00,11:30,1,1,False,LOW,0,50,884,47.1,-0.27,-242,0.99,-0.08,2671,-1.24,-0.31,0.89,0.16,323,-604,-1518,1199,-72,733,-303
10:00,11:30,1,1,False,LOW,0,100,884,33.6,-1.12,-987,0.98,-0.25,3779,-0.67,-0.12,-1.65,-0.22,702,-212,-1933,1120,-1281,402,216
10:00,11:30,1,1,False,LOW,0,0,884,27.7,2.24,1979,1.03,0.34,3911,4.03,0.54,0.08,0.01,583,543,-253,1072,-438,-1306,1778
10:00,11:30,1,1,False,P40,1,0,884,48.0,-5.23,-4621,0.88,-1.95,5283,-4.86,-1.34,-5.67,-1.42,-105,-1370,-1479,605,-1294,38,-1016
10:00,11:30,1,1,False,P40,2,0,884,33.7,-4.53,-4004,0.92,-1.23,6067,0.88,0.18,-11.05,-2.04,597,-545,-525,899,-2954,-913,-564
10:00,11:30,1,1,False,P40,3,0,884,28.2,-5.55,-4910,0.90,-1.29,7470,2.13,0.36,-14.81,-2.36,726,-452,335,421,-3482,-1378,-1080
10:00,11:30,1,1,False,P40,0,50,884,43.4,-4.37,-3864,0.91,-1.47,4909,-2.71,-0.67,-6.38,-1.44,116,-1129,-1145,851,-1799,40,-799
10:00,11:30,1,1,False,P40,0,100,884,30.0,-6.20,-5481,0.89,-1.55,7723,-0.39,-0.07,-13.19,-2.25,623,-686,-610,483,-3392,-981,-919
10:00,11:30,1,1,False,P40,0,0,884,24.8,-5.83,-5156,0.90,-1.09,8149,2.94,0.41,-16.40,-2.06,505,11,1457,-553,-2318,-2424,-1833
10:00,11:30,1,1,False,LOW,1,0,449,51.7,1.11,501,1.02,0.20,2132,-3.30,-0.65,6.82,0.63,236,18,-1353,264,1145,711,-519
10:00,11:30,1,1,False,LOW,2,0,449,35.9,-5.32,-2387,0.92,-0.75,4706,3.91,0.57,-17.23,-1.28,638,713,-925,565,110,-2578,-909
10:00,11:30,1,1,False,LOW,3,0,449,30.1,-6.86,-3082,0.90,-0.88,4978,-0.78,-0.10,-14.71,-1.00,804,314,-1669,354,-631,-1581,-673
10:00,11:30,1,1,False,LOW,0,50,449,47.0,-0.75,-338,0.98,-0.16,1888,-0.63,-0.12,-0.91,-0.11,490,-235,-952,538,618,321,-1117
10:00,11:30,1,1,False,LOW,0,100,449,33.2,-3.56,-1599,0.94,-0.55,3846,-1.41,-0.19,-6.34,-0.55,727,360,-1870,428,-517,86,-812
10:00,11:30,1,1,False,LOW,0,0,449,27.4,-2.60,-1167,0.96,-0.28,3963,2.43,0.26,-9.10,-0.53,857,1423,-1860,197,175,-1735,-224
10:00,11:30,1,1,False,P40,1,0,449,49.9,-3.89,-1747,0.91,-0.95,2656,-0.84,-0.17,-7.82,-1.14,316,-489,-943,902,-283,-168,-1083
10:00,11:30,1,1,False,P40,2,0,449,33.2,-8.31,-3731,0.85,-1.56,5602,-1.79,-0.26,-16.72,-1.97,580,-135,-1186,287,-1252,-1099,-927
10:00,11:30,1,1,False,P40,3,0,449,29.0,-5.72,-2568,0.90,-0.92,5183,1.72,0.21,-15.32,-1.56,890,475,-977,46,-1496,-686,-821
10:00,11:30,1,1,False,P40,0,50,449,45.0,-3.59,-1610,0.92,-0.80,2678,-1.97,-0.35,-5.68,-0.76,476,-575,-968,569,21,-30,-1104
10:00,11:30,1,1,False,P40,0,100,449,30.7,-6.42,-2884,0.89,-1.10,5402,-0.08,-0.01,-14.62,-1.58,752,156,-1214,288,-1487,-891,-487
10:00,11:30,1,1,False,P40,0,0,449,24.9,-8.53,-3831,0.86,-1.13,5848,1.89,0.20,-21.98,-1.79,882,1114,-1214,-303,-814,-1943,-1552
10:00,11:30,1,1,False,LOW,1,0,449,51.7,1.11,501,1.02,0.20,2132,-3.30,-0.65,6.82,0.63,236,18,-1353,264,1145,711,-519
10:00,11:30,1,1,False,LOW,2,0,449,35.9,-5.32,-2387,0.92,-0.75,4706,3.91,0.57,-17.23,-1.28,638,713,-925,565,110,-2578,-909
10:00,11:30,1,1,False,LOW,3,0,449,30.1,-6.86,-3082,0.90,-0.88,4978,-0.78,-0.10,-14.71,-1.00,804,314,-1669,354,-631,-1581,-673
10:00,11:30,1,1,False,LOW,0,50,449,47.0,-0.75,-338,0.98,-0.16,1888,-0.63,-0.12,-0.91,-0.11,490,-235,-952,538,618,321,-1117
10:00,11:30,1,1,False,LOW,0,100,449,33.2,-3.56,-1599,0.94,-0.55,3846,-1.41,-0.19,-6.34,-0.55,727,360,-1870,428,-517,86,-812
10:00,11:30,1,1,False,LOW,0,0,449,27.4,-2.60,-1167,0.96,-0.28,3963,2.43,0.26,-9.10,-0.53,857,1423,-1860,197,175,-1735,-224
10:00,11:30,1,1,False,P40,1,0,449,49.9,-3.89,-1747,0.91,-0.95,2656,-0.84,-0.17,-7.82,-1.14,316,-489,-943,902,-283,-168,-1083
10:00,11:30,1,1,False,P40,2,0,449,33.2,-8.31,-3731,0.85,-1.56,5602,-1.79,-0.26,-16.72,-1.97,580,-135,-1186,287,-1252,-1099,-927
10:00,11:30,1,1,False,P40,3,0,449,29.0,-5.72,-2568,0.90,-0.92,5183,1.72,0.21,-15.32,-1.56,890,475,-977,46,-1496,-686,-821
10:00,11:30,1,1,False,P40,0,50,449,45.0,-3.59,-1610,0.92,-0.80,2678,-1.97,-0.35,-5.68,-0.76,476,-575,-968,569,21,-30,-1104
10:00,11:30,1,1,False,P40,0,100,449,30.7,-6.42,-2884,0.89,-1.10,5402,-0.08,-0.01,-14.62,-1.58,752,156,-1214,288,-1487,-891,-487
10:00,11:30,1,1,False,P40,0,0,449,24.9,-8.53,-3831,0.86,-1.13,5848,1.89,0.20,-21.98,-1.79,882,1114,-1214,-303,-814,-1943,-1552
10:00,11:30,1,1,True,LOW,1,0,1040,48.0,-3.78,-3926,0.92,-1.16,5808,-3.78,-1.07,-3.76,-0.65,-1,-794,-1315,-10,-622,-840,-345
10:00,11:30,1,1,True,LOW,2,0,1040,33.6,-5.18,-5384,0.91,-1.20,8071,0.44,0.09,-11.73,-1.57,163,-40,-1248,1371,-2718,-3294,382
10:00,11:30,1,1,True,LOW,3,0,1040,28.0,-4.88,-5075,0.92,-1.00,8475,1.49,0.26,-12.31,-1.49,481,142,-2057,2271,-3802,-2105,-4
10:00,11:30,1,1,True,LOW,0,50,1040,43.6,-4.46,-4642,0.90,-1.50,5383,-1.93,-0.52,-7.42,-1.56,288,-602,-1090,324,-1694,-459,-1409
10:00,11:30,1,1,True,LOW,0,100,1040,30.7,-5.25,-5465,0.91,-1.30,6902,-1.00,-0.20,-10.22,-1.58,274,-562,-1757,1484,-2127,-1546,-1231
10:00,11:30,1,1,True,LOW,0,0,1040,24.9,-4.05,-4211,0.94,-0.72,8600,-0.39,-0.06,-8.32,-0.87,287,973,-2320,844,-2459,-2850,1315
10:00,11:30,1,1,True,P40,1,0,1040,46.7,-6.88,-7154,0.84,-2.79,7311,-3.59,-1.07,-10.72,-2.95,-409,-946,-797,143,-1284,-2187,-1676
10:00,11:30,1,1,True,P40,2,0,1040,32.1,-7.61,-7915,0.86,-2.27,8781,-0.77,-0.17,-15.59,-3.22,-37,-1286,542,350,-3603,-2838,-1043
10:00,11:30,1,1,True,P40,3,0,1040,26.9,-6.60,-6863,0.89,-1.67,8803,1.25,0.23,-15.76,-2.76,50,-522,116,1058,-3544,-2610,-1411
10:00,11:30,1,1,True,P40,0,50,1040,41.9,-6.54,-6800,0.86,-2.39,7286,-2.27,-0.61,-11.52,-2.87,-123,-1210,-410,470,-2512,-1939,-1077
10:00,11:30,1,1,True,P40,0,100,1040,28.7,-7.49,-7793,0.87,-2.03,8875,-1.29,-0.25,-14.73,-2.76,-115,-1023,-181,596,-3084,-2580,-1407
10:00,11:30,1,1,True,P40,0,0,1040,23.4,-7.45,-7745,0.88,-1.53,9579,1.03,0.16,-17.34,-2.40,-103,324,489,-133,-2635,-3931,-1757
10:00,11:30,1,1,True,LOW,1,0,1039,48.0,-3.78,-3925,0.92,-1.15,5807,-3.77,-1.06,-3.79,-0.66,-1,-785,-1315,-10,-622,-848,-345
10:00,11:30,1,1,True,LOW,2,0,1039,33.6,-5.18,-5383,0.91,-1.20,8079,0.46,0.09,-11.77,-1.58,163,-31,-1248,1371,-2718,-3302,382
10:00,11:30,1,1,True,LOW,3,0,1039,28.0,-4.88,-5074,0.92,-1.00,8483,1.51,0.27,-12.36,-1.49,481,151,-2057,2271,-3802,-2113,-4
10:00,11:30,1,1,True,LOW,0,50,1039,43.6,-4.47,-4641,0.90,-1.50,5382,-1.91,-0.51,-7.45,-1.56,288,-593,-1090,324,-1694,-467,-1409
10:00,11:30,1,1,True,LOW,0,100,1039,30.7,-5.26,-5464,0.91,-1.30,6901,-0.99,-0.19,-10.25,-1.58,274,-553,-1757,1484,-2127,-1554,-1231
10:00,11:30,1,1,True,LOW,0,0,1039,24.9,-4.05,-4210,0.94,-0.72,8608,-0.37,-0.06,-8.36,-0.87,287,982,-2320,844,-2459,-2858,1315
10:00,11:30,1,1,True,P40,1,0,1039,46.7,-6.96,-7233,0.84,-2.82,7390,-3.59,-1.07,-10.91,-3.00,-409,-946,-797,143,-1284,-2266,-1676
10:00,11:30,1,1,True,P40,2,0,1039,32.1,-7.77,-8074,0.86,-2.32,8939,-0.77,-0.17,-15.95,-3.30,-37,-1286,542,350,-3603,-2996,-1043
10:00,11:30,1,1,True,P40,3,0,1039,26.9,-6.83,-7101,0.88,-1.73,9041,1.25,0.23,-16.29,-2.86,50,-522,116,1058,-3544,-2848,-1411
10:00,11:30,1,1,True,P40,0,50,1039,41.9,-6.64,-6899,0.86,-2.43,7384,-2.27,-0.61,-11.75,-2.93,-123,-1210,-410,470,-2512,-2038,-1077
10:00,11:30,1,1,True,P40,0,100,1039,28.6,-7.69,-7991,0.87,-2.09,9074,-1.29,-0.25,-15.18,-2.85,-115,-1023,-181,596,-3084,-2779,-1407
10:00,11:30,1,1,True,P40,0,0,1039,23.3,-7.70,-8005,0.87,-1.58,9838,1.03,0.16,-17.92,-2.49,-103,324,489,-133,-2635,-4191,-1757
10:00,11:30,1,1,True,LOW,1,0,565,52.6,2.60,1472,1.06,0.56,2282,1.88,0.41,3.55,0.39,473,773,-761,118,943,-127,53
10:00,11:30,1,1,True,LOW,2,0,565,35.4,-4.83,-2732,0.92,-0.80,6953,6.25,1.00,-19.31,-1.73,908,1387,-723,427,-944,-3738,-49
10:00,11:30,1,1,True,LOW,3,0,565,28.0,-8.81,-4977,0.87,-1.32,7937,0.60,0.08,-21.09,-1.72,1206,300,-1700,386,-1502,-3237,-429
10:00,11:30,1,1,True,LOW,0,50,565,46.9,1.14,642,1.03,0.27,2226,3.38,0.70,-1.80,-0.25,821,695,-493,61,153,51,-645
10:00,11:30,1,1,True,LOW,0,100,565,31.3,-5.12,-2890,0.91,-0.92,6117,1.68,0.26,-13.99,-1.46,985,487,-1163,230,-1184,-1596,-649
10:00,11:30,1,1,True,LOW,0,0,565,25.0,-7.47,-4220,0.89,-0.98,7741,-0.42,-0.05,-16.67,-1.19,1224,1175,-2235,-300,-426,-3506,-153
10:00,11:30,1,1,True,P40,1,0,565,50.8,-2.01,-1135,0.95,-0.56,2952,2.77,0.62,-8.25,-1.39,466,687,-350,83,-158,-1006,-858
10:00,11:30,1,1,True,P40,2,0,565,32.6,-9.21,-5204,0.83,-1.96,7729,-1.41,-0.23,-19.40,-2.65,913,-178,-588,-598,-1865,-2427,-462
10:00,11:30,1,1,True,P40,3,0,565,27.6,-7.29,-4118,0.88,-1.32,7679,0.90,0.12,-17.98,-2.11,1063,423,-487,-712,-1547,-2262,-597
10:00,11:30,1,1,True,P40,0,50,565,45.3,-2.18,-1232,0.95,-0.55,3432,1.81,0.36,-7.39,-1.15,706,524,-282,-371,-175,-876,-759
10:00,11:30,1,1,True,P40,0,100,565,29.6,-8.01,-4524,0.86,-1.56,7610,0.57,0.09,-19.21,-2.42,885,304,-658,-348,-1626,-2698,-384
10:00,11:30,1,1,True,P40,0,0,565,23.5,-10.20,-5764,0.84,-1.55,8530,-0.09,-0.01,-23.41,-2.23,1124,875,-1151,-876,-660,-3732,-1345
10:00,11:30,1,1,True,LOW,1,0,565,52.6,2.63,1485,1.06,0.56,2282,1.88,0.41,3.60,0.40,473,773,-761,118,943,-113,53
10:00,11:30,1,1,True,LOW,2,0,565,35.4,-4.81,-2718,0.92,-0.80,6939,6.25,1.00,-19.25,-1.72,908,1387,-723,427,-944,-3724,-49
10:00,11:30,1,1,True,LOW,3,0,565,28.0,-8.78,-4963,0.87,-1.32,7924,0.60,0.08,-21.04,-1.72,1206,300,-1700,386,-1502,-3224,-429
10:00,11:30,1,1,True,LOW,0,50,565,46.9,1.16,655,1.03,0.28,2213,3.38,0.70,-1.75,-0.24,821,695,-493,61,153,64,-645
10:00,11:30,1,1,True,LOW,0,100,565,31.3,-5.09,-2877,0.91,-0.91,6103,1.68,0.26,-13.94,-1.46,985,487,-1163,230,-1184,-1583,-649
10:00,11:30,1,1,True,LOW,0,0,565,25.0,-7.45,-4207,0.89,-0.98,7728,-0.42,-0.05,-16.62,-1.18,1224,1175,-2235,-300,-426,-3493,-153
10:00,11:30,1,1,True,P40,1,0,565,50.8,-2.01,-1135,0.95,-0.56,2952,2.77,0.62,-8.25,-1.39,466,687,-350,83,-158,-1006,-858
10:00,11:30,1,1,True,P40,2,0,565,32.6,-9.21,-5204,0.83,-1.96,7729,-1.41,-0.23,-19.40,-2.65,913,-178,-588,-598,-1865,-2427,-462
10:00,11:30,1,1,True,P40,3,0,565,27.6,-7.29,-4118,0.88,-1.32,7679,0.90,0.12,-17.98,-2.11,1063,423,-487,-712,-1547,-2262,-597
10:00,11:30,1,1,True,P40,0,50,565,45.3,-2.18,-1232,0.95,-0.55,3432,1.81,0.36,-7.39,-1.15,706,524,-282,-371,-175,-876,-759
10:00,11:30,1,1,True,P40,0,100,565,29.6,-8.01,-4524,0.86,-1.56,7610,0.57,0.09,-19.21,-2.42,885,304,-658,-348,-1626,-2698,-384
10:00,11:30,1,1,True,P40,0,0,565,23.5,-10.20,-5764,0.84,-1.55,8530,-0.09,-0.01,-23.41,-2.23,1124,875,-1151,-876,-660,-3732,-1345
10:00,11:30,1,1,True,LOW,1,0,1039,48.5,-3.42,-3552,0.93,-1.04,5667,-3.19,-0.90,-3.69,-0.64,91,-653,-1226,4,-622,-801,-345
10:00,11:30,1,1,True,LOW,2,0,1039,34.0,-4.62,-4805,0.92,-1.07,8046,1.43,0.29,-11.70,-1.56,440,175,-1094,1280,-2718,-3269,382
10:00,11:30,1,1,True,LOW,3,0,1039,28.1,-4.53,-4711,0.93,-0.92,8301,2.02,0.35,-12.19,-1.47,457,357,-1837,2153,-3802,-2034,-4
10:00,11:30,1,1,True,LOW,0,50,1039,43.9,-4.17,-4337,0.91,-1.40,5307,-1.26,-0.34,-7.58,-1.58,411,-462,-967,311,-1694,-527,-1409
10:00,11:30,1,1,True,LOW,0,100,1039,30.9,-4.94,-5132,0.92,-1.22,6759,-0.29,-0.06,-10.38,-1.60,250,-348,-1534,1471,-2127,-1614,-1231
10:00,11:30,1,1,True,LOW,0,0,1039,25.2,-3.14,-3265,0.95,-0.56,7844,0.44,0.07,-7.34,-0.76,262,1188,-2032,831,-2459,-2369,1315
10:00,11:30,1,1,True,P40,1,0,1039,47.2,-6.18,-6420,0.86,-2.50,6932,-2.71,-0.81,-10.24,-2.81,-78,-785,-797,143,-1284,-1945,-1676
10:00,11:30,1,1,True,P40,2,0,1039,32.2,-7.18,-7458,0.87,-2.14,8699,-0.10,-0.02,-15.45,-3.19,99,-1046,542,350,-3603,-2756,-1043
10:00,11:30,1,1,True,P40,3,0,1039,27.0,-6.15,-6391,0.90,-1.55,8721,1.95,0.36,-15.62,-2.73,185,-267,116,1058,-3544,-2528,-1411
10:00,11:30,1,1,True,P40,0,50,1039,42.2,-6.05,-6281,0.87,-2.21,7204,-1.49,-0.40,-11.37,-2.83,134,-1030,-410,470,-2512,-1857,-1077
10:00,11:30,1,1,True,P40,0,100,1039,28.8,-7.05,-7321,0.88,-1.91,8793,-0.59,-0.12,-14.59,-2.73,20,-768,-181,596,-3084,-2498,-1407
10:00,11:30,1,1,True,P40,0,0,1039,23.6,-6.49,-6746,0.89,-1.33,8934,1.66,0.25,-16.03,-2.20,33,579,487,-167,-2635,-3286,-1757
10:00,11:30,1,1,True,LOW,1,0,1038,48.6,-3.34,-3472,0.93,-1.02,5587,-3.17,-0.89,-3.55,-0.61,91,-644,-1226,4,-622,-730,-345
10:00,11:30,1,1,True,LOW,2,0,1038,34.0,-4.55,-4725,0.92,-1.05,7975,1.45,0.30,-11.58,-1.54,440,184,-1094,1280,-2718,-3198,382
10:00,11:30,1,1,True,LOW,3,0,1038,28.1,-4.46,-4631,0.93,-0.91,8230,2.03,0.36,-12.07,-1.45,457,366,-1837,2153,-3802,-1963,-4
10:00,11:30,1,1,True,LOW,0,50,1038,43.9,-4.10,-4257,0.91,-1.37,5227,-1.25,-0.33,-7.45,-1.55,411,-453,-967,311,-1694,-456,-1409
10:00,11:30,1,1,True,LOW,0,100,1038,30.9,-4.87,-5052,0.92,-1.20,6679,-0.27,-0.05,-10.25,-1.58,250,-339,-1534,1471,-2127,-1543,-1231
10:00,11:30,1,1,True,LOW,0,0,1038,25.2,-3.07,-3185,0.95,-0.54,7773,0.46,0.07,-7.20,-0.75,262,1197,-2032,831,-2459,-2298,1315
10:00,11:30,1,1,True,P40,1,0,1038,47.1,-6.26,-6499,0.85,-2.53,7010,-2.71,-0.81,-10.42,-2.86,-78,-785,-797,143,-1284,-2023,-1676
10:00,11:30,1,1,True,P40,2,0,1038,32.2,-7.34,-7616,0.87,-2.19,8857,-0.10,-0.02,-15.82,-3.27,99,-1046,542,350,-3603,-2914,-1043
10:00,11:30,1,1,True,P40,3,0,1038,27.0,-6.39,-6629,0.89,-1.61,8959,1.95,0.36,-16.15,-2.83,185,-267,116,1058,-3544,-2766,-1411
10:00,11:30,1,1,True,P40,0,50,1038,42.1,-6.15,-6380,0.87,-2.24,7302,-1.49,-0.40,-11.60,-2.89,134,-1030,-410,470,-2512,-1956,-1077
10:00,11:30,1,1,True,P40,0,100,1038,28.7,-7.24,-7519,0.87,-1.96,8992,-0.59,-0.12,-15.04,-2.82,20,-768,-181,596,-3084,-2697,-1407
10:00,11:30,1,1,True,P40,0,0,1038,23.5,-6.75,-7006,0.89,-1.38,9193,1.66,0.25,-16.60,-2.28,33,579,487,-167,-2635,-3546,-1757
10:00,11:30,1,1,True,LOW,1,0,565,52.6,2.52,1422,1.06,0.54,2349,1.89,0.41,3.33,0.37,477,773,-761,118,943,-180,53
10:00,11:30,1,1,True,LOW,2,0,565,35.6,-4.69,-2649,0.92,-0.78,7006,6.67,1.06,-19.52,-1.75,1044,1387,-723,427,-944,-3791,-49
10:00,11:30,1,1,True,LOW,3,0,565,28.0,-8.91,-5034,0.86,-1.33,7991,0.58,0.08,-21.31,-1.74,1202,300,-1700,386,-1502,-3291,-429
10:00,11:30,1,1,True,LOW,0,50,565,47.1,1.29,731,1.03,0.31,2280,3.83,0.79,-2.02,-0.28,964,695,-493,61,153,-3,-645
10:00,11:30,1,1,True,LOW,0,100,565,31.3,-5.22,-2948,0.91,-0.93,6170,1.67,0.25,-14.21,-1.49,981,487,-1163,230,-1184,-1650,-649
10:00,11:30,1,1,True,LOW,0,0,565,25.0,-7.57,-4278,0.89,-0.99,7795,-0.44,-0.05,-16.89,-1.20,1220,1175,-2235,-300,-426,-3560,-153
10:00,11:30,1,1,True,P40,1,0,565,51.2,-1.44,-814,0.96,-0.40,2791,3.27,0.74,-7.59,-1.28,627,687,-350,83,-158,-845,-858
10:00,11:30,1,1,True,P40,2,0,565,32.6,-9.11,-5145,0.84,-1.94,7729,-1.23,-0.20,-19.40,-2.65,972,-178,-588,-598,-1865,-2427,-462
10:00,11:30,1,1,True,P40,3,0,565,27.6,-7.18,-4059,0.88,-1.30,7679,1.08,0.15,-17.98,-2.11,1122,423,-487,-712,-1547,-2262,-597
10:00,11:30,1,1,True,P40,0,50,565,45.5,-1.86,-1052,0.96,-0.47,3432,2.37,0.48,-7.39,-1.15,887,524,-282,-371,-175,-876,-759
10:00,11:30,1,1,True,P40,0,100,565,29.6,-7.90,-4465,0.86,-1.54,7610,0.76,0.11,-19.21,-2.42,944,304,-658,-348,-1626,-2698,-384
10:00,11:30,1,1,True,P40,0,0,565,23.5,-10.10,-5705,0.84,-1.54,8530,0.10,0.01,-23.41,-2.23,1183,875,-1151,-876,-660,-3732,-1345
10:00,11:30,1,1,True,LOW,1,0,565,52.6,2.52,1422,1.06,0.54,2349,1.89,0.41,3.33,0.37,477,773,-761,118,943,-180,53
10:00,11:30,1,1,True,LOW,2,0,565,35.6,-4.69,-2649,0.92,-0.78,7006,6.67,1.06,-19.52,-1.75,1044,1387,-723,427,-944,-3791,-49
10:00,11:30,1,1,True,LOW,3,0,565,28.0,-8.91,-5034,0.86,-1.33,7991,0.58,0.08,-21.31,-1.74,1202,300,-1700,386,-1502,-3291,-429
10:00,11:30,1,1,True,LOW,0,50,565,47.1,1.29,731,1.03,0.31,2280,3.83,0.79,-2.02,-0.28,964,695,-493,61,153,-3,-645
10:00,11:30,1,1,True,LOW,0,100,565,31.3,-5.22,-2948,0.91,-0.93,6170,1.67,0.25,-14.21,-1.49,981,487,-1163,230,-1184,-1650,-649
10:00,11:30,1,1,True,LOW,0,0,565,25.0,-7.57,-4278,0.89,-0.99,7795,-0.44,-0.05,-16.89,-1.20,1220,1175,-2235,-300,-426,-3560,-153
10:00,11:30,1,1,True,P40,1,0,565,51.2,-1.44,-814,0.96,-0.40,2791,3.27,0.74,-7.59,-1.28,627,687,-350,83,-158,-845,-858
10:00,11:30,1,1,True,P40,2,0,565,32.6,-9.11,-5145,0.84,-1.94,7729,-1.23,-0.20,-19.40,-2.65,972,-178,-588,-598,-1865,-2427,-462
10:00,11:30,1,1,True,P40,3,0,565,27.6,-7.18,-4059,0.88,-1.30,7679,1.08,0.15,-17.98,-2.11,1122,423,-487,-712,-1547,-2262,-597
10:00,11:30,1,1,True,P40,0,50,565,45.5,-1.86,-1052,0.96,-0.47,3432,2.37,0.48,-7.39,-1.15,887,524,-282,-371,-175,-876,-759
10:00,11:30,1,1,True,P40,0,100,565,29.6,-7.90,-4465,0.86,-1.54,7610,0.76,0.11,-19.21,-2.42,944,304,-658,-348,-1626,-2698,-384
10:00,11:30,1,1,True,P40,0,0,565,23.5,-10.10,-5705,0.84,-1.54,8530,0.10,0.01,-23.41,-2.23,1183,875,-1151,-876,-660,-3732,-1345
10:00,11:30,1,1,True,LOW,1,0,963,51.3,1.66,1597,1.04,0.48,2079,-1.23,-0.33,5.14,0.82,233,-300,-1040,457,826,1185,236
10:00,11:30,1,1,True,LOW,2,0,963,36.0,0.34,331,1.01,0.07,5387,6.13,1.19,-6.62,-0.82,583,638,11,1994,-1876,-1577,558
10:00,11:30,1,1,True,LOW,3,0,963,30.1,0.06,57,1.00,0.01,5843,6.78,1.13,-8.03,-0.90,622,1177,-1335,3105,-3289,-1039,816
10:00,11:30,1,1,True,LOW,0,50,963,47.0,0.88,849,1.02,0.28,1939,1.79,0.46,-0.22,-0.04,623,252,-1183,1251,-695,1260,-660
10:00,11:30,1,1,True,LOW,0,100,963,33.2,-0.23,-219,1.00,-0.05,3875,4.17,0.78,-5.52,-0.79,561,267,-918,2284,-1843,-74,-495
10:00,11:30,1,1,True,LOW,0,0,963,27.4,2.10,2025,1.03,0.35,5321,6.51,0.96,-3.20,-0.31,465,2331,-2239,2869,-2210,-1550,2359
10:00,11:30,1,1,True,P40,1,0,963,48.9,-3.83,-3693,0.91,-1.49,4793,-1.28,-0.37,-6.91,-1.80,93,-540,-854,627,-926,-671,-1423
10:00,11:30,1,1,True,P40,2,0,963,34.1,-3.65,-3516,0.93,-1.03,6415,3.30,0.68,-12.01,-2.33,284,128,255,1068,-3343,-1198,-710
10:00,11:30,1,1,True,P40,3,0,963,28.7,-3.50,-3373,0.94,-0.85,7462,4.80,0.85,-13.49,-2.24,515,506,59,1446,-3446,-1718,-734
10:00,11:30,1,1,True,P40,0,50,963,44.8,-2.01,-1932,0.96,-0.70,3572,0.87,0.22,-5.46,-1.28,380,-249,-607,933,-1371,-153,-864
10:00,11:30,1,1,True,P40,0,100,963,30.5,-4.14,-3987,0.93,-1.07,6459,1.73,0.33,-11.20,-1.98,390,16,-297,799,-3024,-1319,-552
10:00,11:30,1,1,True,P40,0,0,963,25.2,-4.11,-3963,0.93,-0.81,7647,4.72,0.70,-14.75,-1.92,294,1830,-727,1088,-2411,-2879,-1157
10:00,11:30,1,1,True,LOW,1,0,963,51.3,1.67,1606,1.04,0.48,2070,-1.22,-0.33,5.14,0.82,233,-291,-1040,457,826,1185,236
10:00,11:30,1,1,True,LOW,2,0,963,36.0,0.35,340,1.01,0.08,5387,6.15,1.19,-6.62,-0.82,583,647,11,1994,-1876,-1577,558
10:00,11:30,1,1,True,LOW,3,0,963,30.1,0.07,66,1.00,0.01,5843,6.80,1.14,-8.03,-0.90,622,1186,-1335,3105,-3289,-1039,816
10:00,11:30,1,1,True,LOW,0,50,963,47.0,0.89,858,1.02,0.28,1939,1.81,0.47,-0.22,-0.04,623,261,-1183,1251,-695,1260,-660
10:00,11:30,1,1,True,LOW,0,100,963,33.2,-0.22,-210,1.00,-0.05,3875,4.19,0.79,-5.52,-0.79,561,276,-918,2284,-1843,-74,-495
10:00,11:30,1,1,True,LOW,0,0,963,27.4,2.11,2034,1.03,0.35,5321,6.53,0.97,-3.20,-0.31,465,2340,-2239,2869,-2210,-1550,2359
10:00,11:30,1,1,True,P40,1,0,963,48.9,-3.83,-3693,0.91,-1.49,4793,-1.28,-0.37,-6.91,-1.80,93,-540,-854,627,-926,-671,-1423
10:00,11:30,1,1,True,P40,2,0,963,34.1,-3.65,-3516,0.93,-1.03,6415,3.30,0.68,-12.01,-2.33,284,128,255,1068,-3343,-1198,-710
10:00,11:30,1,1,True,P40,3,0,963,28.7,-3.50,-3373,0.94,-0.85,7462,4.80,0.85,-13.49,-2.24,515,506,59,1446,-3446,-1718,-734
10:00,11:30,1,1,True,P40,0,50,963,44.8,-2.01,-1932,0.96,-0.70,3572,0.87,0.22,-5.46,-1.28,380,-249,-607,933,-1371,-153,-864
10:00,11:30,1,1,True,P40,0,100,963,30.5,-4.14,-3987,0.93,-1.07,6459,1.73,0.33,-11.20,-1.98,390,16,-297,799,-3024,-1319,-552
10:00,11:30,1,1,True,P40,0,0,963,25.2,-4.11,-3963,0.93,-0.81,7647,4.72,0.70,-14.75,-1.92,294,1830,-727,1088,-2411,-2879,-1157
10:00,11:30,1,1,True,LOW,1,0,535,54.8,6.62,3541,1.15,1.36,1515,4.03,0.84,9.93,1.07,401,1043,-585,349,1066,852,415
10:00,11:30,1,1,True,LOW,2,0,535,37.4,-0.64,-340,0.99,-0.10,4697,10.50,1.60,-14.85,-1.28,871,1902,-335,712,-432,-2715,-343
10:00,11:30,1,1,True,LOW,3,0,535,30.1,-3.78,-2023,0.94,-0.54,5450,5.35,0.72,-15.44,-1.21,932,1100,-1300,874,-1279,-2141,-209
10:00,11:30,1,1,True,LOW,0,50,535,49.2,4.79,2565,1.11,1.11,1467,6.29,1.25,2.88,0.39,785,1188,-588,503,306,725,-354
10:00,11:30,1,1,True,LOW,0,100,535,34.0,1.59,848,1.03,0.27,3109,8.09,1.16,-6.72,-0.67,858,1345,-628,852,-891,-260,-429
10:00,11:30,1,1,True,LOW,0,0,535,27.3,-0.86,-461,0.99,-0.11,4939,7.79,0.88,-11.91,-0.82,988,2507,-2014,857,-265,-2602,68
10:00,11:30,1,1,True,P40,1,0,535,51.4,-1.22,-654,0.97,-0.33,2585,3.57,0.78,-7.33,-1.20,552,933,-817,403,-632,-238,-854
10:00,11:30,1,1,True,P40,2,0,535,34.0,-5.91,-3164,0.89,-1.21,5736,0.80,0.13,-14.49,-1.89,737,683,-1135,-44,-1537,-1330,-539
10:00,11:30,1,1,True,P40,3,0,535,29.2,-3.64,-1949,0.94,-0.63,6303,4.46,0.60,-13.99,-1.57,1047,1306,-893,-122,-1539,-1315,-433
10:00,11:30,1,1,True,P40,0,50,535,46.7,0.00,1,1.00,0.00,2380,3.15,0.61,-4.01,-0.60,772,952,-889,110,-208,41,-776
10:00,11:30,1,1,True,P40,0,100,535,31.2,-4.26,-2279,0.92,-0.80,6123,3.33,0.48,-13.95,-1.68,909,1119,-1124,96,-1578,-1481,-220
10:00,11:30,1,1,True,P40,0,0,535,24.9,-7.51,-4020,0.88,-1.10,7222,2.81,0.32,-20.69,-1.91,1039,2164,-2264,-97,-744,-2937,-1181
10:00,11:30,1,1,True,LOW,1,0,535,54.8,6.62,3541,1.15,1.36,1515,4.03,0.84,9.93,1.07,401,1043,-585,349,1066,852,415
10:00,11:30,1,1,True,LOW,2,0,535,37.4,-0.64,-340,0.99,-0.10,4697,10.50,1.60,-14.85,-1.28,871,1902,-335,712,-432,-2715,-343
10:00,11:30,1,1,True,LOW,3,0,535,30.1,-3.78,-2023,0.94,-0.54,5450,5.35,0.72,-15.44,-1.21,932,1100,-1300,874,-1279,-2141,-209
10:00,11:30,1,1,True,LOW,0,50,535,49.2,4.79,2565,1.11,1.11,1467,6.29,1.25,2.88,0.39,785,1188,-588,503,306,725,-354
10:00,11:30,1,1,True,LOW,0,100,535,34.0,1.59,848,1.03,0.27,3109,8.09,1.16,-6.72,-0.67,858,1345,-628,852,-891,-260,-429
10:00,11:30,1,1,True,LOW,0,0,535,27.3,-0.86,-461,0.99,-0.11,4939,7.79,0.88,-11.91,-0.82,988,2507,-2014,857,-265,-2602,68
10:00,11:30,1,1,True,P40,1,0,535,51.4,-1.22,-654,0.97,-0.33,2585,3.57,0.78,-7.33,-1.20,552,933,-817,403,-632,-238,-854
10:00,11:30,1,1,True,P40,2,0,535,34.0,-5.91,-3164,0.89,-1.21,5736,0.80,0.13,-14.49,-1.89,737,683,-1135,-44,-1537,-1330,-539
10:00,11:30,1,1,True,P40,3,0,535,29.2,-3.64,-1949,0.94,-0.63,6303,4.46,0.60,-13.99,-1.57,1047,1306,-893,-122,-1539,-1315,-433
10:00,11:30,1,1,True,P40,0,50,535,46.7,0.00,1,1.00,0.00,2380,3.15,0.61,-4.01,-0.60,772,952,-889,110,-208,41,-776
10:00,11:30,1,1,True,P40,0,100,535,31.2,-4.26,-2279,0.92,-0.80,6123,3.33,0.48,-13.95,-1.68,909,1119,-1124,96,-1578,-1481,-220
10:00,11:30,1,1,True,P40,0,0,535,24.9,-7.51,-4020,0.88,-1.10,7222,2.81,0.32,-20.69,-1.91,1039,2164,-2264,-97,-744,-2937,-1181
10:00,11:30,1,1,True,LOW,1,0,748,51.1,1.10,827,1.02,0.27,2942,-4.15,-0.98,7.41,0.99,137,-913,-1541,624,567,1859,94
10:00,11:30,1,1,True,LOW,2,0,748,36.1,-0.24,-178,1.00,-0.04,2836,2.29,0.40,-3.28,-0.34,644,-567,-817,1677,-673,-467,25
10:00,11:30,1,1,True,LOW,3,0,748,31.1,1.00,748,1.02,0.16,3096,2.92,0.44,-1.31,-0.12,849,-345,-1180,1868,-1776,923,409
10:00,11:30,1,1,True,LOW,0,50,748,47.3,-0.20,-148,1.00,-0.05,2621,-1.75,-0.40,1.67,0.28,378,-729,-1315,951,219,1417,-1069
10:00,11:30,1,1,True,LOW,0,100,748,34.0,-0.49,-364,0.99,-0.10,3632,-1.21,-0.21,0.39,0.05,768,-783,-1782,1301,-922,1341,-288
10:00,11:30,1,1,True,LOW,0,0,748,28.1,2.58,1929,1.04,0.37,3285,1.36,0.18,4.04,0.32,650,719,-2177,1362,-1008,258,2125
10:00,11:30,1,1,True,P40,1,0,748,48.3,-4.88,-3648,0.88,-1.67,4290,-5.01,-1.27,-4.72,-1.08,-23,-1239,-1355,572,-692,-6,-906
10:00,11:30,1,1,True,P40,2,0,748,33.0,-6.03,-4510,0.89,-1.51,6024,-0.93,-0.17,-12.15,-2.07,481,-1058,-581,779,-2678,-700,-753
10:00,11:30,1,1,True,P40,3,0,748,27.7,-6.51,-4873,0.89,-1.40,7358,0.04,0.01,-14.38,-2.10,730,-936,-307,529,-3103,-909,-877
10:00,11:30,1,1,True,P40,0,50,748,43.7,-4.06,-3035,0.91,-1.25,3988,-3.53,-0.81,-4.68,-0.97,198,-1278,-1080,719,-1176,252,-668
10:00,11:30,1,1,True,P40,0,100,748,29.5,-6.80,-5085,0.88,-1.56,7068,-2.61,-0.44,-11.83,-1.83,627,-1358,-651,318,-2753,-393,-876
10:00,11:30,1,1,True,P40,0,0,748,24.1,-8.77,-6557,0.86,-1.55,8371,-2.31,-0.32,-16.51,-1.86,509,-65,-958,-428,-2452,-2107,-1055
10:00,11:30,1,1,True,LOW,1,0,748,51.1,1.10,827,1.02,0.27,2942,-4.15,-0.98,7.41,0.99,137,-913,-1541,624,567,1859,94
10:00,11:30,1,1,True,LOW,2,0,748,36.1,-0.24,-178,1.00,-0.04,2836,2.29,0.40,-3.28,-0.34,644,-567,-817,1677,-673,-467,25
10:00,11:30,1,1,True,LOW,3,0,748,31.1,1.00,748,1.02,0.16,3096,2.92,0.44,-1.31,-0.12,849,-345,-1180,1868,-1776,923,409
10:00,11:30,1,1,True,LOW,0,50,748,47.3,-0.20,-148,1.00,-0.05,2621,-1.75,-0.40,1.67,0.28,378,-729,-1315,951,219,1417,-1069
10:00,11:30,1,1,True,LOW,0,100,748,34.0,-0.49,-364,0.99,-0.10,3632,-1.21,-0.21,0.39,0.05,768,-783,-1782,1301,-922,1341,-288
10:00,11:30,1,1,True,LOW,0,0,748,28.1,2.58,1929,1.04,0.37,3285,1.36,0.18,4.04,0.32,650,719,-2177,1362,-1008,258,2125
10:00,11:30,1,1,True,P40,1,0,748,48.3,-4.88,-3648,0.88,-1.67,4290,-5.01,-1.27,-4.72,-1.08,-23,-1239,-1355,572,-692,-6,-906
10:00,11:30,1,1,True,P40,2,0,748,33.0,-6.03,-4510,0.89,-1.51,6024,-0.93,-0.17,-12.15,-2.07,481,-1058,-581,779,-2678,-700,-753
10:00,11:30,1,1,True,P40,3,0,748,27.7,-6.51,-4873,0.89,-1.40,7358,0.04,0.01,-14.38,-2.10,730,-936,-307,529,-3103,-909,-877
10:00,11:30,1,1,True,P40,0,50,748,43.7,-4.06,-3035,0.91,-1.25,3988,-3.53,-0.81,-4.68,-0.97,198,-1278,-1080,719,-1176,252,-668
10:00,11:30,1,1,True,P40,0,100,748,29.5,-6.80,-5085,0.88,-1.56,7068,-2.61,-0.44,-11.83,-1.83,627,-1358,-651,318,-2753,-393,-876
10:00,11:30,1,1,True,P40,0,0,748,24.1,-8.77,-6557,0.86,-1.55,8371,-2.31,-0.32,-16.51,-1.86,509,-65,-958,-428,-2452,-2107,-1055
10:00,11:30,1,1,True,LOW,1,0,449,51.7,1.11,501,1.02,0.20,2132,-3.30,-0.65,6.82,0.63,236,18,-1353,264,1145,711,-519
10:00,11:30,1,1,True,LOW,2,0,449,35.9,-5.32,-2387,0.92,-0.75,4706,3.91,0.57,-17.23,-1.28,638,713,-925,565,110,-2578,-909
10:00,11:30,1,1,True,LOW,3,0,449,30.1,-6.86,-3082,0.90,-0.88,4978,-0.78,-0.10,-14.71,-1.00,804,314,-1669,354,-631,-1581,-673
10:00,11:30,1,1,True,LOW,0,50,449,47.0,-0.75,-338,0.98,-0.16,1888,-0.63,-0.12,-0.91,-0.11,490,-235,-952,538,618,321,-1117
10:00,11:30,1,1,True,LOW,0,100,449,33.2,-3.56,-1599,0.94,-0.55,3846,-1.41,-0.19,-6.34,-0.55,727,360,-1870,428,-517,86,-812
10:00,11:30,1,1,True,LOW,0,0,449,27.4,-2.60,-1167,0.96,-0.28,3963,2.43,0.26,-9.10,-0.53,857,1423,-1860,197,175,-1735,-224
10:00,11:30,1,1,True,P40,1,0,449,49.9,-3.89,-1747,0.91,-0.95,2656,-0.84,-0.17,-7.82,-1.14,316,-489,-943,902,-283,-168,-1083
10:00,11:30,1,1,True,P40,2,0,449,33.2,-8.31,-3731,0.85,-1.56,5602,-1.79,-0.26,-16.72,-1.97,580,-135,-1186,287,-1252,-1099,-927
10:00,11:30,1,1,True,P40,3,0,449,29.0,-5.72,-2568,0.90,-0.92,5183,1.72,0.21,-15.32,-1.56,890,475,-977,46,-1496,-686,-821
10:00,11:30,1,1,True,P40,0,50,449,45.0,-3.59,-1610,0.92,-0.80,2678,-1.97,-0.35,-5.68,-0.76,476,-575,-968,569,21,-30,-1104
10:00,11:30,1,1,True,P40,0,100,449,30.7,-6.42,-2884,0.89,-1.10,5402,-0.08,-0.01,-14.62,-1.58,752,156,-1214,288,-1487,-891,-487
10:00,11:30,1,1,True,P40,0,0,449,24.9,-8.53,-3831,0.86,-1.13,5848,1.89,0.20,-21.98,-1.79,882,1114,-1214,-303,-814,-1943,-1552
10:00,11:30,1,1,True,LOW,1,0,449,51.7,1.11,501,1.02,0.20,2132,-3.30,-0.65,6.82,0.63,236,18,-1353,264,1145,711,-519
10:00,11:30,1,1,True,LOW,2,0,449,35.9,-5.32,-2387,0.92,-0.75,4706,3.91,0.57,-17.23,-1.28,638,713,-925,565,110,-2578,-909
10:00,11:30,1,1,True,LOW,3,0,449,30.1,-6.86,-3082,0.90,-0.88,4978,-0.78,-0.10,-14.71,-1.00,804,314,-1669,354,-631,-1581,-673
10:00,11:30,1,1,True,LOW,0,50,449,47.0,-0.75,-338,0.98,-0.16,1888,-0.63,-0.12,-0.91,-0.11,490,-235,-952,538,618,321,-1117
10:00,11:30,1,1,True,LOW,0,100,449,33.2,-3.56,-1599,0.94,-0.55,3846,-1.41,-0.19,-6.34,-0.55,727,360,-1870,428,-517,86,-812
10:00,11:30,1,1,True,LOW,0,0,449,27.4,-2.60,-1167,0.96,-0.28,3963,2.43,0.26,-9.10,-0.53,857,1423,-1860,197,175,-1735,-224
10:00,11:30,1,1,True,P40,1,0,449,49.9,-3.89,-1747,0.91,-0.95,2656,-0.84,-0.17,-7.82,-1.14,316,-489,-943,902,-283,-168,-1083
10:00,11:30,1,1,True,P40,2,0,449,33.2,-8.31,-3731,0.85,-1.56,5602,-1.79,-0.26,-16.72,-1.97,580,-135,-1186,287,-1252,-1099,-927
10:00,11:30,1,1,True,P40,3,0,449,29.0,-5.72,-2568,0.90,-0.92,5183,1.72,0.21,-15.32,-1.56,890,475,-977,46,-1496,-686,-821
10:00,11:30,1,1,True,P40,0,50,449,45.0,-3.59,-1610,0.92,-0.80,2678,-1.97,-0.35,-5.68,-0.76,476,-575,-968,569,21,-30,-1104
10:00,11:30,1,1,True,P40,0,100,449,30.7,-6.42,-2884,0.89,-1.10,5402,-0.08,-0.01,-14.62,-1.58,752,156,-1214,288,-1487,-891,-487
10:00,11:30,1,1,True,P40,0,0,449,24.9,-8.53,-3831,0.86,-1.13,5848,1.89,0.20,-21.98,-1.79,882,1114,-1214,-303,-814,-1943,-1552
10:00,11:30,3,1,False,LOW,1,0,2742,48.9,-2.89,-7931,0.93,-1.59,9542,-2.16,-1.13,-3.80,-1.15,-12,-1485,-1938,151,-2107,-1007,-1534
10:00,11:30,3,1,False,LOW,2,0,2336,34.2,-3.91,-9130,0.93,-1.46,11567,-0.90,-0.31,-7.59,-1.59,127,-420,-2282,1415,-2990,-4172,-808
10:00,11:30,3,1,False,LOW,3,0,2186,29.4,-2.00,-4377,0.97,-0.62,9582,2.78,0.77,-7.68,-1.38,603,1493,-1742,2942,-4620,-1786,-1267
10:00,11:30,3,1,False,LOW,0,50,2608,42.3,-3.86,-10069,0.91,-2.11,11353,-0.73,-0.32,-7.36,-2.51,151,60,-2232,1018,-3212,-2045,-3809
10:00,11:30,3,1,False,LOW,0,100,2241,31.2,-2.29,-5128,0.96,-0.85,11807,3.60,1.06,-9.03,-2.09,257,581,-370,3838,-2554,-3105,-3774
10:00,11:30,3,1,False,LOW,0,0,2136,26.3,1.49,3172,1.02,0.35,5332,2.85,0.65,-0.12,-0.02,395,1508,-798,2183,-1747,180,1451
10:00,11:30,3,1,False,P40,1,0,2698,47.6,-5.75,-15504,0.87,-3.69,15815,-2.74,-1.29,-8.98,-3.93,-441,-1416,-1246,-723,-2848,-3505,-5326
10:00,11:30,3,1,False,P40,2,0,2333,34.5,-2.65,-6194,0.95,-1.15,9246,1.08,0.34,-6.55,-1.97,68,42,962,211,-2931,-2453,-2092
10:00,11:30,3,1,False,P40,3,0,2216,29.3,-2.67,-5911,0.95,-0.97,9463,2.16,0.57,-7.69,-1.93,136,227,-116,2194,-2734,-2690,-2927
10:00,11:30,3,1,False,P40,0,50,2576,43.1,-4.91,-12639,0.89,-2.78,13726,-2.00,-0.82,-7.97,-3.10,-171,-398,-1820,-250,-3798,-2238,-3965
10:00,11:30,3,1,False,P40,0,100,2250,31.3,-2.17,-4887,0.96,-0.84,10088,3.32,0.93,-7.88,-2.14,17,120,833,2839,-2737,-2734,-3226
10:00,11:30,3,1,False,P40,0,0,2154,26.1,-2.63,-5662,0.96,-0.77,9665,2.26,0.49,-7.74,-1.52,89,1402,402,601,-1943,-4389,-1823
10:00,11:30,3,1,False,LOW,1,0,2707,49.0,-2.76,-7468,0.93,-1.50,9230,-2.27,-1.17,-3.37,-1.01,-28,-1374,-2068,67,-2047,-602,-1416
10:00,11:30,3,1,False,LOW,2,0,2312,34.3,-3.86,-8918,0.93,-1.43,11458,-0.96,-0.33,-7.41,-1.54,141,-233,-2467,1337,-3067,-3896,-734
10:00,11:30,3,1,False,LOW,3,0,2170,29.4,-2.01,-4362,0.97,-0.62,9709,2.94,0.81,-7.91,-1.41,617,1612,-1733,2971,-4916,-1548,-1366
10:00,11:30,3,1,False,LOW,0,50,2581,42.3,-3.90,-10054,0.91,-2.11,11274,-0.93,-0.41,-7.23,-2.45,165,-5,-2377,948,-3223,-1855,-3708
10:00,11:30,3,1,False,LOW,0,100,2225,31.1,-2.60,-5792,0.95,-0.96,12069,3.28,0.97,-9.37,-2.16,271,713,-919,3838,-2985,-2816,-3894
10:00,11:30,3,1,False,LOW,0,0,2122,26.3,1.49,3159,1.02,0.35,5856,3.10,0.70,-0.40,-0.05,409,1628,-672,2183,-2214,495,1331
10:00,11:30,3,1,False,P40,1,0,2668,47.5,-5.91,-15772,0.86,-3.77,16083,-2.74,-1.28,-9.36,-4.06,-441,-1409,-1321,-641,-2841,-3883,-5237
10:00,11:30,3,1,False,P40,2,0,2307,34.5,-2.60,-6007,0.95,-1.12,9182,1.26,0.39,-6.66,-1.99,68,236,809,375,-2926,-2564,-2005
10:00,11:30,3,1,False,P40,3,0,2198,29.3,-2.69,-5923,0.95,-0.97,9885,2.53,0.66,-8.18,-2.04,136,391,131,2194,-3037,-2738,-2999
10:00,11:30,3,1,False,P40,0,50,2546,43.0,-5.06,-12886,0.89,-2.85,13940,-2.00,-0.82,-8.32,-3.21,-171,-431,-1853,-168,-3732,-2714,-3818
10:00,11:30,3,1,False,P40,0,100,2231,31.2,-2.60,-5809,0.95,-1.01,10660,3.03,0.84,-8.50,-2.30,17,284,319,2839,-3052,-2837,-3379
10:00,11:30,3,1,False,P40,0,0,2137,26.1,-2.64,-5643,0.96,-0.76,10056,2.65,0.57,-8.21,-1.60,89,1566,648,601,-2294,-4276,-1976
10:00,11:30,3,1,False,LOW,1,0,868,50.8,-1.86,-1614,0.96,-0.53,3685,-3.90,-1.12,0.94,0.14,360,-469,-1707,-140,1550,-1098,-109
10:00,11:30,3,1,False,LOW,2,0,795,34.1,-7.44,-5914,0.87,-1.56,9027,-1.40,-0.29,-15.77,-1.74,750,-64,-1655,323,202,-4552,-917
10:00,11:30,3,1,False,LOW,3,0,770,27.7,-8.73,-6722,0.86,-1.60,9326,-2.65,-0.46,-16.89,-1.66,1048,-975,-1820,580,-371,-4351,-834
10:00,11:30,3,1,False,LOW,0,50,845,43.8,-3.81,-3216,0.92,-1.13,5193,-3.36,-0.86,-4.38,-0.75,663,83,-2358,12,673,-618,-1671
10:00,11:30,3,1,False,LOW,0,100,780,29.9,-8.32,-6492,0.86,-1.80,8912,-3.64,-0.67,-14.51,-1.81,828,-841,-2028,425,-138,-2553,-2185
10:00,11:30,3,1,False,LOW,0,0,765,24.6,-5.99,-4580,0.91,-0.92,7311,-1.80,-0.25,-11.57,-0.98,1067,321,-2334,161,883,-4161,-516
10:00,11:30,3,1,False,P40,1,0,875,48.8,-4.67,-4085,0.89,-1.65,6083,-1.75,-0.48,-8.22,-1.85,463,-33,-1132,-137,-477,-697,-2072
10:00,11:30,3,1,False,P40,2,0,799,33.0,-7.03,-5613,0.87,-1.78,8586,-3.91,-0.76,-10.77,-1.77,989,-1051,-1187,-455,-1439,-1687,-785
10:00,11:30,3,1,False,P40,3,0,788,27.8,-6.86,-5410,0.88,-1.48,8433,-1.30,-0.21,-13.58,-1.92,1091,-186,-1046,-420,-1322,-1817,-1711
10:00,11:30,3,1,False,P40,0,50,845,44.1,-3.82,-3232,0.92,-1.20,5908,-1.85,-0.45,-6.19,-1.25,723,280,-1669,-187,-223,-382,-1774
10:00,11:30,3,1,False,P40,0,100,792,29.8,-6.89,-5457,0.88,-1.59,8275,-1.31,-0.23,-13.61,-2.07,1001,-453,-1120,3,-1354,-1757,-1777
10:00,11:30,3,1,False,P40,0,0,781,23.9,-7.12,-5557,0.89,-1.22,8198,-1.60,-0.22,-13.74,-1.50,1152,751,-1930,-652,-41,-2513,-2324
10:00,11:30,3,1,False,LOW,1,0,867,50.9,-1.78,-1544,0.96,-0.51,3616,-3.90,-1.12,1.13,0.17,360,-469,-1707,-140,1550,-1029,-109
10:00,11:30,3,1,False,LOW,2,0,793,34.2,-7.31,-5799,0.88,-1.53,8912,-1.31,-0.27,-15.61,-1.72,750,-64,-1610,323,202,-4483,-917
10:00,11:30,3,1,False,LOW,3,0,768,27.7,-8.60,-6608,0.86,-1.57,9212,-2.55,-0.44,-16.73,-1.64,1048,-975,-1775,580,-371,-4281,-834
10:00,11:30,3,1,False,LOW,0,50,843,43.9,-3.68,-3102,0.92,-1.09,5078,-3.27,-0.83,-4.20,-0.72,663,83,-2313,12,673,-549,-1671
10:00,11:30,3,1,False,LOW,0,100,778,29.9,-8.20,-6378,0.86,-1.77,8798,-3.55,-0.66,-14.35,-1.79,828,-841,-1983,425,-138,-2484,-2185
10:00,11:30,3,1,False,LOW,0,0,763,24.6,-5.85,-4465,0.91,-0.90,7197,-1.70,-0.24,-11.39,-0.96,1067,321,-2289,161,883,-4092,-516
10:00,11:30,3,1,False,P40,1,0,872,48.9,-4.59,-3999,0.89,-1.62,5998,-1.75,-0.48,-8.06,-1.81,463,-33,-1132,-137,-395,-694,-2072
10:00,11:30,3,1,False,P40,2,0,795,33.1,-6.95,-5526,0.87,-1.76,8498,-3.73,-0.72,-10.85,-1.78,989,-1051,-1105,-455,-1357,-1763,-785
10:00,11:30,3,1,False,P40,3,0,784,27.8,-6.89,-5402,0.88,-1.48,8425,-1.11,-0.18,-13.91,-1.96,1091,-186,-964,-420,-1240,-1974,-1711
10:00,11:30,3,1,False,P40,0,50,841,44.2,-3.67,-3084,0.92,-1.15,5760,-1.68,-0.41,-6.07,-1.22,723,280,-1587,-187,-141,-398,-1774
10:00,11:30,3,1,False,P40,0,100,788,29.8,-6.86,-5409,0.88,-1.58,8228,-1.13,-0.20,-13.83,-2.09,1001,-453,-1038,3,-1272,-1873,-1777
10:00,11:30,3,1,False,P40,0,0,777,23.9,-6.92,-5380,0.89,-1.19,8020,-1.41,-0.19,-13.59,-1.47,1152,751,-1848,-652,41,-2499,-2324
10:00,11:30,3,1,False,LOW,1,0,2634,48.9,-2.93,-7728,0.93,-1.56,9253,-2.25,-1.13,-3.80,-1.11,-12,-1855,-1763,335,-2271,-813,-1350
10:00,11:30,3,1,False,LOW,2,0,2266,34.2,-4.19,-9490,0.92,-1.53,12431,-1.10,-0.37,-8.02,-1.63,313,-415,-2521,1248,-3346,-4293,-477
10:00,11:30,3,1,False,LOW,3,0,2132,29.3,-2.38,-5064,0.96,-0.72,9606,2.19,0.59,-7.85,-1.38,575,1320,-2098,2747,-4973,-1567,-1068
10:00,11:30,3,1,False,LOW,0,50,2524,42.7,-3.82,-9654,0.92,-2.04,10903,-0.85,-0.37,-7.25,-2.38,242,-53,-2327,998,-3277,-1780,-3458
10:00,11:30,3,1,False,LOW,0,100,2192,31.3,-2.84,-6226,0.95,-1.04,12143,3.29,0.96,-9.96,-2.27,299,447,-785,3917,-3018,-3031,-4056
10:00,11:30,3,1,False,LOW,0,0,2096,26.4,1.48,3104,1.02,0.35,5844,2.74,0.61,-0.02,0.00,437,1456,-1037,2263,-2305,639,1651
10:00,11:30,3,1,False,P40,1,0,2624,47.5,-5.91,-15501,0.86,-3.74,15958,-2.95,-1.37,-9.16,-3.93,-188,-1723,-1339,-798,-2984,-3330,-5139
10:00,11:30,3,1,False,P40,2,0,2291,34.2,-3.41,-7805,0.94,-1.47,10433,0.83,0.26,-7.90,-2.35,203,155,251,375,-3718,-2740,-2331
10:00,11:30,3,1,False,P40,3,0,2187,29.2,-3.07,-6711,0.95,-1.11,10045,1.98,0.52,-8.39,-2.09,271,570,-893,2276,-3122,-2481,-3332
10:00,11:30,3,1,False,P40,0,50,2511,43.0,-5.09,-12775,0.89,-2.84,14172,-2.14,-0.88,-8.26,-3.15,-13,-351,-2165,-266,-3897,-2289,-3795
10:00,11:30,3,1,False,P40,0,100,2218,31.1,-2.72,-6038,0.95,-1.05,10788,2.95,0.82,-8.70,-2.34,152,308,-24,2921,-3203,-2561,-3632
10:00,11:30,3,1,False,P40,0,0,2131,26.1,-2.67,-5699,0.96,-0.77,9902,2.46,0.53,-8.11,-1.58,224,1662,165,649,-2609,-3685,-2104
10:00,11:30,3,1,False,LOW,1,0,2616,48.7,-3.14,-8221,0.93,-1.66,9747,-2.37,-1.19,-4.12,-1.19,-51,-1756,-1898,252,-2208,-1167,-1393
10:00,11:30,3,1,False,LOW,2,0,2252,34.1,-4.40,-9914,0.92,-1.60,12894,-1.22,-0.41,-8.34,-1.69,313,-337,-2666,1170,-3334,-4497,-564
10:00,11:30,3,1,False,LOW,3,0,2121,29.2,-2.61,-5535,0.96,-0.79,10156,2.29,0.62,-8.50,-1.49,575,1439,-2139,2776,-5150,-1837,-1200
10:00,11:30,3,1,False,LOW,0,50,2509,42.6,-4.07,-10201,0.91,-2.16,11569,-0.96,-0.41,-7.64,-2.51,242,67,-2521,928,-3160,-2201,-3557
10:00,11:30,3,1,False,LOW,0,100,2181,31.2,-3.24,-7057,0.94,-1.18,12742,3.11,0.91,-10.62,-2.41,299,567,-1137,3917,-3221,-3273,-4209
10:00,11:30,3,1,False,LOW,0,0,2086,26.4,1.43,2992,1.02,0.33,6257,2.93,0.65,-0.34,-0.04,437,1576,-961,2263,-2456,636,1497
10:00,11:30,3,1,False,P40,1,0,2607,47.3,-6.21,-16194,0.86,-3.92,16732,-2.89,-1.34,-9.88,-4.22,-188,-1559,-1496,-716,-2981,-3958,-5296
10:00,11:30,3,1,False,P40,2,0,2276,34.1,-3.63,-8259,0.93,-1.56,10897,0.92,0.29,-8.46,-2.51,203,319,16,539,-3636,-3210,-2490
10:00,11:30,3,1,False,P40,3,0,2175,29.1,-3.29,-7153,0.94,-1.19,10815,2.28,0.60,-9.18,-2.29,271,734,-729,2276,-3268,-2950,-3485
10:00,11:30,3,1,False,P40,0,50,2495,42.8,-5.39,-13448,0.88,-3.00,15010,-2.05,-0.84,-9.00,-3.43,-13,-187,-2280,-184,-3815,-3077,-3893
10:00,11:30,3,1,False,P40,0,100,2205,30.9,-3.25,-7171,0.94,-1.26,11770,2.83,0.79,-9.68,-2.61,152,472,-339,2921,-3401,-3191,-3786
10:00,11:30,3,1,False,P40,0,0,2119,26.0,-2.82,-5980,0.95,-0.81,10511,2.77,0.59,-8.77,-1.71,224,1826,329,649,-2756,-3994,-2258
10:00,11:30,3,1,False,LOW,1,0,863,50.8,-2.02,-1746,0.95,-0.57,3777,-3.94,-1.13,0.61,0.09,319,-469,-1707,-111,1550,-1219,-109
10:00,11:30,3,1,False,LOW,2,0,791,34.3,-7.44,-5885,0.87,-1.56,9134,-1.05,-0.21,-16.32,-1.79,886,-64,-1655,352,202,-4689,-917
10:00,11:30,3,1,False,LOW,3,0,766,27.8,-8.57,-6565,0.86,-1.56,9165,-2.59,-0.45,-16.63,-1.62,1044,-975,-1820,609,-371,-4218,-834
10:00,11:30,3,1,False,LOW,0,50,841,44.0,-3.69,-3102,0.92,-1.09,5221,-3.01,-0.76,-4.57,-0.78,806,83,-2358,41,673,-676,-1671
10:00,11:30,3,1,False,LOW,0,100,776,29.9,-8.54,-6625,0.86,-1.84,9041,-3.59,-0.66,-15.11,-1.88,824,-841,-2028,454,-138,-2711,-2185
10:00,11:30,3,1,False,LOW,0,0,761,24.7,-5.81,-4422,0.91,-0.89,7150,-1.75,-0.25,-11.26,-0.94,1063,321,-2334,190,883,-4029,-516
10:00,11:30,3,1,False,P40,1,0,873,49.1,-4.12,-3600,0.90,-1.45,5759,-1.41,-0.39,-7.43,-1.67,623,-33,-1132,-137,-395,-455,-2072
10:00,11:30,3,1,False,P40,2,0,796,33.0,-6.97,-5549,0.87,-1.76,8580,-3.77,-0.73,-10.85,-1.78,1048,-1051,-1187,-455,-1357,-1763,-785
10:00,11:30,3,1,False,P40,3,0,785,27.9,-6.50,-5105,0.89,-1.40,8187,-1.16,-0.19,-13.00,-1.83,1150,-186,-1046,-420,-1240,-1653,-1711
10:00,11:30,3,1,False,P40,0,50,842,44.3,-3.55,-2986,0.92,-1.11,5842,-1.46,-0.35,-6.07,-1.22,903,280,-1669,-187,-141,-398,-1774
10:00,11:30,3,1,False,P40,0,100,789,29.8,-6.88,-5432,0.88,-1.59,8310,-1.18,-0.21,-13.83,-2.09,1060,-453,-1120,3,-1272,-1873,-1777
10:00,11:30,3,1,False,P40,0,0,778,24.0,-6.75,-5252,0.89,-1.16,7952,-1.46,-0.20,-13.16,-1.42,1211,751,-1930,-652,41,-2349,-2324
10:00,11:30,3,1,False,LOW,1,0,863,50.8,-2.02,-1746,0.95,-0.57,3777,-3.94,-1.13,0.61,0.09,319,-469,-1707,-111,1550,-1219,-109
10:00,11:30,3,1,False,LOW,2,0,790,34.3,-7.39,-5840,0.87,-1.54,9089,-0.95,-0.19,-16.32,-1.79,886,-64,-1610,352,202,-4689,-917
10:00,11:30,3,1,False,LOW,3,0,765,27.8,-8.52,-6520,0.87,-1.55,9120,-2.50,-0.43,-16.63,-1.62,1044,-975,-1775,609,-371,-4218,-834
10:00,11:30,3,1,False,LOW,0,50,840,44.0,-3.64,-3057,0.92,-1.08,5176,-2.92,-0.74,-4.57,-0.78,806,83,-2313,41,673,-676,-1671
10:00,11:30,3,1,False,LOW,0,100,775,29.9,-8.49,-6580,0.86,-1.83,8996,-3.50,-0.65,-15.11,-1.88,824,-841,-1983,454,-138,-2711,-2185
10:00,11:30,3,1,False,LOW,0,0,760,24.7,-5.76,-4377,0.91,-0.88,7105,-1.65,-0.23,-11.26,-0.94,1063,321,-2289,190,883,-4029,-516
10:00,11:30,3,1,False,P40,1,0,872,49.1,-4.22,-3678,0.90,-1.49,5837,-1.41,-0.39,-7.65,-1.71,623,-33,-1132,-137,-395,-533,-2072
10:00,11:30,3,1,False,P40,2,0,794,33.0,-7.08,-5625,0.87,-1.79,8657,-3.59,-0.69,-11.32,-1.86,1048,-1051,-1105,-455,-1357,-1922,-785
10:00,11:30,3,1,False,P40,3,0,783,27.8,-6.72,-5261,0.89,-1.45,8343,-0.97,-0.16,-13.72,-1.93,1150,-186,-964,-420,-1240,-1892,-1711
10:00,11:30,3,1,False,P40,0,50,840,44.3,-3.57,-3002,0.92,-1.12,5859,-1.28,-0.31,-6.34,-1.28,903,280,-1587,-187,-141,-497,-1774
10:00,11:30,3,1,False,P40,0,100,787,29.7,-7.05,-5549,0.88,-1.62,8426,-0.99,-0.17,-14.42,-2.19,1060,-453,-1038,3,-1272,-2072,-1777
10:00,11:30,3,1,False,P40,0,0,776,24.0,-6.75,-5239,0.89,-1.16,7938,-1.27,-0.17,-13.39,-1.44,1211,751,-1848,-652,41,-2417,-2324
10:00,11:30,3,1,False,LOW,1,0,1928,50.5,-1.01,-1955,0.98,-0.42,5159,-3.12,-1.25,1.60,0.37,41,-487,-3670,787,196,1523,-343
10:00,11:30,3,1,False,LOW,2,0,1748,35.2,-2.12,-3707,0.96,-0.64,7338,0.25,0.07,-5.10,-0.84,337,342,-2448,2011,-2293,-2131,475
10:00,11:30,3,1,False,LOW,3,0,1701,30.0,-0.98,-1663,0.98,-0.25,6703,2.41,0.57,-5.13,-0.75,708,1744,-3436,3239,-3912,-103,97
10:00,11:30,3,1,False,LOW,0,50,1904,45.7,-1.76,-3357,0.96,-0.78,5534,-0.50,-0.18,-3.24,-0.87,600,424,-3881,2344,-967,19,-1895
10:00,11:30,3,1,False,LOW,0,100,1741,32.7,-2.16,-3755,0.96,-0.68,7031,1.43,0.37,-6.47,-1.24,692,856,-2927,2739,-2181,-783,-2151
10:00,11:30,3,1,False,LOW,0,0,1689,27.5,2.81,4748,1.04,0.56,4444,2.83,0.56,2.79,0.30,721,2169,-2983,2718,-2254,1662,2717
10:00,11:30,3,1,False,P40,1,0,1984,47.9,-5.70,-11309,0.87,-3.12,12040,-3.87,-1.57,-7.72,-2.84,-21,-1804,-2867,651,-2561,-1259,-3450
10:00,11:30,3,1,False,P40,2,0,1821,35.0,-1.63,-2965,0.97,-0.62,5993,0.55,0.15,-3.98,-1.03,454,-163,-695,921,-2481,-832,-169
10:00,11:30,3,1,False,P40,3,0,1772,29.6,-1.67,-2958,0.97,-0.54,7002,2.82,0.67,-6.55,-1.44,701,959,-1132,2078,-3353,-1245,-966
10:00,11:30,3,1,False,P40,0,50,1928,44.2,-3.22,-6214,0.93,-1.57,8615,-1.00,-0.36,-5.65,-1.86,446,-272,-2510,1336,-2152,-870,-2192
10:00,11:30,3,1,False,P40,0,100,1786,31.6,-1.87,-3333,0.97,-0.64,6376,1.59,0.40,-5.61,-1.32,622,227,-1242,1869,-2737,-674,-1397
10:00,11:30,3,1,False,P40,0,0,1740,26.2,-2.01,-3504,0.97,-0.52,8017,3.61,0.69,-8.14,-1.40,585,2188,-730,1234,-2448,-3180,-1153
10:00,11:30,3,1,False,LOW,1,0,1926,50.5,-1.01,-1940,0.98,-0.42,5079,-3.05,-1.22,1.53,0.35,41,-407,-3670,787,196,1458,-343
10:00,11:30,3,1,False,LOW,2,0,1746,35.2,-2.15,-3759,0.96,-0.64,7470,0.33,0.09,-5.27,-0.87,337,422,-2448,2011,-2293,-2262,475
10:00,11:30,3,1,False,LOW,3,0,1699,30.0,-1.05,-1781,0.98,-0.27,6901,2.49,0.59,-5.39,-0.79,708,1824,-3436,3239,-3912,-301,97
10:00,11:30,3,1,False,LOW,0,50,1902,45.7,-1.66,-3156,0.96,-0.74,5412,-0.42,-0.16,-3.10,-0.84,600,504,-3881,2344,-747,-80,-1895
10:00,11:30,3,1,False,LOW,0,100,1739,32.7,-2.23,-3874,0.96,-0.70,7230,1.52,0.40,-6.73,-1.29,692,936,-2927,2739,-2181,-982,-2151
10:00,11:30,3,1,False,LOW,0,0,1687,27.5,2.90,4897,1.05,0.58,4378,2.92,0.58,2.88,0.31,721,2249,-2983,2718,-2254,1730,2717
10:00,11:30,3,1,False,P40,1,0,1981,48.0,-5.67,-11223,0.87,-3.10,12025,-3.80,-1.54,-7.74,-2.84,-21,-1722,-2867,651,-2401,-1416,-3450
10:00,11:30,3,1,False,P40,2,0,1818,35.0,-1.63,-2959,0.97,-0.62,6070,0.63,0.18,-4.08,-1.05,454,-81,-695,921,-2241,-1149,-169
10:00,11:30,3,1,False,P40,3,0,1769,29.6,-1.71,-3033,0.97,-0.55,7159,2.91,0.69,-6.75,-1.48,701,1041,-1132,2078,-3353,-1402,-966
10:00,11:30,3,1,False,P40,0,50,1925,44.3,-3.19,-6149,0.93,-1.55,8631,-0.91,-0.33,-5.68,-1.87,446,-190,-2510,1336,-1972,-1067,-2192
10:00,11:30,3,1,False,P40,0,100,1783,31.6,-2.05,-3648,0.96,-0.71,6773,1.68,0.42,-6.09,-1.43,622,309,-1242,1869,-2737,-1071,-1397
10:00,11:30,3,1,False,P40,0,0,1737,26.2,-1.96,-3408,0.97,-0.50,8003,3.71,0.71,-8.14,-1.40,585,2270,-730,1234,-2448,-3166,-1153
10:00,11:30,3,1,False,LOW,1,0,773,51.6,-0.29,-228,0.99,-0.08,2722,-4.69,-1.24,5.43,0.75,244,-230,-1961,-104,1553,-76,347
10:00,11:30,3,1,False,LOW,2,0,718,34.8,-5.95,-4273,0.90,-1.16,7255,-0.80,-0.15,-12.78,-1.32,714,331,-1682,312,318,-3563,-702
10:00,11:30,3,1,False,LOW,3,0,701,28.7,-6.28,-4400,0.90,-1.07,6868,-2.54,-0.41,-11.13,-1.02,775,-452,-2045,718,-272,-3019,-106
10:00,11:30,3,1,False,LOW,0,50,760,45.4,-2.11,-1601,0.95,-0.58,3514,-2.49,-0.59,-1.64,-0.27,628,420,-2261,170,724,-1,-1280
10:00,11:30,3,1,False,LOW,0,100,713,31.1,-5.67,-4041,0.90,-1.15,6471,-3.27,-0.57,-8.73,-1.03,701,-319,-2164,474,-5,-1272,-1456
10:00,11:30,3,1,False,LOW,0,0,700,25.7,-3.50,-2450,0.95,-0.51,5602,-1.33,-0.18,-6.30,-0.50,831,844,-2449,248,885,-3021,213
10:00,11:30,3,1,False,P40,1,0,784,49.4,-3.95,-3096,0.91,-1.31,5348,-1.58,-0.41,-6.69,-1.43,548,306,-1636,115,-699,89,-1819
10:00,11:30,3,1,False,P40,2,0,730,33.6,-5.65,-4123,0.90,-1.36,6986,-3.60,-0.66,-8.02,-1.26,813,-421,-1634,-170,-1187,-833,-692
10:00,11:30,3,1,False,P40,3,0,722,28.5,-4.78,-3451,0.92,-0.98,6761,-0.95,-0.15,-9.25,-1.24,1075,363,-1549,-260,-1151,-794,-1137
10:00,11:30,3,1,False,P40,0,50,765,45.1,-2.24,-1712,0.95,-0.67,4551,-0.57,-0.13,-4.15,-0.80,788,658,-1724,45,-108,191,-1561
10:00,11:30,3,1,False,P40,0,100,725,30.5,-4.96,-3593,0.91,-1.08,6619,-1.39,-0.23,-9.10,-1.31,1026,96,-1761,97,-1143,-704,-1203
10:00,11:30,3,1,False,P40,0,0,716,24.4,-6.44,-4614,0.90,-1.06,7482,-2.34,-0.30,-11.22,-1.17,1067,1299,-2778,-490,39,-2002,-1750
10:00,11:30,3,1,False,LOW,1,0,773,51.6,-0.29,-228,0.99,-0.08,2722,-4.69,-1.24,5.43,0.75,244,-230,-1961,-104,1553,-76,347
10:00,11:30,3,1,False,LOW,2,0,718,34.8,-5.95,-4273,0.90,-1.16,7255,-0.80,-0.15,-12.78,-1.32,714,331,-1682,312,318,-3563,-702
10:00,11:30,3,1,False,LOW,3,0,701,28.7,-6.28,-4400,0.90,-1.07,6868,-2.54,-0.41,-11.13,-1.02,775,-452,-2045,718,-272,-3019,-106
10:00,11:30,3,1,False,LOW,0,50,760,45.4,-2.11,-1601,0.95,-0.58,3514,-2.49,-0.59,-1.64,-0.27,628,420,-2261,170,724,-1,-1280
10:00,11:30,3,1,False,LOW,0,100,713,31.1,-5.67,-4041,0.90,-1.15,6471,-3.27,-0.57,-8.73,-1.03,701,-319,-2164,474,-5,-1272,-1456
10:00,11:30,3,1,False,LOW,0,0,700,25.7,-3.50,-2450,0.95,-0.51,5602,-1.33,-0.18,-6.30,-0.50,831,844,-2449,248,885,-3021,213
10:00,11:30,3,1,False,P40,1,0,783,49.3,-4.05,-3175,0.90,-1.35,5426,-1.58,-0.41,-6.93,-1.48,548,306,-1636,115,-699,10,-1819
10:00,11:30,3,1,False,P40,2,0,729,33.5,-5.87,-4281,0.89,-1.41,7145,-3.60,-0.66,-8.52,-1.33,813,-421,-1634,-170,-1187,-991,-692
10:00,11:30,3,1,False,P40,3,0,721,28.4,-5.12,-3690,0.91,-1.05,7000,-0.95,-0.15,-10.00,-1.34,1075,363,-1549,-260,-1151,-1033,-1137
10:00,11:30,3,1,False,P40,0,50,764,45.0,-2.37,-1810,0.95,-0.70,4650,-0.57,-0.13,-4.44,-0.86,788,658,-1724,45,-108,92,-1561
10:00,11:30,3,1,False,P40,0,100,724,30.4,-5.24,-3792,0.91,-1.15,6817,-1.39,-0.23,-9.72,-1.40,1026,96,-1761,97,-1143,-903,-1203
10:00,11:30,3,1,False,P40,0,0,715,24.3,-6.55,-4682,0.89,-1.08,7551,-2.34,-0.30,-11.46,-1.19,1067,1299,-2778,-490,39,-2070,-1750
10:00,11:30,3,1,False,LOW,1,0,1234,48.9,-2.92,-3598,0.94,-0.91,5349,-4.98,-1.56,-0.38,-0.06,-171,-1002,-3067,852,-502,1275,-983
10:00,11:30,3,1,False,LOW,2,0,1160,34.2,-5.42,-6286,0.91,-1.26,8412,-3.73,-0.85,-7.51,-0.95,143,-1211,-2694,1372,-1195,-1738,-964
10:00,11:30,3,1,False,LOW,3,0,1141,29.8,-1.83,-2089,0.97,-0.37,3991,-1.07,-0.20,-2.76,-0.30,589,-1028,-1829,1599,-1733,618,-305
10:00,11:30,3,1,False,LOW,0,50,1236,45.6,-4.16,-5136,0.91,-1.43,6500,-2.98,-0.87,-5.52,-1.14,172,-938,-2987,1779,294,-585,-2871
10:00,11:30,3,1,False,LOW,0,100,1156,32.3,-4.82,-5570,0.92,-1.21,8351,-2.93,-0.63,-7.07,-1.06,535,-922,-2901,1443,-2075,108,-1757
10:00,11:30,3,1,False,LOW,0,0,1140,26.8,3.33,3801,1.05,0.50,4223,-0.85,-0.14,8.41,0.66,589,-591,-1717,1187,-553,2787,2098
10:00,11:30,3,1,False,P40,1,0,1286,47.0,-7.17,-9225,0.84,-3.12,10791,-6.17,-2.01,-8.27,-2.40,-40,-1413,-3203,503,-1645,-246,-3182
10:00,11:30,3,1,False,P40,2,0,1204,33.3,-5.39,-6494,0.90,-1.67,9291,-2.67,-0.61,-8.37,-1.75,744,-1069,-1615,265,-2612,-695,-1512
10:00,11:30,3,1,False,P40,3,0,1188,28.2,-5.30,-6302,0.91,-1.40,8940,-1.27,-0.25,-9.73,-1.73,926,-575,-1025,-119,-3164,-456,-1890
10:00,11:30,3,1,False,P40,0,50,1261,42.6,-6.24,-7872,0.87,-2.44,9632,-4.23,-1.23,-8.44,-2.21,280,-1026,-2586,542,-1599,-597,-2886
10:00,11:30,3,1,False,P40,0,100,1191,30.1,-5.77,-6874,0.90,-1.64,9698,-1.74,-0.36,-10.19,-1.95,872,-890,-1308,242,-3452,-83,-2255
10:00,11:30,3,1,False,P40,0,0,1178,24.4,-5.98,-7044,0.90,-1.26,9082,0.19,0.03,-12.79,-1.79,837,-154,252,-819,-2448,-2355,-2358
10:00,11:30,3,1,False,LOW,1,0,1234,48.9,-2.92,-3598,0.94,-0.91,5349,-4.98,-1.56,-0.38,-0.06,-171,-1002,-3067,852,-502,1275,-983
10:00,11:30,3,1,False,LOW,2,0,1160,34.2,-5.42,-6286,0.91,-1.26,8412,-3.73,-0.85,-7.51,-0.95,143,-1211,-2694,1372,-1195,-1738,-964
10:00,11:30,3,1,False,LOW,3,0,1141,29.8,-1.83,-2089,0.97,-0.37,3991,-1.07,-0.20,-2.76,-0.30,589,-1028,-1829,1599,-1733,618,-305
10:00,11:30,3,1,False,LOW,0,50,1236,45.6,-4.16,-5136,0.91,-1.43,6500,-2.98,-0.87,-5.52,-1.14,172,-938,-2987,1779,294,-585,-2871
10:00,11:30,3,1,False,LOW,0,100,1156,32.3,-4.82,-5570,0.92,-1.21,8351,-2.93,-0.63,-7.07,-1.06,535,-922,-2901,1443,-2075,108,-1757
10:00,11:30,3,1,False,LOW,0,0,1140,26.8,3.33,3801,1.05,0.50,4223,-0.85,-0.14,8.41,0.66,589,-591,-1717,1187,-553,2787,2098
10:00,11:30,3,1,False,P40,1,0,1286,47.0,-7.17,-9225,0.84,-3.12,10791,-6.17,-2.01,-8.27,-2.40,-40,-1413,-3203,503,-1645,-246,-3182
10:00,11:30,3,1,False,P40,2,0,1204,33.3,-5.39,-6494,0.90,-1.67,9291,-2.67,-0.61,-8.37,-1.75,744,-1069,-1615,265,-2612,-695,-1512
10:00,11:30,3,1,False,P40,3,0,1188,28.2,-5.30,-6302,0.91,-1.40,8940,-1.27,-0.25,-9.73,-1.73,926,-575,-1025,-119,-3164,-456,-1890
10:00,11:30,3,1,False,P40,0,50,1261,42.6,-6.24,-7872,0.87,-2.44,9632,-4.23,-1.23,-8.44,-2.21,280,-1026,-2586,542,-1599,-597,-2886
10:00,11:30,3,1,False,P40,0,100,1191,30.1,-5.77,-6874,0.90,-1.64,9698,-1.74,-0.36,-10.19,-1.95,872,-890,-1308,242,-3452,-83,-2255
10:00,11:30,3,1,False,P40,0,0,1178,24.4,-5.98,-7044,0.90,-1.26,9082,0.19,0.03,-12.79,-1.79,837,-154,252,-819,-2448,-2355,-2358
10:00,11:30,3,1,False,LOW,1,0,614,49.7,-3.64,-2235,0.92,-0.81,3645,-8.98,-2.13,3.16,0.36,79,-511,-2646,-10,1429,-563,-13
10:00,11:30,3,1,False,LOW,2,0,579,34.9,-7.19,-4165,0.88,-1.21,6275,-3.94,-0.68,-11.41,-1.00,480,-191,-1918,338,839,-3070,-645
10:00,11:30,3,1,False,LOW,3,0,568,29.2,-7.45,-4231,0.89,-1.11,6157,-6.77,-1.02,-8.32,-0.65,646,-714,-2482,391,227,-2167,-132
10:00,11:30,3,1,False,LOW,0,50,609,44.5,-5.78,-3521,0.88,-1.40,4437,-6.53,-1.37,-4.87,-0.68,332,-637,-2319,447,1046,-779,-1612
10:00,11:30,3,1,False,LOW,0,100,572,31.1,-8.30,-4746,0.86,-1.49,6721,-8.57,-1.38,-7.95,-0.81,569,-780,-2781,257,-2,-864,-1146
10:00,11:30,3,1,False,LOW,0,0,568,26.1,-4.24,-2410,0.94,-0.53,5048,-6.51,-0.80,-1.34,-0.09,699,284,-2855,-205,1231,-1924,360
10:00,11:30,3,1,False,P40,1,0,629,48.3,-5.83,-3667,0.87,-1.72,5140,-4.90,-1.12,-6.89,-1.30,313,-613,-1805,464,-332,19,-1713
10:00,11:30,3,1,False,P40,2,0,588,32.5,-8.59,-5049,0.85,-1.85,7225,-6.67,-1.11,-10.82,-1.51,656,-828,-1880,-63,-1127,-902,-905
10:00,11:30,3,1,False,P40,3,0,584,28.1,-7.40,-4319,0.88,-1.37,6639,-4.33,-0.62,-10.98,-1.31,918,-58,-1749,-476,-1173,-511,-1271
10:00,11:30,3,1,False,P40,0,50,616,43.7,-5.21,-3211,0.89,-1.38,4881,-5.09,-1.05,-5.35,-0.91,493,-574,-1869,274,219,-160,-1595
10:00,11:30,3,1,False,P40,0,100,584,29.8,-7.68,-4485,0.87,-1.51,6796,-4.22,-0.64,-11.72,-1.50,869,-458,-1726,-16,-1362,-615,-1177
10:00,11:30,3,1,False,P40,0,0,583,24.2,-8.24,-4804,0.87,-1.22,6932,-4.67,-0.56,-12.44,-1.14,910,659,-2202,-837,-97,-1609,-1629
10:00,11:30,3,1,False,LOW,1,0,614,49.7,-3.64,-2235,0.92,-0.81,3645,-8.98,-2.13,3.16,0.36,79,-511,-2646,-10,1429,-563,-13
10:00,11:30,3,1,False,LOW,2,0,579,34.9,-7.19,-4165,0.88,-1.21,6275,-3.94,-0.68,-11.41,-1.00,480,-191,-1918,338,839,-3070,-645
10:00,11:30,3,1,False,LOW,3,0,568,29.2,-7.45,-4231,0.89,-1.11,6157,-6.77,-1.02,-8.32,-0.65,646,-714,-2482,391,227,-2167,-132
10:00,11:30,3,1,False,LOW,0,50,609,44.5,-5.78,-3521,0.88,-1.40,4437,-6.53,-1.37,-4.87,-0.68,332,-637,-2319,447,1046,-779,-1612
10:00,11:30,3,1,False,LOW,0,100,572,31.1,-8.30,-4746,0.86,-1.49,6721,-8.57,-1.38,-7.95,-0.81,569,-780,-2781,257,-2,-864,-1146
10:00,11:30,3,1,False,LOW,0,0,568,26.1,-4.24,-2410,0.94,-0.53,5048,-6.51,-0.80,-1.34,-0.09,699,284,-2855,-205,1231,-1924,360
10:00,11:30,3,1,False,P40,1,0,629,48.3,-5.83,-3667,0.87,-1.72,5140,-4.90,-1.12,-6.89,-1.30,313,-613,-1805,464,-332,19,-1713
10:00,11:30,3,1,False,P40,2,0,588,32.5,-8.59,-5049,0.85,-1.85,7225,-6.67,-1.11,-10.82,-1.51,656,-828,-1880,-63,-1127,-902,-905
10:00,11:30,3,1,False,P40,3,0,584,28.1,-7.40,-4319,0.88,-1.37,6639,-4.33,-0.62,-10.98,-1.31,918,-58,-1749,-476,-1173,-511,-1271
10:00,11:30,3,1,False,P40,0,50,616,43.7,-5.21,-3211,0.89,-1.38,4881,-5.09,-1.05,-5.35,-0.91,493,-574,-1869,274,219,-160,-1595
10:00,11:30,3,1,False,P40,0,100,584,29.8,-7.68,-4485,0.87,-1.51,6796,-4.22,-0.64,-11.72,-1.50,869,-458,-1726,-16,-1362,-615,-1177
10:00,11:30,3,1,False,P40,0,0,583,24.2,-8.24,-4804,0.87,-1.22,6932,-4.67,-0.56,-12.44,-1.14,910,659,-2202,-837,-97,-1609,-1629
10:00,11:30,3,1,True,LOW,1,0,1735,48.4,-4.35,-7544,0.90,-1.81,8775,-5.04,-1.99,-3.48,-0.80,-49,-1854,-2663,-289,-330,-1032,-1329
10:00,11:30,3,1,True,LOW,2,0,1557,33.7,-5.97,-9300,0.90,-1.77,11714,-3.20,-0.88,-9.35,-1.54,352,-1335,-2933,1180,-2343,-3093,-1129
10:00,11:30,3,1,True,LOW,3,0,1500,28.4,-4.74,-7105,0.92,-1.20,9275,-0.37,-0.08,-9.93,-1.45,662,-713,-2447,2195,-3871,-1343,-1589
10:00,11:30,3,1,True,LOW,0,50,1683,42.8,-5.21,-8771,0.89,-2.22,9514,-3.73,-1.29,-6.92,-1.82,128,-816,-3335,669,-976,-559,-3883
10:00,11:30,3,1,True,LOW,0,100,1528,30.2,-6.71,-10252,0.89,-2.04,12182,-2.91,-0.72,-11.16,-2.08,352,-1382,-2592,1226,-1741,-1862,-4254
10:00,11:30,3,1,True,LOW,0,0,1488,24.9,-3.42,-5091,0.95,-0.74,8892,-2.25,-0.43,-4.80,-0.60,515,106,-3038,603,-1584,-2229,537
10:00,11:30,3,1,True,P40,1,0,1739,46.9,-7.09,-12328,0.84,-3.62,13037,-4.68,-1.78,-9.75,-3.34,-327,-1749,-1701,-500,-1719,-1776,-4557
10:00,11:30,3,1,True,P40,2,0,1574,33.0,-5.86,-9221,0.89,-2.10,10510,-2.14,-0.56,-9.88,-2.41,215,-1817,-240,91,-3884,-966,-2621
10:00,11:30,3,1,True,P40,3,0,1529,27.3,-6.98,-10680,0.88,-2.12,12356,-1.89,-0.42,-12.46,-2.60,354,-1284,-881,313,-4400,-1623,-3160
10:00,11:30,3,1,True,P40,0,50,1675,42.1,-6.82,-11421,0.86,-3.10,12319,-4.44,-1.49,-9.40,-2.89,-40,-1532,-2195,-109,-2458,-1450,-3639
10:00,11:30,3,1,True,P40,0,100,1546,29.5,-6.48,-10022,0.89,-2.11,11357,-2.24,-0.53,-11.07,-2.46,238,-1580,-969,511,-3595,-884,-3743
10:00,11:30,3,1,True,P40,0,0,1509,23.7,-7.07,-10667,0.89,-1.70,12464,-2.24,-0.41,-12.26,-1.95,334,9,-1166,-928,-3177,-2676,-3063
10:00,11:30,3,1,True,LOW,1,0,1727,48.3,-4.26,-7358,0.91,-1.77,8562,-5.09,-2.00,-3.22,-0.73,-76,-1774,-2690,-341,-330,-819,-1329
10:00,11:30,3,1,True,LOW,2,0,1549,33.8,-5.88,-9111,0.90,-1.73,11539,-3.25,-0.89,-9.09,-1.50,366,-1255,-2945,1073,-2343,-2880,-1129
10:00,11:30,3,1,True,LOW,3,0,1493,28.5,-4.58,-6838,0.93,-1.16,9023,-0.31,-0.07,-9.66,-1.41,676,-633,-2487,2195,-3871,-1130,-1589
10:00,11:30,3,1,True,LOW,0,50,1675,43.0,-5.01,-8396,0.89,-2.13,9153,-3.81,-1.32,-6.39,-1.67,142,-736,-3388,570,-756,-346,-3883
10:00,11:30,3,1,True,LOW,0,100,1521,30.2,-6.64,-10099,0.89,-2.01,12043,-2.99,-0.74,-10.90,-2.03,366,-1302,-2746,1226,-1741,-1649,-4254
10:00,11:30,3,1,True,LOW,0,0,1481,25.1,-3.18,-4708,0.95,-0.68,8603,-2.05,-0.39,-4.50,-0.56,529,186,-2962,603,-1584,-2016,537
10:00,11:30,3,1,True,P40,1,0,1731,46.9,-7.02,-12154,0.84,-3.58,12863,-4.69,-1.78,-9.61,-3.28,-327,-1667,-1780,-500,-1476,-1848,-4557
10:00,11:30,3,1,True,P40,2,0,1564,33.1,-5.68,-8882,0.90,-2.02,10253,-2.04,-0.53,-9.62,-2.34,215,-1735,-316,173,-3562,-1037,-2621
10:00,11:30,3,1,True,P40,3,0,1520,27.4,-6.96,-10583,0.88,-2.11,12259,-1.59,-0.35,-12.76,-2.66,354,-1202,-717,313,-4318,-1854,-3160
10:00,11:30,3,1,True,P40,0,50,1666,42.1,-6.74,-11225,0.86,-3.05,12122,-4.38,-1.46,-9.30,-2.85,-40,-1450,-2211,-109,-2196,-1582,-3639
10:00,11:30,3,1,True,P40,0,100,1537,29.5,-6.59,-10125,0.89,-2.14,11460,-2.29,-0.54,-11.25,-2.50,238,-1498,-1086,511,-3513,-1035,-3743
10:00,11:30,3,1,True,P40,0,0,1500,23.7,-6.95,-10421,0.89,-1.67,12300,-1.93,-0.35,-12.37,-1.96,334,91,-1002,-928,-3095,-2758,-3063
10:00,11:30,3,1,True,LOW,1,0,868,50.8,-1.86,-1614,0.96,-0.53,3685,-3.90,-1.12,0.94,0.14,360,-469,-1707,-140,1550,-1098,-109
10:00,11:30,3,1,True,LOW,2,0,795,34.1,-7.44,-5914,0.87,-1.56,9027,-1.40,-0.29,-15.77,-1.74,750,-64,-1655,323,202,-4552,-917
10:00,11:30,3,1,True,LOW,3,0,770,27.7,-8.73,-6722,0.86,-1.60,9326,-2.65,-0.46,-16.89,-1.66,1048,-975,-1820,580,-371,-4351,-834
10:00,11:30,3,1,True,LOW,0,50,845,43.8,-3.81,-3216,0.92,-1.13,5193,-3.36,-0.86,-4.38,-0.75,663,83,-2358,12,673,-618,-1671
10:00,11:30,3,1,True,LOW,0,100,780,29.9,-8.32,-6492,0.86,-1.80,8912,-3.64,-0.67,-14.51,-1.81,828,-841,-2028,425,-138,-2553,-2185
10:00,11:30,3,1,True,LOW,0,0,765,24.6,-5.99,-4580,0.91,-0.92,7311,-1.80,-0.25,-11.57,-0.98,1067,321,-2334,161,883,-4161,-516
10:00,11:30,3,1,True,P40,1,0,875,48.8,-4.67,-4085,0.89,-1.65,6083,-1.75,-0.48,-8.22,-1.85,463,-33,-1132,-137,-477,-697,-2072
10:00,11:30,3,1,True,P40,2,0,799,33.0,-7.03,-5613,0.87,-1.78,8586,-3.91,-0.76,-10.77,-1.77,989,-1051,-1187,-455,-1439,-1687,-785
10:00,11:30,3,1,True,P40,3,0,788,27.8,-6.86,-5410,0.88,-1.48,8433,-1.30,-0.21,-13.58,-1.92,1091,-186,-1046,-420,-1322,-1817,-1711
10:00,11:30,3,1,True,P40,0,50,845,44.1,-3.82,-3232,0.92,-1.20,5908,-1.85,-0.45,-6.19,-1.25,723,280,-1669,-187,-223,-382,-1774
10:00,11:30,3,1,True,P40,0,100,792,29.8,-6.89,-5457,0.88,-1.59,8275,-1.31,-0.23,-13.61,-2.07,1001,-453,-1120,3,-1354,-1757,-1777
10:00,11:30,3,1,True,P40,0,0,781,23.9,-7.12,-5557,0.89,-1.22,8198,-1.60,-0.22,-13.74,-1.50,1152,751,-1930,-652,-41,-2513,-2324
10:00,11:30,3,1,True,LOW,1,0,867,50.9,-1.78,-1544,0.96,-0.51,3616,-3.90,-1.12,1.13,0.17,360,-469,-1707,-140,1550,-1029,-109
10:00,11:30,3,1,True,LOW,2,0,793,34.2,-7.31,-5799,0.88,-1.53,8912,-1.31,-0.27,-15.61,-1.72,750,-64,-1610,323,202,-4483,-917
10:00,11:30,3,1,True,LOW,3,0,768,27.7,-8.60,-6608,0.86,-1.57,9212,-2.55,-0.44,-16.73,-1.64,1048,-975,-1775,580,-371,-4281,-834
10:00,11:30,3,1,True,LOW,0,50,843,43.9,-3.68,-3102,0.92,-1.09,5078,-3.27,-0.83,-4.20,-0.72,663,83,-2313,12,673,-549,-1671
10:00,11:30,3,1,True,LOW,0,100,778,29.9,-8.20,-6378,0.86,-1.77,8798,-3.55,-0.66,-14.35,-1.79,828,-841,-1983,425,-138,-2484,-2185
10:00,11:30,3,1,True,LOW,0,0,763,24.6,-5.85,-4465,0.91,-0.90,7197,-1.70,-0.24,-11.39,-0.96,1067,321,-2289,161,883,-4092,-516
10:00,11:30,3,1,True,P40,1,0,872,48.9,-4.59,-3999,0.89,-1.62,5998,-1.75,-0.48,-8.06,-1.81,463,-33,-1132,-137,-395,-694,-2072
10:00,11:30,3,1,True,P40,2,0,795,33.1,-6.95,-5526,0.87,-1.76,8498,-3.73,-0.72,-10.85,-1.78,989,-1051,-1105,-455,-1357,-1763,-785
10:00,11:30,3,1,True,P40,3,0,784,27.8,-6.89,-5402,0.88,-1.48,8425,-1.11,-0.18,-13.91,-1.96,1091,-186,-964,-420,-1240,-1974,-1711
10:00,11:30,3,1,True,P40,0,50,841,44.2,-3.67,-3084,0.92,-1.15,5760,-1.68,-0.41,-6.07,-1.22,723,280,-1587,-187,-141,-398,-1774
10:00,11:30,3,1,True,P40,0,100,788,29.8,-6.86,-5409,0.88,-1.58,8228,-1.13,-0.20,-13.83,-2.09,1001,-453,-1038,3,-1272,-1873,-1777
10:00,11:30,3,1,True,P40,0,0,777,23.9,-6.92,-5380,0.89,-1.19,8020,-1.41,-0.19,-13.59,-1.47,1152,751,-1848,-652,41,-2499,-2324
10:00,11:30,3,1,True,LOW,1,0,1714,48.5,-4.31,-7392,0.90,-1.77,8673,-4.84,-1.89,-3.65,-0.82,-42,-1813,-2525,-236,-386,-1063,-1329
10:00,11:30,3,1,True,LOW,2,0,1540,33.8,-6.23,-9595,0.89,-1.83,12283,-3.10,-0.85,-10.08,-1.64,585,-1293,-2908,988,-2603,-3235,-1129
10:00,11:30,3,1,True,LOW,3,0,1484,28.4,-4.91,-7281,0.92,-1.23,9515,-0.61,-0.14,-10.05,-1.45,684,-671,-2422,1912,-4002,-1193,-1589
10:00,11:30,3,1,True,LOW,0,50,1665,43.1,-5.10,-8490,0.89,-2.15,9486,-3.47,-1.20,-7.00,-1.81,297,-774,-3310,685,-1145,-402,-3840
10:00,11:30,3,1,True,LOW,0,100,1514,30.2,-7.08,-10719,0.88,-2.14,12712,-2.80,-0.69,-12.13,-2.25,374,-1340,-2567,1242,-2138,-2036,-4254
10:00,11:30,3,1,True,LOW,0,0,1474,25.1,-3.36,-4959,0.95,-0.72,8823,-2.14,-0.41,-4.82,-0.59,536,147,-3013,619,-1939,-1846,537
10:00,11:30,3,1,True,P40,1,0,1726,47.2,-6.61,-11413,0.85,-3.36,12613,-4.15,-1.57,-9.36,-3.19,4,-1589,-1698,-500,-1712,-1363,-4557
10:00,11:30,3,1,True,P40,2,0,1562,33.0,-5.80,-9064,0.89,-2.07,10729,-1.58,-0.41,-10.43,-2.53,350,-1577,-158,91,-4037,-1113,-2621
10:00,11:30,3,1,True,P40,3,0,1519,27.5,-6.66,-10111,0.89,-2.01,12177,-1.30,-0.29,-12.48,-2.59,489,-1029,-799,313,-4474,-1452,-3160
10:00,11:30,3,1,True,P40,0,50,1662,42.2,-6.51,-10821,0.86,-2.94,12155,-3.85,-1.29,-9.44,-2.88,217,-1351,-2113,-109,-2491,-1336,-3639
10:00,11:30,3,1,True,P40,0,100,1536,29.5,-6.47,-9934,0.89,-2.10,11659,-1.66,-0.39,-11.72,-2.60,373,-1325,-887,511,-3910,-953,-3743
10:00,11:30,3,1,True,P40,0,0,1499,23.9,-6.68,-10008,0.89,-1.60,12195,-1.68,-0.31,-12.11,-1.92,469,264,-1086,-962,-3446,-2184,-3063
10:00,11:30,3,1,True,LOW,1,0,1709,48.4,-4.29,-7338,0.90,-1.76,8602,-4.87,-1.90,-3.57,-0.80,-58,-1733,-2552,-289,-386,-992,-1329
10:00,11:30,3,1,True,LOW,2,0,1535,33.7,-6.23,-9562,0.89,-1.82,12250,-3.16,-0.86,-9.99,-1.63,585,-1213,-2920,881,-2603,-3164,-1129
10:00,11:30,3,1,True,LOW,3,0,1480,28.4,-4.84,-7171,0.92,-1.21,9404,-0.57,-0.13,-9.96,-1.43,684,-591,-2462,1912,-4002,-1122,-1589
10:00,11:30,3,1,True,LOW,0,50,1660,43.2,-4.98,-8271,0.89,-2.10,9267,-3.56,-1.23,-6.63,-1.71,297,-694,-3363,586,-925,-331,-3840
10:00,11:30,3,1,True,LOW,0,100,1510,30.2,-7.10,-10721,0.88,-2.14,12714,-2.90,-0.71,-12.04,-2.23,374,-1260,-2721,1242,-2138,-1965,-4254
10:00,11:30,3,1,True,LOW,0,0,1470,25.2,-3.22,-4732,0.95,-0.69,8676,-1.95,-0.37,-4.72,-0.58,536,227,-2937,619,-1939,-1775,537
10:00,11:30,3,1,True,P40,1,0,1721,47.1,-6.67,-11484,0.85,-3.39,12685,-4.16,-1.57,-9.49,-3.22,4,-1507,-1776,-500,-1551,-1598,-4557
10:00,11:30,3,1,True,P40,2,0,1555,33.1,-5.77,-8971,0.89,-2.05,10718,-1.48,-0.39,-10.46,-2.54,350,-1495,-234,173,-3797,-1348,-2621
10:00,11:30,3,1,True,P40,3,0,1513,27.4,-6.78,-10260,0.89,-2.05,12326,-0.99,-0.22,-13.08,-2.71,489,-947,-635,313,-4474,-1847,-3160
10:00,11:30,3,1,True,P40,0,50,1656,42.2,-6.56,-10870,0.86,-2.96,12205,-3.79,-1.27,-9.62,-2.93,217,-1269,-2129,-109,-2311,-1631,-3639
10:00,11:30,3,1,True,P40,0,100,1530,29.4,-6.72,-10283,0.88,-2.18,12008,-1.70,-0.40,-12.20,-2.71,373,-1243,-1004,511,-3910,-1268,-3743
10:00,11:30,3,1,True,P40,0,0,1493,23.8,-6.70,-10008,0.89,-1.60,12277,-1.37,-0.25,-12.50,-1.97,469,346,-922,-962,-3446,-2430,-3063
10:00,11:30,3,1,True,LOW,1,0,863,50.8,-2.02,-1746,0.95,-0.57,3777,-3.94,-1.13,0.61,0.09,319,-469,-1707,-111,1550,-1219,-109
10:00,11:30,3,1,True,LOW,2,0,791,34.3,-7.44,-5885,0.87,-1.56,9134,-1.05,-0.21,-16.32,-1.79,886,-64,-1655,352,202,-4689,-917
10:00,11:30,3,1,True,LOW,3,0,766,27.8,-8.57,-6565,0.86,-1.56,9165,-2.59,-0.45,-16.63,-1.62,1044,-975,-1820,609,-371,-4218,-834
10:00,11:30,3,1,True,LOW,0,50,841,44.0,-3.69,-3102,0.92,-1.09,5221,-3.01,-0.76,-4.57,-0.78,806,83,-2358,41,673,-676,-1671
10:00,11:30,3,1,True,LOW,0,100,776,29.9,-8.54,-6625,0.86,-1.84,9041,-3.59,-0.66,-15.11,-1.88,824,-841,-2028,454,-138,-2711,-2185
10:00,11:30,3,1,True,LOW,0,0,761,24.7,-5.81,-4422,0.91,-0.89,7150,-1.75,-0.25,-11.26,-0.94,1063,321,-2334,190,883,-4029,-516
10:00,11:30,3,1,True,P40,1,0,873,49.1,-4.12,-3600,0.90,-1.45,5759,-1.41,-0.39,-7.43,-1.67,623,-33,-1132,-137,-395,-455,-2072
10:00,11:30,3,1,True,P40,2,0,796,33.0,-6.97,-5549,0.87,-1.76,8580,-3.77,-0.73,-10.85,-1.78,1048,-1051,-1187,-455,-1357,-1763,-785
10:00,11:30,3,1,True,P40,3,0,785,27.9,-6.50,-5105,0.89,-1.40,8187,-1.16,-0.19,-13.00,-1.83,1150,-186,-1046,-420,-1240,-1653,-1711
10:00,11:30,3,1,True,P40,0,50,842,44.3,-3.55,-2986,0.92,-1.11,5842,-1.46,-0.35,-6.07,-1.22,903,280,-1669,-187,-141,-398,-1774
10:00,11:30,3,1,True,P40,0,100,789,29.8,-6.88,-5432,0.88,-1.59,8310,-1.18,-0.21,-13.83,-2.09,1060,-453,-1120,3,-1272,-1873,-1777
10:00,11:30,3,1,True,P40,0,0,778,24.0,-6.75,-5252,0.89,-1.16,7952,-1.46,-0.20,-13.16,-1.42,1211,751,-1930,-652,41,-2349,-2324
10:00,11:30,3,1,True,LOW,1,0,863,50.8,-2.02,-1746,0.95,-0.57,3777,-3.94,-1.13,0.61,0.09,319,-469,-1707,-111,1550,-1219,-109
10:00,11:30,3,1,True,LOW,2,0,790,34.3,-7.39,-5840,0.87,-1.54,9089,-0.95,-0.19,-16.32,-1.79,886,-64,-1610,352,202,-4689,-917
10:00,11:30,3,1,True,LOW,3,0,765,27.8,-8.52,-6520,0.87,-1.55,9120,-2.50,-0.43,-16.63,-1.62,1044,-975,-1775,609,-371,-4218,-834
10:00,11:30,3,1,True,LOW,0,50,840,44.0,-3.64,-3057,0.92,-1.08,5176,-2.92,-0.74,-4.57,-0.78,806,83,-2313,41,673,-676,-1671
10:00,11:30,3,1,True,LOW,0,100,775,29.9,-8.49,-6580,0.86,-1.83,8996,-3.50,-0.65,-15.11,-1.88,824,-841,-1983,454,-138,-2711,-2185
10:00,11:30,3,1,True,LOW,0,0,760,24.7,-5.76,-4377,0.91,-0.88,7105,-1.65,-0.23,-11.26,-0.94,1063,321,-2289,190,883,-4029,-516
10:00,11:30,3,1,True,P40,1,0,872,49.1,-4.22,-3678,0.90,-1.49,5837,-1.41,-0.39,-7.65,-1.71,623,-33,-1132,-137,-395,-533,-2072
10:00,11:30,3,1,True,P40,2,0,794,33.0,-7.08,-5625,0.87,-1.79,8657,-3.59,-0.69,-11.32,-1.86,1048,-1051,-1105,-455,-1357,-1922,-785
10:00,11:30,3,1,True,P40,3,0,783,27.8,-6.72,-5261,0.89,-1.45,8343,-0.97,-0.16,-13.72,-1.93,1150,-186,-964,-420,-1240,-1892,-1711
10:00,11:30,3,1,True,P40,0,50,840,44.3,-3.57,-3002,0.92,-1.12,5859,-1.28,-0.31,-6.34,-1.28,903,280,-1587,-187,-141,-497,-1774
10:00,11:30,3,1,True,P40,0,100,787,29.7,-7.05,-5549,0.88,-1.62,8426,-0.99,-0.17,-14.42,-2.19,1060,-453,-1038,3,-1272,-2072,-1777
10:00,11:30,3,1,True,P40,0,0,776,24.0,-6.75,-5239,0.89,-1.16,7938,-1.27,-0.17,-13.39,-1.44,1211,751,-1848,-652,41,-2417,-2324
10:00,11:30,3,1,True,LOW,1,0,1448,49.6,-2.52,-3654,0.95,-0.91,5593,-5.68,-1.97,1.45,0.28,-50,-1108,-3341,-84,733,780,-585
10:00,11:30,3,1,True,LOW,2,0,1330,34.4,-3.91,-5204,0.93,-1.02,8163,-1.41,-0.35,-7.06,-1.01,440,-482,-2175,1171,-1997,-2033,-128
10:00,11:30,3,1,True,LOW,3,0,1301,29.2,-2.50,-3248,0.96,-0.57,7503,0.47,0.10,-6.16,-0.79,669,146,-2868,2394,-3389,-517,318
10:00,11:30,3,1,True,LOW,0,50,1427,44.9,-3.26,-4657,0.93,-1.25,5896,-2.92,-0.92,-3.68,-0.85,447,72,-3826,1045,-564,1051,-2881
10:00,11:30,3,1,True,LOW,0,100,1327,31.7,-4.84,-6421,0.92,-1.34,9051,-2.42,-0.56,-7.77,-1.29,618,-718,-3153,1494,-1540,-810,-2312
10:00,11:30,3,1,True,LOW,0,0,1299,26.4,-0.87,-1135,0.99,-0.17,7415,-0.89,-0.16,-0.85,-0.09,672,951,-4016,1753,-1858,-1304,2668
10:00,11:30,3,1,True,P40,1,0,1482,47.6,-6.26,-9279,0.86,-2.94,10555,-4.91,-1.73,-7.79,-2.42,79,-1076,-2645,-220,-1783,-176,-3460
10:00,11:30,3,1,True,P40,2,0,1374,33.9,-4.23,-5814,0.92,-1.40,8222,-1.71,-0.42,-7.04,-1.57,514,-698,-1044,-9,-3268,-99,-1210
10:00,11:30,3,1,True,P40,3,0,1350,28.5,-4.29,-5794,0.93,-1.21,8691,-0.03,-0.01,-9.03,-1.72,797,-233,-863,279,-3795,-869,-1110
10:00,11:30,3,1,True,P40,0,50,1442,43.6,-4.43,-6381,0.90,-1.85,8273,-2.75,-0.86,-6.30,-1.76,446,-389,-2333,181,-1614,49,-2721
10:00,11:30,3,1,True,P40,0,100,1359,30.5,-4.48,-6093,0.92,-1.36,8415,-1.73,-0.39,-7.54,-1.53,721,-648,-1481,171,-3146,-18,-1693
10:00,11:30,3,1,True,P40,0,0,1334,24.8,-4.52,-6035,0.93,-1.01,8354,-0.46,-0.08,-9.05,-1.30,708,1133,-2132,-31,-2627,-1985,-1103
10:00,11:30,3,1,True,LOW,1,0,1447,49.6,-2.47,-3574,0.95,-0.89,5513,-5.58,-1.94,1.45,0.28,-50,-1028,-3341,-84,733,780,-585
10:00,11:30,3,1,True,LOW,2,0,1329,34.5,-3.86,-5124,0.93,-1.00,8083,-1.31,-0.32,-7.06,-1.01,440,-402,-2175,1171,-1997,-2033,-128
10:00,11:30,3,1,True,LOW,3,0,1300,29.2,-2.44,-3168,0.96,-0.55,7503,0.59,0.12,-6.16,-0.79,669,226,-2868,2394,-3389,-517,318
10:00,11:30,3,1,True,LOW,0,50,1426,45.0,-3.06,-4357,0.93,-1.17,5676,-2.82,-0.89,-3.34,-0.77,447,152,-3826,1045,-344,1051,-2881
10:00,11:30,3,1,True,LOW,0,100,1326,31.7,-4.78,-6341,0.92,-1.33,8971,-2.31,-0.53,-7.77,-1.29,618,-638,-3153,1494,-1540,-810,-2312
10:00,11:30,3,1,True,LOW,0,0,1298,26.4,-0.81,-1055,0.99,-0.16,7415,-0.78,-0.14,-0.85,-0.09,672,1031,-4016,1753,-1858,-1304,2668
10:00,11:30,3,1,True,P40,1,0,1480,47.7,-6.16,-9115,0.86,-2.89,10459,-4.81,-1.69,-7.69,-2.39,79,-994,-2645,-220,-1622,-254,-3460
10:00,11:30,3,1,True,P40,2,0,1372,34.0,-4.12,-5650,0.92,-1.37,8140,-1.60,-0.39,-6.93,-1.54,514,-616,-1044,-9,-3028,-258,-1210
10:00,11:30,3,1,True,P40,3,0,1348,28.5,-4.41,-5950,0.92,-1.24,8847,0.09,0.02,-9.42,-1.79,797,-151,-863,279,-3795,-1107,-1110
10:00,11:30,3,1,True,P40,0,50,1440,43.7,-4.32,-6217,0.91,-1.80,8191,-2.64,-0.82,-6.19,-1.73,446,-307,-2333,181,-1434,-50,-2721
10:00,11:30,3,1,True,P40,0,100,1357,30.5,-4.58,-6210,0.92,-1.38,8532,-1.62,-0.36,-7.86,-1.60,721,-566,-1481,171,-3146,-217,-1693
10:00,11:30,3,1,True,P40,0,0,1332,24.8,-4.52,-6022,0.93,-1.01,8421,-0.34,-0.06,-9.18,-1.32,708,1215,-2132,-31,-2627,-2053,-1103
10:00,11:30,3,1,True,LOW,1,0,773,51.6,-0.29,-228,0.99,-0.08,2722,-4.69,-1.24,5.43,0.75,244,-230,-1961,-104,1553,-76,347
10:00,11:30,3,1,True,LOW,2,0,718,34.8,-5.95,-4273,0.90,-1.16,7255,-0.80,-0.15,-12.78,-1.32,714,331,-1682,312,318,-3563,-702
10:00,11:30,3,1,True,LOW,3,0,701,28.7,-6.28,-4400,0.90,-1.07,6868,-2.54,-0.41,-11.13,-1.02,775,-452,-2045,718,-272,-3019,-106
10:00,11:30,3,1,True,LOW,0,50,760,45.4,-2.11,-1601,0.95,-0.58,3514,-2.49,-0.59,-1.64,-0.27,628,420,-2261,170,724,-1,-1280
10:00,11:30,3,1,True,LOW,0,100,713,31.1,-5.67,-4041,0.90,-1.15,6471,-3.27,-0.57,-8.73,-1.03,701,-319,-2164,474,-5,-1272,-1456
10:00,11:30,3,1,True,LOW,0,0,700,25.7,-3.50,-2450,0.95,-0.51,5602,-1.33,-0.18,-6.30,-0.50,831,844,-2449,248,885,-3021,213
10:00,11:30,3,1,True,P40,1,0,784,49.4,-3.95,-3096,0.91,-1.31,5348,-1.58,-0.41,-6.69,-1.43,548,306,-1636,115,-699,89,-1819
10:00,11:30,3,1,True,P40,2,0,730,33.6,-5.65,-4123,0.90,-1.36,6986,-3.60,-0.66,-8.02,-1.26,813,-421,-1634,-170,-1187,-833,-692
10:00,11:30,3,1,True,P40,3,0,722,28.5,-4.78,-3451,0.92,-0.98,6761,-0.95,-0.15,-9.25,-1.24,1075,363,-1549,-260,-1151,-794,-1137
10:00,11:30,3,1,True,P40,0,50,765,45.1,-2.24,-1712,0.95,-0.67,4551,-0.57,-0.13,-4.15,-0.80,788,658,-1724,45,-108,191,-1561
10:00,11:30,3,1,True,P40,0,100,725,30.5,-4.96,-3593,0.91,-1.08,6619,-1.39,-0.23,-9.10,-1.31,1026,96,-1761,97,-1143,-704,-1203
10:00,11:30,3,1,True,P40,0,0,716,24.4,-6.44,-4614,0.90,-1.06,7482,-2.34,-0.30,-11.22,-1.17,1067,1299,-2778,-490,39,-2002,-1750
10:00,11:30,3,1,True,LOW,1,0,773,51.6,-0.29,-228,0.99,-0.08,2722,-4.69,-1.24,5.43,0.75,244,-230,-1961,-104,1553,-76,347
10:00,11:30,3,1,True,LOW,2,0,718,34.8,-5.95,-4273,0.90,-1.16,7255,-0.80,-0.15,-12.78,-1.32,714,331,-1682,312,318,-3563,-702
10:00,11:30,3,1,True,LOW,3,0,701,28.7,-6.28,-4400,0.90,-1.07,6868,-2.54,-0.41,-11.13,-1.02,775,-452,-2045,718,-272,-3019,-106
10:00,11:30,3,1,True,LOW,0,50,760,45.4,-2.11,-1601,0.95,-0.58,3514,-2.49,-0.59,-1.64,-0.27,628,420,-2261,170,724,-1,-1280
10:00,11:30,3,1,True,LOW,0,100,713,31.1,-5.67,-4041,0.90,-1.15,6471,-3.27,-0.57,-8.73,-1.03,701,-319,-2164,474,-5,-1272,-1456
10:00,11:30,3,1,True,LOW,0,0,700,25.7,-3.50,-2450,0.95,-0.51,5602,-1.33,-0.18,-6.30,-0.50,831,844,-2449,248,885,-3021,213
10:00,11:30,3,1,True,P40,1,0,783,49.3,-4.05,-3175,0.90,-1.35,5426,-1.58,-0.41,-6.93,-1.48,548,306,-1636,115,-699,10,-1819
10:00,11:30,3,1,True,P40,2,0,729,33.5,-5.87,-4281,0.89,-1.41,7145,-3.60,-0.66,-8.52,-1.33,813,-421,-1634,-170,-1187,-991,-692
10:00,11:30,3,1,True,P40,3,0,721,28.4,-5.12,-3690,0.91,-1.05,7000,-0.95,-0.15,-10.00,-1.34,1075,363,-1549,-260,-1151,-1033,-1137
10:00,11:30,3,1,True,P40,0,50,764,45.0,-2.37,-1810,0.95,-0.70,4650,-0.57,-0.13,-4.44,-0.86,788,658,-1724,45,-108,92,-1561
10:00,11:30,3,1,True,P40,0,100,724,30.4,-5.24,-3792,0.91,-1.15,6817,-1.39,-0.23,-9.72,-1.40,1026,96,-1761,97,-1143,-903,-1203
10:00,11:30,3,1,True,P40,0,0,715,24.3,-6.55,-4682,0.89,-1.08,7551,-2.34,-0.30,-11.46,-1.19,1067,1299,-2778,-490,39,-2070,-1750
10:00,11:30,3,1,True,LOW,1,0,1034,48.9,-3.91,-4039,0.92,-1.13,5848,-6.78,-1.98,-0.35,-0.05,-71,-1223,-2933,351,39,678,-879
10:00,11:30,3,1,True,LOW,2,0,974,34.7,-4.14,-4037,0.93,-0.89,6629,-3.16,-0.67,-5.37,-0.62,453,-1373,-2237,1451,-945,-779,-608
10:00,11:30,3,1,True,LOW,3,0,958,30.0,-1.52,-1454,0.98,-0.28,4927,-1.57,-0.28,-1.46,-0.15,776,-1272,-2216,1886,-1868,915,326
10:00,11:30,3,1,True,LOW,0,50,1029,45.0,-5.02,-5164,0.90,-1.58,6512,-4.68,-1.26,-5.41,-1.01,249,-1111,-3034,1296,242,235,-3041
10:00,11:30,3,1,True,LOW,0,100,969,31.9,-5.97,-5788,0.90,-1.39,8616,-5.40,-1.08,-6.66,-0.91,723,-1710,-3123,1254,-1313,412,-2031
10:00,11:30,3,1,True,LOW,0,0,958,26.7,0.15,146,1.00,0.02,6609,-4.33,-0.67,5.63,0.48,776,-589,-3455,989,-779,443,2761
10:00,11:30,3,1,True,P40,1,0,1073,47.3,-6.89,-7395,0.84,-2.72,9101,-6.28,-1.87,-7.57,-1.97,128,-1186,-2901,409,-1261,224,-2809
10:00,11:30,3,1,True,P40,2,0,1004,32.9,-6.55,-6575,0.88,-1.85,9013,-3.81,-0.80,-9.60,-1.82,793,-1249,-1713,155,-2749,-132,-1680
10:00,11:30,3,1,True,P40,3,0,994,27.8,-6.45,-6415,0.89,-1.56,9375,-2.30,-0.42,-11.08,-1.79,1094,-806,-1308,-187,-3260,-79,-1871
10:00,11:30,3,1,True,P40,0,50,1050,42.8,-6.18,-6488,0.87,-2.19,8248,-5.12,-1.36,-7.35,-1.73,428,-1159,-2423,327,-1256,188,-2592
10:00,11:30,3,1,True,P40,0,100,997,29.6,-6.94,-6924,0.88,-1.80,9589,-3.43,-0.66,-10.86,-1.88,1040,-1269,-1512,-59,-3228,535,-2432
10:00,11:30,3,1,True,P40,0,0,987,23.9,-8.13,-8020,0.87,-1.59,10281,-3.96,-0.61,-12.80,-1.58,1005,-41,-2178,-853,-2744,-1292,-1919
10:00,11:30,3,1,True,LOW,1,0,1034,48.9,-3.91,-4039,0.92,-1.13,5848,-6.78,-1.98,-0.35,-0.05,-71,-1223,-2933,351,39,678,-879
10:00,11:30,3,1,True,LOW,2,0,974,34.7,-4.14,-4037,0.93,-0.89,6629,-3.16,-0.67,-5.37,-0.62,453,-1373,-2237,1451,-945,-779,-608
10:00,11:30,3,1,True,LOW,3,0,958,30.0,-1.52,-1454,0.98,-0.28,4927,-1.57,-0.28,-1.46,-0.15,776,-1272,-2216,1886,-1868,915,326
10:00,11:30,3,1,True,LOW,0,50,1029,45.0,-5.02,-5164,0.90,-1.58,6512,-4.68,-1.26,-5.41,-1.01,249,-1111,-3034,1296,242,235,-3041
10:00,11:30,3,1,True,LOW,0,100,969,31.9,-5.97,-5788,0.90,-1.39,8616,-5.40,-1.08,-6.66,-0.91,723,-1710,-3123,1254,-1313,412,-2031
10:00,11:30,3,1,True,LOW,0,0,958,26.7,0.15,146,1.00,0.02,6609,-4.33,-0.67,5.63,0.48,776,-589,-3455,989,-779,443,2761
10:00,11:30,3,1,True,P40,1,0,1073,47.3,-6.89,-7395,0.84,-2.72,9101,-6.28,-1.87,-7.57,-1.97,128,-1186,-2901,409,-1261,224,-2809
10:00,11:30,3,1,True,P40,2,0,1004,32.9,-6.55,-6575,0.88,-1.85,9013,-3.81,-0.80,-9.60,-1.82,793,-1249,-1713,155,-2749,-132,-1680
10:00,11:30,3,1,True,P40,3,0,994,27.8,-6.45,-6415,0.89,-1.56,9375,-2.30,-0.42,-11.08,-1.79,1094,-806,-1308,-187,-3260,-79,-1871
10:00,11:30,3,1,True,P40,0,50,1050,42.8,-6.18,-6488,0.87,-2.19,8248,-5.12,-1.36,-7.35,-1.73,428,-1159,-2423,327,-1256,188,-2592
10:00,11:30,3,1,True,P40,0,100,997,29.6,-6.94,-6924,0.88,-1.80,9589,-3.43,-0.66,-10.86,-1.88,1040,-1269,-1512,-59,-3228,535,-2432
10:00,11:30,3,1,True,P40,0,0,987,23.9,-8.13,-8020,0.87,-1.59,10281,-3.96,-0.61,-12.80,-1.58,1005,-41,-2178,-853,-2744,-1292,-1919
10:00,11:30,3,1,True,LOW,1,0,614,49.7,-3.64,-2235,0.92,-0.81,3645,-8.98,-2.13,3.16,0.36,79,-511,-2646,-10,1429,-563,-13
10:00,11:30,3,1,True,LOW,2,0,579,34.9,-7.19,-4165,0.88,-1.21,6275,-3.94,-0.68,-11.41,-1.00,480,-191,-1918,338,839,-3070,-645
10:00,11:30,3,1,True,LOW,3,0,568,29.2,-7.45,-4231,0.89,-1.11,6157,-6.77,-1.02,-8.32,-0.65,646,-714,-2482,391,227,-2167,-132
10:00,11:30,3,1,True,LOW,0,50,609,44.5,-5.78,-3521,0.88,-1.40,4437,-6.53,-1.37,-4.87,-0.68,332,-637,-2319,447,1046,-779,-1612
10:00,11:30,3,1,True,LOW,0,100,572,31.1,-8.30,-4746,0.86,-1.49,6721,-8.57,-1.38,-7.95,-0.81,569,-780,-2781,257,-2,-864,-1146
10:00,11:30,3,1,True,LOW,0,0,568,26.1,-4.24,-2410,0.94,-0.53,5048,-6.51,-0.80,-1.34,-0.09,699,284,-2855,-205,1231,-1924,360
10:00,11:30,3,1,True,P40,1,0,629,48.3,-5.83,-3667,0.87,-1.72,5140,-4.90,-1.12,-6.89,-1.30,313,-613,-1805,464,-332,19,-1713
10:00,11:30,3,1,True,P40,2,0,588,32.5,-8.59,-5049,0.85,-1.85,7225,-6.67,-1.11,-10.82,-1.51,656,-828,-1880,-63,-1127,-902,-905
10:00,11:30,3,1,True,P40,3,0,584,28.1,-7.40,-4319,0.88,-1.37,6639,-4.33,-0.62,-10.98,-1.31,918,-58,-1749,-476,-1173,-511,-1271
10:00,11:30,3,1,True,P40,0,50,616,43.7,-5.21,-3211,0.89,-1.38,4881,-5.09,-1.05,-5.35,-0.91,493,-574,-1869,274,219,-160,-1595
10:00,11:30,3,1,True,P40,0,100,584,29.8,-7.68,-4485,0.87,-1.51,6796,-4.22,-0.64,-11.72,-1.50,869,-458,-1726,-16,-1362,-615,-1177
10:00,11:30,3,1,True,P40,0,0,583,24.2,-8.24,-4804,0.87,-1.22,6932,-4.67,-0.56,-12.44,-1.14,910,659,-2202,-837,-97,-1609,-1629
10:00,11:30,3,1,True,LOW,1,0,614,49.7,-3.64,-2235,0.92,-0.81,3645,-8.98,-2.13,3.16,0.36,79,-511,-2646,-10,1429,-563,-13
10:00,11:30,3,1,True,LOW,2,0,579,34.9,-7.19,-4165,0.88,-1.21,6275,-3.94,-0.68,-11.41,-1.00,480,-191,-1918,338,839,-3070,-645
10:00,11:30,3,1,True,LOW,3,0,568,29.2,-7.45,-4231,0.89,-1.11,6157,-6.77,-1.02,-8.32,-0.65,646,-714,-2482,391,227,-2167,-132
10:00,11:30,3,1,True,LOW,0,50,609,44.5,-5.78,-3521,0.88,-1.40,4437,-6.53,-1.37,-4.87,-0.68,332,-637,-2319,447,1046,-779,-1612
10:00,11:30,3,1,True,LOW,0,100,572,31.1,-8.30,-4746,0.86,-1.49,6721,-8.57,-1.38,-7.95,-0.81,569,-780,-2781,257,-2,-864,-1146
10:00,11:30,3,1,True,LOW,0,0,568,26.1,-4.24,-2410,0.94,-0.53,5048,-6.51,-0.80,-1.34,-0.09,699,284,-2855,-205,1231,-1924,360
10:00,11:30,3,1,True,P40,1,0,629,48.3,-5.83,-3667,0.87,-1.72,5140,-4.90,-1.12,-6.89,-1.30,313,-613,-1805,464,-332,19,-1713
10:00,11:30,3,1,True,P40,2,0,588,32.5,-8.59,-5049,0.85,-1.85,7225,-6.67,-1.11,-10.82,-1.51,656,-828,-1880,-63,-1127,-902,-905
10:00,11:30,3,1,True,P40,3,0,584,28.1,-7.40,-4319,0.88,-1.37,6639,-4.33,-0.62,-10.98,-1.31,918,-58,-1749,-476,-1173,-511,-1271
10:00,11:30,3,1,True,P40,0,50,616,43.7,-5.21,-3211,0.89,-1.38,4881,-5.09,-1.05,-5.35,-0.91,493,-574,-1869,274,219,-160,-1595
10:00,11:30,3,1,True,P40,0,100,584,29.8,-7.68,-4485,0.87,-1.51,6796,-4.22,-0.64,-11.72,-1.50,869,-458,-1726,-16,-1362,-615,-1177
10:00,11:30,3,1,True,P40,0,0,583,24.2,-8.24,-4804,0.87,-1.22,6932,-4.67,-0.56,-12.44,-1.14,910,659,-2202,-837,-97,-1609,-1629
10:00,15:00,1,1,False,LOW,1,0,1461,49.8,-1.59,-2321,0.96,-0.60,5161,-0.36,-0.12,-3.01,-0.65,197,-999,87,435,-1115,-2044,1120
10:00,15:00,1,1,False,LOW,2,0,1461,34.5,-1.91,-2784,0.97,-0.54,9291,3.53,0.88,-8.20,-1.35,268,625,514,1363,-3075,-4112,1633
10:00,15:00,1,1,False,LOW,3,0,1461,29.1,-0.72,-1053,0.99,-0.18,7572,5.04,1.06,-7.40,-1.08,676,1674,-901,2506,-3956,-1797,747
10:00,15:00,1,1,False,LOW,0,50,1461,43.7,-2.37,-3457,0.95,-0.96,5473,1.60,0.52,-6.96,-1.78,492,-134,-68,967,-2546,-1295,-873
10:00,15:00,1,1,False,LOW,0,100,1461,31.7,-0.76,-1112,0.99,-0.22,7917,5.18,1.21,-7.64,-1.43,215,922,-404,3327,-2578,-2688,94
10:00,15:00,1,1,False,LOW,0,0,1461,26.1,-0.32,-471,0.99,-0.07,8472,4.81,0.86,-6.27,-0.83,240,2124,-68,1477,-2405,-3632,1794
10:00,15:00,1,1,False,P40,1,0,1461,47.8,-5.24,-7651,0.88,-2.51,8100,-0.83,-0.29,-10.34,-3.37,-266,-606,-28,249,-1881,-3507,-1613
10:00,15:00,1,1,False,P40,2,0,1461,34.4,-3.24,-4730,0.94,-1.13,9767,4.19,1.06,-11.84,-2.87,63,321,1646,1254,-3161,-4477,-375
10:00,15:00,1,1,False,P40,3,0,1461,29.4,-2.37,-3457,0.96,-0.70,8870,4.94,1.07,-10.82,-2.21,-166,1690,64,2285,-2543,-3349,-1437
10:00,15:00,1,1,False,P40,0,50,1461,43.3,-4.39,-6416,0.90,-1.90,7890,1.18,0.37,-10.84,-3.21,-40,-189,37,1115,-2870,-3044,-1425
10:00,15:00,1,1,False,P40,0,100,1461,31.0,-2.93,-4275,0.95,-0.93,9875,4.69,1.08,-11.74,-2.59,-371,1300,180,2567,-2672,-4029,-1249
10:00,15:00,1,1,False,P40,0,0,1461,26.3,-2.64,-3855,0.96,-0.65,10018,5.95,1.05,-12.59,-2.14,-345,2603,1939,471,-1573,-4641,-2308
10:00,15:00,1,1,False,LOW,1,0,1461,50.0,-1.40,-2040,0.97,-0.53,5125,-0.08,-0.03,-2.92,-0.63,197,-913,219,435,-1062,-2035,1120
10:00,15:00,1,1,False,LOW,2,0,1461,34.7,-1.61,-2356,0.97,-0.45,9213,3.98,0.99,-8.09,-1.33,268,759,730,1363,-3091,-4019,1633
10:00,15:00,1,1,False,LOW,3,0,1461,29.3,-0.35,-510,0.99,-0.09,7467,5.60,1.18,-7.24,-1.05,676,1856,-645,2506,-3985,-1663,747
10:00,15:00,1,1,False,LOW,0,50,1461,43.9,-2.10,-3069,0.95,-0.85,5371,1.97,0.64,-6.81,-1.74,492,4,80,967,-2534,-1205,-873
10:00,15:00,1,1,False,LOW,0,100,1461,31.9,-0.38,-553,0.99,-0.11,7778,5.71,1.33,-7.43,-1.39,215,1095,-156,3327,-2652,-2476,94
10:00,15:00,1,1,False,LOW,0,0,1461,26.4,0.13,193,1.00,0.03,8238,5.36,0.95,-5.92,-0.78,240,2297,188,1477,-2427,-3376,1794
10:00,15:00,1,1,False,P40,1,0,1461,47.9,-5.02,-7330,0.88,-2.40,7796,-0.42,-0.15,-10.34,-3.37,-266,-445,133,249,-1881,-3507,-1613
10:00,15:00,1,1,False,P40,2,0,1461,34.5,-2.91,-4249,0.95,-1.01,9767,4.80,1.21,-11.84,-2.87,63,562,1887,1254,-3161,-4477,-375
10:00,15:00,1,1,False,P40,3,0,1461,29.5,-2.04,-2986,0.96,-0.61,8903,5.58,1.21,-10.87,-2.22,-166,1906,352,2285,-2577,-3349,-1437
10:00,15:00,1,1,False,P40,0,50,1461,43.4,-4.14,-6055,0.91,-1.79,7890,1.64,0.52,-10.84,-3.21,-40,-9,217,1115,-2870,-3044,-1425
10:00,15:00,1,1,False,P40,0,100,1461,31.1,-2.64,-3864,0.95,-0.84,9960,5.32,1.22,-11.87,-2.62,-371,1515,460,2567,-2758,-4029,-1249
10:00,15:00,1,1,False,P40,0,0,1461,26.4,-2.33,-3402,0.96,-0.57,10069,6.60,1.17,-12.66,-2.15,-345,2818,2228,471,-1607,-4659,-2308
10:00,15:00,1,1,False,LOW,1,0,740,51.8,1.37,1014,1.03,0.34,3214,3.24,0.83,-0.98,-0.13,504,1009,-348,171,310,-1276,644
10:00,15:00,1,1,False,LOW,2,0,740,36.4,-3.71,-2742,0.94,-0.72,7684,7.23,1.33,-17.44,-1.87,1045,1692,-317,558,-1136,-4143,-441
10:00,15:00,1,1,False,LOW,3,0,740,29.6,-6.25,-4626,0.90,-1.10,8199,3.49,0.56,-18.48,-1.82,1401,655,-1217,598,-1297,-3601,-1164
10:00,15:00,1,1,False,LOW,0,50,740,45.9,-0.24,-178,0.99,-0.07,3497,3.95,0.94,-5.51,-0.89,908,723,-86,84,-371,-1440,5
10:00,15:00,1,1,False,LOW,0,100,740,32.2,-3.31,-2450,0.94,-0.69,5756,4.13,0.73,-12.65,-1.57,950,533,-579,797,-1469,-2619,-62
10:00,15:00,1,1,False,LOW,0,0,740,26.5,-5.71,-4229,0.91,-0.89,8070,2.33,0.33,-15.82,-1.38,1189,1773,-2208,209,-389,-3654,-1148
10:00,15:00,1,1,False,P40,1,0,740,49.7,-3.41,-2526,0.92,-1.10,4868,2.05,0.52,-10.27,-2.07,459,760,-648,273,-371,-2025,-975
10:00,15:00,1,1,False,P40,2,0,740,33.2,-8.18,-6056,0.85,-2.02,9536,-1.27,-0.24,-16.87,-2.70,1066,-454,-1188,55,-2124,-3367,-44
10:00,15:00,1,1,False,P40,3,0,740,28.6,-7.12,-5266,0.88,-1.51,8844,0.76,0.12,-17.01,-2.37,950,66,-678,-24,-1720,-3120,-741
10:00,15:00,1,1,False,P40,0,50,740,44.5,-3.69,-2730,0.92,-1.08,5277,1.30,0.30,-9.95,-1.85,739,298,-280,-222,-714,-1876,-676
10:00,15:00,1,1,False,P40,0,100,740,30.4,-7.59,-5615,0.87,-1.72,9297,0.09,0.01,-17.23,-2.57,772,-134,-937,335,-1999,-3705,53
10:00,15:00,1,1,False,P40,0,0,740,25.1,-9.21,-6812,0.85,-1.65,10164,-0.04,-0.01,-20.72,-2.40,1011,990,-1578,-440,-710,-4277,-1809
10:00,15:00,1,1,False,LOW,1,0,740,51.9,1.50,1107,1.03,0.38,3200,3.43,0.88,-0.94,-0.12,504,1009,-268,171,310,-1262,644
10:00,15:00,1,1,False,LOW,2,0,740,36.4,-3.67,-2715,0.94,-0.72,7671,7.26,1.34,-17.40,-1.87,1045,1692,-303,558,-1136,-4130,-441
10:00,15:00,1,1,False,LOW,3,0,740,29.6,-6.21,-4598,0.90,-1.09,8171,3.52,0.57,-18.44,-1.82,1401,655,-1203,598,-1297,-3588,-1164
10:00,15:00,1,1,False,LOW,0,50,740,45.9,-0.20,-150,1.00,-0.06,3470,3.99,0.95,-5.47,-0.88,908,723,-72,84,-371,-1427,5
10:00,15:00,1,1,False,LOW,0,100,740,32.2,-3.27,-2422,0.94,-0.68,5729,4.16,0.73,-12.61,-1.56,950,533,-565,797,-1469,-2605,-62
10:00,15:00,1,1,False,LOW,0,0,740,26.5,-5.68,-4201,0.91,-0.88,8043,2.37,0.33,-15.78,-1.38,1189,1773,-2194,209,-389,-3640,-1148
10:00,15:00,1,1,False,P40,1,0,740,49.7,-3.41,-2526,0.92,-1.10,4868,2.05,0.52,-10.27,-2.07,459,760,-648,273,-371,-2025,-975
10:00,15:00,1,1,False,P40,2,0,740,33.2,-8.18,-6056,0.85,-2.02,9536,-1.27,-0.24,-16.87,-2.70,1066,-454,-1188,55,-2124,-3367,-44
10:00,15:00,1,1,False,P40,3,0,740,28.6,-7.12,-5266,0.88,-1.51,8844,0.76,0.12,-17.01,-2.37,950,66,-678,-24,-1720,-3120,-741
10:00,15:00,1,1,False,P40,0,50,740,44.5,-3.69,-2730,0.92,-1.08,5277,1.30,0.30,-9.95,-1.85,739,298,-280,-222,-714,-1876,-676
10:00,15:00,1,1,False,P40,0,100,740,30.4,-7.59,-5615,0.87,-1.72,9297,0.09,0.01,-17.23,-2.57,772,-134,-937,335,-1999,-3705,53
10:00,15:00,1,1,False,P40,0,0,740,25.1,-9.21,-6812,0.85,-1.65,10164,-0.04,-0.01,-20.72,-2.40,1011,990,-1578,-440,-710,-4277,-1809
10:00,15:00,1,1,False,LOW,1,0,1460,49.6,-1.83,-2671,0.96,-0.69,5454,-0.55,-0.19,-3.30,-0.71,285,-1154,-16,452,-1135,-1959,856
10:00,15:00,1,1,False,LOW,2,0,1460,34.6,-1.72,-2506,0.97,-0.48,9192,3.89,0.97,-8.20,-1.34,542,669,561,1276,-2835,-4218,1499
10:00,15:00,1,1,False,LOW,3,0,1460,29.0,-1.00,-1457,0.98,-0.24,7932,5.12,1.07,-8.07,-1.17,648,1817,-849,2393,-3989,-2088,613
10:00,15:00,1,1,False,LOW,0,50,1460,44.1,-2.05,-2991,0.95,-0.83,5155,1.79,0.58,-6.49,-1.65,611,-49,-119,959,-2234,-1152,-1007
10:00,15:00,1,1,False,LOW,0,100,1460,31.8,-0.85,-1244,0.99,-0.25,7843,5.05,1.17,-7.68,-1.43,187,766,-318,3318,-2216,-2940,-40
10:00,15:00,1,1,False,LOW,0,0,1460,26.3,-0.08,-116,1.00,-0.02,8148,4.98,0.88,-5.93,-0.78,212,2106,116,1469,-2325,-3352,1660
10:00,15:00,1,1,False,P40,1,0,1460,47.9,-4.92,-7181,0.88,-2.36,7883,-0.41,-0.14,-10.14,-3.31,65,-444,-188,249,-1881,-3132,-1851
10:00,15:00,1,1,False,P40,2,0,1460,34.5,-2.86,-4181,0.95,-1.00,9352,4.36,1.10,-11.22,-2.72,198,561,1406,1254,-3031,-4182,-385
10:00,15:00,1,1,False,P40,3,0,1460,29.3,-2.32,-3385,0.96,-0.69,8907,5.22,1.14,-11.04,-2.26,-31,1949,-113,2285,-2734,-3295,-1446
10:00,15:00,1,1,False,P40,0,50,1460,43.4,-3.89,-5676,0.92,-1.68,7485,1.61,0.51,-10.24,-3.03,217,70,-144,1115,-2689,-2810,-1434
10:00,15:00,1,1,False,P40,0,100,1460,31.0,-2.74,-4006,0.95,-0.87,9502,4.81,1.11,-11.48,-2.53,-236,1403,36,2567,-2542,-3975,-1258
10:00,15:00,1,1,False,P40,0,0,1460,26.3,-2.25,-3292,0.96,-0.55,9406,6.28,1.11,-12.12,-2.05,-210,2861,1827,437,-1801,-4089,-2318
10:00,15:00,1,1,False,LOW,1,0,1460,49.8,-1.66,-2425,0.96,-0.63,5294,-0.44,-0.15,-3.07,-0.66,285,-1068,-16,452,-1063,-1871,856
10:00,15:00,1,1,False,LOW,2,0,1460,34.8,-1.43,-2095,0.97,-0.40,9001,4.06,1.01,-7.79,-1.27,542,803,561,1276,-2731,-4045,1499
10:00,15:00,1,1,False,LOW,3,0,1460,29.2,-0.80,-1174,0.99,-0.20,7830,5.35,1.12,-7.92,-1.15,648,1999,-849,2393,-4101,-1875,613
10:00,15:00,1,1,False,LOW,0,50,1460,44.2,-1.84,-2688,0.96,-0.75,4990,1.97,0.63,-6.24,-1.59,611,90,-119,959,-2238,-982,-1007
10:00,15:00,1,1,False,LOW,0,100,1460,32.0,-0.63,-917,0.99,-0.18,7689,5.27,1.23,-7.45,-1.39,187,939,-318,3318,-2354,-2649,-40
10:00,15:00,1,1,False,LOW,0,0,1460,26.4,0.21,307,1.00,0.05,7899,5.20,0.92,-5.56,-0.73,212,2279,116,1469,-2411,-3017,1660
10:00,15:00,1,1,False,P40,1,0,1460,48.0,-4.81,-7020,0.89,-2.31,7722,-0.20,-0.07,-10.14,-3.31,65,-283,-188,249,-1881,-3132,-1851
10:00,15:00,1,1,False,P40,2,0,1460,34.5,-2.76,-4033,0.95,-0.96,9445,4.67,1.18,-11.36,-2.75,198,801,1406,1254,-3124,-4182,-385
10:00,15:00,1,1,False,P40,3,0,1460,29.4,-2.23,-3251,0.96,-0.66,8988,5.50,1.19,-11.16,-2.28,-31,2164,-113,2285,-2815,-3295,-1446
10:00,15:00,1,1,False,P40,0,50,1460,43.5,-3.76,-5495,0.92,-1.63,7485,1.84,0.58,-10.24,-3.03,217,250,-144,1115,-2689,-2810,-1434
10:00,15:00,1,1,False,P40,0,100,1460,31.1,-2.69,-3923,0.95,-0.86,9635,5.09,1.17,-11.68,-2.58,-236,1619,36,2567,-2675,-3975,-1258
10:00,15:00,1,1,False,P40,0,0,1460,26.4,-2.17,-3175,0.96,-0.53,9504,6.55,1.16,-12.27,-2.08,-210,3077,1827,437,-1882,-4106,-2318
10:00,15:00,1,1,False,LOW,1,0,740,51.8,1.30,964,1.03,0.33,3267,3.25,0.83,-1.14,-0.15,508,1009,-348,171,310,-1329,644
10:00,15:00,1,1,False,LOW,2,0,740,36.5,-3.59,-2660,0.94,-0.70,7738,7.56,1.39,-17.60,-1.89,1181,1692,-317,558,-1136,-4197,-441
10:00,15:00,1,1,False,LOW,3,0,740,29.6,-6.33,-4683,0.90,-1.11,8252,3.48,0.56,-18.64,-1.84,1397,655,-1217,598,-1297,-3655,-1164
10:00,15:00,1,1,False,LOW,0,50,740,46.1,-0.12,-88,1.00,-0.03,3551,4.30,1.03,-5.67,-0.91,1051,723,-86,84,-371,-1494,5
10:00,15:00,1,1,False,LOW,0,100,740,32.2,-3.39,-2507,0.94,-0.71,5810,4.12,0.72,-12.81,-1.58,946,533,-579,797,-1469,-2672,-62
10:00,15:00,1,1,False,LOW,0,0,740,26.5,-5.79,-4286,0.91,-0.90,8124,2.32,0.33,-15.99,-1.39,1185,1773,-2208,209,-389,-3707,-1148
10:00,15:00,1,1,False,P40,1,0,740,50.0,-2.98,-2205,0.93,-0.96,4708,2.44,0.62,-9.78,-1.97,620,760,-648,273,-371,-1864,-975
10:00,15:00,1,1,False,P40,2,0,740,33.2,-8.10,-5997,0.85,-2.00,9536,-1.12,-0.21,-16.87,-2.70,1125,-454,-1188,55,-2124,-3367,-44
10:00,15:00,1,1,False,P40,3,0,740,28.6,-7.04,-5207,0.88,-1.50,8844,0.91,0.15,-17.01,-2.37,1009,66,-678,-24,-1720,-3120,-741
10:00,15:00,1,1,False,P40,0,50,740,44.6,-3.45,-2550,0.93,-1.01,5277,1.74,0.40,-9.95,-1.85,920,298,-280,-222,-714,-1876,-676
10:00,15:00,1,1,False,P40,0,100,740,30.4,-7.51,-5556,0.87,-1.70,9297,0.23,0.04,-17.23,-2.57,831,-134,-937,335,-1999,-3705,53
10:00,15:00,1,1,False,P40,0,0,740,25.1,-9.13,-6753,0.85,-1.64,10164,0.10,0.01,-20.72,-2.40,1070,990,-1578,-440,-710,-4277,-1809
10:00,15:00,1,1,False,LOW,1,0,740,51.9,1.41,1044,1.03,0.35,3267,3.44,0.88,-1.14,-0.15,508,1009,-268,171,310,-1329,644
10:00,15:00,1,1,False,LOW,2,0,740,36.5,-3.58,-2646,0.94,-0.70,7738,7.59,1.40,-17.60,-1.89,1181,1692,-303,558,-1136,-4197,-441
10:00,15:00,1,1,False,LOW,3,0,740,29.6,-6.31,-4669,0.90,-1.11,8238,3.51,0.56,-18.64,-1.84,1397,655,-1203,598,-1297,-3655,-1164
10:00,15:00,1,1,False,LOW,0,50,740,46.1,-0.10,-74,1.00,-0.03,3537,4.33,1.03,-5.67,-0.91,1051,723,-72,84,-371,-1494,5
10:00,15:00,1,1,False,LOW,0,100,740,32.2,-3.37,-2493,0.94,-0.70,5796,4.15,0.73,-12.81,-1.58,946,533,-565,797,-1469,-2672,-62
10:00,15:00,1,1,False,LOW,0,0,740,26.5,-5.77,-4272,0.91,-0.90,8110,2.36,0.33,-15.99,-1.39,1185,1773,-2194,209,-389,-3707,-1148
10:00,15:00,1,1,False,P40,1,0,740,50.0,-2.98,-2205,0.93,-0.96,4708,2.44,0.62,-9.78,-1.97,620,760,-648,273,-371,-1864,-975
10:00,15:00,1,1,False,P40,2,0,740,33.2,-8.10,-5997,0.85,-2.00,9536,-1.12,-0.21,-16.87,-2.70,1125,-454,-1188,55,-2124,-3367,-44
10:00,15:00,1,1,False,P40,3,0,740,28.6,-7.04,-5207,0.88,-1.50,8844,0.91,0.15,-17.01,-2.37,1009,66,-678,-24,-1720,-3120,-741
10:00,15:00,1,1,False,P40,0,50,740,44.6,-3.45,-2550,0.93,-1.01,5277,1.74,0.40,-9.95,-1.85,920,298,-280,-222,-714,-1876,-676
10:00,15:00,1,1,False,P40,0,100,740,30.4,-7.51,-5556,0.87,-1.70,9297,0.23,0.04,-17.23,-2.57,831,-134,-937,335,-1999,-3705,53
10:00,15:00,1,1,False,P40,0,0,740,25.1,-9.13,-6753,0.85,-1.64,10164,0.10,0.01,-20.72,-2.40,1070,990,-1578,-440,-710,-4277,-1809
10:00,15:00,1,1,False,LOW,1,0,1410,50.9,0.82,1152,1.02,0.30,2897,-0.91,-0.31,2.84,0.59,445,-350,-1497,709,460,317,1067
10:00,15:00,1,1,False,LOW,2,0,1410,36.5,2.34,3301,1.04,0.64,5057,6.68,1.63,-2.73,-0.43,779,1579,705,2016,-1479,-1610,1311
10:00,15:00,1,1,False,LOW,3,0,1410,30.6,2.22,3132,1.04,0.53,5419,7.62,1.58,-4.09,-0.57,961,2830,-1660,3657,-2792,-902,1038
10:00,15:00,1,1,False,LOW,0,50,1410,45.8,1.06,1493,1.02,0.42,2675,3.08,0.99,-1.31,-0.32,995,888,-839,1300,-1064,10,203
10:00,15:00,1,1,False,LOW,0,100,1410,33.3,1.57,2215,1.03,0.46,4734,6.18,1.43,-3.81,-0.69,787,1540,-1315,3682,-1428,-1183,133
10:00,15:00,1,1,False,LOW,0,0,1410,28.2,3.63,5125,1.06,0.77,5879,9.51,1.67,-3.23,-0.42,666,3685,-868,3745,-1488,-2384,1769
10:00,15:00,1,1,False,P40,1,0,1410,48.6,-4.07,-5740,0.90,-1.93,7386,0.08,0.03,-8.93,-2.86,309,-495,-388,638,-2542,-1580,-1681
10:00,15:00,1,1,False,P40,2,0,1410,35.9,-0.13,-182,1.00,-0.04,6444,6.22,1.55,-7.55,-1.77,537,1289,976,1924,-3302,-1776,170
10:00,15:00,1,1,False,P40,3,0,1410,30.7,-0.35,-499,0.99,-0.10,8899,8.50,1.81,-10.70,-2.18,490,2296,205,3469,-3867,-2286,-805
10:00,15:00,1,1,False,P40,0,50,1410,45.0,-1.58,-2221,0.96,-0.67,5519,2.84,0.89,-6.73,-1.94,575,362,98,1123,-2317,-1213,-848
10:00,15:00,1,1,False,P40,0,100,1410,32.3,-1.33,-1877,0.98,-0.42,7977,5.70,1.30,-9.55,-2.07,363,1529,-376,2813,-3345,-2358,-503
10:00,15:00,1,1,False,P40,0,0,1410,27.8,-0.57,-797,0.99,-0.14,9098,9.41,1.63,-12.23,-2.10,242,3696,1147,2068,-2544,-3052,-2354
10:00,15:00,1,1,False,LOW,1,0,1406,50.8,0.76,1065,1.02,0.28,2864,-0.76,-0.26,2.54,0.53,445,-425,-1307,709,460,82,1101
10:00,15:00,1,1,False,LOW,2,0,1406,36.4,2.36,3312,1.04,0.64,5227,6.88,1.68,-2.96,-0.46,779,1443,988,2016,-1479,-1779,1344
10:00,15:00,1,1,False,LOW,3,0,1406,30.6,2.21,3107,1.04,0.53,5690,7.91,1.64,-4.47,-0.63,961,2742,-1359,3657,-2792,-1173,1071
10:00,15:00,1,1,False,LOW,0,50,1406,45.9,1.07,1511,1.02,0.43,2801,3.29,1.05,-1.52,-0.38,995,800,-600,1300,-1064,-157,236
10:00,15:00,1,1,False,LOW,0,100,1406,33.4,1.52,2133,1.03,0.44,5100,6.51,1.51,-4.35,-0.79,787,1452,-976,3682,-1428,-1550,166
10:00,15:00,1,1,False,LOW,0,0,1406,28.3,3.83,5388,1.06,0.81,5987,9.97,1.74,-3.37,-0.44,666,3597,-442,3745,-1488,-2493,1803
10:00,15:00,1,1,False,P40,1,0,1406,48.5,-4.14,-5826,0.90,-1.96,7472,0.28,0.10,-9.33,-2.98,309,-574,-160,638,-2542,-1898,-1599
10:00,15:00,1,1,False,P40,2,0,1406,35.8,-0.18,-247,1.00,-0.06,6761,6.45,1.61,-7.95,-1.86,537,1191,1245,1924,-3302,-2093,252
10:00,15:00,1,1,False,P40,3,0,1406,30.7,-0.21,-292,1.00,-0.06,9025,8.84,1.88,-10.82,-2.20,490,2198,554,3469,-3867,-2411,-723
10:00,15:00,1,1,False,P40,0,50,1406,45.0,-1.58,-2226,0.96,-0.67,5634,2.99,0.93,-6.94,-2.00,575,263,307,1123,-2317,-1410,-766
10:00,15:00,1,1,False,P40,0,100,1406,32.3,-1.41,-1981,0.97,-0.44,8374,5.98,1.37,-10.08,-2.19,363,1430,-67,2813,-3345,-2755,-421
10:00,15:00,1,1,False,P40,0,0,1406,27.8,-0.39,-544,0.99,-0.09,9142,9.81,1.69,-12.35,-2.11,242,3598,1543,2068,-2544,-3178,-2272
10:00,15:00,1,1,False,LOW,1,0,730,53.4,4.29,3134,1.10,1.07,2134,4.99,1.27,3.42,0.46,460,1185,-205,578,258,-253,1112
10:00,15:00,1,1,False,LOW,2,0,730,37.7,-0.83,-606,0.99,-0.16,6757,10.40,1.90,-14.75,-1.58,1066,2113,131,895,-799,-3378,-633
10:00,15:00,1,1,False,LOW,3,0,730,31.0,-2.75,-2007,0.96,-0.48,6207,6.87,1.09,-14.66,-1.43,1214,1361,-857,1055,-1249,-2762,-770
10:00,15:00,1,1,False,LOW,0,50,730,47.1,2.15,1570,1.05,0.59,2186,6.10,1.44,-2.74,-0.44,971,1123,-107,477,-393,-856,355
10:00,15:00,1,1,False,LOW,0,100,730,33.8,1.54,1124,1.03,0.32,4147,9.15,1.57,-7.89,-0.97,947,1297,-17,1470,-1351,-1540,318
10:00,15:00,1,1,False,LOW,0,0,730,28.1,-0.52,-378,0.99,-0.08,5031,9.33,1.26,-12.72,-1.11,1077,3011,-1759,1442,-402,-3006,-741
10:00,15:00,1,1,False,P40,1,0,730,50.3,-2.60,-1898,0.94,-0.83,4411,2.91,0.74,-9.43,-1.90,623,1003,-1205,756,-931,-1182,-963
10:00,15:00,1,1,False,P40,2,0,730,34.4,-5.62,-4105,0.90,-1.36,7458,0.60,0.11,-13.34,-2.10,1014,362,-1904,772,-1801,-2516,-32
10:00,15:00,1,1,False,P40,3,0,730,30.0,-3.89,-2843,0.93,-0.81,6801,4.01,0.64,-13.69,-1.88,1059,905,-1174,832,-1638,-2419,-408
10:00,15:00,1,1,False,P40,0,50,730,45.5,-2.04,-1491,0.95,-0.59,4118,2.50,0.57,-7.67,-1.42,903,742,-937,302,-812,-1024,-664
10:00,15:00,1,1,False,P40,0,100,730,31.8,-4.46,-3259,0.92,-0.99,7191,2.59,0.44,-13.21,-1.92,921,637,-1533,1021,-1917,-2734,345
10:00,15:00,1,1,False,P40,0,0,730,26.3,-6.85,-4998,0.89,-1.21,8703,3.12,0.42,-19.19,-2.21,1051,2234,-2618,592,-1040,-3728,-1489
10:00,15:00,1,1,False,LOW,1,0,728,53.4,4.26,3098,1.10,1.06,2134,5.20,1.32,3.08,0.41,460,1185,-124,578,258,-335,1076
10:00,15:00,1,1,False,LOW,2,0,728,37.8,-0.64,-465,0.99,-0.12,6671,10.44,1.91,-14.46,-1.54,1066,2113,147,895,-799,-3292,-594
10:00,15:00,1,1,False,LOW,3,0,728,31.0,-2.56,-1866,0.96,-0.44,6121,6.90,1.10,-14.37,-1.40,1214,1361,-841,1055,-1249,-2677,-731
10:00,15:00,1,1,False,LOW,0,50,728,47.3,2.35,1711,1.05,0.65,2085,6.14,1.45,-2.37,-0.38,971,1123,-91,477,-393,-770,394
10:00,15:00,1,1,False,LOW,0,100,728,33.9,1.74,1264,1.03,0.36,4061,9.19,1.58,-7.56,-0.92,947,1297,-1,1470,-1351,-1454,357
10:00,15:00,1,1,False,LOW,0,0,728,28.2,-0.33,-237,0.99,-0.05,4929,9.37,1.26,-12.42,-1.07,1077,3011,-1743,1442,-402,-2921,-702
10:00,15:00,1,1,False,P40,1,0,728,50.3,-2.62,-1906,0.94,-0.84,4420,2.91,0.74,-9.52,-1.91,623,1003,-1205,756,-931,-1260,-893
10:00,15:00,1,1,False,P40,2,0,728,34.5,-5.43,-3953,0.90,-1.31,7376,0.60,0.11,-12.95,-2.02,1014,362,-1904,772,-1801,-2434,39
10:00,15:00,1,1,False,P40,3,0,728,30.1,-3.70,-2691,0.94,-0.77,6719,4.01,0.64,-13.31,-1.81,1059,905,-1174,832,-1638,-2337,-338
10:00,15:00,1,1,False,P40,0,50,728,45.6,-1.84,-1339,0.96,-0.53,4036,2.50,0.57,-7.25,-1.33,903,742,-937,302,-812,-942,-594
10:00,15:00,1,1,False,P40,0,100,728,31.9,-4.27,-3107,0.92,-0.95,7109,2.59,0.44,-12.82,-1.86,921,637,-1533,1021,-1917,-2652,415
10:00,15:00,1,1,False,P40,0,0,728,26.4,-6.66,-4846,0.89,-1.18,8603,3.12,0.42,-18.84,-2.16,1051,2234,-2618,592,-1040,-3646,-1419
10:00,15:00,1,1,False,LOW,1,0,1230,50.3,-0.24,-293,0.99,-0.08,3613,-0.69,-0.22,0.30,0.06,315,-665,-1682,1572,40,40,88
10:00,15:00,1,1,False,LOW,2,0,1230,35.9,-0.23,-285,1.00,-0.06,4910,4.86,1.16,-6.25,-0.92,460,-382,280,2881,-956,-1758,-810
10:00,15:00,1,1,False,LOW,3,0,1230,31.0,1.22,1495,1.02,0.28,4199,6.71,1.36,-5.28,-0.69,918,343,713,2498,-1657,-698,-624
10:00,15:00,1,1,False,LOW,0,50,1230,44.2,-1.25,-1532,0.97,-0.47,3723,1.21,0.37,-4.14,-0.95,366,-540,-1258,2237,-703,-270,-1364
10:00,15:00,1,1,False,LOW,0,100,1230,32.9,-0.96,-1180,0.98,-0.27,5135,3.42,0.77,-6.13,-1.05,712,114,-565,2015,-1502,-1024,-930
10:00,15:00,1,1,False,LOW,0,0,1230,28.0,1.50,1841,1.02,0.30,5565,6.70,1.14,-4.64,-0.55,588,1410,443,2020,-1477,-2461,1318
10:00,15:00,1,1,False,P40,1,0,1230,48.0,-5.27,-6487,0.87,-2.34,7367,-3.58,-1.17,-7.27,-2.17,-90,-1576,-2034,1314,-2201,-271,-1631
10:00,15:00,1,1,False,P40,2,0,1230,35.3,-3.95,-4857,0.92,-1.30,7889,3.08,0.74,-12.25,-2.77,652,-536,-155,2093,-3764,-1262,-1885
10:00,15:00,1,1,False,P40,3,0,1230,30.3,-5.59,-6878,0.90,-1.60,10150,3.75,0.78,-16.62,-3.30,621,-614,920,1569,-4469,-2050,-2854
10:00,15:00,1,1,False,P40,0,50,1230,43.3,-5.06,-6221,0.89,-2.03,7569,-0.89,-0.26,-9.97,-2.72,25,-1079,-1341,1799,-3024,-559,-2043
10:00,15:00,1,1,False,P40,0,100,1230,32.0,-5.67,-6980,0.90,-1.73,9774,2.38,0.53,-15.18,-3.21,478,-841,66,1882,-4150,-1814,-2601
10:00,15:00,1,1,False,P40,0,0,1230,27.4,-6.54,-8042,0.89,-1.54,11741,3.92,0.67,-18.89,-3.08,354,398,1428,432,-4170,-2985,-3498
10:00,15:00,1,1,False,LOW,1,0,1224,50.2,-0.33,-404,0.99,-0.11,3501,-0.91,-0.29,0.36,0.07,315,-688,-1758,1528,13,146,42
10:00,15:00,1,1,False,LOW,2,0,1224,35.8,-0.29,-356,0.99,-0.07,4749,4.70,1.12,-6.21,-0.91,460,-428,235,2854,-1017,-1677,-782
10:00,15:00,1,1,False,LOW,3,0,1224,30.8,1.14,1397,1.02,0.26,4189,6.62,1.33,-5.36,-0.70,918,310,699,2471,-1698,-707,-595
10:00,15:00,1,1,False,LOW,0,50,1224,44.3,-1.09,-1339,0.97,-0.41,3586,1.32,0.41,-3.96,-0.90,366,-574,-1122,2210,-745,-138,-1336
10:00,15:00,1,1,False,LOW,0,100,1224,32.8,-1.12,-1371,0.98,-0.31,5144,3.17,0.72,-6.21,-1.06,712,80,-672,1988,-1543,-1034,-902
10:00,15:00,1,1,False,LOW,0,0,1224,27.9,1.60,1955,1.03,0.32,5616,6.92,1.17,-4.72,-0.55,588,1377,640,1993,-1518,-2471,1347
10:00,15:00,1,1,False,P40,1,0,1224,48.0,-5.09,-6230,0.88,-2.25,7179,-3.44,-1.12,-7.05,-2.09,-90,-1607,-1874,1287,-2279,-107,-1561
10:00,15:00,1,1,False,P40,2,0,1224,35.1,-4.00,-4899,0.92,-1.31,7943,3.01,0.72,-12.31,-2.77,652,-568,-155,2066,-3812,-1268,-1815
10:00,15:00,1,1,False,P40,3,0,1224,30.1,-5.65,-6920,0.90,-1.61,10133,3.67,0.76,-16.71,-3.30,621,-645,920,1542,-4517,-2056,-2784
10:00,15:00,1,1,False,P40,0,50,1224,43.3,-4.83,-5913,0.89,-1.93,7330,-0.71,-0.21,-9.71,-2.63,25,-1110,-1160,1772,-3072,-395,-1973
10:00,15:00,1,1,False,P40,0,100,1224,31.8,-5.74,-7022,0.90,-1.74,9828,2.30,0.51,-15.26,-3.20,478,-872,66,1855,-4197,-1820,-2531
10:00,15:00,1,1,False,P40,0,0,1224,27.3,-6.32,-7734,0.89,-1.48,11725,4.37,0.75,-18.99,-3.08,354,366,1778,405,-4217,-2991,-3428
10:00,15:00,1,1,False,LOW,1,0,686,50.9,-0.33,-229,0.99,-0.08,3084,-0.53,-0.13,-0.10,-0.01,295,-58,-870,434,417,-772,326
10:00,15:00,1,1,False,LOW,2,0,686,36.7,-4.14,-2840,0.93,-0.78,6517,5.39,0.99,-15.90,-1.63,833,561,-240,889,-281,-3348,-1255
10:00,15:00,1,1,False,LOW,3,0,686,31.0,-4.84,-3320,0.92,-0.82,5705,3.40,0.55,-15.01,-1.42,1086,212,-789,779,-806,-2352,-1450
10:00,15:00,1,1,False,LOW,0,50,686,44.9,-2.10,-1442,0.95,-0.56,3127,1.17,0.27,-6.14,-0.94,676,-498,-390,655,-200,-1258,-427
10:00,15:00,1,1,False,LOW,0,100,686,33.2,-2.07,-1420,0.96,-0.42,4160,3.07,0.53,-8.42,-0.99,816,-52,-780,1181,-1096,-1345,-144
10:00,15:00,1,1,False,LOW,0,0,686,28.3,-2.76,-1894,0.96,-0.41,4449,4.77,0.65,-12.06,-1.00,946,1563,-1618,918,-81,-2290,-1332
10:00,15:00,1,1,False,P40,1,0,686,49.1,-4.56,-3129,0.89,-1.41,4458,-0.20,-0.05,-9.95,-1.93,388,-518,-1508,1564,-730,-1365,-959
10:00,15:00,1,1,False,P40,2,0,686,34.7,-6.10,-4185,0.89,-1.44,7151,-0.43,-0.08,-13.09,-2.00,857,-693,-1875,1546,-1489,-2424,-108
10:00,15:00,1,1,False,P40,3,0,686,30.8,-4.80,-3292,0.92,-0.99,6182,3.05,0.48,-14.49,-1.96,902,-164,-971,1389,-1674,-1929,-846
10:00,15:00,1,1,False,P40,0,50,686,44.5,-4.17,-2860,0.91,-1.18,4434,-0.48,-0.11,-8.73,-1.56,608,-844,-1113,1169,-691,-1127,-861
10:00,15:00,1,1,False,P40,0,100,686,32.4,-5.22,-3579,0.91,-1.14,6854,1.00,0.17,-12.89,-1.83,764,-563,-1423,1602,-1905,-2283,229
10:00,15:00,1,1,False,P40,0,0,686,27.4,-8.01,-5497,0.87,-1.40,7802,1.86,0.25,-20.20,-2.28,894,947,-1913,775,-1189,-2873,-2139
10:00,15:00,1,1,False,LOW,1,0,683,51.0,-0.25,-172,0.99,-0.06,3015,-0.46,-0.12,0.01,0.00,295,-60,-845,434,417,-704,290
10:00,15:00,1,1,False,LOW,2,0,683,36.7,-4.11,-2809,0.93,-0.77,6448,5.20,0.95,-15.66,-1.59,833,559,-314,889,-281,-3279,-1216
10:00,15:00,1,1,False,LOW,3,0,683,31.0,-4.87,-3324,0.92,-0.83,5746,3.11,0.50,-14.76,-1.38,1086,210,-898,779,-806,-2284,-1411
10:00,15:00,1,1,False,LOW,0,50,683,44.9,-2.11,-1442,0.95,-0.56,3164,0.89,0.21,-5.83,-0.89,676,-500,-495,655,-200,-1190,-388
10:00,15:00,1,1,False,LOW,0,100,683,33.2,-2.22,-1520,0.96,-0.45,4299,2.53,0.44,-8.12,-0.95,816,-54,-986,1181,-1096,-1276,-105
10:00,15:00,1,1,False,LOW,0,0,683,28.4,-2.58,-1759,0.96,-0.38,4312,4.86,0.66,-11.79,-0.97,946,1561,-1589,918,-81,-2221,-1293
10:00,15:00,1,1,False,P40,1,0,683,49.2,-4.47,-3055,0.89,-1.38,4455,-0.41,-0.10,-9.51,-1.84,388,-518,-1587,1564,-730,-1283,-889
10:00,15:00,1,1,False,P40,2,0,683,34.7,-6.14,-4191,0.89,-1.45,7228,-0.85,-0.16,-12.68,-1.92,857,-693,-2033,1546,-1489,-2342,-38
10:00,15:00,1,1,False,P40,3,0,683,30.7,-4.95,-3378,0.91,-1.02,6339,2.43,0.38,-14.09,-1.89,902,-164,-1210,1389,-1674,-1847,-776
10:00,15:00,1,1,False,P40,0,50,683,44.5,-4.11,-2806,0.91,-1.16,4451,-0.74,-0.16,-8.29,-1.47,608,-844,-1212,1169,-691,-1045,-791
10:00,15:00,1,1,False,P40,0,100,683,32.4,-5.31,-3625,0.90,-1.16,6971,0.48,0.08,-12.48,-1.76,764,-563,-1622,1602,-1905,-2201,299
10:00,15:00,1,1,False,P40,0,0,683,27.5,-7.71,-5263,0.87,-1.34,7620,2.08,0.28,-19.83,-2.22,894,947,-1831,775,-1189,-2791,-2069
10:00,15:00,1,1,True,LOW,1,0,1145,48.4,-3.64,-4170,0.92,-1.18,5920,-2.15,-0.65,-5.38,-0.99,55,-688,-1027,331,-785,-1065,-992
10:00,15:00,1,1,True,LOW,2,0,1145,33.9,-3.80,-4351,0.94,-0.93,7326,1.43,0.31,-9.91,-1.40,277,-182,-826,1614,-2457,-2896,120
10:00,15:00,1,1,True,LOW,3,0,1145,28.4,-3.45,-3947,0.95,-0.74,7271,2.49,0.46,-10.38,-1.32,652,204,-1901,2580,-3811,-1790,118
10:00,15:00,1,1,True,LOW,0,50,1145,43.2,-4.74,-5424,0.90,-1.68,6328,-2.02,-0.58,-7.91,-1.74,387,-975,-1159,501,-1676,-921,-1581
10:00,15:00,1,1,True,LOW,0,100,1145,30.8,-4.98,-5701,0.92,-1.30,7029,-0.45,-0.10,-10.27,-1.67,215,-799,-1394,1698,-1883,-1876,-1662
10:00,15:00,1,1,True,LOW,0,0,1145,25.4,-2.33,-2665,0.96,-0.44,7229,0.92,0.15,-6.12,-0.67,227,1270,-2193,1264,-2584,-2478,1829
10:00,15:00,1,1,True,P40,1,0,1145,46.8,-6.82,-7813,0.84,-2.91,8011,-3.81,-1.20,-10.34,-2.98,-331,-1326,-1081,386,-1469,-2218,-1775
10:00,15:00,1,1,True,P40,2,0,1145,32.6,-6.93,-7935,0.87,-2.17,9340,-0.75,-0.17,-14.15,-3.06,122,-1510,74,851,-3619,-2606,-1248
10:00,15:00,1,1,True,P40,3,0,1145,27.2,-6.79,-7776,0.88,-1.82,9420,0.37,0.07,-15.15,-2.79,-33,-931,-233,1422,-3768,-2458,-1776
10:00,15:00,1,1,True,P40,0,50,1145,41.7,-6.92,-7926,0.85,-2.67,8573,-3.21,-0.91,-11.26,-2.94,-24,-1615,-1016,672,-2577,-2111,-1257
10:00,15:00,1,1,True,P40,0,100,1145,29.0,-7.48,-8564,0.87,-2.14,9759,-1.71,-0.36,-14.22,-2.80,-197,-1472,-548,1160,-3068,-2628,-1812
10:00,15:00,1,1,True,P40,0,0,1145,24.0,-6.46,-7399,0.89,-1.40,9296,1.27,0.20,-15.49,-2.26,-185,408,202,357,-2865,-3277,-2039
10:00,15:00,1,1,True,LOW,1,0,1144,48.5,-3.48,-3981,0.93,-1.13,5731,-1.85,-0.55,-5.39,-0.99,55,-679,-846,331,-785,-1066,-992
10:00,15:00,1,1,True,LOW,2,0,1144,34.1,-3.46,-3959,0.94,-0.84,7219,1.89,0.41,-9.73,-1.37,277,-173,-550,1614,-2457,-2790,120
10:00,15:00,1,1,True,LOW,3,0,1144,28.6,-2.99,-3420,0.95,-0.64,6863,3.10,0.58,-10.12,-1.28,652,213,-1529,2580,-3811,-1643,118
10:00,15:00,1,1,True,LOW,0,50,1144,43.4,-4.46,-5104,0.90,-1.58,6008,-1.71,-0.49,-7.69,-1.68,387,-966,-974,501,-1676,-795,-1581
10:00,15:00,1,1,True,LOW,0,100,1144,31.0,-4.53,-5182,0.92,-1.18,6509,0.02,0.00,-9.86,-1.60,215,-790,-1109,1698,-1883,-1651,-1662
10:00,15:00,1,1,True,LOW,0,0,1144,25.6,-1.64,-1880,0.97,-0.31,6453,1.76,0.29,-5.62,-0.62,227,1279,-1686,1264,-2584,-2209,1829
10:00,15:00,1,1,True,P40,1,0,1144,46.9,-6.70,-7660,0.84,-2.85,7858,-3.55,-1.11,-10.38,-2.99,-331,-1326,-921,386,-1469,-2226,-1775
10:00,15:00,1,1,True,P40,2,0,1144,32.6,-6.73,-7703,0.88,-2.11,9107,-0.36,-0.08,-14.19,-3.06,122,-1510,315,851,-3619,-2614,-1248
10:00,15:00,1,1,True,P40,3,0,1144,27.3,-6.52,-7464,0.89,-1.74,9107,0.88,0.17,-15.20,-2.79,-33,-931,88,1422,-3768,-2466,-1776
10:00,15:00,1,1,True,P40,0,50,1144,41.8,-6.78,-7754,0.86,-2.61,8400,-2.92,-0.83,-11.29,-2.95,-24,-1615,-835,672,-2577,-2119,-1257
10:00,15:00,1,1,True,P40,0,100,1144,29.0,-7.25,-8292,0.87,-2.07,9487,-1.26,-0.26,-14.26,-2.81,-197,-1472,-268,1160,-3068,-2636,-1812
10:00,15:00,1,1,True,P40,0,0,1144,24.0,-6.05,-6922,0.90,-1.30,8922,2.08,0.33,-15.57,-2.27,-185,408,704,357,-2865,-3302,-2039
10:00,15:00,1,1,True,LOW,1,0,740,51.8,1.37,1014,1.03,0.34,3214,3.24,0.83,-0.98,-0.13,504,1009,-348,171,310,-1276,644
10:00,15:00,1,1,True,LOW,2,0,740,36.4,-3.71,-2742,0.94,-0.72,7684,7.23,1.33,-17.44,-1.87,1045,1692,-317,558,-1136,-4143,-441
10:00,15:00,1,1,True,LOW,3,0,740,29.6,-6.25,-4626,0.90,-1.10,8199,3.49,0.56,-18.48,-1.82,1401,655,-1217,598,-1297,-3601,-1164
10:00,15:00,1,1,True,LOW,0,50,740,45.9,-0.24,-178,0.99,-0.07,3497,3.95,0.94,-5.51,-0.89,908,723,-86,84,-371,-1440,5
10:00,15:00,1,1,True,LOW,0,100,740,32.2,-3.31,-2450,0.94,-0.69,5756,4.13,0.73,-12.65,-1.57,950,533,-579,797,-1469,-2619,-62
10:00,15:00,1,1,True,LOW,0,0,740,26.5,-5.71,-4229,0.91,-0.89,8070,2.33,0.33,-15.82,-1.38,1189,1773,-2208,209,-389,-3654,-1148
10:00,15:00,1,1,True,P40,1,0,740,49.7,-3.41,-2526,0.92,-1.10,4868,2.05,0.52,-10.27,-2.07,459,760,-648,273,-371,-2025,-975
10:00,15:00,1,1,True,P40,2,0,740,33.2,-8.18,-6056,0.85,-2.02,9536,-1.27,-0.24,-16.87,-2.70,1066,-454,-1188,55,-2124,-3367,-44
10:00,15:00,1,1,True,P40,3,0,740,28.6,-7.12,-5266,0.88,-1.51,8844,0.76,0.12,-17.01,-2.37,950,66,-678,-24,-1720,-3120,-741
10:00,15:00,1,1,True,P40,0,50,740,44.5,-3.69,-2730,0.92,-1.08,5277,1.30,0.30,-9.95,-1.85,739,298,-280,-222,-714,-1876,-676
10:00,15:00,1,1,True,P40,0,100,740,30.4,-7.59,-5615,0.87,-1.72,9297,0.09,0.01,-17.23,-2.57,772,-134,-937,335,-1999,-3705,53
10:00,15:00,1,1,True,P40,0,0,740,25.1,-9.21,-6812,0.85,-1.65,10164,-0.04,-0.01,-20.72,-2.40,1011,990,-1578,-440,-710,-4277,-1809
10:00,15:00,1,1,True,LOW,1,0,740,51.9,1.50,1107,1.03,0.38,3200,3.43,0.88,-0.94,-0.12,504,1009,-268,171,310,-1262,644
10:00,15:00,1,1,True,LOW,2,0,740,36.4,-3.67,-2715,0.94,-0.72,7671,7.26,1.34,-17.40,-1.87,1045,1692,-303,558,-1136,-4130,-441
10:00,15:00,1,1,True,LOW,3,0,740,29.6,-6.21,-4598,0.90,-1.09,8171,3.52,0.57,-18.44,-1.82,1401,655,-1203,598,-1297,-3588,-1164
10:00,15:00,1,1,True,LOW,0,50,740,45.9,-0.20,-150,1.00,-0.06,3470,3.99,0.95,-5.47,-0.88,908,723,-72,84,-371,-1427,5
10:00,15:00,1,1,True,LOW,0,100,740,32.2,-3.27,-2422,0.94,-0.68,5729,4.16,0.73,-12.61,-1.56,950,533,-565,797,-1469,-2605,-62
10:00,15:00,1,1,True,LOW,0,0,740,26.5,-5.68,-4201,0.91,-0.88,8043,2.37,0.33,-15.78,-1.38,1189,1773,-2194,209,-389,-3640,-1148
10:00,15:00,1,1,True,P40,1,0,740,49.7,-3.41,-2526,0.92,-1.10,4868,2.05,0.52,-10.27,-2.07,459,760,-648,273,-371,-2025,-975
10:00,15:00,1,1,True,P40,2,0,740,33.2,-8.18,-6056,0.85,-2.02,9536,-1.27,-0.24,-16.87,-2.70,1066,-454,-1188,55,-2124,-3367,-44
10:00,15:00,1,1,True,P40,3,0,740,28.6,-7.12,-5266,0.88,-1.51,8844,0.76,0.12,-17.01,-2.37,950,66,-678,-24,-1720,-3120,-741
10:00,15:00,1,1,True,P40,0,50,740,44.5,-3.69,-2730,0.92,-1.08,5277,1.30,0.30,-9.95,-1.85,739,298,-280,-222,-714,-1876,-676
10:00,15:00,1,1,True,P40,0,100,740,30.4,-7.59,-5615,0.87,-1.72,9297,0.09,0.01,-17.23,-2.57,772,-134,-937,335,-1999,-3705,53
10:00,15:00,1,1,True,P40,0,0,740,25.1,-9.21,-6812,0.85,-1.65,10164,-0.04,-0.01,-20.72,-2.40,1011,990,-1578,-440,-710,-4277,-1809
10:00,15:00,1,1,True,LOW,1,0,1145,48.8,-3.38,-3870,0.93,-1.09,5853,-1.61,-0.48,-5.45,-1.00,147,-547,-938,344,-785,-1100,-992
10:00,15:00,1,1,True,LOW,2,0,1145,34.2,-3.36,-3845,0.94,-0.82,7374,2.33,0.51,-10.00,-1.41,554,33,-672,1522,-2457,-2945,120
10:00,15:00,1,1,True,LOW,3,0,1145,28.5,-3.19,-3657,0.95,-0.68,7170,2.96,0.55,-10.39,-1.31,628,418,-1681,2463,-3811,-1792,118
10:00,15:00,1,1,True,LOW,0,50,1145,43.5,-4.53,-5192,0.90,-1.60,6326,-1.42,-0.40,-8.18,-1.79,509,-835,-1036,488,-1676,-1062,-1581
10:00,15:00,1,1,True,LOW,0,100,1145,31.0,-4.75,-5442,0.92,-1.24,6960,0.20,0.04,-10.54,-1.71,190,-584,-1171,1685,-1883,-2018,-1662
10:00,15:00,1,1,True,LOW,0,0,1145,25.7,-1.57,-1793,0.98,-0.29,6899,1.67,0.27,-5.35,-0.59,203,1485,-1905,1251,-2584,-2070,1829
10:00,15:00,1,1,True,P40,1,0,1145,47.2,-6.25,-7161,0.85,-2.66,7812,-3.01,-0.95,-10.04,-2.89,1,-1166,-1081,386,-1469,-2057,-1775
10:00,15:00,1,1,True,P40,2,0,1145,32.7,-6.60,-7560,0.88,-2.07,9340,-0.14,-0.03,-14.15,-3.06,257,-1269,74,851,-3619,-2606,-1248
10:00,15:00,1,1,True,P40,3,0,1145,27.3,-6.45,-7386,0.89,-1.72,9420,1.00,0.19,-15.15,-2.79,103,-676,-233,1422,-3768,-2458,-1776
10:00,15:00,1,1,True,P40,0,50,1145,41.9,-6.54,-7489,0.86,-2.52,8573,-2.50,-0.71,-11.26,-2.94,233,-1434,-1016,672,-2577,-2111,-1257
10:00,15:00,1,1,True,P40,0,100,1145,29.1,-7.14,-8174,0.87,-2.05,9759,-1.08,-0.23,-14.22,-2.80,-62,-1217,-548,1160,-3068,-2628,-1812
10:00,15:00,1,1,True,P40,0,0,1145,24.2,-5.66,-6482,0.91,-1.22,8769,1.84,0.29,-14.43,-2.08,-50,663,200,323,-2865,-2714,-2039
10:00,15:00,1,1,True,LOW,1,0,1144,49.0,-3.16,-3621,0.93,-1.02,5604,-1.30,-0.39,-5.34,-0.98,147,-538,-757,344,-785,-1040,-992
10:00,15:00,1,1,True,LOW,2,0,1144,34.4,-2.97,-3393,0.95,-0.72,7208,2.79,0.61,-9.71,-1.37,554,42,-396,1522,-2457,-2778,120
10:00,15:00,1,1,True,LOW,3,0,1144,28.7,-2.68,-3069,0.96,-0.57,6805,3.58,0.66,-10.01,-1.26,628,427,-1309,2463,-3811,-1585,118
10:00,15:00,1,1,True,LOW,0,50,1144,43.7,-4.21,-4813,0.91,-1.49,5946,-1.10,-0.31,-7.84,-1.72,509,-826,-851,488,-1676,-877,-1581
10:00,15:00,1,1,True,LOW,0,100,1144,31.2,-4.25,-4863,0.93,-1.10,6380,0.67,0.14,-10.01,-1.62,190,-575,-886,1685,-1883,-1732,-1662
10:00,15:00,1,1,True,LOW,0,0,1144,25.9,-0.83,-948,0.99,-0.15,6063,2.51,0.41,-4.74,-0.52,203,1494,-1398,1251,-2584,-1741,1829
10:00,15:00,1,1,True,P40,1,0,1144,47.2,-6.13,-7008,0.86,-2.61,7659,-2.75,-0.86,-10.07,-2.90,1,-1166,-921,386,-1469,-2065,-1775
10:00,15:00,1,1,True,P40,2,0,1144,32.7,-6.40,-7327,0.88,-2.00,9107,0.25,0.06,-14.19,-3.06,257,-1269,315,851,-3619,-2614,-1248
10:00,15:00,1,1,True,P40,3,0,1144,27.4,-6.18,-7074,0.89,-1.65,9107,1.52,0.29,-15.20,-2.79,103,-676,88,1422,-3768,-2466,-1776
10:00,15:00,1,1,True,P40,0,50,1144,42.0,-6.40,-7317,0.86,-2.46,8400,-2.21,-0.63,-11.29,-2.95,233,-1434,-835,672,-2577,-2119,-1257
10:00,15:00,1,1,True,P40,0,100,1144,29.1,-6.91,-7902,0.88,-1.98,9487,-0.63,-0.13,-14.26,-2.81,-62,-1217,-268,1160,-3068,-2636,-1812
10:00,15:00,1,1,True,P40,0,0,1144,24.2,-5.25,-6005,0.91,-1.13,8359,2.65,0.42,-14.50,-2.09,-50,663,702,323,-2865,-2739,-2039
10:00,15:00,1,1,True,LOW,1,0,740,51.8,1.30,964,1.03,0.33,3267,3.25,0.83,-1.14,-0.15,508,1009,-348,171,310,-1329,644
10:00,15:00,1,1,True,LOW,2,0,740,36.5,-3.59,-2660,0.94,-0.70,7738,7.56,1.39,-17.60,-1.89,1181,1692,-317,558,-1136,-4197,-441
10:00,15:00,1,1,True,LOW,3,0,740,29.6,-6.33,-4683,0.90,-1.11,8252,3.48,0.56,-18.64,-1.84,1397,655,-1217,598,-1297,-3655,-1164
10:00,15:00,1,1,True,LOW,0,50,740,46.1,-0.12,-88,1.00,-0.03,3551,4.30,1.03,-5.67,-0.91,1051,723,-86,84,-371,-1494,5
10:00,15:00,1,1,True,LOW,0,100,740,32.2,-3.39,-2507,0.94,-0.71,5810,4.12,0.72,-12.81,-1.58,946,533,-579,797,-1469,-2672,-62
10:00,15:00,1,1,True,LOW,0,0,740,26.5,-5.79,-4286,0.91,-0.90,8124,2.32,0.33,-15.99,-1.39,1185,1773,-2208,209,-389,-3707,-1148
10:00,15:00,1,1,True,P40,1,0,740,50.0,-2.98,-2205,0.93,-0.96,4708,2.44,0.62,-9.78,-1.97,620,760,-648,273,-371,-1864,-975
10:00,15:00,1,1,True,P40,2,0,740,33.2,-8.10,-5997,0.85,-2.00,9536,-1.12,-0.21,-16.87,-2.70,1125,-454,-1188,55,-2124,-3367,-44
10:00,15:00,1,1,True,P40,3,0,740,28.6,-7.04,-5207,0.88,-1.50,8844,0.91,0.15,-17.01,-2.37,1009,66,-678,-24,-1720,-3120,-741
10:00,15:00,1,1,True,P40,0,50,740,44.6,-3.45,-2550,0.93,-1.01,5277,1.74,0.40,-9.95,-1.85,920,298,-280,-222,-714,-1876,-676
10:00,15:00,1,1,True,P40,0,100,740,30.4,-7.51,-5556,0.87,-1.70,9297,0.23,0.04,-17.23,-2.57,831,-134,-937,335,-1999,-3705,53
10:00,15:00,1,1,True,P40,0,0,740,25.1,-9.13,-6753,0.85,-1.64,10164,0.10,0.01,-20.72,-2.40,1070,990,-1578,-440,-710,-4277,-1809
10:00,15:00,1,1,True,LOW,1,0,740,51.9,1.41,1044,1.03,0.35,3267,3.44,0.88,-1.14,-0.15,508,1009,-268,171,310,-1329,644
10:00,15:00,1,1,True,LOW,2,0,740,36.5,-3.58,-2646,0.94,-0.70,7738,7.59,1.40,-17.60,-1.89,1181,1692,-303,558,-1136,-4197,-441
10:00,15:00,1,1,True,LOW,3,0,740,29.6,-6.31,-4669,0.90,-1.11,8238,3.51,0.56,-18.64,-1.84,1397,655,-1203,598,-1297,-3655,-1164
10:00,15:00,1,1,True,LOW,0,50,740,46.1,-0.10,-74,1.00,-0.03,3537,4.33,1.03,-5.67,-0.91,1051,723,-72,84,-371,-1494,5
10:00,15:00,1,1,True,LOW,0,100,740,32.2,-3.37,-2493,0.94,-0.70,5796,4.15,0.73,-12.81,-1.58,946,533,-565,797,-1469,-2672,-62
10:00,15:00,1,1,True,LOW,0,0,740,26.5,-5.77,-4272,0.91,-0.90,8110,2.36,0.33,-15.99,-1.39,1185,1773,-2194,209,-389,-3707,-1148
10:00,15:00,1,1,True,P40,1,0,740,50.0,-2.98,-2205,0.93,-0.96,4708,2.44,0.62,-9.78,-1.97,620,760,-648,273,-371,-1864,-975
10:00,15:00,1,1,True,P40,2,0,740,33.2,-8.10,-5997,0.85,-2.00,9536,-1.12,-0.21,-16.87,-2.70,1125,-454,-1188,55,-2124,-3367,-44
10:00,15:00,1,1,True,P40,3,0,740,28.6,-7.04,-5207,0.88,-1.50,8844,0.91,0.15,-17.01,-2.37,1009,66,-678,-24,-1720,-3120,-741
10:00,15:00,1,1,True,P40,0,50,740,44.6,-3.45,-2550,0.93,-1.01,5277,1.74,0.40,-9.95,-1.85,920,298,-280,-222,-714,-1876,-676
10:00,15:00,1,1,True,P40,0,100,740,30.4,-7.51,-5556,0.87,-1.70,9297,0.23,0.04,-17.23,-2.57,831,-134,-937,335,-1999,-3705,53
10:00,15:00,1,1,True,P40,0,0,740,25.1,-9.13,-6753,0.85,-1.64,10164,0.10,0.01,-20.72,-2.40,1070,990,-1578,-440,-710,-4277,-1809
10:00,15:00,1,1,True,LOW,1,0,1120,50.9,0.49,550,1.01,0.16,2553,0.73,0.22,0.21,0.04,304,-187,-642,969,454,528,-876
10:00,15:00,1,1,True,LOW,2,0,1120,35.8,0.46,510,1.01,0.11,5649,7.32,1.56,-7.69,-1.06,704,515,839,2393,-1923,-1847,-170
10:00,15:00,1,1,True,LOW,3,0,1120,30.0,0.35,387,1.01,0.07,6373,7.97,1.46,-8.71,-1.08,770,1284,-968,3760,-3606,-1326,474
10:00,15:00,1,1,True,LOW,0,50,1120,45.5,-0.72,-810,0.98,-0.25,2587,1.98,0.56,-3.93,-0.85,710,-75,-937,1506,-986,268,-1296
10:00,15:00,1,1,True,LOW,0,100,1120,32.7,-0.98,-1097,0.98,-0.25,5093,5.27,1.09,-8.40,-1.34,517,76,-264,2876,-1908,-1002,-1391
10:00,15:00,1,1,True,LOW,0,0,1120,27.4,3.02,3379,1.05,0.55,6022,8.90,1.42,-3.97,-0.43,420,2673,-1479,3796,-2644,-1796,2409
10:00,15:00,1,1,True,P40,1,0,1120,48.4,-4.65,-5211,0.89,-1.96,6436,-1.66,-0.52,-8.21,-2.33,146,-867,-1074,787,-1311,-879,-2014
10:00,15:00,1,1,True,P40,2,0,1120,34.2,-4.00,-4485,0.92,-1.23,7379,2.92,0.66,-12.23,-2.59,303,-23,12,1486,-3551,-1305,-1406
10:00,15:00,1,1,True,P40,3,0,1120,28.8,-4.44,-4968,0.92,-1.17,8230,3.75,0.72,-14.16,-2.58,293,170,-67,1886,-3783,-1877,-1591
10:00,15:00,1,1,True,P40,0,50,1120,43.8,-3.74,-4189,0.92,-1.42,5894,-0.63,-0.18,-7.43,-1.90,312,-580,-1049,933,-1666,-603,-1536
10:00,15:00,1,1,True,P40,0,100,1120,30.6,-5.02,-5628,0.91,-1.42,7443,1.00,0.21,-12.18,-2.36,168,-360,-561,1360,-3160,-1626,-1449
10:00,15:00,1,1,True,P40,0,0,1120,25.7,-4.22,-4731,0.93,-0.91,8263,4.62,0.74,-14.73,-2.13,72,1988,-569,1321,-3074,-2536,-1932
10:00,15:00,1,1,True,LOW,1,0,1116,51.0,0.66,734,1.01,0.21,2585,1.17,0.34,0.05,0.01,304,-213,-352,969,454,415,-842
10:00,15:00,1,1,True,LOW,2,0,1116,36.0,0.93,1041,1.02,0.22,5528,7.95,1.68,-7.44,-1.02,704,453,1278,2393,-1923,-1727,-136
10:00,15:00,1,1,True,LOW,3,0,1116,30.2,0.93,1040,1.02,0.20,6253,8.80,1.60,-8.46,-1.04,770,1194,-379,3760,-3606,-1206,507
10:00,15:00,1,1,True,LOW,0,50,1116,45.8,-0.36,-405,0.99,-0.13,2467,2.40,0.68,-3.65,-0.78,710,-165,-597,1506,-986,388,-1262
10:00,15:00,1,1,True,LOW,0,100,1116,32.9,-0.44,-492,0.99,-0.11,4972,6.02,1.23,-8.15,-1.29,517,-14,277,2876,-1908,-882,-1358
10:00,15:00,1,1,True,LOW,0,0,1116,27.6,3.85,4293,1.06,0.70,5901,10.16,1.61,-3.69,-0.39,420,2584,-630,3796,-2644,-1675,2442
10:00,15:00,1,1,True,P40,1,0,1116,48.5,-4.46,-4973,0.89,-1.87,6198,-1.26,-0.39,-8.27,-2.34,146,-945,-753,787,-1311,-966,-1932
10:00,15:00,1,1,True,P40,2,0,1116,34.3,-3.54,-3946,0.93,-1.08,7276,3.56,0.80,-12.00,-2.52,303,-121,493,1486,-3551,-1231,-1324
10:00,15:00,1,1,True,P40,3,0,1116,28.9,-3.83,-4269,0.93,-1.00,8156,4.65,0.89,-13.94,-2.53,293,72,575,1886,-3783,-1803,-1509
10:00,15:00,1,1,True,P40,0,50,1116,44.0,-3.38,-3771,0.93,-1.28,5475,-0.20,-0.06,-7.17,-1.83,312,-679,-688,933,-1666,-529,-1454
10:00,15:00,1,1,True,P40,0,100,1116,30.7,-4.49,-5009,0.92,-1.26,7342,1.76,0.36,-11.94,-2.30,168,-458,0,1360,-3160,-1552,-1367
10:00,15:00,1,1,True,P40,0,0,1116,25.8,-3.41,-3804,0.94,-0.73,8107,5.90,0.94,-14.51,-2.09,72,1889,301,1321,-3074,-2462,-1850
10:00,15:00,1,1,True,LOW,1,0,730,53.4,4.29,3134,1.10,1.07,2134,4.99,1.27,3.42,0.46,460,1185,-205,578,258,-253,1112
10:00,15:00,1,1,True,LOW,2,0,730,37.7,-0.83,-606,0.99,-0.16,6757,10.40,1.90,-14.75,-1.58,1066,2113,131,895,-799,-3378,-633
10:00,15:00,1,1,True,LOW,3,0,730,31.0,-2.75,-2007,0.96,-0.48,6207,6.87,1.09,-14.66,-1.43,1214,1361,-857,1055,-1249,-2762,-770
10:00,15:00,1,1,True,LOW,0,50,730,47.1,2.15,1570,1.05,0.59,2186,6.10,1.44,-2.74,-0.44,971,1123,-107,477,-393,-856,355
10:00,15:00,1,1,True,LOW,0,100,730,33.8,1.54,1124,1.03,0.32,4147,9.15,1.57,-7.89,-0.97,947,1297,-17,1470,-1351,-1540,318
10:00,15:00,1,1,True,LOW,0,0,730,28.1,-0.52,-378,0.99,-0.08,5031,9.33,1.26,-12.72,-1.11,1077,3011,-1759,1442,-402,-3006,-741
10:00,15:00,1,1,True,P40,1,0,730,50.3,-2.60,-1898,0.94,-0.83,4411,2.91,0.74,-9.43,-1.90,623,1003,-1205,756,-931,-1182,-963
10:00,15:00,1,1,True,P40,2,0,730,34.4,-5.62,-4105,0.90,-1.36,7458,0.60,0.11,-13.34,-2.10,1014,362,-1904,772,-1801,-2516,-32
10:00,15:00,1,1,True,P40,3,0,730,30.0,-3.89,-2843,0.93,-0.81,6801,4.01,0.64,-13.69,-1.88,1059,905,-1174,832,-1638,-2419,-408
10:00,15:00,1,1,True,P40,0,50,730,45.5,-2.04,-1491,0.95,-0.59,4118,2.50,0.57,-7.67,-1.42,903,742,-937,302,-812,-1024,-664
10:00,15:00,1,1,True,P40,0,100,730,31.8,-4.46,-3259,0.92,-0.99,7191,2.59,0.44,-13.21,-1.92,921,637,-1533,1021,-1917,-2734,345
10:00,15:00,1,1,True,P40,0,0,730,26.3,-6.85,-4998,0.89,-1.21,8703,3.12,0.42,-19.19,-2.21,1051,2234,-2618,592,-1040,-3728,-1489
10:00,15:00,1,1,True,LOW,1,0,728,53.4,4.26,3098,1.10,1.06,2134,5.20,1.32,3.08,0.41,460,1185,-124,578,258,-335,1076
10:00,15:00,1,1,True,LOW,2,0,728,37.8,-0.64,-465,0.99,-0.12,6671,10.44,1.91,-14.46,-1.54,1066,2113,147,895,-799,-3292,-594
10:00,15:00,1,1,True,LOW,3,0,728,31.0,-2.56,-1866,0.96,-0.44,6121,6.90,1.10,-14.37,-1.40,1214,1361,-841,1055,-1249,-2677,-731
10:00,15:00,1,1,True,LOW,0,50,728,47.3,2.35,1711,1.05,0.65,2085,6.14,1.45,-2.37,-0.38,971,1123,-91,477,-393,-770,394
10:00,15:00,1,1,True,LOW,0,100,728,33.9,1.74,1264,1.03,0.36,4061,9.19,1.58,-7.56,-0.92,947,1297,-1,1470,-1351,-1454,357
10:00,15:00,1,1,True,LOW,0,0,728,28.2,-0.33,-237,0.99,-0.05,4929,9.37,1.26,-12.42,-1.07,1077,3011,-1743,1442,-402,-2921,-702
10:00,15:00,1,1,True,P40,1,0,728,50.3,-2.62,-1906,0.94,-0.84,4420,2.91,0.74,-9.52,-1.91,623,1003,-1205,756,-931,-1260,-893
10:00,15:00,1,1,True,P40,2,0,728,34.5,-5.43,-3953,0.90,-1.31,7376,0.60,0.11,-12.95,-2.02,1014,362,-1904,772,-1801,-2434,39
10:00,15:00,1,1,True,P40,3,0,728,30.1,-3.70,-2691,0.94,-0.77,6719,4.01,0.64,-13.31,-1.81,1059,905,-1174,832,-1638,-2337,-338
10:00,15:00,1,1,True,P40,0,50,728,45.6,-1.84,-1339,0.96,-0.53,4036,2.50,0.57,-7.25,-1.33,903,742,-937,302,-812,-942,-594
10:00,15:00,1,1,True,P40,0,100,728,31.9,-4.27,-3107,0.92,-0.95,7109,2.59,0.44,-12.82,-1.86,921,637,-1533,1021,-1917,-2652,415
10:00,15:00,1,1,True,P40,0,0,728,26.4,-6.66,-4846,0.89,-1.18,8603,3.12,0.42,-18.84,-2.16,1051,2234,-2618,592,-1040,-3646,-1419
10:00,15:00,1,1,True,LOW,1,0,1015,50.5,-0.65,-664,0.99,-0.20,3574,-0.20,-0.06,-1.18,-0.20,315,-791,-790,1154,336,457,-1345
10:00,15:00,1,1,True,LOW,2,0,1015,35.6,-0.86,-875,0.98,-0.20,4422,5.39,1.13,-8.17,-1.07,767,-950,462,2671,-1131,-1298,-1396
10:00,15:00,1,1,True,LOW,3,0,1015,30.6,-0.27,-269,1.00,-0.05,4368,6.69,1.22,-8.39,-0.99,1060,-522,-15,3135,-2769,-98,-1061
10:00,15:00,1,1,True,LOW,0,50,1015,44.3,-2.48,-2513,0.94,-0.83,3630,0.34,0.09,-5.76,-1.18,527,-1250,-850,1758,-536,84,-2246
10:00,15:00,1,1,True,LOW,0,100,1015,32.7,-2.42,-2458,0.96,-0.60,4864,3.14,0.64,-8.92,-1.37,786,-1280,-126,2337,-1540,-325,-2310
10:00,15:00,1,1,True,LOW,0,0,1015,27.8,0.97,985,1.02,0.17,4421,5.19,0.83,-3.96,-0.40,667,850,-1282,2601,-2194,-706,1048
10:00,15:00,1,1,True,P40,1,0,1015,47.5,-6.09,-6184,0.86,-2.45,7090,-4.05,-1.20,-8.48,-2.31,191,-1976,-1763,1334,-1661,-803,-1507
10:00,15:00,1,1,True,P40,2,0,1015,33.6,-6.62,-6720,0.88,-1.98,8632,0.38,0.08,-14.81,-3.06,655,-2013,-666,2233,-3787,-1443,-1700
10:00,15:00,1,1,True,P40,3,0,1015,28.5,-8.49,-8619,0.85,-2.21,10546,0.88,0.16,-19.44,-3.54,663,-1996,198,1616,-4625,-1769,-2706
10:00,15:00,1,1,True,P40,0,50,1015,42.5,-6.24,-6338,0.87,-2.27,7515,-3.45,-0.92,-9.52,-2.35,286,-2039,-1570,1439,-2338,-526,-1590
10:00,15:00,1,1,True,P40,0,100,1015,30.2,-8.22,-8341,0.85,-2.27,10045,-0.55,-0.11,-17.18,-3.30,561,-2498,-276,1914,-3845,-1452,-2745
10:00,15:00,1,1,True,P40,0,0,1015,25.4,-10.10,-10247,0.83,-2.19,12484,-1.30,-0.21,-20.38,-2.92,442,-577,-1076,499,-4270,-2464,-2802
10:00,15:00,1,1,True,LOW,1,0,1011,50.5,-0.65,-656,0.99,-0.20,3493,-0.24,-0.07,-1.13,-0.19,315,-793,-808,1154,336,532,-1391
10:00,15:00,1,1,True,LOW,2,0,1011,35.7,-0.68,-690,0.99,-0.16,4306,5.47,1.14,-7.93,-1.03,767,-952,505,2671,-1131,-1183,-1367
10:00,15:00,1,1,True,LOW,3,0,1011,30.7,-0.11,-113,1.00,-0.02,4342,6.87,1.24,-8.35,-0.98,1060,-524,89,3135,-2769,-73,-1032
10:00,15:00,1,1,True,LOW,0,50,1011,44.6,-2.13,-2156,0.95,-0.71,3273,0.64,0.17,-5.39,-1.10,527,-1252,-686,1758,-536,250,-2218
10:00,15:00,1,1,True,LOW,0,100,1011,32.7,-2.46,-2485,0.96,-0.61,4839,2.99,0.61,-8.88,-1.35,786,-1282,-205,2337,-1540,-300,-2282
10:00,15:00,1,1,True,LOW,0,0,1011,27.9,1.40,1415,1.02,0.25,4396,5.87,0.93,-3.87,-0.39,667,848,-904,2601,-2194,-680,1077
10:00,15:00,1,1,True,P40,1,0,1011,47.7,-5.73,-5798,0.86,-2.30,6772,-3.76,-1.11,-8.07,-2.18,191,-1976,-1603,1334,-1661,-647,-1437
10:00,15:00,1,1,True,P40,2,0,1011,33.5,-6.59,-6664,0.88,-1.96,8646,0.38,0.08,-14.81,-3.04,655,-2013,-666,2233,-3787,-1457,-1630
10:00,15:00,1,1,True,P40,3,0,1011,28.4,-8.47,-8563,0.85,-2.20,10560,0.88,0.16,-19.49,-3.52,663,-1996,198,1616,-4625,-1783,-2636
10:00,15:00,1,1,True,P40,0,50,1011,42.6,-5.87,-5932,0.87,-2.13,7179,-3.12,-0.83,-9.11,-2.24,286,-2039,-1390,1439,-2338,-370,-1520
10:00,15:00,1,1,True,P40,0,100,1011,30.2,-8.19,-8285,0.85,-2.26,10042,-0.55,-0.11,-17.21,-3.29,561,-2498,-276,1914,-3845,-1466,-2675
10:00,15:00,1,1,True,P40,0,0,1011,25.4,-9.58,-9689,0.84,-2.06,11925,-0.38,-0.06,-20.43,-2.91,442,-577,-574,499,-4270,-2478,-2732
10:00,15:00,1,1,True,LOW,1,0,686,50.9,-0.33,-229,0.99,-0.08,3084,-0.53,-0.13,-0.10,-0.01,295,-58,-870,434,417,-772,326
10:00,15:00,1,1,True,LOW,2,0,686,36.7,-4.14,-2840,0.93,-0.78,6517,5.39,0.99,-15.90,-1.63,833,561,-240,889,-281,-3348,-1255
10:00,15:00,1,1,True,LOW,3,0,686,31.0,-4.84,-3320,0.92,-0.82,5705,3.40,0.55,-15.01,-1.42,1086,212,-789,779,-806,-2352,-1450
10:00,15:00,1,1,True,LOW,0,50,686,44.9,-2.10,-1442,0.95,-0.56,3127,1.17,0.27,-6.14,-0.94,676,-498,-390,655,-200,-1258,-427
10:00,15:00,1,1,True,LOW,0,100,686,33.2,-2.07,-1420,0.96,-0.42,4160,3.07,0.53,-8.42,-0.99,816,-52,-780,1181,-1096,-1345,-144
10:00,15:00,1,1,True,LOW,0,0,686,28.3,-2.76,-1894,0.96,-0.41,4449,4.77,0.65,-12.06,-1.00,946,1563,-1618,918,-81,-2290,-1332
10:00,15:00,1,1,True,P40,1,0,686,49.1,-4.56,-3129,0.89,-1.41,4458,-0.20,-0.05,-9.95,-1.93,388,-518,-1508,1564,-730,-1365,-959
10:00,15:00,1,1,True,P40,2,0,686,34.7,-6.10,-4185,0.89,-1.44,7151,-0.43,-0.08,-13.09,-2.00,857,-693,-1875,1546,-1489,-2424,-108
10:00,15:00,1,1,True,P40,3,0,686,30.8,-4.80,-3292,0.92,-0.99,6182,3.05,0.48,-14.49,-1.96,902,-164,-971,1389,-1674,-1929,-846
10:00,15:00,1,1,True,P40,0,50,686,44.5,-4.17,-2860,0.91,-1.18,4434,-0.48,-0.11,-8.73,-1.56,608,-844,-1113,1169,-691,-1127,-861
10:00,15:00,1,1,True,P40,0,100,686,32.4,-5.22,-3579,0.91,-1.14,6854,1.00,0.17,-12.89,-1.83,764,-563,-1423,1602,-1905,-2283,229
10:00,15:00,1,1,True,P40,0,0,686,27.4,-8.01,-5497,0.87,-1.40,7802,1.86,0.25,-20.20,-2.28,894,947,-1913,775,-1189,-2873,-2139
10:00,15:00,1,1,True,LOW,1,0,683,51.0,-0.25,-172,0.99,-0.06,3015,-0.46,-0.12,0.01,0.00,295,-60,-845,434,417,-704,290
10:00,15:00,1,1,True,LOW,2,0,683,36.7,-4.11,-2809,0.93,-0.77,6448,5.20,0.95,-15.66,-1.59,833,559,-314,889,-281,-3279,-1216
10:00,15:00,1,1,True,LOW,3,0,683,31.0,-4.87,-3324,0.92,-0.83,5746,3.11,0.50,-14.76,-1.38,1086,210,-898,779,-806,-2284,-1411
10:00,15:00,1,1,True,LOW,0,50,683,44.9,-2.11,-1442,0.95,-0.56,3164,0.89,0.21,-5.83,-0.89,676,-500,-495,655,-200,-1190,-388
10:00,15:00,1,1,True,LOW,0,100,683,33.2,-2.22,-1520,0.96,-0.45,4299,2.53,0.44,-8.12,-0.95,816,-54,-986,1181,-1096,-1276,-105
10:00,15:00,1,1,True,LOW,0,0,683,28.4,-2.58,-1759,0.96,-0.38,4312,4.86,0.66,-11.79,-0.97,946,1561,-1589,918,-81,-2221,-1293
10:00,15:00,1,1,True,P40,1,0,683,49.2,-4.47,-3055,0.89,-1.38,4455,-0.41,-0.10,-9.51,-1.84,388,-518,-1587,1564,-730,-1283,-889
10:00,15:00,1,1,True,P40,2,0,683,34.7,-6.14,-4191,0.89,-1.45,7228,-0.85,-0.16,-12.68,-1.92,857,-693,-2033,1546,-1489,-2342,-38
10:00,15:00,1,1,True,P40,3,0,683,30.7,-4.95,-3378,0.91,-1.02,6339,2.43,0.38,-14.09,-1.89,902,-164,-1210,1389,-1674,-1847,-776
10:00,15:00,1,1,True,P40,0,50,683,44.5,-4.11,-2806,0.91,-1.16,4451,-0.74,-0.16,-8.29,-1.47,608,-844,-1212,1169,-691,-1045,-791
10:00,15:00,1,1,True,P40,0,100,683,32.4,-5.31,-3625,0.90,-1.16,6971,0.48,0.08,-12.48,-1.76,764,-563,-1622,1602,-1905,-2201,299
10:00,15:00,1,1,True,P40,0,0,683,27.5,-7.71,-5263,0.87,-1.34,7620,2.08,0.28,-19.83,-2.22,894,947,-1831,775,-1189,-2791,-2069
10:00,15:00,3,1,False,LOW,1,0,4294,49.2,-2.43,-10420,0.94,-1.83,12775,-1.42,-0.99,-3.60,-1.53,25,-377,-4135,1191,-3892,-1820,-1412
10:00,15:00,3,1,False,LOW,2,0,3969,34.6,-2.47,-9799,0.95,-1.33,12778,-0.39,-0.19,-4.95,-1.52,-95,-1924,-3454,4630,-3516,-3105,-2335
10:00,15:00,3,1,False,LOW,3,0,3617,29.9,-0.63,-2283,0.99,-0.28,9765,2.85,1.11,-4.80,-1.22,320,182,-1481,6592,-3741,-1260,-2896
10:00,15:00,3,1,False,LOW,0,50,4217,40.1,-2.41,-10143,0.94,-1.79,12334,0.38,0.23,-5.54,-2.57,530,-325,-3839,4479,-3830,-3292,-3865
10:00,15:00,3,1,False,LOW,0,100,3768,30.3,-1.58,-5972,0.97,-0.82,14607,2.79,1.14,-6.35,-2.09,76,-1351,184,6580,-3457,-5382,-2621
10:00,15:00,3,1,False,LOW,0,0,3123,26.4,1.13,3528,1.02,0.35,6390,3.58,1.02,-1.68,-0.30,20,901,-293,5342,-2248,461,-655
10:00,15:00,3,1,False,P40,1,0,4157,48.8,-3.84,-15960,0.91,-3.10,17838,-1.19,-0.71,-6.75,-3.70,249,-505,-4509,2178,-3723,-3916,-5735
10:00,15:00,3,1,False,P40,2,0,3779,36.5,-1.55,-5843,0.97,-0.88,9183,0.75,0.31,-3.94,-1.55,261,-2372,-739,4292,-2984,-2462,-1839
10:00,15:00,3,1,False,P40,3,0,3457,30.9,-3.16,-10913,0.94,-1.49,12516,-0.37,-0.13,-5.96,-1.95,-155,-1518,-2489,3518,-2042,-4254,-3974
10:00,15:00,3,1,False,P40,0,50,4062,44.2,-3.35,-13598,0.93,-2.42,14605,-1.27,-0.67,-5.59,-2.76,53,-1384,-4133,2779,-3683,-3124,-4106
10:00,15:00,3,1,False,P40,0,100,3592,33.3,-1.92,-6905,0.96,-0.98,12435,2.29,0.84,-6.24,-2.22,225,-1884,548,5279,-3377,-2915,-4780
10:00,15:00,3,1,False,P40,0,0,3055,27.7,-1.39,-4245,0.98,-0.46,8339,1.43,0.38,-4.29,-0.89,73,985,-1322,2476,-2270,-942,-3245
10:00,15:00,3,1,False,LOW,1,0,4247,49.4,-2.05,-8702,0.95,-1.53,11159,-0.95,-0.66,-3.35,-1.41,48,-238,-2985,998,-3793,-1353,-1379
10:00,15:00,3,1,False,LOW,2,0,3888,34.6,-2.55,-9916,0.95,-1.35,13131,-0.27,-0.13,-5.29,-1.59,49,-1870,-3281,4537,-4032,-3440,-1880
10:00,15:00,3,1,False,LOW,3,0,3559,29.8,-0.99,-3507,0.98,-0.43,10900,2.84,1.09,-5.57,-1.40,340,-5,-1226,6406,-4567,-1616,-2840
10:00,15:00,3,1,False,LOW,0,50,4151,40.1,-2.64,-10939,0.94,-1.94,12690,0.15,0.09,-5.77,-2.65,412,-816,-2864,3594,-3471,-3911,-3884
10:00,15:00,3,1,False,LOW,0,100,3701,30.3,-2.09,-7750,0.96,-1.07,15817,2.59,1.04,-7.21,-2.34,96,-1391,-156,6459,-4174,-5624,-2960
10:00,15:00,3,1,False,LOW,0,0,3100,26.2,0.84,2619,1.01,0.26,7349,3.68,1.05,-2.41,-0.43,40,905,-224,5376,-2746,143,-875
10:00,15:00,3,1,False,P40,1,0,4113,48.8,-3.66,-15064,0.91,-2.94,17019,-0.52,-0.31,-7.12,-3.88,457,-712,-2983,2115,-3184,-5272,-5485
10:00,15:00,3,1,False,P40,2,0,3730,36.4,-1.74,-6477,0.97,-0.98,9509,0.70,0.29,-4.31,-1.67,261,-2372,-990,4445,-2747,-3361,-1714
10:00,15:00,3,1,False,P40,3,0,3420,30.7,-3.58,-12255,0.94,-1.68,13789,-0.28,-0.09,-6.92,-2.26,-155,-1321,-2634,3634,-2330,-4707,-4743
10:00,15:00,3,1,False,P40,0,50,4006,44.2,-3.38,-13531,0.92,-2.43,14357,-1.35,-0.71,-5.56,-2.73,83,-1458,-3852,2419,-3053,-4237,-3434
10:00,15:00,3,1,False,P40,0,100,3555,33.0,-2.58,-9163,0.95,-1.31,13874,1.85,0.67,-7.11,-2.53,225,-1656,-615,5377,-3686,-3677,-5131
10:00,15:00,3,1,False,P40,0,0,3046,27.6,-1.63,-4979,0.97,-0.53,9321,1.62,0.43,-4.98,-1.03,73,1204,-1322,2543,-2523,-1517,-3437
10:00,15:00,3,1,False,LOW,1,0,1746,50.6,-1.78,-3112,0.96,-0.79,5367,-0.91,-0.40,-2.93,-0.69,311,-530,-1368,689,-144,-2955,886
10:00,15:00,3,1,False,LOW,2,0,1617,35.5,-3.88,-6281,0.93,-1.26,9817,0.00,0.00,-8.94,-1.57,916,-814,-1746,1642,-1551,-4146,-582
10:00,15:00,3,1,False,LOW,3,0,1537,29.4,-3.59,-5520,0.94,-0.98,9024,2.03,0.51,-10.70,-1.64,1495,-812,-1671,2734,-1739,-4315,-1213
10:00,15:00,3,1,False,LOW,0,50,1698,41.8,-2.96,-5024,0.93,-1.33,7381,-0.45,-0.17,-6.04,-1.62,957,-904,-1707,1236,-1136,-2559,-912
10:00,15:00,3,1,False,LOW,0,100,1564,30.2,-4.63,-7244,0.91,-1.50,11242,-2.07,-0.56,-7.72,-1.51,1194,-1738,-3092,1866,-2246,-2332,-896
10:00,15:00,3,1,False,LOW,0,0,1476,25.7,-3.62,-5343,0.94,-0.83,8944,-0.06,-0.01,-8.10,-1.06,1439,18,-2819,1315,-488,-3547,-1262
10:00,15:00,3,1,False,P40,1,0,1706,49.1,-3.71,-6330,0.91,-1.88,8844,-0.63,-0.24,-7.39,-2.46,595,-561,-2558,1939,-1774,-1890,-2083
10:00,15:00,3,1,False,P40,2,0,1556,34.5,-5.26,-8178,0.90,-1.91,12228,-5.02,-1.37,-5.52,-1.33,1025,-2064,-5021,1932,-2027,-1304,-720
10:00,15:00,3,1,False,P40,3,0,1492,29.7,-5.76,-8592,0.90,-1.78,11965,-4.00,-0.92,-7.71,-1.59,1008,-1350,-3798,1006,-1925,-1513,-2021
10:00,15:00,3,1,False,P40,0,50,1653,43.9,-3.97,-6561,0.91,-1.80,9005,-1.84,-0.63,-6.45,-1.93,743,-1003,-2826,1445,-1718,-1526,-1676
10:00,15:00,3,1,False,P40,0,100,1519,31.5,-5.64,-8564,0.90,-1.87,12029,-4.13,-1.02,-7.30,-1.62,924,-1916,-3919,1614,-2550,-1337,-1380
10:00,15:00,3,1,False,P40,0,0,1450,26.4,-7.71,-11182,0.87,-1.95,14347,-6.37,-1.27,-9.21,-1.48,1069,398,-6739,397,-1065,-2091,-3150
10:00,15:00,3,1,False,LOW,1,0,1735,50.7,-1.57,-2722,0.96,-0.69,5153,-0.71,-0.31,-2.69,-0.63,311,-525,-1164,676,-171,-2909,1062
10:00,15:00,3,1,False,LOW,2,0,1605,35.8,-3.66,-5870,0.93,-1.18,9530,-0.02,-0.01,-8.44,-1.47,916,-757,-1784,1610,-1465,-4181,-208
10:00,15:00,3,1,False,LOW,3,0,1525,29.4,-3.66,-5578,0.93,-1.00,9205,1.83,0.45,-10.62,-1.62,1495,-755,-1888,2710,-1680,-4478,-982
10:00,15:00,3,1,False,LOW,0,50,1685,42.0,-2.64,-4442,0.94,-1.18,6920,-0.58,-0.22,-5.18,-1.38,957,-847,-1884,1236,-909,-2450,-546
10:00,15:00,3,1,False,LOW,0,100,1551,30.2,-4.97,-7707,0.91,-1.61,11910,-2.95,-0.80,-7.41,-1.43,1194,-1681,-3902,1877,-2187,-2667,-342
10:00,15:00,3,1,False,LOW,0,0,1464,25.7,-3.54,-5189,0.94,-0.81,8884,-0.28,-0.06,-7.66,-0.99,1439,77,-3073,1326,-429,-3499,-1031
10:00,15:00,3,1,False,P40,1,0,1697,49.0,-3.66,-6214,0.91,-1.85,8720,-0.55,-0.21,-7.40,-2.45,595,-561,-2655,2108,-1531,-2241,-1931
10:00,15:00,3,1,False,P40,2,0,1548,34.0,-6.13,-9488,0.88,-2.23,13507,-5.91,-1.62,-6.37,-1.53,1025,-1990,-5853,1962,-1991,-1890,-752
10:00,15:00,3,1,False,P40,3,0,1485,29.4,-6.30,-9361,0.89,-1.95,12734,-4.49,-1.04,-8.33,-1.70,1008,-1276,-4284,1037,-1885,-1991,-1970
10:00,15:00,3,1,False,P40,0,50,1644,43.7,-4.18,-6877,0.91,-1.89,9293,-2.41,-0.82,-6.26,-1.86,743,-932,-3435,1484,-1456,-1757,-1524
10:00,15:00,3,1,False,P40,0,100,1512,31.1,-6.57,-9928,0.88,-2.18,13362,-5.22,-1.30,-8.06,-1.78,924,-1843,-4889,1645,-2510,-1845,-1411
10:00,15:00,3,1,False,P40,0,0,1444,26.1,-7.94,-11460,0.87,-2.00,14615,-6.35,-1.27,-9.71,-1.55,1069,471,-6822,427,-1025,-2399,-3182
10:00,15:00,3,1,False,LOW,1,0,4253,49.2,-2.18,-9282,0.94,-1.62,11423,-0.90,-0.62,-3.69,-1.55,-24,-766,-2961,1691,-4371,-1497,-1356
10:00,15:00,3,1,False,LOW,2,0,3881,34.7,-2.25,-8723,0.95,-1.19,12378,-0.39,-0.19,-4.46,-1.34,61,-2539,-2915,4569,-3873,-2384,-1643
10:00,15:00,3,1,False,LOW,3,0,3549,30.0,-0.57,-2012,0.99,-0.25,9724,2.96,1.13,-4.78,-1.20,304,177,-1169,6400,-4560,-567,-2598
10:00,15:00,3,1,False,LOW,0,50,4149,40.4,-2.37,-9847,0.94,-1.74,12439,0.60,0.36,-5.71,-2.62,441,-539,-2578,4001,-4014,-2800,-4358
10:00,15:00,3,1,False,LOW,0,100,3707,30.5,-1.78,-6615,0.97,-0.91,15325,3.13,1.26,-7.15,-2.33,133,-1800,869,6861,-4404,-4463,-3810
10:00,15:00,3,1,False,LOW,0,0,3108,26.5,1.11,3453,1.02,0.35,6530,3.57,1.02,-1.70,-0.31,103,796,-532,5556,-2770,840,-540
10:00,15:00,3,1,False,P40,1,0,4096,48.9,-3.53,-14464,0.91,-2.83,16608,-0.99,-0.59,-6.30,-3.44,376,-863,-3430,1790,-3570,-3388,-5379
10:00,15:00,3,1,False,P40,2,0,3725,36.3,-2.05,-7622,0.96,-1.16,10113,0.25,0.10,-4.45,-1.74,361,-2869,-1041,4033,-3459,-2132,-2516
10:00,15:00,3,1,False,P40,3,0,3411,30.7,-3.47,-11851,0.94,-1.63,13623,-0.56,-0.19,-6.42,-2.09,8,-1744,-2666,3441,-2550,-3224,-5117
10:00,15:00,3,1,False,P40,0,50,3999,44.1,-3.28,-13137,0.93,-2.36,14177,-1.49,-0.78,-5.21,-2.56,56,-1424,-3976,2269,-3129,-2811,-4122
10:00,15:00,3,1,False,P40,0,100,3551,33.0,-2.41,-8541,0.96,-1.22,13093,1.81,0.66,-6.73,-2.39,362,-2235,-105,5235,-3749,-2415,-5634
10:00,15:00,3,1,False,P40,0,0,3046,27.7,-1.37,-4160,0.98,-0.45,7788,1.40,0.37,-4.21,-0.87,236,937,-1530,2524,-2235,-334,-3758
10:00,15:00,3,1,False,LOW,1,0,4198,49.3,-2.16,-9076,0.94,-1.59,11450,-0.59,-0.41,-4.01,-1.67,69,-617,-2128,1324,-4223,-2018,-1484
10:00,15:00,3,1,False,LOW,2,0,3826,34.9,-2.35,-8991,0.95,-1.23,12745,-0.13,-0.06,-5.02,-1.48,198,-2348,-2761,4643,-4146,-3152,-1425
10:00,15:00,3,1,False,LOW,3,0,3507,29.9,-1.01,-3541,0.98,-0.43,11259,3.01,1.14,-5.82,-1.45,304,54,-863,6256,-5150,-1547,-2595
10:00,15:00,3,1,False,LOW,0,50,4095,40.8,-2.13,-8725,0.95,-1.55,12053,0.97,0.57,-5.63,-2.55,466,-282,-1750,3674,-3793,-3092,-3948
10:00,15:00,3,1,False,LOW,0,100,3657,30.5,-2.24,-8181,0.96,-1.13,16644,3.01,1.20,-7.99,-2.57,133,-1782,528,6876,-4796,-5459,-3681
10:00,15:00,3,1,False,LOW,0,0,3082,26.4,0.81,2487,1.01,0.25,7466,3.62,1.02,-2.42,-0.43,103,789,-522,5591,-2980,189,-682
10:00,15:00,3,1,False,P40,1,0,4055,48.9,-3.46,-14012,0.92,-2.76,16005,-0.38,-0.23,-6.84,-3.70,399,-1156,-2085,2027,-3126,-4923,-5149
10:00,15:00,3,1,False,P40,2,0,3690,36.2,-2.28,-8407,0.96,-1.28,11120,0.39,0.16,-5.10,-1.98,361,-2574,-1355,4310,-3534,-3247,-2368
10:00,15:00,3,1,False,P40,3,0,3386,30.6,-3.78,-12793,0.93,-1.76,14647,-0.51,-0.17,-7.11,-2.31,8,-1443,-3139,3705,-2772,-3731,-5422
10:00,15:00,3,1,False,P40,0,50,3959,44.2,-3.14,-12429,0.93,-2.24,13512,-1.03,-0.54,-5.42,-2.64,43,-1184,-3200,2227,-2926,-3898,-3493
10:00,15:00,3,1,False,P40,0,100,3521,32.9,-2.79,-9834,0.95,-1.41,14264,1.77,0.64,-7.50,-2.65,362,-1879,-773,5460,-4166,-3288,-5551
10:00,15:00,3,1,False,P40,0,0,3036,27.6,-1.62,-4908,0.97,-0.53,8752,1.54,0.40,-4.87,-1.01,236,1156,-1612,2591,-2528,-935,-3816
10:00,15:00,3,1,False,LOW,1,0,1745,50.7,-1.68,-2939,0.96,-0.75,5154,-0.64,-0.28,-3.05,-0.71,270,-445,-1218,757,-144,-3044,886
10:00,15:00,3,1,False,LOW,2,0,1616,35.7,-3.68,-5950,0.93,-1.19,9660,0.56,0.17,-9.20,-1.62,1090,-814,-1515,1750,-1551,-4328,-582
10:00,15:00,3,1,False,LOW,3,0,1537,29.6,-3.26,-5011,0.94,-0.89,8677,2.61,0.65,-10.66,-1.64,1529,-812,-1359,2880,-1739,-4298,-1213
10:00,15:00,3,1,False,LOW,0,50,1697,42.0,-2.64,-4482,0.94,-1.19,7025,0.20,0.08,-6.13,-1.65,1138,-772,-1538,1364,-1136,-2626,-912
10:00,15:00,3,1,False,LOW,0,100,1563,30.3,-4.50,-7027,0.92,-1.46,11058,-1.58,-0.43,-8.01,-1.56,1228,-1738,-2823,1984,-2246,-2536,-896
10:00,15:00,3,1,False,LOW,0,0,1476,25.8,-3.50,-5173,0.94,-0.80,8809,0.13,0.03,-8.06,-1.05,1473,18,-2831,1446,-488,-3530,-1262
10:00,15:00,3,1,False,P40,1,0,1704,49.3,-3.34,-5685,0.92,-1.69,8363,-0.28,-0.11,-6.98,-2.32,677,-479,-2398,1939,-1613,-1729,-2083
10:00,15:00,3,1,False,P40,2,0,1554,34.6,-5.15,-8010,0.90,-1.87,12146,-4.63,-1.26,-5.74,-1.38,1112,-2064,-4780,1932,-1945,-1545,-720
10:00,15:00,3,1,False,P40,3,0,1491,29.8,-5.49,-8180,0.90,-1.69,11640,-3.48,-0.80,-7.70,-1.58,1095,-1350,-3478,1006,-1839,-1595,-2021
10:00,15:00,3,1,False,P40,0,50,1651,44.0,-3.76,-6216,0.92,-1.70,8825,-1.46,-0.50,-6.45,-1.93,825,-921,-2646,1445,-1538,-1707,-1676
10:00,15:00,3,1,False,P40,0,100,1517,31.5,-5.54,-8404,0.90,-1.83,11956,-3.69,-0.91,-7.58,-1.68,1010,-1916,-3638,1601,-2464,-1618,-1380
10:00,15:00,3,1,False,P40,0,0,1449,26.4,-7.65,-11091,0.87,-1.93,14342,-6.27,-1.25,-9.20,-1.47,1156,398,-6739,397,-979,-2173,-3150
10:00,15:00,3,1,False,LOW,1,0,1734,50.8,-1.54,-2679,0.96,-0.68,5069,-0.40,-0.17,-3.05,-0.71,270,-392,-1014,744,-171,-3177,1062
10:00,15:00,3,1,False,LOW,2,0,1604,35.9,-3.54,-5683,0.93,-1.14,9517,0.55,0.17,-8.91,-1.55,1090,-757,-1553,1718,-1465,-4508,-208
10:00,15:00,3,1,False,LOW,3,0,1525,29.6,-3.42,-5213,0.94,-0.93,8875,2.41,0.60,-10.80,-1.65,1529,-755,-1576,2856,-1680,-4606,-982
10:00,15:00,3,1,False,LOW,0,50,1684,42.3,-2.32,-3915,0.95,-1.04,6580,0.08,0.03,-5.29,-1.41,1138,-715,-1715,1364,-909,-2532,-546
10:00,15:00,3,1,False,LOW,0,100,1550,30.2,-4.93,-7634,0.91,-1.59,11871,-2.46,-0.66,-7.91,-1.53,1228,-1681,-3633,1995,-2187,-3015,-342
10:00,15:00,3,1,False,LOW,0,0,1464,25.8,-3.53,-5164,0.94,-0.80,8893,-0.10,-0.02,-7.85,-1.02,1473,77,-3086,1457,-429,-3626,-1031
10:00,15:00,3,1,False,P40,1,0,1694,49.3,-3.24,-5487,0.92,-1.64,8156,-0.11,-0.04,-6.98,-2.31,677,-479,-2494,2190,-1531,-1920,-1931
10:00,15:00,3,1,False,P40,2,0,1546,34.2,-5.87,-9079,0.89,-2.13,13184,-5.52,-1.51,-6.27,-1.50,1112,-1990,-5613,1962,-1991,-1808,-752
10:00,15:00,3,1,False,P40,3,0,1484,29.5,-5.97,-8864,0.89,-1.84,12324,-3.98,-0.92,-8.20,-1.68,1095,-1276,-3964,1037,-1885,-1901,-1970
10:00,15:00,3,1,False,P40,0,50,1642,43.8,-3.98,-6532,0.91,-1.80,9112,-2.03,-0.69,-6.26,-1.86,825,-850,-3255,1484,-1456,-1757,-1524
10:00,15:00,3,1,False,P40,0,100,1510,31.1,-6.41,-9683,0.88,-2.12,13204,-4.79,-1.19,-8.23,-1.81,1010,-1843,-4608,1632,-2510,-1954,-1411
10:00,15:00,3,1,False,P40,0,0,1443,26.2,-7.82,-11284,0.87,-1.97,14525,-6.25,-1.24,-9.58,-1.53,1156,471,-6822,427,-1025,-2309,-3182
10:00,15:00,3,1,False,LOW,1,0,3745,50.1,-1.30,-4865,0.97,-0.87,7684,-1.23,-0.78,-1.38,-0.52,94,718,-4760,1439,-3139,1855,-1072
10:00,15:00,3,1,False,LOW,2,0,3394,35.5,-1.59,-5408,0.97,-0.76,9347,0.10,0.04,-3.67,-0.98,143,-1033,-2381,3458,-3966,-160,-1470
10:00,15:00,3,1,False,LOW,3,0,3163,30.0,-1.04,-3295,0.98,-0.42,8834,2.39,0.85,-5.24,-1.19,197,344,-1384,5009,-4868,-172,-2420
10:00,15:00,3,1,False,LOW,0,50,3666,41.7,-2.23,-8191,0.95,-1.51,10516,-0.25,-0.14,-4.50,-1.87,967,-343,-4319,3205,-3499,-834,-3367
10:00,15:00,3,1,False,LOW,0,100,3293,31.4,-1.40,-4616,0.97,-0.66,10853,2.10,0.80,-5.37,-1.59,173,-969,-678,5150,-3822,-2465,-2005
10:00,15:00,3,1,False,LOW,0,0,2879,26.7,1.41,4073,1.02,0.42,6128,3.19,0.87,-0.68,-0.11,188,1882,-1721,4624,-3007,2269,-163
10:00,15:00,3,1,False,P40,1,0,3634,48.6,-4.18,-15182,0.90,-3.15,17072,-2.11,-1.17,-6.43,-3.30,675,-1994,-4357,1664,-5039,-1822,-4310
10:00,15:00,3,1,False,P40,2,0,3333,35.8,-3.10,-10333,0.94,-1.66,12507,-1.74,-0.68,-4.55,-1.67,585,-2199,-3831,2457,-3606,-1282,-2458
10:00,15:00,3,1,False,P40,3,0,3109,30.9,-2.88,-8953,0.95,-1.28,10648,-0.58,-0.19,-5.27,-1.61,159,-1291,-2438,2652,-2305,-1710,-4021
10:00,15:00,3,1,False,P40,0,50,3557,44.1,-3.73,-13277,0.92,-2.53,15357,-2.35,-1.16,-5.22,-2.41,788,-1565,-5087,1528,-4408,-1183,-3351
10:00,15:00,3,1,False,P40,0,100,3204,32.9,-2.97,-9501,0.94,-1.43,11209,-0.22,-0.08,-5.83,-1.95,344,-1954,-2246,3499,-3186,-1389,-4568
10:00,15:00,3,1,False,P40,0,0,2849,28.0,-1.78,-5083,0.97,-0.56,7785,-0.16,-0.04,-3.48,-0.69,289,896,-3206,1785,-1996,307,-3157
10:00,15:00,3,1,False,LOW,1,0,3690,50.2,-1.32,-4885,0.97,-0.88,7183,-1.01,-0.63,-1.70,-0.63,157,716,-4113,1199,-3046,1256,-1054
10:00,15:00,3,1,False,LOW,2,0,3354,35.6,-1.61,-5387,0.97,-0.76,9620,0.19,0.08,-3.83,-1.00,285,-1112,-2316,3494,-3947,-675,-1116
10:00,15:00,3,1,False,LOW,3,0,3124,30.0,-1.27,-3962,0.98,-0.50,9100,2.03,0.71,-5.30,-1.19,290,167,-1921,4952,-4819,-542,-2090
10:00,15:00,3,1,False,LOW,0,50,3618,41.9,-2.08,-7519,0.95,-1.38,9890,-0.21,-0.12,-4.22,-1.74,979,-593,-3871,3075,-3274,-950,-2885
10:00,15:00,3,1,False,LOW,0,100,3255,31.3,-1.95,-6359,0.96,-0.92,11858,1.58,0.60,-5.98,-1.75,266,-1274,-1385,5136,-3778,-3726,-1599
10:00,15:00,3,1,False,LOW,0,0,2850,26.8,1.19,3392,1.02,0.35,6099,2.77,0.76,-0.69,-0.11,281,764,-1473,4722,-2963,1956,105
10:00,15:00,3,1,False,P40,1,0,3586,48.5,-4.13,-14812,0.90,-3.10,16651,-1.80,-0.99,-6.70,-3.40,541,-2016,-3685,1775,-4549,-2561,-4319
10:00,15:00,3,1,False,P40,2,0,3296,35.4,-3.56,-11749,0.93,-1.90,14046,-1.89,-0.74,-5.36,-1.95,585,-2252,-4127,2570,-3515,-2480,-2532
10:00,15:00,3,1,False,P40,3,0,3079,30.6,-3.21,-9890,0.94,-1.42,11753,-0.50,-0.16,-6.05,-1.84,159,-1283,-2457,2790,-2282,-2942,-3876
10:00,15:00,3,1,False,P40,0,50,3516,43.9,-3.93,-13823,0.91,-2.64,16002,-2.52,-1.24,-5.47,-2.51,708,-1819,-5039,1542,-4171,-1954,-3090
10:00,15:00,3,1,False,P40,0,100,3170,32.5,-3.56,-11277,0.93,-1.71,13153,-0.36,-0.13,-6.91,-2.29,344,-1947,-2601,3612,-3163,-2889,-4633
10:00,15:00,3,1,False,P40,0,0,2828,27.7,-1.88,-5307,0.97,-0.59,8155,0.29,0.07,-4.15,-0.81,289,904,-2620,1842,-2006,-634,-3081
10:00,15:00,3,1,False,LOW,1,0,1696,50.9,-0.98,-1666,0.98,-0.43,4292,-0.86,-0.37,-1.14,-0.26,194,111,-1833,711,-279,-1819,1249
10:00,15:00,3,1,False,LOW,2,0,1572,35.7,-3.43,-5389,0.93,-1.09,8770,-0.36,-0.11,-7.36,-1.28,917,-255,-2562,1584,-1226,-3221,-627
10:00,15:00,3,1,False,LOW,3,0,1496,29.7,-2.82,-4218,0.95,-0.76,7587,1.39,0.34,-8.07,-1.22,1259,-307,-2337,2536,-1483,-3295,-591
10:00,15:00,3,1,False,LOW,0,50,1649,42.3,-1.97,-3253,0.95,-0.87,5563,-0.20,-0.07,-4.11,-1.09,959,-194,-2172,1226,-954,-1255,-863
10:00,15:00,3,1,False,LOW,0,100,1523,30.7,-3.30,-5021,0.94,-1.05,9031,-1.59,-0.42,-5.32,-1.02,1105,-1118,-3247,1944,-2172,-1176,-358
10:00,15:00,3,1,False,LOW,0,0,1434,26.0,-1.77,-2532,0.97,-0.39,7371,1.23,0.24,-5.51,-0.70,1241,1454,-3179,1466,-552,-2372,-591
10:00,15:00,3,1,False,P40,1,0,1653,49.0,-3.87,-6398,0.91,-1.93,8930,-1.03,-0.39,-7.17,-2.36,602,-386,-3169,2037,-2248,-1073,-2161
10:00,15:00,3,1,False,P40,2,0,1518,34.3,-6.02,-9139,0.89,-2.16,12921,-6.18,-1.66,-5.85,-1.40,916,-1724,-6260,2151,-2021,-1006,-1196
10:00,15:00,3,1,False,P40,3,0,1452,30.0,-5.27,-7647,0.91,-1.60,11073,-4.66,-1.07,-5.92,-1.20,1059,-1010,-4794,1209,-1903,-639,-1570
10:00,15:00,3,1,False,P40,0,50,1603,44.1,-3.71,-5947,0.92,-1.65,8241,-2.07,-0.69,-5.57,-1.65,723,-789,-3241,1540,-2030,-376,-1775
10:00,15:00,3,1,False,P40,0,100,1480,31.6,-5.55,-8208,0.90,-1.81,11846,-5.02,-1.22,-6.12,-1.34,1015,-1576,-5088,1780,-2488,-600,-1250
10:00,15:00,3,1,False,P40,0,0,1411,26.7,-7.65,-10789,0.87,-1.92,14147,-7.30,-1.45,-8.02,-1.27,1051,738,-7785,583,-1135,-1612,-2630
10:00,15:00,3,1,False,LOW,1,0,1680,51.0,-0.80,-1340,0.98,-0.34,4140,-0.85,-0.36,-0.73,-0.17,194,110,-1728,618,-169,-1791,1425
10:00,15:00,3,1,False,LOW,2,0,1557,35.9,-3.28,-5105,0.94,-1.04,8609,-0.57,-0.17,-6.77,-1.16,917,-196,-2772,1552,-1175,-3179,-253
10:00,15:00,3,1,False,LOW,3,0,1481,29.6,-2.95,-4375,0.95,-0.79,7868,0.87,0.21,-7.76,-1.16,1259,-365,-2687,2512,-1434,-3300,-360
10:00,15:00,3,1,False,LOW,0,50,1632,42.6,-1.64,-2677,0.96,-0.72,5109,-0.46,-0.17,-3.08,-0.81,959,-267,-2327,1226,-726,-1046,-497
10:00,15:00,3,1,False,LOW,0,100,1507,30.5,-3.87,-5839,0.93,-1.23,10054,-3.08,-0.82,-4.83,-0.92,1105,-1291,-4298,1956,-2115,-1392,196
10:00,15:00,3,1,False,LOW,0,0,1419,26.0,-2.55,-3622,0.96,-0.57,7665,-0.32,-0.06,-5.35,-0.68,1241,467,-3440,1478,-495,-2514,-360
10:00,15:00,3,1,False,P40,1,0,1640,49.0,-3.83,-6275,0.91,-1.90,8805,-0.95,-0.36,-7.19,-2.35,602,-226,-3426,2206,-2166,-1257,-2009
10:00,15:00,3,1,False,P40,2,0,1507,33.8,-6.84,-10303,0.87,-2.45,14054,-7.34,-1.98,-6.28,-1.49,916,-1650,-7269,2182,-2067,-1188,-1227
10:00,15:00,3,1,False,P40,3,0,1441,29.6,-6.03,-8683,0.89,-1.83,12107,-5.50,-1.26,-6.60,-1.33,1059,-936,-5515,1240,-1949,-1062,-1520
10:00,15:00,3,1,False,P40,0,50,1589,43.7,-4.31,-6855,0.91,-1.92,9121,-3.33,-1.11,-5.44,-1.60,723,-899,-4229,1578,-1948,-459,-1623
10:00,15:00,3,1,False,P40,0,100,1469,31.1,-6.55,-9629,0.88,-2.14,13236,-6.45,-1.58,-6.67,-1.45,1015,-1503,-6275,1810,-2534,-862,-1281
10:00,15:00,3,1,False,P40,0,0,1401,26.3,-8.17,-11451,0.86,-2.04,14781,-7.63,-1.52,-8.78,-1.38,1051,811,-8103,614,-1181,-1982,-2661
10:00,15:00,3,1,False,LOW,1,0,2960,49.3,-2.81,-8327,0.93,-1.61,10993,-2.60,-1.40,-3.07,-0.98,-308,-711,-4709,1537,-3679,846,-1304
10:00,15:00,3,1,False,LOW,2,0,2727,35.1,-3.73,-10164,0.93,-1.57,11877,-2.26,-0.89,-5.52,-1.29,-598,-2346,-3338,2889,-3888,-341,-2544
10:00,15:00,3,1,False,LOW,3,0,2593,30.1,-2.04,-5296,0.96,-0.73,8468,0.90,0.29,-5.60,-1.13,-28,-2188,-389,3879,-4879,870,-2561
10:00,15:00,3,1,False,LOW,0,50,2899,41.5,-3.78,-10972,0.91,-2.23,12099,-2.18,-1.05,-5.62,-2.03,113,-2134,-4186,2840,-2628,-1146,-3832
10:00,15:00,3,1,False,LOW,0,100,2662,31.1,-3.62,-9640,0.93,-1.54,13241,-1.65,-0.57,-5.86,-1.53,-130,-2749,-2303,2847,-4864,-907,-1535
10:00,15:00,3,1,False,LOW,0,0,2429,26.8,-0.16,-382,1.00,-0.04,5533,1.44,0.37,-2.06,-0.30,121,-696,-913,3387,-3506,3099,-1875
10:00,15:00,3,1,False,P40,1,0,2904,48.3,-4.72,-13715,0.89,-3.17,14786,-3.79,-1.88,-5.75,-2.61,-260,-2398,-4436,1338,-4376,833,-4415
10:00,15:00,3,1,False,P40,2,0,2669,35.0,-5.33,-14232,0.90,-2.57,16910,-4.82,-1.71,-5.88,-1.92,271,-3156,-5447,1666,-4674,1017,-3909
10:00,15:00,3,1,False,P40,3,0,2539,30.5,-5.25,-13336,0.91,-2.14,14862,-3.01,-0.90,-7.59,-2.11,191,-2637,-2813,1354,-4858,347,-4920
10:00,15:00,3,1,False,P40,0,50,2818,43.0,-5.84,-16464,0.87,-3.52,17126,-4.45,-1.97,-7.36,-3.01,-229,-2240,-5200,1116,-5082,502,-5331
10:00,15:00,3,1,False,P40,0,100,2588,32.1,-5.71,-14776,0.90,-2.51,15978,-3.06,-0.98,-8.50,-2.56,97,-3141,-3144,2119,-5326,451,-5831
10:00,15:00,3,1,False,P40,0,0,2407,27.9,-3.89,-9356,0.93,-1.13,11220,-1.77,-0.44,-6.11,-1.09,220,-885,-2304,788,-4521,2774,-5428
10:00,15:00,3,1,False,LOW,1,0,2924,49.2,-2.87,-8384,0.93,-1.63,11141,-2.47,-1.32,-3.35,-1.05,-308,-716,-4401,1476,-3623,383,-1196
10:00,15:00,3,1,False,LOW,2,0,2694,35.1,-3.70,-9961,0.93,-1.54,11726,-1.99,-0.77,-5.80,-1.34,-598,-2410,-2978,3030,-3923,-827,-2257
10:00,15:00,3,1,False,LOW,3,0,2565,29.8,-2.45,-6293,0.96,-0.87,9351,0.64,0.21,-6.24,-1.24,-28,-2311,-525,3766,-5102,354,-2448
10:00,15:00,3,1,False,LOW,0,50,2866,41.5,-3.76,-10774,0.91,-2.20,11877,-2.06,-0.99,-5.72,-2.04,113,-2337,-3755,2813,-2621,-1377,-3611
10:00,15:00,3,1,False,LOW,0,100,2631,30.8,-4.37,-11510,0.92,-1.85,15160,-2.21,-0.77,-6.86,-1.77,-130,-2987,-2799,2808,-5161,-1854,-1388
10:00,15:00,3,1,False,LOW,0,0,2404,26.5,-0.96,-2309,0.98,-0.26,6216,0.49,0.13,-2.71,-0.39,121,-1749,-1071,3348,-3752,2538,-1745
10:00,15:00,3,1,False,P40,1,0,2877,48.3,-4.69,-13481,0.89,-3.13,14387,-3.54,-1.75,-5.95,-2.69,-260,-2269,-4266,1449,-4278,481,-4338
10:00,15:00,3,1,False,P40,2,0,2648,34.5,-6.04,-15984,0.89,-2.90,18506,-5.10,-1.81,-7.06,-2.30,271,-3132,-5820,1658,-5148,144,-3957
10:00,15:00,3,1,False,P40,3,0,2516,30.2,-5.69,-14308,0.90,-2.31,15835,-3.11,-0.93,-8.41,-2.32,191,-2627,-2965,1386,-4882,-445,-4966
10:00,15:00,3,1,False,P40,0,50,2793,42.8,-6.14,-17141,0.87,-3.68,17753,-4.73,-2.09,-7.69,-3.12,-229,-2382,-5464,1156,-5236,148,-5135
10:00,15:00,3,1,False,P40,0,100,2566,31.6,-6.51,-16702,0.88,-2.85,17904,-3.42,-1.09,-9.79,-2.94,97,-3118,-3658,2151,-5713,-542,-5919
10:00,15:00,3,1,False,P40,0,0,2389,27.5,-4.38,-10468,0.92,-1.27,12332,-1.87,-0.46,-7.04,-1.24,220,-875,-2468,820,-4734,2185,-5617
10:00,15:00,3,1,False,LOW,1,0,1574,50.6,-1.60,-2513,0.96,-0.66,4841,-1.85,-0.77,-1.27,-0.28,93,-334,-2328,934,-207,-1875,1205
10:00,15:00,3,1,False,LOW,2,0,1468,35.8,-3.65,-5353,0.93,-1.12,8213,-1.85,-0.55,-5.97,-0.98,684,-614,-3261,1659,-388,-2686,-747
10:00,15:00,3,1,False,LOW,3,0,1399,29.9,-3.38,-4734,0.94,-0.88,7454,-0.59,-0.14,-6.90,-0.99,1131,-779,-3455,2648,-886,-2363,-1030
10:00,15:00,3,1,False,LOW,0,50,1526,42.1,-2.84,-4337,0.93,-1.21,6061,-0.97,-0.35,-5.12,-1.29,664,-1213,-2296,2038,-177,-2007,-1346
10:00,15:00,3,1,False,LOW,0,100,1416,31.0,-3.27,-4631,0.94,-1.01,8185,-2.94,-0.77,-3.66,-0.67,974,-1790,-3713,2265,-1573,-260,-534
10:00,15:00,3,1,False,LOW,0,0,1344,26.5,-2.08,-2798,0.96,-0.45,6045,-1.27,-0.25,-3.10,-0.37,1110,620,-4177,1497,200,-1153,-895
10:00,15:00,3,1,False,P40,1,0,1535,49.1,-3.68,-5646,0.91,-1.77,7271,-1.64,-0.59,-6.04,-1.92,367,-1214,-3287,2787,-1385,-1006,-1908
10:00,15:00,3,1,False,P40,2,0,1397,34.1,-6.62,-9243,0.88,-2.29,12551,-7.16,-1.86,-6.02,-1.38,759,-2005,-6387,2405,-1715,-717,-1584
10:00,15:00,3,1,False,P40,3,0,1345,30.3,-5.61,-7543,0.90,-1.66,10552,-5.61,-1.25,-5.60,-1.09,902,-1307,-4751,1244,-1610,-64,-1958
10:00,15:00,3,1,False,P40,0,50,1475,43.9,-4.15,-6128,0.91,-1.78,7627,-3.10,-1.00,-5.35,-1.52,428,-1438,-3478,2054,-1284,-308,-2103
10:00,15:00,3,1,False,P40,0,100,1366,31.9,-5.92,-8087,0.89,-1.87,11232,-5.68,-1.35,-6.17,-1.30,858,-1963,-4844,1919,-2419,-121,-1517
10:00,15:00,3,1,False,P40,0,0,1309,27.3,-7.85,-10279,0.87,-1.91,13298,-8.32,-1.64,-7.34,-1.12,894,287,-7351,488,-955,-768,-2874
10:00,15:00,3,1,False,LOW,1,0,1557,50.4,-1.58,-2461,0.96,-0.65,4966,-2.03,-0.84,-1.00,-0.22,93,-366,-2324,812,-76,-1981,1381
10:00,15:00,3,1,False,LOW,2,0,1451,36.0,-3.55,-5148,0.93,-1.08,8131,-1.92,-0.57,-5.67,-0.91,684,-555,-3530,1826,-261,-2986,-327
10:00,15:00,3,1,False,LOW,3,0,1384,29.9,-3.69,-5106,0.93,-0.96,7949,-1.05,-0.26,-7.04,-0.99,1131,-838,-3697,2592,-785,-2756,-753
10:00,15:00,3,1,False,LOW,0,50,1511,42.3,-2.67,-4041,0.94,-1.13,5801,-1.27,-0.46,-4.39,-1.09,664,-1286,-2475,2038,-37,-2011,-934
10:00,15:00,3,1,False,LOW,0,100,1400,30.9,-3.91,-5467,0.93,-1.20,9227,-4.30,-1.14,-3.43,-0.62,974,-1963,-4552,2253,-1472,-773,66
10:00,15:00,3,1,False,LOW,0,0,1329,26.6,-2.92,-3884,0.95,-0.63,6514,-2.66,-0.53,-3.26,-0.39,1110,-370,-4201,1485,301,-1591,-618
10:00,15:00,3,1,False,P40,1,0,1524,49.0,-3.66,-5585,0.91,-1.76,7208,-1.63,-0.59,-6.03,-1.90,367,-1053,-3605,2956,-1378,-1115,-1756
10:00,15:00,3,1,False,P40,2,0,1389,33.7,-7.23,-10041,0.86,-2.50,13317,-8.12,-2.12,-6.24,-1.42,759,-1932,-7220,2472,-1761,-827,-1533
10:00,15:00,3,1,False,P40,3,0,1336,30.1,-5.98,-7992,0.89,-1.76,10999,-6.12,-1.37,-5.84,-1.13,902,-1233,-5237,1311,-1656,-254,-1825
10:00,15:00,3,1,False,P40,0,50,1465,43.6,-4.62,-6773,0.90,-1.98,8243,-4.29,-1.38,-5.01,-1.41,428,-1548,-4349,2121,-1198,-358,-1869
10:00,15:00,3,1,False,P40,0,100,1358,31.5,-6.67,-9062,0.88,-2.11,12175,-6.86,-1.64,-6.46,-1.35,858,-1890,-5814,1986,-2465,-271,-1467
10:00,15:00,3,1,False,P40,0,0,1301,27.1,-8.09,-10524,0.86,-1.97,13512,-8.25,-1.63,-7.91,-1.20,894,360,-7434,555,-1001,-1075,-2824
10:00,15:00,3,1,True,LOW,1,0,2917,48.5,-3.85,-11237,0.91,-2.26,12981,-2.72,-1.48,-5.19,-1.72,-132,-1809,-3238,882,-2648,-2098,-2195
10:00,15:00,3,1,True,LOW,2,0,2688,34.2,-4.44,-11930,0.91,-1.89,13866,-1.76,-0.68,-7.60,-1.84,164,-3220,-2776,3276,-3394,-2701,-3280
10:00,15:00,3,1,True,LOW,3,0,2536,29.1,-2.62,-6647,0.95,-0.93,10248,1.46,0.45,-7.37,-1.54,473,-1511,-1588,4617,-4660,-710,-3269
10:00,15:00,3,1,True,LOW,0,50,2867,40.8,-4.29,-12305,0.90,-2.54,13549,-2.41,-1.16,-6.41,-2.35,388,-2765,-3481,2198,-2637,-1793,-4215
10:00,15:00,3,1,True,LOW,0,100,2612,29.6,-5.44,-14221,0.90,-2.29,16565,-2.05,-0.69,-9.15,-2.43,323,-3167,-2448,2489,-3888,-3399,-4133
10:00,15:00,3,1,True,LOW,0,0,2393,25.5,-1.91,-4565,0.97,-0.56,8631,-0.03,-0.01,-4.07,-0.70,430,-944,-2090,2560,-2597,-964,-960
10:00,15:00,3,1,True,P40,1,0,2851,48.3,-4.72,-13470,0.89,-3.14,14937,-3.35,-1.64,-6.23,-2.80,183,-2462,-3905,1199,-2571,-1297,-4619
10:00,15:00,3,1,True,P40,2,0,2630,34.7,-4.37,-11497,0.92,-2.07,14170,-2.29,-0.79,-6.55,-2.13,724,-3051,-2823,2070,-4848,-347,-3223
10:00,15:00,3,1,True,P40,3,0,2489,29.4,-4.85,-12084,0.91,-1.92,13868,-1.86,-0.53,-7.90,-2.17,129,-2734,-1403,1670,-3412,-1984,-4350
10:00,15:00,3,1,True,P40,0,50,2786,43.0,-5.56,-15499,0.88,-3.31,16980,-4.32,-1.89,-6.90,-2.80,278,-2956,-4439,873,-3193,-1900,-4162
10:00,15:00,3,1,True,P40,0,100,2547,31.1,-5.48,-13951,0.90,-2.35,15547,-2.47,-0.76,-8.56,-2.55,372,-3547,-2454,2442,-4343,-1459,-4963
10:00,15:00,3,1,True,P40,0,0,2371,26.5,-4.71,-11177,0.92,-1.49,14043,-2.41,-0.57,-7.12,-1.49,355,-705,-3738,1174,-3111,-2317,-2836
10:00,15:00,3,1,True,LOW,1,0,2897,48.5,-3.79,-10994,0.91,-2.21,12883,-2.59,-1.40,-5.22,-1.72,-87,-1965,-2836,820,-2596,-2254,-2076
10:00,15:00,3,1,True,LOW,2,0,2664,34.3,-4.47,-11903,0.91,-1.89,13931,-1.56,-0.60,-7.92,-1.90,328,-3168,-2641,3226,-3373,-3128,-3148
10:00,15:00,3,1,True,LOW,3,0,2519,29.0,-2.82,-7095,0.95,-1.00,10398,1.23,0.38,-7.54,-1.57,493,-1562,-1825,4563,-4699,-820,-3245
10:00,15:00,3,1,True,LOW,0,50,2843,40.9,-4.25,-12093,0.90,-2.50,13293,-2.42,-1.16,-6.32,-2.31,435,-2749,-3299,1967,-2308,-1968,-4171
10:00,15:00,3,1,True,LOW,0,100,2589,29.5,-5.73,-14837,0.89,-2.40,17260,-2.58,-0.87,-9.19,-2.41,343,-3218,-3144,2528,-3819,-3722,-3806
10:00,15:00,3,1,True,LOW,0,0,2378,25.4,-1.96,-4651,0.97,-0.57,8761,-0.27,-0.07,-3.91,-0.67,450,-993,-2374,2571,-2528,-841,-936
10:00,15:00,3,1,True,P40,1,0,2834,48.4,-4.46,-12634,0.89,-2.95,14206,-2.83,-1.38,-6.25,-2.79,367,-2619,-3281,1332,-1994,-2055,-4385
10:00,15:00,3,1,True,P40,2,0,2617,34.4,-4.92,-12873,0.91,-2.32,15633,-2.76,-0.95,-7.19,-2.33,724,-2996,-3573,2137,-4470,-1560,-3135
10:00,15:00,3,1,True,P40,3,0,2479,29.2,-5.29,-13122,0.91,-2.10,14856,-2.16,-0.62,-8.51,-2.33,129,-2679,-1889,1737,-3252,-2987,-4180
10:00,15:00,3,1,True,P40,0,50,2771,42.9,-5.49,-15219,0.88,-3.26,16955,-4.28,-1.86,-6.80,-2.75,446,-2932,-4506,841,-2799,-2440,-3830
10:00,15:00,3,1,True,P40,0,100,2535,30.7,-6.24,-15828,0.89,-2.68,17423,-3.08,-0.95,-9.50,-2.82,372,-3492,-3385,2550,-4184,-2732,-4958
10:00,15:00,3,1,True,P40,0,0,2364,26.3,-4.99,-11802,0.92,-1.57,14668,-2.38,-0.57,-7.73,-1.61,355,-650,-3821,1241,-2952,-2929,-3048
10:00,15:00,3,1,True,LOW,1,0,1746,50.6,-1.78,-3112,0.96,-0.79,5367,-0.91,-0.40,-2.93,-0.69,311,-530,-1368,689,-144,-2955,886
10:00,15:00,3,1,True,LOW,2,0,1617,35.5,-3.88,-6281,0.93,-1.26,9817,0.00,0.00,-8.94,-1.57,916,-814,-1746,1642,-1551,-4146,-582
10:00,15:00,3,1,True,LOW,3,0,1537,29.4,-3.59,-5520,0.94,-0.98,9024,2.03,0.51,-10.70,-1.64,1495,-812,-1671,2734,-1739,-4315,-1213
10:00,15:00,3,1,True,LOW,0,50,1698,41.8,-2.96,-5024,0.93,-1.33,7381,-0.45,-0.17,-6.04,-1.62,957,-904,-1707,1236,-1136,-2559,-912
10:00,15:00,3,1,True,LOW,0,100,1564,30.2,-4.63,-7244,0.91,-1.50,11242,-2.07,-0.56,-7.72,-1.51,1194,-1738,-3092,1866,-2246,-2332,-896
10:00,15:00,3,1,True,LOW,0,0,1476,25.7,-3.62,-5343,0.94,-0.83,8944,-0.06,-0.01,-8.10,-1.06,1439,18,-2819,1315,-488,-3547,-1262
10:00,15:00,3,1,True,P40,1,0,1706,49.1,-3.71,-6330,0.91,-1.88,8844,-0.63,-0.24,-7.39,-2.46,595,-561,-2558,1939,-1774,-1890,-2083
10:00,15:00,3,1,True,P40,2,0,1556,34.5,-5.26,-8178,0.90,-1.91,12228,-5.02,-1.37,-5.52,-1.33,1025,-2064,-5021,1932,-2027,-1304,-720
10:00,15:00,3,1,True,P40,3,0,1492,29.7,-5.76,-8592,0.90,-1.78,11965,-4.00,-0.92,-7.71,-1.59,1008,-1350,-3798,1006,-1925,-1513,-2021
10:00,15:00,3,1,True,P40,0,50,1653,43.9,-3.97,-6561,0.91,-1.80,9005,-1.84,-0.63,-6.45,-1.93,743,-1003,-2826,1445,-1718,-1526,-1676
10:00,15:00,3,1,True,P40,0,100,1519,31.5,-5.64,-8564,0.90,-1.87,12029,-4.13,-1.02,-7.30,-1.62,924,-1916,-3919,1614,-2550,-1337,-1380
10:00,15:00,3,1,True,P40,0,0,1450,26.4,-7.71,-11182,0.87,-1.95,14347,-6.37,-1.27,-9.21,-1.48,1069,398,-6739,397,-1065,-2091,-3150
10:00,15:00,3,1,True,LOW,1,0,1735,50.7,-1.57,-2722,0.96,-0.69,5153,-0.71,-0.31,-2.69,-0.63,311,-525,-1164,676,-171,-2909,1062
10:00,15:00,3,1,True,LOW,2,0,1605,35.8,-3.66,-5870,0.93,-1.18,9530,-0.02,-0.01,-8.44,-1.47,916,-757,-1784,1610,-1465,-4181,-208
10:00,15:00,3,1,True,LOW,3,0,1525,29.4,-3.66,-5578,0.93,-1.00,9205,1.83,0.45,-10.62,-1.62,1495,-755,-1888,2710,-1680,-4478,-982
10:00,15:00,3,1,True,LOW,0,50,1685,42.0,-2.64,-4442,0.94,-1.18,6920,-0.58,-0.22,-5.18,-1.38,957,-847,-1884,1236,-909,-2450,-546
10:00,15:00,3,1,True,LOW,0,100,1551,30.2,-4.97,-7707,0.91,-1.61,11910,-2.95,-0.80,-7.41,-1.43,1194,-1681,-3902,1877,-2187,-2667,-342
10:00,15:00,3,1,True,LOW,0,0,1464,25.7,-3.54,-5189,0.94,-0.81,8884,-0.28,-0.06,-7.66,-0.99,1439,77,-3073,1326,-429,-3499,-1031
10:00,15:00,3,1,True,P40,1,0,1697,49.0,-3.66,-6214,0.91,-1.85,8720,-0.55,-0.21,-7.40,-2.45,595,-561,-2655,2108,-1531,-2241,-1931
10:00,15:00,3,1,True,P40,2,0,1548,34.0,-6.13,-9488,0.88,-2.23,13507,-5.91,-1.62,-6.37,-1.53,1025,-1990,-5853,1962,-1991,-1890,-752
10:00,15:00,3,1,True,P40,3,0,1485,29.4,-6.30,-9361,0.89,-1.95,12734,-4.49,-1.04,-8.33,-1.70,1008,-1276,-4284,1037,-1885,-1991,-1970
10:00,15:00,3,1,True,P40,0,50,1644,43.7,-4.18,-6877,0.91,-1.89,9293,-2.41,-0.82,-6.26,-1.86,743,-932,-3435,1484,-1456,-1757,-1524
10:00,15:00,3,1,True,P40,0,100,1512,31.1,-6.57,-9928,0.88,-2.18,13362,-5.22,-1.30,-8.06,-1.78,924,-1843,-4889,1645,-2510,-1845,-1411
10:00,15:00,3,1,True,P40,0,0,1444,26.1,-7.94,-11460,0.87,-2.00,14615,-6.35,-1.27,-9.71,-1.55,1069,471,-6822,427,-1025,-2399,-3182
10:00,15:00,3,1,True,LOW,1,0,2910,48.5,-3.91,-11386,0.90,-2.29,13127,-2.35,-1.27,-5.75,-1.90,-178,-1648,-2793,915,-3136,-2352,-2195
10:00,15:00,3,1,True,LOW,2,0,2677,34.4,-4.47,-11956,0.91,-1.89,14210,-1.47,-0.57,-8.00,-1.93,441,-3178,-2561,3163,-3824,-2752,-3245
10:00,15:00,3,1,True,LOW,3,0,2527,29.2,-2.75,-6961,0.95,-0.98,10760,1.61,0.50,-7.81,-1.64,565,-1469,-1292,4385,-5091,-791,-3269
10:00,15:00,3,1,True,LOW,0,50,2859,41.0,-4.28,-12244,0.90,-2.52,13707,-1.91,-0.91,-6.94,-2.55,616,-2592,-3128,2214,-3317,-1812,-4224
10:00,15:00,3,1,True,LOW,0,100,2601,29.6,-5.52,-14370,0.90,-2.31,16848,-1.74,-0.58,-9.65,-2.56,415,-3125,-2182,2529,-4336,-3539,-4133
10:00,15:00,3,1,True,LOW,0,0,2385,25.5,-2.05,-4882,0.96,-0.60,9081,0.12,0.03,-4.54,-0.79,522,-902,-2078,2612,-3252,-824,-960
10:00,15:00,3,1,True,P40,1,0,2848,48.5,-4.41,-12572,0.89,-2.93,14531,-2.70,-1.32,-6.29,-2.83,514,-2219,-3502,1199,-2810,-1136,-4619
10:00,15:00,3,1,True,P40,2,0,2627,34.7,-4.30,-11290,0.92,-2.03,14366,-1.81,-0.62,-6.90,-2.24,886,-2810,-2582,2070,-4924,-708,-3223
10:00,15:00,3,1,True,P40,3,0,2485,29.5,-4.61,-11454,0.92,-1.82,13656,-1.28,-0.36,-8.00,-2.20,291,-2479,-1083,1670,-3813,-1773,-4268
10:00,15:00,3,1,True,P40,0,50,2782,43.1,-5.36,-14908,0.88,-3.19,16915,-3.73,-1.62,-7.11,-2.89,623,-2694,-4078,774,-3292,-2081,-4162
10:00,15:00,3,1,True,P40,0,100,2543,31.1,-5.48,-13926,0.90,-2.34,15939,-1.94,-0.60,-9.10,-2.71,534,-3292,-2173,2429,-4736,-1726,-4963
10:00,15:00,3,1,True,P40,0,0,2367,26.6,-4.67,-11050,0.92,-1.47,14334,-2.03,-0.48,-7.42,-1.55,517,-450,-3658,1140,-3707,-2058,-2836
10:00,15:00,3,1,True,LOW,1,0,2888,48.5,-3.89,-11221,0.91,-2.26,13170,-2.16,-1.16,-5.93,-1.95,-69,-1764,-2391,852,-3085,-2689,-2076
10:00,15:00,3,1,True,LOW,2,0,2655,34.4,-4.58,-12147,0.91,-1.92,14473,-1.29,-0.49,-8.48,-2.03,585,-3127,-2426,3113,-3803,-3342,-3148
10:00,15:00,3,1,True,LOW,3,0,2511,29.0,-3.03,-7601,0.95,-1.07,11081,1.37,0.42,-8.13,-1.69,565,-1520,-1529,4331,-5130,-1073,-3245
10:00,15:00,3,1,True,LOW,0,50,2837,41.0,-4.22,-11972,0.90,-2.47,13371,-1.87,-0.89,-6.87,-2.50,642,-2576,-2947,2082,-2988,-2005,-4180
10:00,15:00,3,1,True,LOW,0,100,2580,29.5,-5.98,-15422,0.89,-2.49,17959,-2.29,-0.76,-10.01,-2.63,415,-3176,-2890,2567,-4267,-4265,-3806
10:00,15:00,3,1,True,LOW,0,0,2371,25.4,-2.19,-5194,0.96,-0.63,9418,-0.13,-0.03,-4.57,-0.79,522,-951,-2362,2624,-3183,-908,-936
10:00,15:00,3,1,True,P40,1,0,2830,48.6,-4.17,-11814,0.90,-2.76,13718,-2.23,-1.09,-6.31,-2.82,538,-2376,-2878,1414,-2394,-1734,-4385
10:00,15:00,3,1,True,P40,2,0,2614,34.4,-4.75,-12426,0.91,-2.24,15589,-2.28,-0.79,-7.36,-2.38,886,-2755,-3333,2137,-4628,-1598,-3135
10:00,15:00,3,1,True,P40,3,0,2476,29.3,-5.04,-12489,0.91,-2.00,14641,-1.57,-0.45,-8.61,-2.36,291,-2424,-1569,1737,-3740,-2604,-4180
10:00,15:00,3,1,True,P40,0,50,2768,43.0,-5.31,-14710,0.88,-3.16,16791,-3.73,-1.63,-7.02,-2.84,611,-2670,-4145,841,-3078,-2440,-3830
10:00,15:00,3,1,True,P40,0,100,2531,30.8,-6.10,-15437,0.89,-2.61,17450,-2.55,-0.79,-9.76,-2.90,534,-3237,-3105,2537,-4663,-2547,-4958
10:00,15:00,3,1,True,P40,0,0,2360,26.4,-4.91,-11591,0.92,-1.55,14874,-2.00,-0.48,-7.96,-1.66,517,-395,-3741,1207,-3634,-2499,-3048
10:00,15:00,3,1,True,LOW,1,0,1745,50.7,-1.68,-2939,0.96,-0.75,5154,-0.64,-0.28,-3.05,-0.71,270,-445,-1218,757,-144,-3044,886
10:00,15:00,3,1,True,LOW,2,0,1616,35.7,-3.68,-5950,0.93,-1.19,9660,0.56,0.17,-9.20,-1.62,1090,-814,-1515,1750,-1551,-4328,-582
10:00,15:00,3,1,True,LOW,3,0,1537,29.6,-3.26,-5011,0.94,-0.89,8677,2.61,0.65,-10.66,-1.64,1529,-812,-1359,2880,-1739,-4298,-1213
10:00,15:00,3,1,True,LOW,0,50,1697,42.0,-2.64,-4482,0.94,-1.19,7025,0.20,0.08,-6.13,-1.65,1138,-772,-1538,1364,-1136,-2626,-912
10:00,15:00,3,1,True,LOW,0,100,1563,30.3,-4.50,-7027,0.92,-1.46,11058,-1.58,-0.43,-8.01,-1.56,1228,-1738,-2823,1984,-2246,-2536,-896
10:00,15:00,3,1,True,LOW,0,0,1476,25.8,-3.50,-5173,0.94,-0.80,8809,0.13,0.03,-8.06,-1.05,1473,18,-2831,1446,-488,-3530,-1262
10:00,15:00,3,1,True,P40,1,0,1704,49.3,-3.34,-5685,0.92,-1.69,8363,-0.28,-0.11,-6.98,-2.32,677,-479,-2398,1939,-1613,-1729,-2083
10:00,15:00,3,1,True,P40,2,0,1554,34.6,-5.15,-8010,0.90,-1.87,12146,-4.63,-1.26,-5.74,-1.38,1112,-2064,-4780,1932,-1945,-1545,-720
10:00,15:00,3,1,True,P40,3,0,1491,29.8,-5.49,-8180,0.90,-1.69,11640,-3.48,-0.80,-7.70,-1.58,1095,-1350,-3478,1006,-1839,-1595,-2021
10:00,15:00,3,1,True,P40,0,50,1651,44.0,-3.76,-6216,0.92,-1.70,8825,-1.46,-0.50,-6.45,-1.93,825,-921,-2646,1445,-1538,-1707,-1676
10:00,15:00,3,1,True,P40,0,100,1517,31.5,-5.54,-8404,0.90,-1.83,11956,-3.69,-0.91,-7.58,-1.68,1010,-1916,-3638,1601,-2464,-1618,-1380
10:00,15:00,3,1,True,P40,0,0,1449,26.4,-7.65,-11091,0.87,-1.93,14342,-6.27,-1.25,-9.20,-1.47,1156,398,-6739,397,-979,-2173,-3150
10:00,15:00,3,1,True,LOW,1,0,1734,50.8,-1.54,-2679,0.96,-0.68,5069,-0.40,-0.17,-3.05,-0.71,270,-392,-1014,744,-171,-3177,1062
10:00,15:00,3,1,True,LOW,2,0,1604,35.9,-3.54,-5683,0.93,-1.14,9517,0.55,0.17,-8.91,-1.55,1090,-757,-1553,1718,-1465,-4508,-208
10:00,15:00,3,1,True,LOW,3,0,1525,29.6,-3.42,-5213,0.94,-0.93,8875,2.41,0.60,-10.80,-1.65,1529,-755,-1576,2856,-1680,-4606,-982
10:00,15:00,3,1,True,LOW,0,50,1684,42.3,-2.32,-3915,0.95,-1.04,6580,0.08,0.03,-5.29,-1.41,1138,-715,-1715,1364,-909,-2532,-546
10:00,15:00,3,1,True,LOW,0,100,1550,30.2,-4.93,-7634,0.91,-1.59,11871,-2.46,-0.66,-7.91,-1.53,1228,-1681,-3633,1995,-2187,-3015,-342
10:00,15:00,3,1,True,LOW,0,0,1464,25.8,-3.53,-5164,0.94,-0.80,8893,-0.10,-0.02,-7.85,-1.02,1473,77,-3086,1457,-429,-3626,-1031
10:00,15:00,3,1,True,P40,1,0,1694,49.3,-3.24,-5487,0.92,-1.64,8156,-0.11,-0.04,-6.98,-2.31,677,-479,-2494,2190,-1531,-1920,-1931
10:00,15:00,3,1,True,P40,2,0,1546,34.2,-5.87,-9079,0.89,-2.13,13184,-5.52,-1.51,-6.27,-1.50,1112,-1990,-5613,1962,-1991,-1808,-752
10:00,15:00,3,1,True,P40,3,0,1484,29.5,-5.97,-8864,0.89,-1.84,12324,-3.98,-0.92,-8.20,-1.68,1095,-1276,-3964,1037,-1885,-1901,-1970
10:00,15:00,3,1,True,P40,0,50,1642,43.8,-3.98,-6532,0.91,-1.80,9112,-2.03,-0.69,-6.26,-1.86,825,-850,-3255,1484,-1456,-1757,-1524
10:00,15:00,3,1,True,P40,0,100,1510,31.1,-6.41,-9683,0.88,-2.12,13204,-4.79,-1.19,-8.23,-1.81,1010,-1843,-4608,1632,-2510,-1954,-1411
10:00,15:00,3,1,True,P40,0,0,1443,26.2,-7.82,-11284,0.87,-1.97,14525,-6.25,-1.24,-9.58,-1.53,1156,471,-6822,427,-1025,-2309,-3182
10:00,15:00,3,1,True,LOW,1,0,2749,48.7,-3.71,-10202,0.91,-2.07,11775,-2.57,-1.34,-5.06,-1.59,-46,-690,-3929,818,-3048,-870,-2439
10:00,15:00,3,1,True,LOW,2,0,2529,34.4,-4.37,-11040,0.92,-1.77,13436,-1.49,-0.55,-7.83,-1.80,352,-1880,-2899,2366,-3820,-2325,-2835
10:00,15:00,3,1,True,LOW,3,0,2403,29.3,-2.51,-6040,0.96,-0.86,9561,1.28,0.39,-7.05,-1.40,390,-747,-2220,4258,-4726,-658,-2337
10:00,15:00,3,1,True,LOW,0,50,2710,41.1,-4.36,-11826,0.90,-2.48,13160,-2.41,-1.11,-6.58,-2.31,731,-1447,-4618,1854,-3542,-652,-4153
10:00,15:00,3,1,True,LOW,0,100,2472,30.1,-4.85,-11990,0.91,-1.97,14522,-1.49,-0.49,-8.62,-2.19,307,-2582,-2466,2801,-4137,-2799,-3114
10:00,15:00,3,1,True,LOW,0,0,2274,25.9,-1.00,-2265,0.98,-0.28,7529,1.15,0.28,-3.54,-0.58,503,746,-3150,3317,-3218,-545,83
10:00,15:00,3,1,True,P40,1,0,2703,48.2,-5.12,-13842,0.88,-3.31,15426,-3.41,-1.63,-6.99,-3.06,410,-2246,-4337,1354,-3999,-379,-4646
10:00,15:00,3,1,True,P40,2,0,2504,34.6,-5.04,-12628,0.90,-2.34,15464,-3.73,-1.26,-6.44,-2.04,666,-2179,-4837,1538,-4623,-264,-2929
10:00,15:00,3,1,True,P40,3,0,2376,30.0,-3.89,-9233,0.93,-1.50,11442,-1.73,-0.49,-6.12,-1.62,374,-1766,-2356,1663,-3066,-1072,-3010
10:00,15:00,3,1,True,P40,0,50,2649,43.3,-5.17,-13707,0.89,-3.01,15749,-3.89,-1.66,-6.56,-2.59,563,-1803,-5116,998,-3953,-255,-4141
10:00,15:00,3,1,True,P40,0,100,2429,31.5,-5.40,-13107,0.90,-2.26,14594,-3.19,-0.97,-7.68,-2.22,376,-2760,-3904,2341,-4115,-1103,-3944
10:00,15:00,3,1,True,P40,0,0,2267,27.0,-4.47,-10125,0.92,-1.38,13512,-3.46,-0.83,-5.53,-1.11,449,115,-5413,816,-2682,-1526,-1883
10:00,15:00,3,1,True,LOW,1,0,2720,48.8,-3.63,-9863,0.91,-2.01,11601,-2.47,-1.27,-5.01,-1.56,2,-739,-3707,788,-2786,-1081,-2341
10:00,15:00,3,1,True,LOW,2,0,2505,34.6,-4.30,-10765,0.92,-1.73,13296,-1.44,-0.53,-7.76,-1.76,397,-1897,-2979,2498,-3642,-2544,-2598
10:00,15:00,3,1,True,LOW,3,0,2380,29.2,-2.54,-6049,0.95,-0.87,9318,0.94,0.28,-6.71,-1.32,390,-938,-2467,4231,-4528,-613,-2124
10:00,15:00,3,1,True,LOW,0,50,2681,41.4,-4.13,-11069,0.91,-2.33,12246,-2.53,-1.17,-5.95,-2.07,651,-1711,-4443,1881,-2990,-551,-3906
10:00,15:00,3,1,True,LOW,0,100,2448,30.1,-5.11,-12498,0.91,-2.06,15274,-2.09,-0.68,-8.51,-2.13,307,-2914,-2940,2839,-3931,-3235,-2625
10:00,15:00,3,1,True,LOW,0,0,2255,25.9,-1.39,-3132,0.98,-0.39,8293,0.17,0.04,-3.25,-0.53,503,-400,-3252,3355,-3012,-621,296
10:00,15:00,3,1,True,P40,1,0,2678,48.2,-4.92,-13174,0.88,-3.17,14785,-3.10,-1.47,-6.92,-3.01,355,-2160,-4031,1487,-3430,-812,-4584
10:00,15:00,3,1,True,P40,2,0,2485,34.2,-5.59,-13893,0.89,-2.58,16767,-4.21,-1.43,-7.06,-2.22,666,-2241,-5441,1605,-4513,-910,-3059
10:00,15:00,3,1,True,P40,3,0,2358,29.6,-4.36,-10283,0.92,-1.68,12727,-1.86,-0.52,-6.96,-1.83,374,-1752,-2593,1730,-3141,-2040,-2861
10:00,15:00,3,1,True,P40,0,50,2626,43.0,-5.48,-14402,0.88,-3.17,16544,-4.42,-1.88,-6.64,-2.61,482,-1929,-5661,1065,-3707,-625,-4028
10:00,15:00,3,1,True,P40,0,100,2410,31.0,-5.94,-14305,0.89,-2.48,15960,-3.56,-1.08,-8.41,-2.42,376,-2746,-4409,2408,-4190,-1869,-3877
10:00,15:00,3,1,True,P40,0,0,2252,26.6,-4.80,-10815,0.92,-1.48,14220,-3.36,-0.80,-6.34,-1.27,449,129,-5365,883,-2757,-2120,-2034
10:00,15:00,3,1,True,LOW,1,0,1696,50.9,-0.98,-1666,0.98,-0.43,4292,-0.86,-0.37,-1.14,-0.26,194,111,-1833,711,-279,-1819,1249
10:00,15:00,3,1,True,LOW,2,0,1572,35.7,-3.43,-5389,0.93,-1.09,8770,-0.36,-0.11,-7.36,-1.28,917,-255,-2562,1584,-1226,-3221,-627
10:00,15:00,3,1,True,LOW,3,0,1496,29.7,-2.82,-4218,0.95,-0.76,7587,1.39,0.34,-8.07,-1.22,1259,-307,-2337,2536,-1483,-3295,-591
10:00,15:00,3,1,True,LOW,0,50,1649,42.3,-1.97,-3253,0.95,-0.87,5563,-0.20,-0.07,-4.11,-1.09,959,-194,-2172,1226,-954,-1255,-863
10:00,15:00,3,1,True,LOW,0,100,1523,30.7,-3.30,-5021,0.94,-1.05,9031,-1.59,-0.42,-5.32,-1.02,1105,-1118,-3247,1944,-2172,-1176,-358
10:00,15:00,3,1,True,LOW,0,0,1434,26.0,-1.77,-2532,0.97,-0.39,7371,1.23,0.24,-5.51,-0.70,1241,1454,-3179,1466,-552,-2372,-591
10:00,15:00,3,1,True,P40,1,0,1653,49.0,-3.87,-6398,0.91,-1.93,8930,-1.03,-0.39,-7.17,-2.36,602,-386,-3169,2037,-2248,-1073,-2161
10:00,15:00,3,1,True,P40,2,0,1518,34.3,-6.02,-9139,0.89,-2.16,12921,-6.18,-1.66,-5.85,-1.40,916,-1724,-6260,2151,-2021,-1006,-1196
10:00,15:00,3,1,True,P40,3,0,1452,30.0,-5.27,-7647,0.91,-1.60,11073,-4.66,-1.07,-5.92,-1.20,1059,-1010,-4794,1209,-1903,-639,-1570
10:00,15:00,3,1,True,P40,0,50,1603,44.1,-3.71,-5947,0.92,-1.65,8241,-2.07,-0.69,-5.57,-1.65,723,-789,-3241,1540,-2030,-376,-1775
10:00,15:00,3,1,True,P40,0,100,1480,31.6,-5.55,-8208,0.90,-1.81,11846,-5.02,-1.22,-6.12,-1.34,1015,-1576,-5088,1780,-2488,-600,-1250
10:00,15:00,3,1,True,P40,0,0,1411,26.7,-7.65,-10789,0.87,-1.92,14147,-7.30,-1.45,-8.02,-1.27,1051,738,-7785,583,-1135,-1612,-2630
10:00,15:00,3,1,True,LOW,1,0,1680,51.0,-0.80,-1340,0.98,-0.34,4140,-0.85,-0.36,-0.73,-0.17,194,110,-1728,618,-169,-1791,1425
10:00,15:00,3,1,True,LOW,2,0,1557,35.9,-3.28,-5105,0.94,-1.04,8609,-0.57,-0.17,-6.77,-1.16,917,-196,-2772,1552,-1175,-3179,-253
10:00,15:00,3,1,True,LOW,3,0,1481,29.6,-2.95,-4375,0.95,-0.79,7868,0.87,0.21,-7.76,-1.16,1259,-365,-2687,2512,-1434,-3300,-360
10:00,15:00,3,1,True,LOW,0,50,1632,42.6,-1.64,-2677,0.96,-0.72,5109,-0.46,-0.17,-3.08,-0.81,959,-267,-2327,1226,-726,-1046,-497
10:00,15:00,3,1,True,LOW,0,100,1507,30.5,-3.87,-5839,0.93,-1.23,10054,-3.08,-0.82,-4.83,-0.92,1105,-1291,-4298,1956,-2115,-1392,196
10:00,15:00,3,1,True,LOW,0,0,1419,26.0,-2.55,-3622,0.96,-0.57,7665,-0.32,-0.06,-5.35,-0.68,1241,467,-3440,1478,-495,-2514,-360
10:00,15:00,3,1,True,P40,1,0,1640,49.0,-3.83,-6275,0.91,-1.90,8805,-0.95,-0.36,-7.19,-2.35,602,-226,-3426,2206,-2166,-1257,-2009
10:00,15:00,3,1,True,P40,2,0,1507,33.8,-6.84,-10303,0.87,-2.45,14054,-7.34,-1.98,-6.28,-1.49,916,-1650,-7269,2182,-2067,-1188,-1227
10:00,15:00,3,1,True,P40,3,0,1441,29.6,-6.03,-8683,0.89,-1.83,12107,-5.50,-1.26,-6.60,-1.33,1059,-936,-5515,1240,-1949,-1062,-1520
10:00,15:00,3,1,True,P40,0,50,1589,43.7,-4.31,-6855,0.91,-1.92,9121,-3.33,-1.11,-5.44,-1.60,723,-899,-4229,1578,-1948,-459,-1623
10:00,15:00,3,1,True,P40,0,100,1469,31.1,-6.55,-9629,0.88,-2.14,13236,-6.45,-1.58,-6.67,-1.45,1015,-1503,-6275,1810,-2534,-862,-1281
10:00,15:00,3,1,True,P40,0,0,1401,26.3,-8.17,-11451,0.86,-2.04,14781,-7.63,-1.52,-8.78,-1.38,1051,811,-8103,614,-1181,-1982,-2661
10:00,15:00,3,1,True,LOW,1,0,2393,49.0,-3.62,-8675,0.91,-1.85,10703,-3.08,-1.48,-4.27,-1.22,-314,-1048,-3804,1179,-3006,-2,-1681
10:00,15:00,3,1,True,LOW,2,0,2211,34.5,-4.73,-10454,0.91,-1.78,12588,-3.07,-1.07,-6.73,-1.42,-82,-2918,-3459,2758,-3518,-257,-2980
10:00,15:00,3,1,True,LOW,3,0,2112,29.4,-3.40,-7171,0.94,-1.09,9828,-0.56,-0.16,-6.78,-1.24,426,-2760,-2397,4087,-4947,1252,-2832
10:00,15:00,3,1,True,LOW,0,50,2352,41.0,-5.05,-11884,0.89,-2.65,12864,-3.83,-1.66,-6.43,-2.07,135,-2904,-4357,2339,-2298,-521,-4280
10:00,15:00,3,1,True,LOW,0,100,2160,30.4,-5.21,-11246,0.90,-1.98,14533,-3.31,-1.04,-7.33,-1.71,234,-3916,-3012,2910,-3950,-371,-3141
10:00,15:00,3,1,True,LOW,0,0,2017,26.1,-2.34,-4728,0.96,-0.62,8007,-1.47,-0.35,-3.37,-0.51,486,-1339,-3620,2867,-3093,1400,-1429
10:00,15:00,3,1,True,P40,1,0,2366,48.2,-4.96,-11736,0.88,-3.00,12770,-4.15,-1.85,-5.85,-2.39,-62,-2606,-4446,1996,-3197,704,-4125
10:00,15:00,3,1,True,P40,2,0,2175,34.2,-6.20,-13485,0.88,-2.69,16468,-5.27,-1.68,-7.19,-2.12,546,-3376,-5490,2420,-4618,919,-3886
10:00,15:00,3,1,True,P40,3,0,2083,30.0,-5.54,-11542,0.90,-2.03,13585,-3.09,-0.83,-8.06,-2.02,517,-2729,-2655,1596,-4613,959,-4617
10:00,15:00,3,1,True,P40,0,50,2296,42.8,-5.93,-13622,0.87,-3.21,14661,-5.36,-2.14,-6.55,-2.40,-12,-2685,-5096,1388,-3609,1157,-4766
10:00,15:00,3,1,True,P40,0,100,2116,31.4,-6.50,-13747,0.88,-2.57,15514,-3.81,-1.09,-9.29,-2.53,468,-3650,-3534,2607,-4934,725,-5429
10:00,15:00,3,1,True,P40,0,0,2009,27.1,-6.96,-13977,0.88,-2.10,16579,-5.55,-1.31,-8.43,-1.64,592,-1325,-5420,441,-4307,729,-4687
10:00,15:00,3,1,True,LOW,1,0,2366,48.9,-3.56,-8421,0.92,-1.80,10612,-2.91,-1.39,-4.34,-1.22,-314,-982,-3608,1163,-2860,-295,-1527
10:00,15:00,3,1,True,LOW,2,0,2186,34.7,-4.47,-9777,0.92,-1.67,11962,-2.67,-0.93,-6.66,-1.39,-82,-2859,-3189,2926,-3410,-531,-2632
10:00,15:00,3,1,True,LOW,3,0,2092,29.3,-3.70,-7733,0.93,-1.18,10596,-0.90,-0.26,-7.07,-1.28,426,-2818,-2639,4001,-5024,948,-2627
10:00,15:00,3,1,True,LOW,0,50,2326,41.2,-4.91,-11426,0.89,-2.56,12357,-3.61,-1.56,-6.41,-2.03,135,-2977,-3984,2339,-2214,-686,-4040
10:00,15:00,3,1,True,LOW,0,100,2137,30.2,-5.82,-12433,0.89,-2.20,15769,-3.98,-1.25,-7.91,-1.82,234,-4089,-3566,2897,-4006,-1054,-2850
10:00,15:00,3,1,True,LOW,0,0,2000,26.1,-3.09,-6188,0.95,-0.82,9399,-2.58,-0.63,-3.70,-0.56,486,-2328,-3824,2854,-3287,1051,-1140
10:00,15:00,3,1,True,P40,1,0,2344,48.3,-4.78,-11208,0.89,-2.87,12077,-3.79,-1.68,-5.88,-2.38,-62,-2446,-4280,2135,-2860,434,-4130
10:00,15:00,3,1,True,P40,2,0,2159,33.8,-6.81,-14711,0.87,-2.95,17482,-5.52,-1.76,-8.20,-2.40,546,-3321,-5842,2439,-4804,287,-4016
10:00,15:00,3,1,True,P40,3,0,2067,29.6,-6.05,-12498,0.89,-2.21,14519,-3.16,-0.85,-9.06,-2.26,517,-2687,-2821,1655,-4585,167,-4745
10:00,15:00,3,1,True,P40,0,50,2275,42.6,-6.20,-14095,0.87,-3.34,14985,-5.71,-2.28,-6.72,-2.44,-12,-2795,-5442,1455,-3534,886,-4653
10:00,15:00,3,1,True,P40,0,100,2099,31.0,-7.21,-15138,0.87,-2.84,16882,-4.13,-1.19,-10.46,-2.83,468,-3595,-3986,2666,-5104,13,-5599
10:00,15:00,3,1,True,P40,0,0,1996,26.8,-7.46,-14897,0.87,-2.24,17499,-5.61,-1.32,-9.43,-1.82,592,-1284,-5585,500,-4385,141,-4876
10:00,15:00,3,1,True,LOW,1,0,1574,50.6,-1.60,-2513,0.96,-0.66,4841,-1.85,-0.77,-1.27,-0.28,93,-334,-2328,934,-207,-1875,1205
10:00,15:00,3,1,True,LOW,2,0,1468,35.8,-3.65,-5353,0.93,-1.12,8213,-1.85,-0.55,-5.97,-0.98,684,-614,-3261,1659,-388,-2686,-747
10:00,15:00,3,1,True,LOW,3,0,1399,29.9,-3.38,-4734,0.94,-0.88,7454,-0.59,-0.14,-6.90,-0.99,1131,-779,-3455,2648,-886,-2363,-1030
10:00,15:00,3,1,True,LOW,0,50,1526,42.1,-2.84,-4337,0.93,-1.21,6061,-0.97,-0.35,-5.12,-1.29,664,-1213,-2296,2038,-177,-2007,-1346
10:00,15:00,3,1,True,LOW,0,100,1416,31.0,-3.27,-4631,0.94,-1.01,8185,-2.94,-0.77,-3.66,-0.67,974,-1790,-3713,2265,-1573,-260,-534
10:00,15:00,3,1,True,LOW,0,0,1344,26.5,-2.08,-2798,0.96,-0.45,6045,-1.27,-0.25,-3.10,-0.37,1110,620,-4177,1497,200,-1153,-895
10:00,15:00,3,1,True,P40,1,0,1535,49.1,-3.68,-5646,0.91,-1.77,7271,-1.64,-0.59,-6.04,-1.92,367,-1214,-3287,2787,-1385,-1006,-1908
10:00,15:00,3,1,True,P40,2,0,1397,34.1,-6.62,-9243,0.88,-2.29,12551,-7.16,-1.86,-6.02,-1.38,759,-2005,-6387,2405,-1715,-717,-1584
10:00,15:00,3,1,True,P40,3,0,1345,30.3,-5.61,-7543,0.90,-1.66,10552,-5.61,-1.25,-5.60,-1.09,902,-1307,-4751,1244,-1610,-64,-1958
10:00,15:00,3,1,True,P40,0,50,1475,43.9,-4.15,-6128,0.91,-1.78,7627,-3.10,-1.00,-5.35,-1.52,428,-1438,-3478,2054,-1284,-308,-2103
10:00,15:00,3,1,True,P40,0,100,1366,31.9,-5.92,-8087,0.89,-1.87,11232,-5.68,-1.35,-6.17,-1.30,858,-1963,-4844,1919,-2419,-121,-1517
10:00,15:00,3,1,True,P40,0,0,1309,27.3,-7.85,-10279,0.87,-1.91,13298,-8.32,-1.64,-7.34,-1.12,894,287,-7351,488,-955,-768,-2874
10:00,15:00,3,1,True,LOW,1,0,1557,50.4,-1.58,-2461,0.96,-0.65,4966,-2.03,-0.84,-1.00,-0.22,93,-366,-2324,812,-76,-1981,1381
10:00,15:00,3,1,True,LOW,2,0,1451,36.0,-3.55,-5148,0.93,-1.08,8131,-1.92,-0.57,-5.67,-0.91,684,-555,-3530,1826,-261,-2986,-327
10:00,15:00,3,1,True,LOW,3,0,1384,29.9,-3.69,-5106,0.93,-0.96,7949,-1.05,-0.26,-7.04,-0.99,1131,-838,-3697,2592,-785,-2756,-753
10:00,15:00,3,1,True,LOW,0,50,1511,42.3,-2.67,-4041,0.94,-1.13,5801,-1.27,-0.46,-4.39,-1.09,664,-1286,-2475,2038,-37,-2011,-934
10:00,15:00,3,1,True,LOW,0,100,1400,30.9,-3.91,-5467,0.93,-1.20,9227,-4.30,-1.14,-3.43,-0.62,974,-1963,-4552,2253,-1472,-773,66
10:00,15:00,3,1,True,LOW,0,0,1329,26.6,-2.92,-3884,0.95,-0.63,6514,-2.66,-0.53,-3.26,-0.39,1110,-370,-4201,1485,301,-1591,-618
10:00,15:00,3,1,True,P40,1,0,1524,49.0,-3.66,-5585,0.91,-1.76,7208,-1.63,-0.59,-6.03,-1.90,367,-1053,-3605,2956,-1378,-1115,-1756
10:00,15:00,3,1,True,P40,2,0,1389,33.7,-7.23,-10041,0.86,-2.50,13317,-8.12,-2.12,-6.24,-1.42,759,-1932,-7220,2472,-1761,-827,-1533
10:00,15:00,3,1,True,P40,3,0,1336,30.1,-5.98,-7992,0.89,-1.76,10999,-6.12,-1.37,-5.84,-1.13,902,-1233,-5237,1311,-1656,-254,-1825
10:00,15:00,3,1,True,P40,0,50,1465,43.6,-4.62,-6773,0.90,-1.98,8243,-4.29,-1.38,-5.01,-1.41,428,-1548,-4349,2121,-1198,-358,-1869
10:00,15:00,3,1,True,P40,0,100,1358,31.5,-6.67,-9062,0.88,-2.11,12175,-6.86,-1.64,-6.46,-1.35,858,-1890,-5814,1986,-2465,-271,-1467
10:00,15:00,3,1,True,P40,0,0,1301,27.1,-8.09,-10524,0.86,-1.97,13512,-8.25,-1.63,-7.91,-1.20,894,360,-7434,555,-1001,-1075,-2824
