date,weekday,first,open,high,low,close,range_pts,range_x_typical,path5,path15,path30,follow5,move1,move2,move3,move5,move15,move30,mfe5,mae5,gap,overnight,pre30,pre5,news_spike,payrolls,prev_day
2020-10-19,Monday,DOJI,11732.25,11733,11731.5,11732,1.50,0.008,STRAIGHT DOWN,SIDEWAYS,SIDEWAYS,DOJI,-1.50,-1.75,-1.50,-7.25,-6.50,-13.75,1.75,8.25,-93.25,-201.00,0.00,-0.25,0.021,False,-1
2020-10-20,Tuesday,BEAR,11728,11728.5,11726.5,11727.25,2.00,0.011,DOWN (CHOPPY),SIDEWAYS,SIDEWAYS,CONTINUED,-0.50,-3.25,-1.25,7.75,4.00,7.75,11.25,4.50,1.50,1.75,21.00,-0.50,0.057,False,-1
2020-10-21,Wednesday,BEAR,11624.5,11626.25,11621,11621.25,5.25,0.031,SIDEWAYS,STRAIGHT UP,SIDEWAYS,NO FOLLOW-THROUGH,-1.25,-1.75,-0.75,-4.75,-10.00,-12.25,1.00,7.50,-52.75,5.75,3.75,-2.25,0.114,False,-1
2020-10-22,Thursday,BULL,11643.25,11644.75,11642,11644.5,2.75,0.017,SIDEWAYS,STRAIGHT UP,WHIPSAW,NO FOLLOW-THROUGH,1.00,-1.25,-1.25,3.25,12.25,-1.50,4.50,3.00,27.50,-10.75,-11.75,-8.75,0.022,False,-1
2020-10-26,Monday,BULL,11576.25,11591.75,11566.5,11587.25,25.25,0.160,STRAIGHT UP,STRAIGHT UP,STRAIGHT UP,CONTINUED,6.75,28.00,25.25,27.50,47.25,71.25,34.00,0.25,-56.75,-74.00,14.50,0.50,0.022,False,-1
2020-10-27,Tuesday,BEAR,11534.75,11553.75,11527.75,11527.75,26.00,0.152,WHIPSAW,WHIPSAW,WHIPSAW,NO FOLLOW-THROUGH,4.00,11.75,23.00,-2.25,-41.00,-12.75,29.50,17.00,39.25,37.25,-0.75,0.25,0.075,False,-1
2020-10-28,Wednesday,BULL,11400.5,11423,11390.75,11413,32.25,0.201,STRAIGHT DOWN,STRAIGHT DOWN,STRAIGHT DOWN,REVERSED,-13.50,-33.75,-41.00,-41.25,-62.00,-105.75,6.00,61.75,-185.25,-160.50,4.00,-1.75,0.097,False,1
2020-10-29,Thursday,BULL,11189.5,11233,11189.25,11231.25,43.75,0.256,WHIPSAW,STRAIGHT DOWN,WHIPSAW,REVERSED,-5.75,-9.75,0.25,-7.75,-43.50,30.75,13.50,26.25,48.25,7.00,-12.00,-20.50,0.178,False,-1
2020-10-30,Friday,BEAR,11246.25,11257.75,11230,11238.5,27.75,0.150,SIDEWAYS,WHIPSAW,STRAIGHT DOWN,NO FOLLOW-THROUGH,-22.50,-34.50,-27.25,-2.50,64.00,89.00,3.75,42.75,-78.75,28.50,5.25,12.00,0.065,False,1
2020-11-02,Monday,BEAR,11140,11144.5,11127.5,11131.25,17.00,0.085,WHIPSAW,WHIPSAW,WHIPSAW,REVERSED,17.00,-13.00,-0.50,-12.25,-43.25,-37.25,22.75,22.75,79.50,101.00,4.25,12.75,0.067,False,-1
2020-11-03,Tuesday,BULL,11143.25,11152.5,11139.75,11146,12.75,0.065,STRAIGHT DOWN,SIDEWAYS,WHIPSAW,REVERSED,-13.50,-28.50,-32.75,-29.00,8.25,61.25,5.00,44.75,75.75,67.75,10.75,4.25,0.098,False,-1
2020-11-04,Wednesday,DOJI,11628,11637.5,11606.5,11630,31.00,0.154,WHIPSAW,WHIPSAW,WHIPSAW,DOJI,12.50,32.00,33.50,-0.50,-18.25,16.50,40.50,16.25,368.00,371.25,-35.50,-4.25,0.152,False,1
2020-11-05,Thursday,BEAR,12030.25,12035,12008.5,12012.25,26.50,0.130,SIDEWAYS,WHIPSAW,WHIPSAW,NO FOLLOW-THROUGH,14.25,21.75,31.75,2.00,-43.50,-57.00,39.50,5.25,272.00,213.00,-25.75,-0.50,0.044,False,1
2020-11-06,Friday,BEAR,12035,12049.5,12018.25,12018.5,31.25,0.155,STRAIGHT DOWN,STRAIGHT DOWN,STRAIGHT DOWN,CONTINUED,2.25,33.50,28.00,39.25,86.75,101.50,58.50,12.50,-31.25,-52.50,13.50,-24.00,0.152,True,1
2020-11-09,Monday,BEAR,12191.25,12208,12180.5,12185.25,27.50,0.135,STRAIGHT DOWN,WHIPSAW,WHIPSAW,CONTINUED,9.75,-14.00,61.75,82.50,52.50,49.50,113.25,26.75,111.25,56.00,28.25,-19.25,0.325,False,1
2020-11-10,Tuesday,BULL,11692,11708,11688.75,11707.5,19.25,0.084,WHIPSAW,WHIPSAW,WHIPSAW,REVERSED,29.50,22.50,38.25,-30.50,-77.50,-76.50,42.00,34.25,-131.75,-171.00,24.75,15.50,0.180,False,-1
2020-11-11,Wednesday,DOJI,11719.5,11734.5,11702.25,11721.25,32.25,0.133,WHIPSAW,STRAIGHT UP,STRAIGHT UP,DOJI,11.75,3.00,-3.75,29.25,89.25,82.25,33.50,17.00,97.25,84.75,-13.75,-8.50,0.063,False,-1
2020-11-12,Thursday,DOJI,11918.25,11929.75,11913.25,11918.5,16.50,0.065,WHIPSAW,WHIPSAW,WHIPSAW,DOJI,-26.25,-20.25,-15.75,-2.75,16.25,-4.50,18.50,37.50,36.50,18.25,2.00,8.75,0.093,False,1
2020-11-13,Friday,BULL,11890.25,11909.5,11886.75,11901,22.75,0.087,STRAIGHT DOWN,WHIPSAW,WHIPSAW,REVERSED,-13.75,-12.50,-22.75,-20.75,12.00,-31.50,5.75,30.00,66.00,29.25,-10.50,-8.25,0.044,False,-1
2020-11-16,Monday,BULL,11915,11925.25,11906,11919.25,19.25,0.078,WHIPSAW,WHIPSAW,WHIPSAW,CONTINUED,-26.25,-22.25,-2.00,18.00,58.00,39.50,20.25,31.75,-17.00,-38.50,14.75,-19.00,0.067,False,1
2020-11-17,Tuesday,BEAR,12027.5,12031.25,12018.25,12020,13.00,0.052,SIDEWAYS,WHIPSAW,WHIPSAW,NO FOLLOW-THROUGH,-1.75,-19.75,-9.00,-0.50,37.25,39.75,4.00,21.75,13.25,-32.75,-5.25,-3.25,0.113,False,1
2020-11-18,Wednesday,BULL,11959.25,11968,11956.5,11962.75,11.50,0.049,WHIPSAW,WHIPSAW,WHIPSAW,CONTINUED,-3.25,0.75,-16.75,10.25,7.75,-40.00,15.00,19.75,-18.50,-13.50,-23.50,-2.50,0.032,False,-1
2020-11-19,Thursday,BULL,11870,11884,11861,11879.25,23.00,0.103,STRAIGHT DOWN,WHIPSAW,WHIPSAW,REVERSED,-3.75,-0.50,-18.75,-22.25,3.75,37.75,3.50,37.75,-22.50,-7.00,-8.00,-2.00,0.066,False,-1
2020-11-20,Friday,BEAR,11984,11985.25,11973.75,11976.5,11.50,0.055,SIDEWAYS,STRAIGHT DOWN,SIDEWAYS,NO FOLLOW-THROUGH,9.00,4.75,4.25,5.00,13.75,8.50,16.25,5.00,0.50,24.00,-2.25,-0.50,0.044,False,1
2020-11-23,Monday,BULL,11946.25,11964.75,11945.5,11961,19.25,0.097,SIDEWAYS,STRAIGHT UP,STRAIGHT UP,NO FOLLOW-THROUGH,11.00,3.75,2.50,1.75,30.75,16.00,13.25,1.75,41.50,38.25,1.25,-7.50,0.052,False,-1
2020-11-24,Tuesday,BEAR,11949.25,11953.5,11940.75,11944.25,12.75,0.065,STRAIGHT DOWN,STRAIGHT DOWN,DOWN (CHOPPY),CONTINUED,-0.25,3.50,-2.00,35.00,51.00,21.25,40.25,12.00,47.50,34.50,-3.50,-10.75,0.030,False,-1
2020-11-25,Wednesday,DOJI,12112.75,12119.75,12105.25,12112,14.50,0.076,WHIPSAW,WHIPSAW,SIDEWAYS,DOJI,1.00,10.75,6.50,16.25,5.75,3.00,19.25,13.00,37.25,13.75,7.25,6.00,0.205,False,1
2020-11-30,Monday,BULL,12270.25,12283.75,12268,12283.75,15.75,0.084,WHIPSAW,STRAIGHT DOWN,WHIPSAW,REVERSED,4.50,9.00,1.25,-22.50,-39.50,-29.75,16.00,22.75,117.75,-16.00,-3.75,-5.25,0.085,False,1
2020-12-01,Tuesday,BEAR,12376,12385,12366.5,12366.75,18.50,0.099,STRAIGHT DOWN,WHIPSAW,WHIPSAW,CONTINUED,1.25,5.00,14.25,21.25,-13.25,-31.00,29.25,3.00,94.50,48.50,-3.75,1.75,0.105,False,1
2020-12-02,Wednesday,BEAR,12390.25,12397.75,12382.25,12383,15.50,0.093,STRAIGHT DOWN,STRAIGHT DOWN,SIDEWAYS,CONTINUED,13.50,19.50,29.00,27.25,58.75,11.00,38.00,8.25,-59.50,-68.00,-13.75,8.00,0.058,False,1
2020-12-03,Thursday,BULL,12464.75,12479.25,12463.5,12477.75,15.75,0.098,STRAIGHT UP,SIDEWAYS,STRAIGHT UP,CONTINUED,10.25,9.75,16.50,13.25,-0.75,17.00,26.00,0.00,8.75,-7.25,-8.00,-10.75,0.040,False,1
2020-12-04,Friday,BEAR,12475,12478.75,12462.25,12469.75,16.50,0.107,WHIPSAW,WHIPSAW,WHIPSAW,CONTINUED,-9.00,1.50,3.00,16.75,-11.50,-36.25,21.25,12.25,1.75,-13.25,-3.25,-6.50,0.185,True,1
2020-12-07,Monday,DOJI,12532.75,12535.5,12526,12533.5,9.50,0.065,STRAIGHT UP,STRAIGHT UP,STRAIGHT UP,DOJI,3.25,3.50,8.75,25.00,41.25,55.00,28.00,2.50,3.75,9.50,0.25,-4.75,0.022,False,1
2020-12-08,Tuesday,BULL,12576.75,12583.75,12574.25,12583.5,9.50,0.067,STRAIGHT DOWN,STRAIGHT DOWN,STRAIGHT DOWN,REVERSED,-12.25,-25.00,-26.25,-10.25,-35.00,-31.75,4.00,32.25,-19.50,4.75,10.00,0.75,0.048,False,1
2020-12-09,Wednesday,BEAR,12631.25,12632,12620.5,12621,11.50,0.081,STRAIGHT DOWN,SIDEWAYS,WHIPSAW,CONTINUED,15.00,12.75,18.75,26.75,-2.50,-10.50,33.00,1.00,-6.00,-26.25,3.00,0.25,0.032,False,1
2020-12-10,Thursday,BEAR,12264.75,12275.75,12257,12260.5,18.75,0.118,WHIPSAW,WHIPSAW,STRAIGHT UP,CONTINUED,-11.25,-20.25,-4.50,14.75,-67.00,-108.00,42.50,25.50,-94.25,-79.50,7.00,1.75,0.105,False,-1
2020-12-11,Friday,BULL,12330,12348,12324.25,12345.75,23.75,0.144,WHIPSAW,STRAIGHT DOWN,DOWN (CHOPPY),REVERSED,-6.25,-34.00,-30.00,-14.00,-48.00,-16.50,8.75,49.00,-67.00,-63.75,2.25,-3.00,0.086,False,1
2020-12-14,Monday,BULL,12421.25,12438.75,12419,12438.25,19.75,0.120,STRAIGHT UP,STRAIGHT UP,STRAIGHT UP,CONTINUED,3.75,1.75,5.50,22.50,53.25,84.50,26.75,3.75,46.25,28.25,-3.25,-7.00,0.084,False,1
2020-12-15,Tuesday,BULL,12556,12563.25,12547.25,12560.25,16.00,0.097,WHIPSAW,WHIPSAW,WHIPSAW,REVERSED,-15.50,0.50,11.00,-14.00,-4.50,1.50,16.50,25.25,101.00,93.50,4.50,0.25,0.032,False,1
2020-12-16,Wednesday,BEAR,12614.25,12614.25,12602,12612,12.25,0.076,STRAIGHT DOWN,STRAIGHT DOWN,DOWN (CHOPPY),CONTINUED,5.00,0.75,13.50,20.00,23.75,13.75,23.75,9.50,21.50,16.00,-7.00,2.50,0.092,False,1
2020-12-17,Thursday,DOJI,12734.25,12742,12729.25,12734.5,12.75,0.082,STRAIGHT UP,SIDEWAYS,SIDEWAYS,DOJI,2.00,17.25,10.50,9.25,-1.50,5.00,24.75,4.00,69.00,58.25,3.75,-0.75,0.053,False,1
2020-12-21,Monday,BULL,12581.5,12594.75,12570,12592.25,24.75,0.161,STRAIGHT UP,STRAIGHT UP,WHIPSAW,CONTINUED,24.00,34.75,36.75,27.50,22.25,-11.50,45.75,0.00,-168.00,-174.25,3.00,-0.25,0.090,False,1
2020-12-22,Tuesday,BEAR,12719,12719.5,12700.5,12701.25,19.00,0.122,STRAIGHT DOWN,WHIPSAW,WHIPSAW,CONTINUED,5.75,-1.00,10.50,14.25,-15.00,-36.25,21.00,4.50,35.25,21.50,-23.50,-17.50,0.050,False,1
2020-12-23,Wednesday,BULL,12714,12723.5,12708.25,12717.5,15.25,0.099,STRAIGHT DOWN,STRAIGHT DOWN,STRAIGHT DOWN,REVERSED,-16.00,-15.50,-25.00,-16.25,-52.25,-31.50,0.75,33.50,0.00,7.75,-9.25,-1.50,0.047,False,-1
2020-12-28,Monday,BEAR,12816,12820,12806.25,12809.5,13.75,0.092,WHIPSAW,WHIPSAW,SIDEWAYS,CONTINUED,-2.50,8.75,16.25,5.50,10.75,10.25,20.75,9.25,163.75,139.25,-6.25,-4.50,0.039,False,-1
2020-12-29,Tuesday,BULL,12891.75,12902.5,12890.5,12895.75,12.00,0.080,WHIPSAW,WHIPSAW,WHIPSAW,CONTINUED,-9.50,-3.50,11.25,9.75,14.50,-34.50,20.75,17.50,57.75,48.50,0.50,6.25,0.027,False,1
2020-12-30,Wednesday,BEAR,12896.75,12902,12889,12893.5,13.00,0.085,WHIPSAW,STRAIGHT DOWN,WHIPSAW,CONTINUED,-10.25,-5.50,4.25,24.50,36.50,30.00,29.50,16.25,53.25,36.50,-1.25,-1.00,0.034,False,-1
2020-12-31,Thursday,BULL,12841.5,12847.75,12840.5,12844.75,7.25,0.048,WHIPSAW,WHIPSAW,WHIPSAW,REVERSED,-1.25,-6.00,-7.00,-6.00,1.75,-4.50,5.00,16.50,-2.00,1.75,-5.50,1.50,0.034,False,-1
2021-01-04,Monday,BEAR,12933.25,12941.25,12915,12916,26.25,0.176,STRAIGHT DOWN,STRAIGHT DOWN,STRAIGHT DOWN,CONTINUED,-1.50,7.50,16.25,19.25,15.25,34.75,22.00,7.00,55.50,44.75,-8.50,-1.25,0.022,False,1
2021-01-05,Tuesday,BULL,12650.5,12681,12650.5,12671,30.50,0.197,STRAIGHT UP,STRAIGHT UP,STRAIGHT UP,CONTINUED,9.00,11.25,11.25,31.75,70.50,83.50,34.00,-0.25,-45.25,-33.75,37.75,6.75,0.124,False,-1
2021-01-06,Wednesday,BULL,12598.75,12624.5,12580.25,12619.25,44.25,0.297,STRAIGHT DOWN,SIDEWAYS,WHIPSAW,REVERSED,-29.00,-47.75,-39.50,-31.00,-6.50,6.25,6.75,67.50,-192.50,-202.75,26.25,2.75,0.127,False,1
2021-01-07,Thursday,BULL,12727.5,12738.5,12726.5,12733.75,12.00,0.077,STRAIGHT UP,STRAIGHT UP,STRAIGHT UP,CONTINUED,16.50,32.50,33.50,43.00,58.75,107.50,44.00,0.25,108.75,68.25,17.25,2.75,0.061,False,1
2021-01-08,Friday,DOJI,13018.75,13027.5,13006.75,13017.75,20.75,0.127,WHIPSAW,WHIPSAW,WHIPSAW,DOJI,17.50,-21.00,-2.50,3.75,14.50,11.50,21.00,32.00,95.25,91.75,21.75,11.25,0.108,True,1
2021-01-11,Monday,BEAR,12964.5,12969.25,12952,12954.75,17.25,0.103,WHIPSAW,WHIPSAW,WHIPSAW,CONTINUED,-15.50,-10.25,19.75,26.75,33.00,-3.75,37.75,20.25,-126.75,-134.00,-16.75,-3.00,0.105,False,1
2021-01-12,Tuesday,BULL,12902.75,12909.75,12895,12908.5,14.75,0.088,STRAIGHT UP,SIDEWAYS,WHIPSAW,CONTINUED,8.00,9.75,20.00,31.50,8.25,-35.50,32.50,0.50,5.00,-12.50,19.25,-1.25,0.060,False,-1
2021-01-13,Wednesday,BULL,12889.25,12909.5,12888.75,12906.75,20.75,0.119,WHIPSAW,STRAIGHT DOWN,WHIPSAW,REVERSED,2.75,-8.50,-8.50,-8.25,-28.50,19.50,9.75,24.00,6.75,4.25,20.75,6.50,0.124,False,-1
2021-01-14,Thursday,DOJI,12985.75,12998.75,12981.5,12983.25,17.25,0.103,STRAIGHT UP,WHIPSAW,WHIPSAW,DOJI,5.25,10.25,16.25,27.00,-3.50,11.50,29.50,11.25,16.00,9.75,3.00,6.25,0.031,False,1
2021-01-15,Friday,BULL,12889.75,12897.25,12879.5,12897.25,17.75,0.106,STRAIGHT UP,STRAIGHT UP,SIDEWAYS,CONTINUED,20.50,26.75,21.25,20.75,15.25,-4.50,32.00,0.25,-8.50,-18.00,-3.25,-1.50,0.069,False,-1
2021-01-19,Tuesday,BULL,12896,12916.75,12895,12911,21.75,0.125,WHIPSAW,WHIPSAW,WHIPSAW,NO FOLLOW-THROUGH,-18.00,7.25,8.50,1.00,-7.00,-28.00,19.50,22.50,97.00,83.75,-1.00,-12.00,0.037,False,-1
2021-01-20,Wednesday,BEAR,13136.75,13143.75,13121,13123.5,22.75,0.129,STRAIGHT UP,STRAIGHT UP,STRAIGHT UP,REVERSED,-11.25,-15.75,-9.75,-40.50,-56.25,-44.75,0.50,43.75,152.50,107.50,16.25,6.50,0.028,False,1
2021-01-21,Thursday,BEAR,13339.75,13343.75,13322.5,13325,21.25,0.116,WHIPSAW,WHIPSAW,SIDEWAYS,NO FOLLOW-THROUGH,-5.50,15.00,20.75,4.75,12.75,5.50,32.25,11.50,53.50,49.75,22.25,7.25,0.078,False,1
2021-01-22,Friday,BULL,13348,13357.25,13343,13353.75,14.25,0.076,WHIPSAW,WHIPSAW,WHIPSAW,NO FOLLOW-THROUGH,-8.75,-21.75,-18.00,3.00,17.25,31.25,7.25,26.00,-48.75,-46.75,25.50,9.00,0.049,False,1
2021-01-25,Monday,BULL,13497.75,13512.25,13496.25,13509.5,16.00,0.086,STRAIGHT UP,STRAIGHT UP,STRAIGHT UP,CONTINUED,3.00,5.00,14.00,20.00,35.25,26.75,31.25,1.75,143.50,131.50,16.00,6.50,0.088,False,1
2021-01-26,Tuesday,BULL,13493.5,13505,13489,13503.25,16.00,0.088,STRAIGHT DOWN,STRAIGHT DOWN,STRAIGHT DOWN,REVERSED,-1.25,-7.50,-3.50,-20.00,-66.75,-22.75,6.00,21.50,18.75,33.50,16.00,2.50,0.040,False,-1
2021-01-27,Wednesday,BEAR,13389.75,13389.75,13319.25,13321,70.50,0.395,STRAIGHT DOWN,STRAIGHT DOWN,STRAIGHT DOWN,CONTINUED,3.00,54.75,51.25,76.50,92.50,32.00,86.25,15.50,-95.25,-164.00,-5.50,1.75,0.155,False,-1
2021-01-28,Thursday,BULL,13155,13162.25,13141,13162.25,21.25,0.113,STRAIGHT UP,WHIPSAW,WHIPSAW,CONTINUED,7.25,-6.00,16.00,19.00,65.00,24.50,22.50,8.50,33.75,101.25,35.75,-15.25,0.163,False,-1
2021-01-29,Friday,BULL,13110.5,13131.75,13106,13115.25,25.75,0.136,WHIPSAW,STRAIGHT DOWN,STRAIGHT DOWN,REVERSED,-12.00,-21.25,-2.00,-25.25,-95.75,-40.00,20.00,34.75,-65.00,-49.00,-19.25,-16.50,0.209,False,1
2021-02-01,Monday,BULL,13051.5,13076.5,13050,13071,26.50,0.132,WHIPSAW,WHIPSAW,WHIPSAW,CONTINUED,-12.50,-20.25,11.00,13.75,-25.00,-62.50,31.75,23.75,145.75,201.50,4.00,5.75,0.036,False,-1
2021-02-02,Tuesday,DOJI,13352.25,13362.5,13345,13354,17.50,0.083,STRAIGHT UP,STRAIGHT UP,STRAIGHT UP,DOJI,10.25,16.75,15.00,24.75,47.25,31.25,29.50,5.25,121.00,119.50,-0.50,13.00,0.051,False,1
2021-02-03,Wednesday,BEAR,13531.25,13548,13521,13522.75,27.00,0.129,STRAIGHT DOWN,STRAIGHT DOWN,SIDEWAYS,CONTINUED,28.50,45.00,31.75,10.50,40.25,7.25,50.50,1.25,83.00,27.25,-9.00,2.25,0.029,False,1
2021-02-04,Thursday,BULL,13449.75,13460,13439.25,13457,20.75,0.098,WHIPSAW,WHIPSAW,WHIPSAW,REVERSED,8.50,1.50,-18.00,-26.00,-21.25,-22.75,23.25,41.25,61.25,22.00,-2.00,8.50,0.056,False,-1
2021-02-05,Friday,BEAR,13590.25,13593,13574.25,13581.75,18.75,0.088,STRAIGHT DOWN,DOWN (CHOPPY),STRAIGHT DOWN,CONTINUED,9.75,0.25,8.00,23.50,17.50,36.00,35.75,10.50,39.25,27.00,5.00,0.50,0.126,True,1
2021-02-08,Monday,DOJI,13666.75,13671.75,13659.25,13665,12.50,0.060,WHIPSAW,SIDEWAYS,SIDEWAYS,DOJI,7.00,-11.25,-19.00,-16.25,-5.75,-7.50,9.00,28.00,70.25,45.75,8.75,-3.50,0.027,False,1
2021-02-09,Tuesday,BULL,13645.5,13657.5,13645,13656.75,12.50,0.062,STRAIGHT UP,STRAIGHT UP,STRAIGHT UP,CONTINUED,2.50,4.75,13.25,20.25,29.00,55.25,27.00,2.25,-39.50,-39.75,-14.25,6.00,0.032,False,1
2021-02-10,Wednesday,BULL,13742.5,13759.5,13737.75,13759.25,21.75,0.112,STRAIGHT DOWN,STRAIGHT DOWN,SIDEWAYS,REVERSED,-9.25,-30.25,-19.25,-32.75,-27.25,-9.50,2.75,37.50,60.00,43.50,-1.50,2.50,0.172,False,1
2021-02-11,Thursday,BULL,13717.25,13730.75,13716.25,13729.25,14.50,0.072,STRAIGHT DOWN,SIDEWAYS,STRAIGHT DOWN,REVERSED,2.00,-2.50,-3.75,-18.25,-7.50,-28.25,5.75,24.50,66.75,50.25,6.00,4.75,0.032,False,-1
2021-02-12,Friday,DOJI,13693.5,13695.5,13681.5,13692.75,14.00,0.068,STRAIGHT DOWN,SIDEWAYS,SIDEWAYS,DOJI,-17.50,-18.75,-15.75,-32.25,1.50,-0.25,1.75,46.75,-33.25,-17.00,8.25,3.75,0.026,False,1
2021-02-16,Tuesday,DOJI,13835.5,13841.25,13820,13833.5,21.25,0.111,WHIPSAW,WHIPSAW,WHIPSAW,DOJI,17.25,3.25,14.75,2.50,24.75,18.50,25.75,6.00,32.00,-36.00,-16.00,-11.75,0.058,False,1
2021-02-17,Wednesday,BULL,13638,13656.25,13628.5,13645.25,27.75,0.143,WHIPSAW,WHIPSAW,WHIPSAW,CONTINUED,-7.25,4.25,-21.25,17.25,6.00,38.50,25.25,33.25,-124.75,-119.25,-38.50,-3.25,0.157,False,-1
2021-02-18,Thursday,DOJI,13543.75,13555.25,13534,13543.5,21.25,0.118,WHIPSAW,WHIPSAW,WHIPSAW,DOJI,-14.25,-8.75,-3.00,14.00,19.25,19.00,19.25,20.00,-156.25,-155.00,-17.25,14.50,0.089,False,1
2021-02-19,Friday,DOJI,13696,13700.75,13678,13694.75,22.75,0.129,STRAIGHT DOWN,STRAIGHT DOWN,STRAIGHT DOWN,DOJI,-16.25,-16.00,-16.00,-28.50,-35.25,-23.25,0.50,36.00,58.00,57.25,-30.25,-16.00,0.063,False,1
2021-02-22,Monday,BULL,13391.25,13415.5,13384.25,13408,31.25,0.190,STRAIGHT DOWN,WHIPSAW,WHIPSAW,REVERSED,-6.50,3.00,-29.75,-39.25,-1.25,34.00,10.50,46.50,-188.25,-193.50,-23.25,6.75,0.178,False,-1
2021-02-23,Tuesday,BEAR,13000.25,13002.25,12979.25,12985.25,23.00,0.145,WHIPSAW,STRAIGHT DOWN,STRAIGHT DOWN,CONTINUED,-14.00,5.25,19.50,55.50,167.50,103.00,58.50,31.00,-229.25,-225.75,-19.00,3.00,0.159,False,-1
2021-02-24,Wednesday,BULL,13074.5,13093.25,13061.75,13092.75,31.50,0.171,WHIPSAW,WHIPSAW,WHIPSAW,REVERSED,-5.50,-0.50,-4.25,-39.00,-52.75,-50.00,27.50,55.25,-111.75,-97.50,-12.50,10.25,0.191,False,1
2021-02-25,Thursday,BULL,13181,13198.75,13178.75,13189.25,20.00,0.101,STRAIGHT UP,STRAIGHT UP,STRAIGHT UP,CONTINUED,24.00,37.50,57.25,83.00,62.00,22.50,85.25,0.00,-114.00,-127.75,-20.00,15.50,0.164,False,1
2021-02-26,Friday,BULL,12952,12971,12942.5,12965.25,28.50,0.127,WHIPSAW,WHIPSAW,WHIPSAW,REVERSED,-7.50,14.00,-2.00,-8.50,-4.75,-121.25,26.75,36.00,124.00,151.50,-4.50,7.00,0.308,False,-1
2021-03-01,Monday,BULL,13098.5,13115.75,13084.75,13108.75,31.00,0.129,STRAIGHT DOWN,SIDEWAYS,STRAIGHT DOWN,REVERSED,-14.00,-21.75,-29.50,-18.75,-8.25,-24.50,3.50,35.00,196.50,143.75,26.00,10.25,0.095,False,-1
2021-03-02,Tuesday,BEAR,13297.5,13303.25,13283.25,13289.75,20.00,0.080,STRAIGHT DOWN,STRAIGHT DOWN,STRAIGHT DOWN,CONTINUED,5.25,24.00,38.25,37.25,54.75,59.00,43.25,6.75,24.50,-15.00,34.25,4.25,0.099,False,1
2021-03-03,Wednesday,BULL,13012.75,13040.75,13004,13038.25,36.75,0.140,WHIPSAW,STRAIGHT DOWN,STRAIGHT DOWN,REVERSED,-1.00,8.25,-4.75,-17.50,-103.25,-132.50,13.75,36.50,-45.25,-47.75,13.75,18.25,0.288,False,-1
2021-03-04,Thursday,BULL,12663.75,12688.25,12649.5,12687.75,38.75,0.143,STRAIGHT UP,SIDEWAYS,WHIPSAW,CONTINUED,2.00,49.00,38.25,58.25,11.25,-91.75,77.25,1.25,-17.50,-18.75,-8.25,-14.75,0.118,False,-1
2021-03-05,Friday,BEAR,12583,12606,12548.75,12558.75,57.25,0.192,STRAIGHT DOWN,STRAIGHT DOWN,STRAIGHT DOWN,CONTINUED,-2.25,-5.50,10.50,49.75,70.50,161.00,50.75,18.00,113.25,145.50,83.50,-14.00,0.458,True,-1
2021-03-08,Monday,BEAR,12635.5,12644.75,12604.25,12620,40.50,0.126,STRAIGHT DOWN,WHIPSAW,WHIPSAW,CONTINUED,25.50,42.00,35.00,79.00,-60.00,32.00,85.00,0.50,-28.25,-77.75,28.00,13.25,0.081,False,1
2021-03-09,Tuesday,DOJI,12608.75,12631.75,12604.75,12606.25,27.00,0.079,STRAIGHT UP,WHIPSAW,STRAIGHT UP,DOJI,22.00,4.00,-10.25,34.50,11.75,98.00,39.75,17.00,308.75,262.50,13.75,26.50,0.034,False,-1
2021-03-10,Wednesday,BEAR,12967.75,12969,12937.25,12937.25,31.75,0.091,WHIPSAW,WHIPSAW,WHIPSAW,CONTINUED,-6.00,-10.25,-10.25,16.25,-3.25,29.00,25.50,32.00,186.00,156.50,85.00,1.00,0.389,False,1
2021-03-11,Thursday,BULL,12951.25,12968.5,12943.75,12955.25,24.75,0.070,STRAIGHT UP,WHIPSAW,SIDEWAYS,CONTINUED,-3.25,-1.00,36.25,37.25,-3.25,24.50,51.50,11.25,200.50,156.50,-9.25,-7.50,0.068,False,-1
2021-03-12,Friday,BEAR,12870.25,12874,12859.5,12860.75,14.50,0.041,STRAIGHT DOWN,SIDEWAYS,WHIPSAW,CONTINUED,25.50,19.50,10.75,34.50,-4.00,-1.75,35.00,9.25,-174.25,-181.50,25.00,25.25,0.043,False,1
2021-03-15,Monday,BEAR,12950.5,12950.75,12935,12935.5,15.75,0.045,SIDEWAYS,SIDEWAYS,WHIPSAW,NO FOLLOW-THROUGH,0.75,18.00,21.00,1.25,7.75,-32.00,36.25,2.00,13.00,11.00,21.25,-1.50,0.045,False,1
2021-03-16,Tuesday,BEAR,13169.25,13175,13142.25,13157.75,32.75,0.099,STRAIGHT UP,STRAIGHT UP,STRAIGHT UP,REVERSED,-0.75,-22.50,-30.25,-28.50,-53.25,-74.75,11.25,37.25,91.50,86.50,19.00,7.00,0.110,False,1
2021-03-17,Wednesday,BEAR,13018,13027,13007.25,13009.25,19.75,0.062,WHIPSAW,WHIPSAW,WHIPSAW,CONTINUED,-12.75,5.00,13.50,25.00,12.75,-44.25,38.50,16.75,-130.75,-150.00,5.00,4.75,0.072,False,-1
2021-03-18,Thursday,BULL,12994.5,13008.5,12988.25,13008.25,20.25,0.066,WHIPSAW,WHIPSAW,WHIPSAW,NO FOLLOW-THROUGH,-2.50,1.50,17.25,-4.75,-44.75,-31.75,28.75,11.50,-213.75,-204.75,7.75,13.50,0.079,False,1
2021-03-22,Monday,BULL,12928.75,12959.5,12927.75,12952.75,31.75,0.105,STRAIGHT UP,SIDEWAYS,STRAIGHT UP,CONTINUED,5.00,25.50,22.25,25.25,8.50,71.00,31.00,5.50,132.25,108.00,-7.50,-14.00,0.025,False,-1
2021-03-23,Tuesday,BEAR,13113.5,13119.5,13101.5,13107,18.00,0.060,SIDEWAYS,STRAIGHT DOWN,STRAIGHT DOWN,NO FOLLOW-THROUGH,13.75,28.50,10.75,-5.50,32.50,25.50,33.00,5.75,43.25,44.75,6.50,-2.25,0.040,False,1
2021-03-24,Wednesday,BEAR,13071,13072.5,13051.5,13052,21.00,0.071,STRAIGHT DOWN,STRAIGHT DOWN,STRAIGHT DOWN,CONTINUED,1.25,-5.75,1.00,19.50,33.00,94.25,27.50,7.50,64.75,21.25,-11.50,-1.50,0.019,False,-1
2021-03-25,Thursday,BEAR,12716.75,12722,12688.25,12699.5,33.75,0.117,STRAIGHT UP,STRAIGHT UP,STRAIGHT UP,REVERSED,-30.00,-30.75,-30.00,-23.25,-68.00,-85.25,5.00,44.25,-74.50,-86.50,-1.50,6.75,0.112,False,-1
2021-03-26,Friday,BULL,12764.25,12774.25,12754,12770,20.25,0.075,SIDEWAYS,STRAIGHT UP,STRAIGHT UP,NO FOLLOW-THROUGH,15.25,16.25,19.00,5.75,26.50,46.00,28.50,5.50,-7.75,-35.00,20.75,5.00,0.122,False,1
2021-03-29,Monday,BULL,12941.25,12949.5,12933.25,12949,16.25,0.064,WHIPSAW,WHIPSAW,STRAIGHT DOWN,CONTINUED,-18.75,-19.75,-21.25,18.75,-28.00,-106.00,20.00,33.50,-20.25,-26.00,25.75,21.50,0.052,False,1
2021-03-30,Tuesday,BULL,12873.5,12888,12868,12883,20.00,0.084,STRAIGHT DOWN,STRAIGHT DOWN,STRAIGHT DOWN,REVERSED,-31.50,-35.25,-45.25,-49.75,-61.75,-45.25,1.75,56.75,-80.50,-101.75,12.00,-7.00,0.095,False,1
2021-03-31,Wednesday,BEAR,12968.25,12969.5,12955,12956.75,14.50,0.064,STRAIGHT UP,STRAIGHT UP,STRAIGHT UP,REVERSED,-17.25,-11.00,-5.25,-28.25,-58.00,-113.00,3.75,29.50,69.50,76.25,4.00,1.50,0.026,False,1
2021-04-01,Thursday,BEAR,13253,13256,13241.5,13249.75,14.50,0.065,STRAIGHT UP,STRAIGHT UP,STRAIGHT UP,REVERSED,-9.00,-13.50,-22.50,-25.75,-37.75,-40.75,3.75,28.50,163.25,159.50,16.75,16.50,0.056,False,1
2021-04-05,Monday,BULL,13419.75,13431.75,13415.75,13430,16.00,0.074,WHIPSAW,WHIPSAW,WHIPSAW,NO FOLLOW-THROUGH,-15.00,-11.00,7.75,0.25,26.25,33.25,12.50,20.75,105.25,75.50,-4.00,-5.00,0.033,False,1
2021-04-06,Tuesday,BEAR,13568,13568.5,13556.5,13559.25,12.00,0.055,WHIPSAW,WHIPSAW,WHIPSAW,CONTINUED,-2.25,-0.25,-7.75,14.25,-25.25,-39.25,15.75,15.25,-14.75,-34.75,-18.00,-15.25,0.095,False,1
2021-04-07,Wednesday,BEAR,13552.75,13554.5,13540.25,13546.5,14.25,0.068,WHIPSAW,WHIPSAW,WHIPSAW,CONTINUED,-8.00,-4.00,9.00,24.50,-16.50,-22.25,33.50,14.00,-19.00,-27.75,21.50,5.25,0.040,False,1
2021-04-08,Thursday,BEAR,13727,13731,13711.25,13721.25,19.75,0.096,WHIPSAW,UP (CHOPPY),WHIPSAW,REVERSED,-15.00,-10.75,-18.00,-10.25,-12.00,-25.50,7.50,19.75,121.25,105.50,12.00,8.75,0.081,False,1
2021-04-09,Friday,DOJI,13689,13699.75,13685.75,13689.75,14.00,0.076,WHIPSAW,WHIPSAW,WHIPSAW,DOJI,-4.50,-4.25,2.50,-9.50,5.50,33.50,6.00,14.00,-60.25,-98.00,23.50,9.25,0.092,False,1
2021-04-12,Monday,DOJI,13784.5,13788.75,13776.5,13785,12.25,0.068,WHIPSAW,SIDEWAYS,WHIPSAW,DOJI,-3.75,1.00,7.50,-1.00,0.75,-10.75,11.00,7.50,-44.75,-33.00,-10.50,-15.50,0.040,False,1
2021-04-13,Tuesday,DOJI,13877.25,13883.75,13866.5,13878.5,17.25,0.101,STRAIGHT UP,STRAIGHT UP,STRAIGHT UP,DOJI,3.25,2.25,-0.75,20.00,44.25,59.50,24.25,8.25,65.75,51.75,-7.25,-4.75,0.397,False,1
2021-04-14,Wednesday,BEAR,13982.75,13988.5,13966.5,13968,22.00,0.133,WHIPSAW,SIDEWAYS,SIDEWAYS,CONTINUED,0.25,9.00,10.25,10.25,-1.00,8.75,24.75,6.25,7.25,5.50,-22.25,-11.25,0.033,False,1
2021-04-15,Thursday,BULL,13929,13940.75,13923.25,13933.25,17.50,0.109,STRAIGHT UP,STRAIGHT UP,STRAIGHT UP,CONTINUED,11.75,20.00,21.75,22.50,32.75,18.50,33.25,0.00,122.25,102.25,-6.00,1.75,0.167,False,-1
2021-04-16,Friday,BEAR,14038.75,14039,14007.5,14017.75,31.50,0.207,STRAIGHT DOWN,STRAIGHT DOWN,STRAIGHT DOWN,CONTINUED,27.50,31.50,37.50,30.00,43.25,58.50,44.50,0.25,22.25,39.25,-12.50,5.50,0.066,False,1
2021-04-19,Monday,DOJI,13965.25,13968,13950.75,13967,17.25,0.124,STRAIGHT UP,STRAIGHT UP,STRAIGHT UP,DOJI,16.25,26.00,34.00,35.50,28.75,35.75,43.75,0.50,-67.50,-24.25,-2.00,7.00,0.049,False,-1
2021-04-20,Tuesday,BULL,13873.75,13899,13873.75,13893,25.25,0.181,STRAIGHT DOWN,WHIPSAW,WHIPSAW,REVERSED,1.75,-6.75,-20.50,-26.75,20.00,11.75,4.75,41.00,-30.50,-25.50,21.00,-1.00,0.061,False,-1
2021-04-21,Wednesday,BULL,13747,13759,13742,13755.75,17.00,0.118,WHIPSAW,STRAIGHT DOWN,WHIPSAW,NO FOLLOW-THROUGH,6.50,-0.50,-19.25,-2.75,-27.00,39.50,8.00,24.75,-52.75,4.25,-5.75,7.25,0.121,False,-1
2021-04-22,Thursday,DOJI,13900.75,13912,13890.5,13902,21.50,0.147,STRAIGHT DOWN,STRAIGHT DOWN,STRAIGHT DOWN,DOJI,-10.00,-19.25,-15.25,-12.50,-23.25,-34.00,1.50,23.50,-18.75,5.25,-1.25,-9.25,0.156,False,1
2021-04-23,Friday,BULL,13776.25,13794,13775.75,13792.75,18.25,0.116,STRAIGHT UP,STRAIGHT UP,STRAIGHT UP,CONTINUED,19.25,14.25,14.25,13.50,13.50,32.50,23.00,2.75,23.50,19.25,4.00,-0.25,0.075,False,-1
2021-04-26,Monday,BULL,13933.25,13943,13930.75,13938,12.25,0.078,WHIPSAW,WHIPSAW,WHIPSAW,REVERSED,4.25,-7.00,-1.25,-10.50,-6.00,2.00,9.25,19.00,11.25,18.25,17.50,5.25,0.030,False,1
2021-04-27,Tuesday,BEAR,14024.5,14034.75,14013.75,14019.5,21.00,0.133,WHIPSAW,STRAIGHT DOWN,STRAIGHT DOWN,NO FOLLOW-THROUGH,6.75,4.00,5.25,-0.25,33.25,85.75,10.00,11.50,8.50,1.25,-6.50,-6.50,0.032,False,1
2021-04-28,Wednesday,DOJI,13939.75,13943,13928.75,13938,14.25,0.090,STRAIGHT DOWN,STRAIGHT DOWN,WHIPSAW,DOJI,-7.00,-16.75,-29.00,-40.25,-12.50,33.25,2.25,47.25,-10.50,-14.00,10.25,9.25,0.054,False,-1
2021-04-29,Thursday,BULL,14042.5,14061,14041.75,14054,19.25,0.120,STRAIGHT DOWN,STRAIGHT DOWN,STRAIGHT DOWN,REVERSED,-20.00,-33.50,-21.50,-28.50,-39.25,-107.50,1.00,40.50,146.75,71.50,-13.00,1.25,0.115,False,-1
2021-04-30,Friday,BEAR,13852.5,13856.25,13840.25,13848.75,16.00,0.097,STRAIGHT UP,STRAIGHT UP,STRAIGHT UP,REVERSED,-18.50,-17.00,-21.75,-26.75,-34.25,-54.75,3.00,29.50,-103.00,-95.25,-2.50,0.25,0.174,False,-1
2021-05-03,Monday,BEAR,13915.25,13916.25,13904.25,13911.25,12.00,0.072,STRAIGHT DOWN,STRAIGHT DOWN,STRAIGHT DOWN,CONTINUED,7.25,14.75,9.25,26.00,48.50,46.50,29.00,2.00,58.75,36.00,15.25,4.50,0.085,False,1
2021-05-04,Tuesday,DOJI,13682.75,13686.5,13665.75,13681.5,20.75,0.121,STRAIGHT DOWN,STRAIGHT DOWN,STRAIGHT DOWN,DOJI,-4.00,-48.00,-37.50,-38.00,-90.00,-146.00,15.00,58.50,-107.25,-103.50,0.50,13.00,0.099,False,-1
2021-05-05,Wednesday,BULL,13628.75,13641.75,13626.75,13641.25,15.00,0.084,WHIPSAW,WHIPSAW,STRAIGHT DOWN,REVERSED,1.75,20.00,5.25,-31.00,14.25,-68.00,24.25,33.00,87.25,102.00,7.00,2.75,0.212,False,-1
2021-05-06,Thursday,BEAR,13484.25,13487.25,13458.25,13475.75,29.00,0.157,STRAIGHT DOWN,WHIPSAW,WHIPSAW,CONTINUED,19.00,27.75,33.50,31.00,11.25,41.25,51.50,0.25,-9.75,-2.00,7.75,-3.50,0.135,False,-1
2021-05-07,Friday,BEAR,13714.5,13722.75,13679.75,13684.75,43.00,0.222,WHIPSAW,WHIPSAW,WHIPSAW,NO FOLLOW-THROUGH,12.00,7.25,5.75,-4.00,-16.25,-31.00,23.00,8.25,120.25,108.75,-53.25,-9.25,0.914,True,1
2021-05-10,Monday,BEAR,13650.25,13657.75,13622,13623,35.75,0.188,STRAIGHT DOWN,STRAIGHT DOWN,STRAIGHT DOWN,CONTINUED,18.00,27.50,38.00,49.25,66.50,95.50,60.00,-0.25,-54.50,-67.75,-13.50,-2.25,0.054,False,-1
2021-05-11,Tuesday,DOJI,13113.75,13114.5,13083.75,13114.5,30.75,0.156,STRAIGHT UP,STRAIGHT UP,STRAIGHT UP,DOJI,20.50,13.50,9.00,41.50,87.25,138.75,44.50,15.00,-241.75,-202.25,28.75,10.00,0.079,False,-1
2021-05-12,Wednesday,BULL,13132.5,13160.75,13120.5,13159.75,40.25,0.199,WHIPSAW,STRAIGHT UP,WHIPSAW,CONTINUED,-1.25,17.50,12.25,17.00,46.00,-24.25,36.50,16.25,-210.75,-189.00,-24.75,-1.75,0.904,False,1
2021-05-13,Thursday,BULL,13121.25,13153.25,13118.5,13152.75,34.75,0.170,WHIPSAW,WHIPSAW,WHIPSAW,NO FOLLOW-THROUGH,7.75,8.75,-18.75,-5.00,-25.75,25.50,13.25,25.50,121.75,152.75,33.00,-1.50,0.274,False,-1
2021-05-14,Friday,DOJI,13231.5,13245.5,13225,13232.25,20.50,0.100,WHIPSAW,WHIPSAW,WHIPSAW,DOJI,2.50,13.25,19.75,14.00,2.75,33.00,24.25,18.25,135.75,136.25,-7.50,-10.50,0.153,False,-1
2021-05-17,Monday,BEAR,13313.5,13321.5,13294,13298.5,27.50,0.130,SIDEWAYS,WHIPSAW,WHIPSAW,NO FOLLOW-THROUGH,19.75,20.00,22.75,-1.75,-27.00,25.50,35.25,4.75,-68.25,-67.25,5.50,-9.25,0.041,False,1
2021-05-18,Tuesday,BEAR,13345.5,13356.5,13330.25,13337.5,26.25,0.122,WHIPSAW,WHIPSAW,WHIPSAW,NO FOLLOW-THROUGH,3.75,15.25,18.75,5.50,12.75,-2.75,24.00,10.00,40.00,35.25,-20.25,0.50,0.058,False,-1
2021-05-19,Wednesday,BULL,12984.25,12999.25,12969.5,12995.75,29.75,0.134,STRAIGHT UP,STRAIGHT UP,STRAIGHT UP,CONTINUED,16.25,27.75,35.00,29.00,66.75,53.50,45.00,2.00,-228.75,-198.25,3.00,2.50,0.105,False,-1
2021-05-20,Thursday,BULL,13292,13307.25,13281.5,13306,25.75,0.115,STRAIGHT UP,STRAIGHT UP,STRAIGHT UP,CONTINUED,13.00,15.75,16.50,34.25,71.75,81.00,34.50,2.75,61.50,71.00,10.50,2.25,0.093,False,1
2021-05-21,Friday,DOJI,13552.25,13569.75,13546,13551.25,23.75,0.103,STRAIGHT DOWN,STRAIGHT DOWN,SIDEWAYS,DOJI,3.75,-11.25,-11.75,-15.00,-61.25,-9.00,7.50,18.25,68.50,58.50,27.75,11.00,0.028,False,1
2021-05-24,Monday,BEAR,13509,13513.25,13496.5,13502.5,16.75,0.072,STRAIGHT UP,STRAIGHT UP,STRAIGHT UP,REVERSED,-14.25,-25.00,-31.25,-30.50,-72.00,-87.25,9.50,38.50,100.25,119.25,-1.25,1.50,0.046,False,-1
2021-05-25,Tuesday,BEAR,13701,13704.25,13694,13698.5,10.25,0.046,WHIPSAW,WHIPSAW,WHIPSAW,NO FOLLOW-THROUGH,-16.50,-28.75,-17.75,-0.50,20.00,39.25,20.00,33.75,62.50,46.50,-1.25,-3.75,0.042,False,1
2021-05-26,Wednesday,BULL,13686,13701.25,13679.75,13700.5,21.50,0.099,WHIPSAW,STRAIGHT DOWN,STRAIGHT DOWN,NO FOLLOW-THROUGH,-5.25,-0.75,-4.00,0.50,-30.50,-28.75,8.25,21.50,30.00,14.50,-14.50,-5.25,0.025,False,-1
2021-05-27,Thursday,BULL,13685.5,13695.25,13680.5,13694.25,14.75,0.071,STRAIGHT DOWN,STRAIGHT DOWN,STRAIGHT DOWN,REVERSED,-16.25,-19.25,-23.50,-24.25,-28.25,-41.00,0.00,41.25,-16.25,-18.25,23.50,-3.50,0.220,False,1
2021-05-28,Friday,DOJI,13703.5,13712.75,13698.75,13702.5,14.00,0.069,WHIPSAW,STRAIGHT UP,STRAIGHT UP,DOJI,4.50,7.50,-2.50,8.00,22.00,21.75,13.75,6.75,49.50,9.00,17.00,10.25,0.099,False,-1
2021-06-01,Tuesday,DOJI,13752.25,13760.75,13745.5,13753.5,15.25,0.082,SIDEWAYS,WHIPSAW,WHIPSAW,DOJI,-2.50,-6.75,-5.50,1.50,1.00,-23.25,2.75,13.00,59.00,94.25,11.75,4.75,0.034,False,-1
2021-06-02,Wednesday,BEAR,13667.25,13668.25,13651.25,13659,17.00,0.096,STRAIGHT UP,STRAIGHT UP,SIDEWAYS,REVERSED,2.25,-17.00,-23.25,-19.00,-36.00,-13.00,6.75,28.75,17.25,14.25,-3.25,1.50,0.045,False,-1
2021-06-03,Thursday,BULL,13555.5,13567.25,13545,13562.5,22.25,0.134,WHIPSAW,STRAIGHT DOWN,STRAIGHT DOWN,REVERSED,-4.75,-6.00,-3.25,-13.00,-65.50,-56.25,8.25,17.00,-119.00,-124.00,9.00,-1.25,0.050,False,1
2021-06-04,Friday,BULL,13610,13621.75,13605.5,13619.5,16.25,0.101,STRAIGHT UP,STRAIGHT UP,STRAIGHT UP,CONTINUED,19.00,22.00,23.25,33.50,71.00,86.00,36.00,-0.50,81.75,80.25,12.25,2.50,0.365,True,-1
2021-06-07,Monday,BULL,13738.75,13747,13734.25,13744.75,12.75,0.081,WHIPSAW,WHIPSAW,WHIPSAW,CONTINUED,-0.75,-4.75,-15.00,13.50,0.25,0.75,17.50,18.25,-28.50,-34.00,-19.75,-5.00,0.063,False,1
2021-06-08,Tuesday,BEAR,13878.75,13883,13867.25,13872.75,15.75,0.103,WHIPSAW,STRAIGHT UP,WHIPSAW,NO FOLLOW-THROUGH,1.75,3.50,0.00,-0.75,-40.75,46.50,9.75,12.00,76.75,55.25,1.75,-12.00,0.085,False,1
2021-06-09,Wednesday,BULL,13871.25,13886.5,13861,13878.5,25.50,0.168,WHIPSAW,WHIPSAW,WHIPSAW,NO FOLLOW-THROUGH,0.00,-3.25,-10.75,-0.75,17.00,-19.25,6.00,15.00,62.75,58.50,9.50,2.25,0.066,False,-1
2021-06-10,Thursday,BULL,13830.75,13840,13824.25,13837,15.75,0.113,WHIPSAW,STRAIGHT UP,STRAIGHT UP,CONTINUED,-17.50,-13.75,12.00,46.00,97.00,114.50,52.50,25.75,14.25,15.25,2.00,-2.00,0.448,False,-1
2021-06-11,Friday,BEAR,13959.5,13964,13946.25,13946.5,17.75,0.134,STRAIGHT UP,STRAIGHT UP,STRAIGHT UP,REVERSED,-10.25,-12.75,-17.50,-15.50,-15.00,-28.00,5.25,20.75,-0.25,-14.75,-11.50,-9.00,0.062,False,1
2021-06-14,Monday,BEAR,14015,14015,13989.25,13989.25,25.75,0.206,STRAIGHT DOWN,WHIPSAW,WHIPSAW,CONTINUED,11.75,18.25,9.25,13.00,-33.25,-32.25,24.25,1.00,19.75,19.00,-2.75,3.75,0.044,False,1
2021-06-15,Tuesday,BEAR,14117,14120.5,14102.75,14103,17.75,0.144,STRAIGHT DOWN,WHIPSAW,WHIPSAW,CONTINUED,19.25,27.50,24.25,14.75,-19.00,-4.75,31.25,0.50,-13.75,-4.25,-4.25,4.50,0.220,False,1
2021-06-16,Wednesday,BULL,14059.5,14070.25,14051,14066.5,19.25,0.157,WHIPSAW,WHIPSAW,STRAIGHT UP,CONTINUED,4.50,4.25,-3.75,5.25,10.00,27.50,11.50,6.00,20.75,11.00,6.50,1.25,0.039,False,-1
2021-06-17,Thursday,BULL,13944,13972.75,13942.5,13970,30.25,0.221,STRAIGHT UP,STRAIGHT UP,STRAIGHT UP,CONTINUED,-3.00,9.25,8.50,27.25,36.75,63.50,27.50,6.00,-41.75,-3.75,22.00,1.25,0.164,False,-1
2021-06-21,Monday,BULL,14051.5,14072.25,14042,14070.75,30.25,0.201,STRAIGHT DOWN,STRAIGHT DOWN,SIDEWAYS,REVERSED,-45.25,-68.25,-64.00,-79.50,-72.25,-9.75,1.00,88.50,-114.00,29.50,-16.50,-15.00,0.051,False,1
2021-06-22,Tuesday,DOJI,14120,14139.75,14107.25,14117.75,32.50,0.205,STRAIGHT UP,STRAIGHT UP,STRAIGHT UP,DOJI,-5.25,13.50,27.75,48.00,17.25,14.25,51.50,5.50,-4.50,-16.50,-8.25,-10.75,0.055,False,1
2021-06-23,Wednesday,BULL,14258.25,14268,14253.75,14264.25,14.25,0.090,STRAIGHT UP,STRAIGHT UP,STRAIGHT UP,CONTINUED,18.75,16.00,25.50,32.00,32.25,46.25,34.75,5.50,-1.00,-15.75,-14.50,-5.50,0.084,False,1
2021-06-24,Thursday,BULL,14349.75,14354.25,14344,14353.75,10.25,0.066,STRAIGHT UP,STRAIGHT UP,STRAIGHT UP,CONTINUED,6.00,8.75,-2.25,22.00,18.75,19.75,22.75,6.00,86.25,75.25,3.75,-3.00,0.064,False,1
2021-06-25,Friday,DOJI,14380,14387.25,14372.5,14378,14.75,0.097,WHIPSAW,WHIPSAW,STRAIGHT DOWN,DOJI,-0.25,-3.75,4.75,2.50,4.50,-44.75,12.75,12.00,26.00,14.75,3.50,-5.00,0.235,False,1
2021-06-28,Monday,BULL,14393.75,14418,14391,14417,27.00,0.186,STRAIGHT UP,STRAIGHT UP,STRAIGHT UP,CONTINUED,19.25,20.25,18.25,27.75,23.25,40.25,29.00,2.50,53.00,45.50,1.25,-0.50,0.035,False,-1
2021-06-29,Tuesday,BEAR,14505.75,14510.5,14489.25,14495.5,21.25,0.144,WHIPSAW,WHIPSAW,WHIPSAW,CONTINUED,18.25,15.00,10.00,5.00,-28.00,-11.50,25.50,7.25,-6.25,-0.75,19.50,9.00,0.034,False,1
2021-06-30,Wednesday,BULL,14559,14568.75,14551.25,14561.75,17.50,0.124,STRAIGHT DOWN,SIDEWAYS,STRAIGHT DOWN,REVERSED,-11.25,-19.25,-16.00,-19.50,-2.50,-26.25,2.00,37.00,-4.75,-25.00,2.50,2.50,0.055,False,1
2021-07-01,Thursday,BULL,14527.75,14534.25,14515.5,14532.75,18.75,0.135,WHIPSAW,STRAIGHT UP,SIDEWAYS,CONTINUED,1.00,16.25,25.75,17.75,34.50,6.75,31.75,11.00,-17.75,-30.25,-3.25,-8.50,0.095,False,-1
2021-07-02,Friday,DOJI,14629.5,14637.5,14625.75,14628,11.75,0.087,WHIPSAW,STRAIGHT UP,STRAIGHT UP,DOJI,4.75,5.00,7.50,11.75,27.25,27.50,16.00,8.75,83.25,87.00,6.00,-13.00,0.383,True,1
2021-07-06,Tuesday,BULL,14740.25,14762.5,14738.75,14762.25,23.75,0.172,WHIPSAW,WHIPSAW,WHIPSAW,NO FOLLOW-THROUGH,1.75,4.00,3.75,-0.75,-15.25,2.25,11.50,6.25,24.50,45.00,2.50,-6.50,0.040,False,1
2021-07-07,Wednesday,DOJI,14871.25,14883.75,14862.25,14873.5,21.50,0.156,STRAIGHT DOWN,STRAIGHT DOWN,STRAIGHT DOWN,DOJI,-18.25,-25.00,-28.25,-39.75,-37.25,-44.75,4.50,56.50,96.00,112.50,9.00,7.00,0.076,False,1
2021-07-08,Thursday,BULL,14594.25,14611.25,14568,14606.75,43.25,0.308,WHIPSAW,WHIPSAW,WHIPSAW,CONTINUED,-14.00,-14.00,8.75,14.75,-32.00,26.25,18.75,32.50,-208.75,-217.75,-2.25,-10.75,0.146,False,-1
2021-07-09,Friday,BEAR,14693.75,14699.25,14683.25,14690.5,16.00,0.117,STRAIGHT UP,WHIPSAW,WHIPSAW,REVERSED,-18.50,-18.00,-25.25,-10.25,-10.25,-19.75,4.25,32.00,-27.75,-19.00,-11.00,2.50,0.073,False,1
2021-07-12,Monday,DOJI,14870.5,14877.75,14865,14871,12.75,0.099,WHIPSAW,WHIPSAW,STRAIGHT DOWN,DOJI,9.00,2.25,2.50,-7.25,-31.25,-49.50,17.75,9.00,62.25,46.75,-6.25,-3.50,0.068,False,1
2021-07-13,Tuesday,BULL,14853.25,14864.25,14850,14863,14.25,0.117,WHIPSAW,WHIPSAW,STRAIGHT UP,NO FOLLOW-THROUGH,1.75,14.25,11.75,-2.75,15.75,68.00,18.25,14.75,-15.75,-26.50,52.00,6.25,0.784,False,-1
2021-07-14,Wednesday,DOJI,14969.25,14978,14952.25,14966.25,25.75,0.212,STRAIGHT UP,WHIPSAW,WHIPSAW,DOJI,7.75,16.75,20.75,4.75,-10.00,-1.25,25.00,1.50,100.25,101.50,2.75,2.50,0.340,False,1
2021-07-15,Thursday,BEAR,14893,14902,14878.75,14882.75,23.25,0.186,STRAIGHT DOWN,STRAIGHT DOWN,WHIPSAW,CONTINUED,24.25,5.75,29.25,49.00,59.50,-5.25,66.25,4.50,-3.50,-3.25,3.50,4.00,0.174,False,-1
2021-07-16,Friday,BULL,14829.5,14847.75,14827.75,14844.75,20.00,0.152,STRAIGHT UP,WHIPSAW,WHIPSAW,CONTINUED,14.25,13.00,9.50,16.00,-13.75,-29.00,24.75,2.75,37.50,51.25,-7.50,-15.50,0.131,False,-1
2021-07-19,Monday,BULL,14528.5,14538.5,14509.25,14535.25,29.25,0.207,WHIPSAW,WHIPSAW,WHIPSAW,REVERSED,6.75,-27.25,-40.75,-28.50,28.00,-54.50,18.75,45.75,-144.25,-147.00,-10.25,-6.00,0.101,False,-1
2021-07-20,Tuesday,BULL,14591.25,14601.25,14585.75,14594,15.50,0.109,STRAIGHT DOWN,STRAIGHT DOWN,STRAIGHT DOWN,REVERSED,-29.50,-39.00,-38.75,-34.75,-44.00,-15.25,0.00,53.00,40.75,-2.25,-8.75,5.75,0.101,False,1
2021-07-21,Wednesday,DOJI,14702,14711.75,14693.75,14702,18.00,0.117,STRAIGHT UP,STRAIGHT UP,STRAIGHT UP,DOJI,13.25,1.75,17.00,37.75,27.50,42.25,40.25,10.00,-17.50,-27.50,-2.50,0.25,0.072,False,1
2021-07-22,Thursday,BULL,14839.75,14858.5,14839.75,14857.5,18.75,0.117,STRAIGHT UP,STRAIGHT UP,STRAIGHT UP,CONTINUED,7.75,7.25,12.25,11.75,25.00,32.75,16.75,1.00,12.75,2.00,1.75,1.75,0.070,False,1
2021-07-23,Friday,BEAR,14985.5,14994.25,14963.25,14967.5,31.00,0.195,STRAIGHT DOWN,STRAIGHT DOWN,WHIPSAW,CONTINUED,2.50,10.50,9.00,33.00,8.00,-13.75,33.25,1.50,55.75,7.25,12.25,9.00,0.044,False,1
2021-07-26,Monday,BEAR,15075,15079.25,15056.25,15064,23.00,0.140,STRAIGHT DOWN,WHIPSAW,WHIPSAW,CONTINUED,4.00,18.50,18.50,7.75,-18.50,-38.50,23.75,1.00,-24.00,-23.00,10.75,-0.75,0.043,False,1
2021-07-27,Tuesday,BEAR,15105.25,15107,15090,15091,17.00,0.107,WHIPSAW,STRAIGHT DOWN,STRAIGHT DOWN,CONTINUED,2.75,7.00,16.50,9.75,25.50,41.00,29.00,5.50,-12.00,-19.50,-15.75,2.50,0.052,False,1
2021-07-28,Wednesday,BULL,14998.25,15017.25,14991.5,15015.5,25.75,0.150,STRAIGHT DOWN,STRAIGHT DOWN,STRAIGHT DOWN,REVERSED,-2.25,-17.50,-32.75,-36.25,-106.75,-38.75,7.00,41.50,48.00,122.25,-5.00,-7.00,0.073,False,-1
2021-07-29,Thursday,BULL,14983.25,15005.75,14982.25,15001.5,23.50,0.139,STRAIGHT UP,STRAIGHT UP,STRAIGHT UP,CONTINUED,-7.75,12.25,6.50,36.75,67.75,40.75,38.00,13.00,-25.25,-0.75,-9.50,-8.50,0.099,False,1
2021-07-30,Friday,BULL,14868.5,14904.25,14866,14895.5,38.25,0.233,WHIPSAW,WHIPSAW,STRAIGHT UP,NO FOLLOW-THROUGH,9.75,-12.50,-9.25,4.00,26.25,66.50,22.50,19.00,-167.75,-42.25,-5.50,2.00,0.105,False,1
2021-08-02,Monday,DOJI,15027.25,15041.75,15024,15029.25,17.75,0.107,WHIPSAW,STRAIGHT DOWN,STRAIGHT DOWN,DOJI,6.25,2.50,-9.25,-24.75,-75.75,-55.50,15.00,26.50,70.00,54.75,6.50,-2.75,0.080,False,1
2021-08-03,Tuesday,BEAR,14986,14998.5,14980.25,14981.25,18.25,0.112,STRAIGHT DOWN,WHIPSAW,STRAIGHT DOWN,CONTINUED,10.75,16.75,25.75,25.75,-13.75,70.75,29.25,0.00,33.25,22.25,-1.75,-5.75,0.060,False,-1
2021-08-04,Wednesday,BEAR,15044.25,15053,15038.25,15039,14.75,0.088,WHIPSAW,STRAIGHT UP,WHIPSAW,REVERSED,-12.00,-5.00,-22.50,-7.25,-20.25,-9.25,6.00,27.75,-2.00,5.25,14.75,18.00,0.094,False,1
2021-08-05,Thursday,BEAR,15101.25,15106.25,15085,15094.5,21.25,0.131,WHIPSAW,WHIPSAW,WHIPSAW,REVERSED,7.50,9.75,2.50,-15.50,-18.00,-25.75,21.75,19.75,32.75,20.25,6.75,3.50,0.043,False,1
2021-08-06,Friday,BULL,15109,15122.25,15104.5,15112.75,17.75,0.115,STRAIGHT UP,SIDEWAYS,WHIPSAW,CONTINUED,11.25,9.00,15.75,25.00,-1.50,-12.25,34.50,6.25,-57.75,-59.00,0.25,-2.50,0.253,True,1
2021-08-09,Monday,BULL,15115.25,15137.25,15114.5,15130.25,22.75,0.150,STRAIGHT DOWN,STRAIGHT DOWN,STRAIGHT DOWN,REVERSED,2.50,3.75,-0.25,-26.75,-33.50,-27.00,8.50,32.50,19.00,23.75,7.75,7.50,0.030,False,-1
2021-08-10,Tuesday,DOJI,15144.25,15147.5,15134,15142.25,13.50,0.097,WHIPSAW,WHIPSAW,WHIPSAW,DOJI,0.00,-9.75,-17.50,-13.75,-0.50,12.75,11.50,22.75,21.75,17.00,6.25,2.75,0.038,False,1
2021-08-11,Wednesday,DOJI,15098.5,15103.5,15085.75,15096.75,17.75,0.127,WHIPSAW,WHIPSAW,WHIPSAW,DOJI,-1.25,-8.75,11.00,-9.00,-41.75,-30.25,22.25,15.75,53.00,53.50,8.25,-4.00,0.510,False,-1
2021-08-12,Thursday,BEAR,14999.5,15005.25,14977.75,14992.25,27.50,0.190,STRAIGHT DOWN,STRAIGHT DOWN,STRAIGHT DOWN,CONTINUED,5.50,2.75,-0.75,17.50,33.50,19.00,26.00,7.25,-23.00,-8.50,9.75,4.50,0.107,False,-1
2021-08-13,Friday,DOJI,15088.75,15093.75,15079,15086.75,14.75,0.104,WHIPSAW,WHIPSAW,WHIPSAW,DOJI,-1.75,-12.25,-8.25,-7.25,3.00,11.50,8.50,16.00,12.50,11.75,11.00,0.25,0.019,False,1
2021-08-16,Monday,BULL,15079.5,15088.25,15076.5,15081.75,11.75,0.083,STRAIGHT UP,STRAIGHT UP,WHIPSAW,CONTINUED,12.25,16.50,5.00,11.25,14.50,-52.50,24.25,0.75,-47.50,-41.00,6.50,-6.50,0.073,False,1
2021-08-17,Tuesday,BEAR,15018,15020.75,14984.25,14992,36.50,0.275,WHIPSAW,WHIPSAW,WHIPSAW,REVERSED,12.25,7.00,-1.50,-6.25,-36.00,28.50,20.50,18.50,-116.25,-116.25,-30.25,-10.75,0.196,False,1
2021-08-18,Wednesday,BULL,14978.75,14989.25,14964.25,14982.75,25.00,0.189,WHIPSAW,STRAIGHT UP,STRAIGHT UP,NO FOLLOW-THROUGH,18.00,13.25,10.25,-3.50,17.50,33.00,26.00,7.00,-20.25,7.75,-2.50,-2.25,0.097,False,-1
2021-08-19,Thursday,BULL,14774.75,14798,14763.5,14798,34.50,0.249,STRAIGHT UP,WHIPSAW,WHIPSAW,CONTINUED,24.25,12.25,12.00,35.50,-8.75,28.25,35.75,1.25,-83.00,-66.00,35.50,-4.25,0.087,False,-1
2021-08-20,Friday,BEAR,14973.5,14976.75,14961.75,14969.75,15.00,0.102,WHIPSAW,STRAIGHT UP,STRAIGHT UP,REVERSED,6.25,-15.00,-19.00,-17.75,-35.25,-72.25,10.50,26.25,45.50,29.75,16.00,3.50,0.064,False,1
2021-08-23,Monday,BULL,15127.25,15145,15124.75,15141.75,20.25,0.136,STRAIGHT UP,STRAIGHT UP,STRAIGHT UP,CONTINUED,7.00,17.25,12.75,14.75,49.50,52.75,19.75,0.00,44.00,34.75,3.00,-1.75,0.059,False,1
2021-08-24,Tuesday,BULL,15333,15353.5,15322.5,15349.25,31.00,0.207,STRAIGHT DOWN,STRAIGHT DOWN,STRAIGHT DOWN,REVERSED,-3.25,-20.75,-12.75,-30.25,-8.25,-16.50,1.00,34.50,25.50,6.00,9.50,2.25,0.043,False,1
2021-08-25,Wednesday,DOJI,15365.5,15380,15363.25,15367.75,16.75,0.114,WHIPSAW,UP (CHOPPY),SIDEWAYS,DOJI,13.50,6.75,12.00,13.00,13.75,2.00,18.00,7.00,9.25,4.50,-0.25,2.25,0.087,False,1
2021-08-26,Thursday,BULL,15335.25,15355.75,15335.25,15351.75,20.50,0.142,WHIPSAW,WHIPSAW,DOWN (CHOPPY),REVERSED,-0.75,1.75,-0.75,-10.25,1.75,-15.00,8.25,10.25,-27.25,-32.25,7.25,3.50,0.045,False,-1
2021-08-27,Friday,BULL,15301,15314.25,15296,15313,18.25,0.126,WHIPSAW,WHIPSAW,WHIPSAW,CONTINUED,7.75,8.75,7.00,8.50,0.75,17.75,19.25,7.25,26.00,14.25,-27.25,-12.50,0.076,False,-1
2021-08-30,Monday,BULL,15455.75,15473.75,15455.25,15470.75,18.50,0.123,STRAIGHT UP,STRAIGHT UP,STRAIGHT UP,CONTINUED,4.75,10.75,12.50,19.25,27.75,53.00,24.75,5.50,30.25,24.00,6.00,8.00,0.018,False,1
2021-08-31,Tuesday,BEAR,15607.25,15609,15576.5,15581.5,32.50,0.215,STRAIGHT DOWN,STRAIGHT DOWN,STRAIGHT DOWN,CONTINUED,24.75,9.25,18.00,38.00,27.00,47.25,44.00,1.75,11.25,3.50,21.50,8.75,0.060,False,1
2021-09-01,Wednesday,DOJI,15630,15638.75,15622,15629.5,16.75,0.114,STRAIGHT UP,STRAIGHT UP,STRAIGHT UP,DOJI,24.00,22.25,36.00,33.25,45.25,49.00,40.25,4.00,44.25,28.25,-4.75,-4.25,0.043,False,-1
2021-09-02,Thursday,BULL,15668.5,15679,15659.25,15677.5,19.75,0.138,STRAIGHT DOWN,DOWN (CHOPPY),STRAIGHT DOWN,REVERSED,-3.00,-2.75,-8.50,-10.50,-8.50,-22.50,3.00,16.50,57.00,59.50,11.25,9.00,0.095,False,-1
2021-09-03,Friday,BULL,15555,15610,15554.75,15587.75,55.25,0.376,WHIPSAW,WHIPSAW,WHIPSAW,REVERSED,-1.25,10.00,-10.25,-19.50,7.25,55.75,14.50,24.25,-46.75,-43.75,-52.00,-17.75,0.378,True,-1
2021-09-07,Tuesday,BULL,15654.75,15664.5,15653.75,15662.5,10.75,0.077,STRAIGHT DOWN,STRAIGHT DOWN,STRAIGHT DOWN,REVERSED,1.75,-16.75,-17.00,-27.00,-18.75,-24.50,6.50,36.75,2.00,-46.50,4.25,15.00,0.047,False,1
2021-09-08,Wednesday,BEAR,15666,15667,15650.75,15654.5,16.25,0.121,STRAIGHT DOWN,STRAIGHT DOWN,STRAIGHT DOWN,CONTINUED,4.50,-6.75,9.00,30.25,26.25,18.25,34.50,9.00,-7.00,-5.25,-3.75,1.25,0.046,False,1
2021-09-09,Thursday,BULL,15630.25,15643.75,15625.75,15639.5,18.00,0.137,WHIPSAW,WHIPSAW,WHIPSAW,CONTINUED,-4.75,-13.25,-0.25,9.75,27.50,15.00,21.00,17.75,6.75,20.00,8.75,-0.25,0.072,False,-1
2021-09-10,Friday,BULL,15637.5,15659.75,15637,15658.75,22.75,0.185,WHIPSAW,WHIPSAW,SIDEWAYS,REVERSED,2.75,2.50,0.50,-4.75,-3.25,-8.50,8.75,6.50,75.25,76.25,12.00,8.25,0.047,False,-1
2021-09-13,Monday,DOJI,15546.25,15553.75,15528.25,15548.5,25.50,0.197,WHIPSAW,STRAIGHT DOWN,STRAIGHT DOWN,DOJI,0.00,13.25,1.00,-21.50,-100.25,-98.25,16.50,21.75,101.00,96.25,9.50,-4.00,0.060,False,-1
2021-09-14,Tuesday,BULL,15499.75,15529,15499,15524.5,30.00,0.231,WHIPSAW,STRAIGHT DOWN,STRAIGHT DOWN,REVERSED,-5.50,-10.25,-12.50,-9.75,-50.50,-104.00,6.25,35.75,61.50,47.50,11.00,2.50,0.665,False,-1
2021-09-15,Wednesday,BULL,15413,15438.75,15411.5,15437.75,27.25,0.198,STRAIGHT DOWN,STRAIGHT DOWN,STRAIGHT DOWN,REVERSED,-21.25,-46.00,-44.25,-45.25,-78.00,-80.00,3.25,56.75,23.00,17.25,-5.00,1.75,0.169,False,-1
2021-09-16,Thursday,BEAR,15451.25,15462.25,15426.5,15440.25,35.75,0.242,STRAIGHT UP,WHIPSAW,WHIPSAW,REVERSED,-8.00,-9.75,-40.50,-30.00,10.25,31.50,0.75,42.25,-54.25,-59.00,-16.75,-6.00,0.154,False,1
2021-09-20,Monday,BEAR,15075.75,15076.75,15035.25,15040.5,41.50,0.272,STRAIGHT UP,STRAIGHT UP,STRAIGHT UP,REVERSED,-66.75,-100.50,-79.75,-70.75,-105.00,-66.25,3.00,102.00,-442.25,-209.25,5.50,-22.25,0.085,False,1
2021-09-21,Tuesday,BEAR,15082,15098,15047.5,15052.5,50.50,0.306,WHIPSAW,STRAIGHT UP,WHIPSAW,REVERSED,6.75,7.50,20.50,-5.75,-59.50,-10.50,24.50,19.50,72.25,91.00,4.50,8.00,0.083,False,-1
2021-09-22,Wednesday,BEAR,15061.75,15071.5,15046,15052.75,25.50,0.155,STRAIGHT DOWN,STRAIGHT DOWN,WHIPSAW,CONTINUED,14.75,24.00,12.50,25.25,24.00,-27.25,28.75,8.75,45.00,69.50,-24.00,1.50,0.041,False,-1
2021-09-23,Thursday,BULL,15211,15229.25,15199.25,15226,30.00,0.173,STRAIGHT DOWN,WHIPSAW,WHIPSAW,REVERSED,-8.25,-5.75,-24.25,-32.50,35.50,59.75,7.25,44.00,47.75,33.25,3.00,10.00,0.104,False,1
2021-09-24,Friday,BEAR,15206.25,15211.25,15192,15197.25,19.25,0.108,WHIPSAW,STRAIGHT UP,STRAIGHT UP,REVERSED,-18.50,-6.00,-1.00,-13.50,-25.25,-62.00,7.50,27.50,-92.25,-92.50,17.50,10.50,0.079,False,1
2021-09-27,Monday,BULL,15185,15205.5,15177,15201.5,28.50,0.159,STRAIGHT DOWN,STRAIGHT DOWN,STRAIGHT DOWN,REVERSED,7.75,-27.25,-38.25,-60.00,-92.75,-91.25,13.25,67.00,-131.00,-134.00,-14.00,-9.00,0.148,False,1
2021-09-28,Tuesday,BULL,15001.25,15025,14982.25,15019.75,42.75,0.236,STRAIGHT DOWN,STRAIGHT DOWN,STRAIGHT DOWN,REVERSED,-1.25,-4.50,-32.75,-49.00,-90.00,-90.00,11.50,55.75,-195.00,-171.75,36.50,2.25,0.073,False,1
2021-09-29,Wednesday,BULL,14817.75,14831.5,14801.5,14823.25,30.00,0.154,STRAIGHT UP,WHIPSAW,STRAIGHT UP,CONTINUED,12.50,20.50,5.75,13.25,-26.25,79.75,29.50,2.50,48.75,48.00,-27.50,0.50,0.054,False,-1
2021-09-30,Thursday,BULL,14810,14837.75,14806.75,14827.75,31.00,0.156,STRAIGHT UP,SIDEWAYS,SIDEWAYS,CONTINUED,18.25,19.00,19.00,38.75,-7.25,10.00,40.50,3.25,67.25,47.75,6.25,7.00,0.089,False,-1
2021-10-01,Friday,BULL,14709.75,14735.25,14706.75,14733.5,28.50,0.139,STRAIGHT DOWN,STRAIGHT DOWN,STRAIGHT DOWN,REVERSED,-34.75,-44.75,-50.25,-33.00,-94.25,-99.00,1.50,65.50,31.00,9.50,7.50,-3.00,0.138,False,-1
2021-10-04,Monday,BEAR,14704.5,14707,14688,14696.5,19.00,0.091,WHIPSAW,STRAIGHT DOWN,STRAIGHT DOWN,CONTINUED,-15.50,9.25,12.75,40.00,107.75,111.50,48.50,23.50,-57.25,-111.75,-17.50,2.00,0.078,False,1
2021-10-05,Tuesday,BULL,14507,14536.75,14505,14527.5,31.75,0.146,STRAIGHT UP,WHIPSAW,STRAIGHT UP,CONTINUED,31.50,22.25,12.25,41.50,31.75,62.25,43.75,12.50,40.25,18.00,-12.00,9.00,0.049,False,-1
2021-10-06,Wednesday,DOJI,14521.75,14526.75,14511.25,14520.5,15.50,0.069,STRAIGHT UP,STRAIGHT UP,SIDEWAYS,DOJI,31.00,25.00,24.00,62.00,101.00,3.00,62.50,4.25,-131.75,-140.25,13.75,-6.75,0.037,False,1
2021-10-07,Thursday,BEAR,14882,14889,14859.25,14877.5,29.75,0.130,STRAIGHT UP,STRAIGHT UP,STRAIGHT UP,REVERSED,-25.00,-34.50,-40.25,-62.00,-44.75,-79.00,4.50,71.50,128.25,115.25,-31.25,2.50,0.047,False,1
2021-10-08,Friday,BEAR,14932.75,14943.25,14905.75,14909.75,37.50,0.165,WHIPSAW,WHIPSAW,WHIPSAW,CONTINUED,-13.50,-17.00,0.50,39.00,27.75,29.50,42.50,20.75,55.75,39.00,-34.75,-7.25,0.212,True,-1
2021-10-11,Monday,BEAR,14748.5,14756,14733.25,14743,22.75,0.107,WHIPSAW,STRAIGHT UP,STRAIGHT UP,REVERSED,11.50,-23.50,-39.75,-42.50,-93.50,-132.50,21.50,51.25,-62.00,-61.75,16.00,0.25,0.092,False,-1
2021-10-12,Tuesday,BEAR,14759.75,14765,14742.5,14750.25,22.50,0.104,WHIPSAW,STRAIGHT DOWN,STRAIGHT DOWN,REVERSED,23.00,35.25,-11.50,-21.00,82.50,65.75,45.75,28.50,59.25,71.75,14.75,2.00,0.071,False,-1
2021-10-13,Wednesday,BEAR,14746.75,14754.5,14732.75,14734.75,21.75,0.103,STRAIGHT UP,WHIPSAW,WHIPSAW,REVERSED,-31.25,10.25,-0.25,-37.25,-14.00,25.75,17.00,40.50,97.75,151.75,64.75,7.50,0.283,False,-1
2021-10-14,Thursday,BEAR,14919.75,14926.75,14902.5,14903.25,24.25,0.115,WHIPSAW,STRAIGHT UP,STRAIGHT UP,NO FOLLOW-THROUGH,-8.75,-8.00,1.25,-3.00,-26.50,-51.50,9.50,12.00,155.00,149.25,-1.25,1.50,0.152,False,1
2021-10-15,Friday,BEAR,15089,15100,15069,15071.25,31.00,0.147,STRAIGHT DOWN,WHIPSAW,SIDEWAYS,CONTINUED,13.25,6.00,9.00,8.00,7.00,-2.25,22.00,2.00,53.75,24.75,5.75,7.75,0.062,False,1
2021-10-18,Monday,BEAR,15077,15086,15062.5,15067.75,23.50,0.113,WHIPSAW,STRAIGHT UP,STRAIGHT UP,CONTINUED,-20.50,-19.00,-11.25,14.00,-41.50,-67.25,16.00,24.75,-55.75,-69.50,10.00,5.75,0.057,False,1
2021-10-19,Tuesday,BEAR,15330.25,15337,15316,15320.75,21.00,0.103,WHIPSAW,WHIPSAW,WHIPSAW,CONTINUED,-1.50,-6.50,5.50,14.75,-8.25,-1.25,18.50,15.75,44.25,39.75,1.25,6.00,0.045,False,1
2021-10-20,Wednesday,DOJI,15419,15429.5,15413.25,15418.25,16.25,0.082,STRAIGHT DOWN,WHIPSAW,WHIPSAW,DOJI,-4.00,-5.50,3.00,-12.75,4.50,-27.00,6.00,14.75,19.00,9.00,6.50,7.75,0.038,False,1
2021-10-21,Thursday,BULL,15346.75,15366.25,15342.5,15360.75,23.75,0.124,SIDEWAYS,WHIPSAW,WHIPSAW,NO FOLLOW-THROUGH,-22.25,-13.75,-9.00,-5.50,15.00,20.00,4.00,26.50,-34.75,-11.25,8.75,1.75,0.083,False,-1
2021-10-22,Friday,BEAR,15422.5,15424,15404.5,15412.75,19.50,0.107,STRAIGHT UP,STRAIGHT UP,WHIPSAW,REVERSED,-11.75,-6.50,-19.25,-31.50,-30.75,-9.00,5.00,33.50,-50.75,37.25,-13.50,-5.00,0.023,False,1
2021-10-25,Monday,DOJI,15405.25,15410,15393.25,15407,16.75,0.098,STRAIGHT UP,WHIPSAW,WHIPSAW,DOJI,6.50,16.00,15.00,13.50,-43.00,-8.75,25.50,5.75,64.25,79.75,22.50,5.75,0.064,False,-1
2021-10-26,Tuesday,BEAR,15598,15603.75,15580.25,15586.75,23.50,0.140,STRAIGHT UP,STRAIGHT UP,STRAIGHT UP,REVERSED,-9.00,-25.75,-39.00,-25.25,-66.25,-56.50,3.75,45.75,99.00,54.25,11.00,8.50,0.030,False,1
2021-10-27,Wednesday,BULL,15570.75,15601.5,15568.75,15586,32.75,0.202,WHIPSAW,WHIPSAW,WHIPSAW,REVERSED,-5.00,2.50,0.00,-6.00,44.00,45.50,14.50,23.75,28.75,47.50,5.50,-3.75,0.140,False,-1
2021-10-28,Thursday,BULL,15669,15680.25,15661.75,15673.25,18.50,0.113,WHIPSAW,WHIPSAW,WHIPSAW,REVERSED,-6.75,-3.25,5.50,-20.50,9.75,-11.50,14.00,21.25,85.75,72.75,3.50,1.00,0.112,False,1
2021-10-29,Friday,BULL,15631.25,15646.5,15616,15644,30.50,0.188,WHIPSAW,WHIPSAW,STRAIGHT UP,NO FOLLOW-THROUGH,4.25,4.00,-4.25,-3.25,22.75,30.75,9.50,11.00,-127.75,-45.00,6.50,-2.50,0.129,False,1
2021-11-01,Monday,DOJI,15858,15868.5,15843.5,15854.5,25.00,0.152,STRAIGHT DOWN,STRAIGHT DOWN,STRAIGHT DOWN,DOJI,-14.75,-10.75,-14.25,-28.75,-24.75,-61.25,3.00,32.25,22.25,-17.50,-9.75,-8.00,0.076,False,1
2021-11-02,Tuesday,BULL,15865.75,15882,15864.25,15872,17.75,0.109,STRAIGHT UP,STRAIGHT UP,STRAIGHT UP,CONTINUED,12.25,9.00,3.75,17.00,71.00,84.50,24.25,4.25,-28.00,-25.25,-2.25,-8.00,0.042,False,1
2021-11-03,Wednesday,BEAR,15980.25,15997.5,15971.5,15972.25,26.00,0.161,STRAIGHT DOWN,WHIPSAW,SIDEWAYS,CONTINUED,-8.25,6.75,14.75,21.50,-3.25,6.75,22.25,10.00,18.25,21.50,2.00,-4.50,0.062,False,1
2021-11-04,Thursday,BEAR,16179.75,16182.5,16163.5,16166,19.00,0.115,WHIPSAW,STRAIGHT UP,STRAIGHT UP,REVERSED,-4.00,-1.50,-13.00,-9.00,-42.50,-73.75,9.00,14.00,50.00,49.50,-5.25,2.75,0.073,False,1
2021-11-05,Friday,BEAR,16410.5,16417,16390.25,16405.25,26.75,0.154,STRAIGHT UP,STRAIGHT UP,WHIPSAW,REVERSED,-9.75,-17.00,-13.25,-27.00,-19.50,-12.75,4.50,34.75,75.75,74.75,29.50,-8.75,0.305,True,1
2021-11-08,Monday,BEAR,16350,16357.25,16332.25,16345.5,25.00,0.149,STRAIGHT UP,SIDEWAYS,WHIPSAW,REVERSED,-16.50,-14.25,-16.00,-38.50,-4.25,18.00,4.00,40.75,-1.25,49.50,-5.25,-23.00,0.045,False,-1
2021-11-09,Tuesday,BULL,16375.5,16391,16373,16379.75,18.00,0.108,WHIPSAW,WHIPSAW,STRAIGHT DOWN,REVERSED,1.50,-4.00,-8.50,-20.00,-13.25,-144.25,12.00,25.75,46.25,62.25,-0.25,-9.25,0.072,False,-1
2021-11-10,Wednesday,DOJI,16101.75,16107.5,16076,16099.5,31.50,0.181,WHIPSAW,WHIPSAW,WHIPSAW,DOJI,-15.25,-51.75,-41.25,3.75,27.50,78.00,9.75,58.00,-115.50,-100.50,-2.75,-19.50,0.332,False,-1
2021-11-11,Thursday,BEAR,16102.25,16110.5,16089,16091.5,21.50,0.115,WHIPSAW,WHIPSAW,WHIPSAW,REVERSED,-6.50,6.25,9.75,-6.25,21.75,0.50,16.75,16.25,124.00,112.25,-6.25,4.75,0.046,False,-1
2021-11-12,Friday,BEAR,16069.75,16076.5,16062.5,16064.25,14.00,0.077,WHIPSAW,STRAIGHT DOWN,STRAIGHT DOWN,CONTINUED,3.75,-9.25,5.50,18.00,34.25,30.50,18.00,13.75,47.25,27.75,4.75,-6.75,0.028,False,-1
2021-11-15,Monday,BEAR,16241,16243,16213,16227,30.00,0.167,WHIPSAW,WHIPSAW,WHIPSAW,REVERSED,-1.00,-2.25,-14.75,-7.75,2.75,6.25,12.00,20.25,51.25,29.50,-17.50,-13.75,0.049,False,1
2021-11-16,Tuesday,BEAR,16157,16170.5,16150.5,16151.25,20.00,0.112,STRAIGHT UP,STRAIGHT UP,STRAIGHT UP,REVERSED,-29.75,-32.25,-37.50,-77.75,-81.75,-82.00,2.25,80.25,-31.75,-41.50,-12.75,-2.50,0.140,False,-1
2021-11-17,Wednesday,DOJI,16315.25,16322.5,16310.25,16316.75,12.25,0.068,SIDEWAYS,SIDEWAYS,STRAIGHT DOWN,DOJI,-16.75,-20.25,-9.00,-5.00,-2.75,-21.25,2.25,24.25,10.50,18.25,6.00,1.00,0.038,False,1
2021-11-18,Thursday,BEAR,16398,16402.5,16380.75,16383.25,21.75,0.122,STRAIGHT DOWN,WHIPSAW,WHIPSAW,CONTINUED,10.50,14.50,16.25,17.75,-1.00,-7.25,29.75,3.25,84.25,75.75,0.25,-0.25,0.045,False,-1
2021-11-19,Friday,BEAR,16549.75,16559.75,16538,16541,21.75,0.123,SIDEWAYS,WHIPSAW,STRAIGHT UP,NO FOLLOW-THROUGH,21.50,8.50,13.00,-0.25,-32.75,-64.50,24.75,5.00,68.50,43.50,-17.50,7.75,0.081,False,1
2021-11-22,Monday,BULL,16638.5,16653.5,16638.25,16652.75,15.25,0.087,STRAIGHT UP,STRAIGHT UP,STRAIGHT UP,CONTINUED,17.25,17.25,22.25,22.25,47.75,84.75,38.50,6.00,65.75,39.00,-12.25,1.00,0.043,False,1
2021-11-23,Tuesday,BULL,16330.75,16345.75,16326.25,16340.5,19.50,0.100,STRAIGHT DOWN,WHIPSAW,WHIPSAW,REVERSED,-24.25,-29.25,-35.25,-47.75,25.00,29.50,6.25,57.75,-53.00,-69.00,-20.75,-20.50,0.090,False,-1
2021-11-24,Wednesday,BEAR,16198.75,16208,16177.75,16178.75,30.25,0.150,STRAIGHT DOWN,STRAIGHT DOWN,WHIPSAW,CONTINUED,13.75,25.50,23.50,16.00,49.25,-28.00,41.75,6.75,-106.75,-99.75,5.50,5.00,0.129,False,-1
2021-11-29,Monday,BULL,16239.25,16272.5,16238,16267.5,34.50,0.169,STRAIGHT DOWN,STRAIGHT DOWN,WHIPSAW,REVERSED,-9.75,-41.25,-35.50,-36.25,-44.75,31.25,13.50,57.50,-122.75,193.50,1.50,2.50,0.066,False,1
2021-11-30,Tuesday,BEAR,16355.5,16357,16329,16339.75,28.00,0.134,WHIPSAW,WHIPSAW,STRAIGHT UP,REVERSED,6.50,-26.00,-20.75,-11.75,-21.00,-87.25,14.75,32.50,-35.25,-62.75,-2.00,-15.50,0.075,False,1
2021-12-01,Wednesday,BEAR,16338.5,16354,16319.5,16323.5,34.50,0.149,STRAIGHT DOWN,SIDEWAYS,WHIPSAW,CONTINUED,7.00,21.00,17.00,34.25,8.75,-17.50,52.75,3.75,192.25,103.25,-6.50,-4.25,0.052,False,-1
2021-12-02,Thursday,BULL,15824.25,15846.5,15787,15845.75,59.50,0.233,WHIPSAW,STRAIGHT UP,STRAIGHT UP,CONTINUED,-7.75,21.75,13.00,24.00,95.50,108.75,28.00,30.50,-50.75,-66.75,-10.00,-9.50,0.095,False,-1
2021-12-03,Friday,BEAR,16046.5,16060.75,16023.25,16025.5,37.50,0.148,WHIPSAW,WHIPSAW,STRAIGHT DOWN,CONTINUED,-34.50,-54.25,-40.50,31.75,66.50,182.25,33.00,65.25,55.50,27.25,-1.50,7.50,0.358,True,1
2021-12-06,Monday,BULL,15734.25,15760.75,15723.75,15747,37.00,0.130,STRAIGHT DOWN,STRAIGHT DOWN,STRAIGHT DOWN,REVERSED,-60.25,-84.75,-83.50,-145.25,-100.25,-75.75,0.00,150.50,17.50,29.75,21.50,-9.25,0.087,False,-1
2021-12-07,Tuesday,BULL,16119.25,16141.5,16119,16132.25,22.50,0.076,STRAIGHT UP,STRAIGHT UP,STRAIGHT UP,CONTINUED,0.25,16.25,19.75,38.50,49.50,90.75,45.00,4.75,275.50,270.50,-1.75,11.00,0.044,False,1
2021-12-08,Wednesday,BEAR,16330.25,16334,16295,16301.25,39.00,0.131,WHIPSAW,WHIPSAW,WHIPSAW,NO FOLLOW-THROUGH,40.50,28.50,13.50,-2.50,-19.00,9.50,47.25,16.00,9.00,-34.00,-3.50,3.75,0.050,False,1
2021-12-09,Thursday,BULL,16336.5,16354,16334.75,16342.25,19.25,0.065,STRAIGHT UP,STRAIGHT UP,SIDEWAYS,CONTINUED,20.50,24.50,42.00,50.50,69.50,1.50,55.50,1.25,-51.75,-44.25,12.50,-1.00,0.065,False,1
2021-12-10,Friday,BULL,16265,16287,16260.25,16269.5,26.75,0.087,WHIPSAW,WHIPSAW,WHIPSAW,CONTINUED,14.75,19.50,24.00,10.00,-41.25,-22.50,51.00,14.25,116.75,106.00,-16.75,-14.50,0.503,False,-1
2021-12-13,Monday,BEAR,16325.5,16337.5,16304.5,16311.5,33.00,0.107,SIDEWAYS,WHIPSAW,STRAIGHT DOWN,NO FOLLOW-THROUGH,15.00,24.00,18.50,0.50,-7.50,43.75,43.75,8.00,-0.25,4.00,-58.25,-37.50,0.020,False,1
2021-12-14,Tuesday,DOJI,15884.5,15898,15858.25,15884.5,39.75,0.125,STRAIGHT UP,STRAIGHT UP,STRAIGHT UP,DOJI,41.50,36.50,21.25,43.75,95.25,50.00,49.75,2.50,-205.50,-208.25,-28.50,-8.50,0.237,False,-1
2021-12-15,Wednesday,BULL,15911.75,15922.25,15899.75,15921.75,22.50,0.073,WHIPSAW,STRAIGHT DOWN,STRAIGHT DOWN,NO FOLLOW-THROUGH,-37.00,-40.50,-35.50,-0.50,-37.75,-93.25,10.25,58.50,-16.00,-21.00,4.00,-2.75,0.157,False,1
2021-12-16,Thursday,BEAR,16326.5,16336.25,16307.75,16307.75,28.50,0.087,WHIPSAW,WHIPSAW,STRAIGHT DOWN,NO FOLLOW-THROUGH,9.00,-8.50,16.25,-6.25,40.75,140.00,20.50,38.00,39.50,38.50,-20.25,-13.75,0.057,False,1
2021-12-20,Monday,BULL,15577,15592,15554.75,15589.25,37.25,0.107,WHIPSAW,WHIPSAW,WHIPSAW,CONTINUED,-30.75,3.25,-25.25,18.00,21.00,43.75,25.75,46.50,-289.00,-232.75,14.00,-11.00,0.051,False,-1
2021-12-21,Tuesday,BULL,15761.75,15784,15757.5,15769.75,26.50,0.077,WHIPSAW,STRAIGHT DOWN,STRAIGHT DOWN,REVERSED,0.50,9.75,23.75,-20.25,-63.50,-85.00,29.00,41.00,136.50,83.00,-40.00,-3.25,0.054,False,1
2021-12-22,Wednesday,BEAR,15962.25,15963,15933.75,15954.25,29.25,0.086,WHIPSAW,STRAIGHT UP,STRAIGHT UP,NO FOLLOW-THROUGH,-2.50,15.00,15.25,-8.50,-62.75,-61.50,17.25,17.25,-11.25,-17.75,26.50,10.00,0.048,False,1
2021-12-23,Thursday,DOJI,16183.5,16198.5,16181.25,16185.25,17.25,0.054,STRAIGHT UP,STRAIGHT UP,STRAIGHT UP,DOJI,3.75,24.50,16.00,36.50,18.25,59.25,38.50,8.75,15.50,2.75,-9.25,-15.00,0.046,False,1
2021-12-27,Monday,BULL,16347,16383.5,16344.5,16379.75,39.00,0.126,STRAIGHT UP,STRAIGHT UP,STRAIGHT UP,CONTINUED,13.25,21.25,25.75,49.25,44.25,63.25,50.25,5.00,52.25,42.75,-28.25,-18.75,0.019,False,1
2021-12-28,Tuesday,BEAR,16600.25,16611.5,16580.25,16589.75,31.25,0.109,STRAIGHT DOWN,STRAIGHT DOWN,SIDEWAYS,CONTINUED,22.50,18.25,24.75,47.50,20.00,12.50,47.50,0.50,40.00,30.00,-11.50,7.00,0.024,False,1
2021-12-29,Wednesday,BULL,16496.25,16531.5,16493.5,16520,38.00,0.139,SIDEWAYS,WHIPSAW,WHIPSAW,NO FOLLOW-THROUGH,10.50,6.00,11.50,2.50,-25.00,-24.50,25.25,7.50,2.00,-22.00,10.25,-7.25,0.038,False,-1
2021-12-30,Thursday,BULL,16475.5,16490.75,16462.75,16484,28.00,0.104,STRAIGHT UP,WHIPSAW,WHIPSAW,CONTINUED,4.25,9.50,17.00,22.25,-2.25,25.75,29.00,8.00,-13.75,-11.75,-33.25,-31.25,0.029,False,-1
2021-12-31,Friday,BULL,16407.75,16424.5,16406,16417,18.50,0.069,STRAIGHT UP,SIDEWAYS,WHIPSAW,CONTINUED,28.50,19.25,30.00,37.00,8.25,-20.50,47.00,1.00,-20.00,-22.75,-20.25,-12.50,0.019,False,-1
2022-01-03,Monday,BULL,16382.75,16413,16378.5,16406,34.50,0.132,STRAIGHT UP,STRAIGHT UP,WHIPSAW,CONTINUED,21.75,23.25,34.50,27.00,20.25,-55.25,43.00,8.25,58.25,27.75,-4.50,-12.00,0.056,False,-1
2022-01-04,Tuesday,BEAR,16509.75,16512.25,16488.75,16496,23.50,0.090,STRAIGHT DOWN,SIDEWAYS,STRAIGHT DOWN,CONTINUED,-2.75,10.00,22.25,18.00,8.75,50.25,27.50,5.50,20.25,13.50,-13.25,-9.25,0.057,False,1
2022-01-05,Wednesday,BEAR,16200.25,16211.5,16177.75,16187.25,33.75,0.126,STRAIGHT DOWN,WHIPSAW,WHIPSAW,CONTINUED,7.25,61.50,52.75,61.00,11.00,-41.25,84.25,29.50,-72.00,-65.75,-23.00,-11.75,0.058,False,-1
2022-01-06,Thursday,BULL,15691,15719.75,15672,15707,47.75,0.168,STRAIGHT UP,STRAIGHT UP,WHIPSAW,CONTINUED,19.25,43.50,59.75,86.25,110.00,-24.00,111.00,1.00,-73.75,-70.75,-2.75,-39.25,0.109,False,-1
2022-01-07,Friday,DOJI,15757.5,15777.75,15723,15753.75,54.75,0.206,STRAIGHT DOWN,WHIPSAW,WHIPSAW,DOJI,1.50,-10.75,-40.75,-54.00,62.00,25.25,12.75,66.50,-0.75,-43.75,79.50,18.25,0.362,True,1
2022-01-10,Monday,BULL,15377.5,15404.75,15358.75,15395.75,46.00,0.184,STRAIGHT DOWN,STRAIGHT DOWN,STRAIGHT DOWN,REVERSED,-36.00,-65.25,-66.50,-80.00,-95.00,-141.00,19.25,90.75,-207.50,-212.00,-7.75,18.00,0.122,False,-1
2022-01-11,Tuesday,BEAR,15565,15578,15546,15546.25,32.00,0.118,WHIPSAW,WHIPSAW,WHIPSAW,REVERSED,29.00,-4.25,16.50,-14.50,40.00,-32.00,38.50,21.00,-39.25,-51.50,-33.75,-7.25,0.065,False,1
2022-01-12,Wednesday,BEAR,15939,15952.5,15926.5,15934.5,26.00,0.096,SIDEWAYS,WHIPSAW,WHIPSAW,NO FOLLOW-THROUGH,-28.50,-47.25,-53.75,-2.50,26.25,-30.25,0.25,58.00,107.00,112.75,-30.75,-16.50,0.296,False,1
2022-01-13,Thursday,DOJI,15950,15965.5,15933,15948.5,32.50,0.121,WHIPSAW,WHIPSAW,WHIPSAW,DOJI,-9.50,10.25,11.50,-9.00,-6.00,-21.00,19.00,16.50,54.50,48.75,9.75,2.75,0.162,False,-1
2022-01-14,Friday,BULL,15388.75,15416.5,15379.75,15414.75,36.75,0.126,STRAIGHT UP,STRAIGHT UP,STRAIGHT UP,CONTINUED,24.00,37.25,24.00,49.75,122.00,129.25,53.25,5.00,-108.50,-117.25,33.00,18.00,0.165,False,-1
2022-01-18,Tuesday,BEAR,15347.25,15372,15325.75,15332.5,46.25,0.158,STRAIGHT DOWN,WHIPSAW,WHIPSAW,CONTINUED,34.75,14.75,10.25,44.50,-2.00,14.25,51.25,10.25,-245.75,-212.50,-26.00,-1.50,0.115,False,1
2022-01-19,Wednesday,BULL,15267,15298.75,15259.25,15280.75,39.50,0.131,WHIPSAW,WHIPSAW,STRAIGHT UP,NO FOLLOW-THROUGH,22.50,17.00,-0.75,6.00,35.75,64.50,34.75,29.25,54.75,26.75,-46.75,-4.50,0.121,False,-1
2022-01-20,Thursday,BULL,15168.75,15193.75,15160.5,15188.5,33.25,0.106,WHIPSAW,STRAIGHT UP,STRAIGHT UP,NO FOLLOW-THROUGH,23.75,21.00,20.75,-6.50,54.75,92.25,33.50,12.00,131.50,127.00,-18.75,-12.75,0.129,False,-1
2022-01-21,Friday,BEAR,14746,14749,14706.5,14736.5,42.50,0.125,STRAIGHT UP,WHIPSAW,WHIPSAW,REVERSED,-45.00,-44.75,-66.50,-49.50,41.75,77.00,0.75,82.25,-91.00,8.75,30.00,45.25,0.082,False,-1
2022-01-24,Monday,BEAR,14190.75,14192.25,14143,14161.75,49.25,0.136,STRAIGHT UP,WHIPSAW,WHIPSAW,REVERSED,-23.00,-25.25,-40.00,-40.75,30.75,23.75,19.75,69.25,-224.75,-219.25,23.25,21.25,0.055,False,-1
2022-01-25,Tuesday,DOJI,14220.25,14256.25,14199,14223.5,57.25,0.142,WHIPSAW,WHIPSAW,WHIPSAW,DOJI,30.75,-36.00,29.00,17.25,-77.00,-106.50,42.00,39.50,-284.25,-275.00,12.75,1.25,0.103,False,1
2022-01-26,Wednesday,BULL,14475.75,14499.75,14458.5,14487.5,41.25,0.102,STRAIGHT DOWN,STRAIGHT DOWN,SIDEWAYS,REVERSED,-25.00,-46.25,-75.50,-91.00,-113.75,-13.00,5.75,95.75,324.25,530.00,10.00,44.50,0.089,False,-1
2022-01-27,Thursday,BEAR,14333.25,14346.75,14302,14323.5,44.75,0.107,STRAIGHT DOWN,WHIPSAW,WHIPSAW,CONTINUED,12.00,-20.00,-1.50,52.00,-16.25,29.75,56.75,22.00,185.00,155.50,37.25,19.50,0.121,False,-1
2022-01-28,Friday,BULL,14067.75,14102.25,14064.25,14099.25,38.00,0.088,STRAIGHT DOWN,STRAIGHT DOWN,STRAIGHT DOWN,REVERSED,-55.50,-87.25,-116.50,-168.25,-207.00,-215.75,2.25,176.00,80.25,-73.75,56.50,38.75,0.283,False,-1
2022-01-31,Monday,BULL,14487.75,14502,14476.5,14494.75,25.50,0.057,WHIPSAW,WHIPSAW,WHIPSAW,CONTINUED,-58.25,-69.25,-37.75,32.75,66.75,149.00,41.75,78.50,53.75,37.50,16.00,29.00,0.093,False,1
2022-02-01,Tuesday,BEAR,14943.5,14952,14898,14901.5,54.00,0.120,WHIPSAW,STRAIGHT DOWN,STRAIGHT DOWN,NO FOLLOW-THROUGH,14.50,11.25,19.75,-5.25,97.50,120.50,36.00,17.25,47.75,77.75,-6.25,2.75,0.049,False,1
2022-02-02,Wednesday,BEAR,15167.5,15172.25,15121,15129.75,51.25,0.115,SIDEWAYS,WHIPSAW,WHIPSAW,NO FOLLOW-THROUGH,10.00,24.50,17.75,-0.75,44.50,2.25,37.75,8.25,176.50,38.75,-4.50,-3.50,0.031,False,1
2022-02-03,Thursday,BULL,14704.5,14730.75,14677.25,14716.25,53.50,0.120,WHIPSAW,WHIPSAW,SIDEWAYS,CONTINUED,3.50,12.75,26.75,42.00,16.75,-5.75,48.75,26.50,-409.00,-151.75,4.50,-5.75,0.077,False,-1
2022-02-04,Friday,BULL,14518.25,14565.5,14516,14529.25,49.50,0.113,STRAIGHT DOWN,WHIPSAW,WHIPSAW,REVERSED,-23.00,-54.00,-39.50,-81.25,63.50,77.75,15.25,91.50,14.50,-258.50,99.50,26.00,0.364,True,-1
2022-02-07,Monday,BEAR,14707.25,14718.75,14685,14696,33.75,0.075,WHIPSAW,STRAIGHT UP,STRAIGHT UP,REVERSED,-7.75,-16.00,15.25,-23.00,-70.75,-73.00,25.75,29.75,26.00,32.75,-20.75,-12.75,0.050,False,1
2022-02-08,Tuesday,BULL,14515.5,14543.5,14505.5,14543,38.00,0.084,WHIPSAW,WHIPSAW,WHIPSAW,NO FOLLOW-THROUGH,9.00,0.25,-16.75,-4.25,-4.50,-47.75,20.75,42.00,-50.00,-88.25,-13.25,-2.00,0.038,False,-1
2022-02-09,Wednesday,BEAR,14919,14925,14904.5,14913.75,20.50,0.046,WHIPSAW,WHIPSAW,WHIPSAW,CONTINUED,7.75,-3.25,-15.25,13.50,4.00,23.50,25.25,22.50,185.50,175.00,1.00,-1.50,0.022,False,1
2022-02-10,Thursday,BULL,14742.75,14762,14735.25,14754.75,26.75,0.063,STRAIGHT UP,STRAIGHT UP,STRAIGHT UP,CONTINUED,15.00,21.25,25.50,47.00,87.50,148.75,49.50,2.75,-300.00,-316.75,-60.50,2.50,0.486,False,1
2022-02-11,Friday,BULL,14700.25,14728.5,14697.75,14723.25,30.75,0.073,WHIPSAW,WHIPSAW,WHIPSAW,REVERSED,13.00,17.25,22.00,-48.50,3.25,-72.75,27.25,48.75,-2.00,0.00,-20.25,7.75,0.037,False,-1
2022-02-14,Monday,BULL,14208.5,14253.5,14207,14252.5,46.50,0.115,STRAIGHT DOWN,WHIPSAW,WHIPSAW,REVERSED,-29.00,-52.75,-64.25,-21.00,-37.75,13.00,9.75,70.25,-29.50,-41.50,26.50,-19.75,0.123,False,-1
2022-02-15,Tuesday,DOJI,14472,14478.5,14460,14474,18.50,0.046,WHIPSAW,WHIPSAW,SIDEWAYS,DOJI,-16.50,0.75,17.00,9.25,28.25,26.75,40.00,27.75,215.00,221.50,-0.50,-24.50,0.129,False,1
2022-02-16,Wednesday,BEAR,14514,14516,14490,14492.75,26.00,0.071,WHIPSAW,STRAIGHT DOWN,STRAIGHT DOWN,CONTINUED,15.50,1.00,4.25,19.50,47.25,74.00,23.25,13.00,-94.00,-80.25,-12.50,-1.25,0.106,False,1
2022-02-17,Thursday,DOJI,14462.75,14485.5,14453.75,14466,31.75,0.091,WHIPSAW,SIDEWAYS,STRAIGHT DOWN,DOJI,4.00,-3.00,7.50,5.75,-10.00,-78.25,22.50,17.25,-137.75,-130.75,4.00,-18.50,0.045,False,1
2022-02-18,Friday,DOJI,14204.5,14213,14193.75,14202.25,19.25,0.058,STRAIGHT DOWN,STRAIGHT DOWN,DOWN (CHOPPY),DOJI,-5.50,-21.25,-31.25,-73.00,-95.50,-35.25,16.00,74.25,39.25,48.25,21.50,32.25,0.114,False,-1
2022-02-22,Tuesday,BULL,13880.75,13912,13870,13910.75,42.00,0.131,WHIPSAW,WHIPSAW,STRAIGHT UP,REVERSED,17.50,-17.00,-23.50,-20.50,81.50,99.50,22.50,48.75,-124.50,181.00,-56.50,-30.50,0.095,False,-1
2022-02-23,Wednesday,BULL,13995,14024.5,13992.25,14010,32.25,0.098,STRAIGHT DOWN,WHIPSAW,STRAIGHT DOWN,REVERSED,-16.50,-16.00,-4.00,-45.75,-41.50,-132.25,16.00,48.00,129.25,69.75,-25.00,-17.75,0.056,False,-1
2022-02-24,Thursday,BULL,13073.75,13119,13058.75,13114.25,60.25,0.172,STRAIGHT UP,STRAIGHT UP,STRAIGHT UP,CONTINUED,40.75,83.75,86.75,91.25,131.25,197.75,101.25,9.75,-433.75,-410.75,-24.50,-35.50,0.123,False,-1
2022-02-25,Friday,BEAR,13995.25,13995.25,13943,13944.75,52.25,0.134,WHIPSAW,WHIPSAW,WHIPSAW,REVERSED,19.25,17.00,-30.00,-38.25,55.25,89.75,25.50,70.00,29.75,83.75,-44.50,-20.00,0.147,False,1
2022-02-28,Monday,BULL,14042.75,14099,14033.25,14092.5,65.75,0.170,WHIPSAW,WHIPSAW,WHIPSAW,NO FOLLOW-THROUGH,-10.75,-6.25,-11.25,0.75,-19.50,49.50,20.75,32.75,-139.00,37.00,43.25,16.25,0.125,False,1
2022-03-01,Tuesday,BULL,14175.25,14197,14169.5,14195.25,27.50,0.071,WHIPSAW,WHIPSAW,WHIPSAW,CONTINUED,-10.00,-17.00,-27.75,17.00,-14.25,36.75,33.00,41.75,-57.00,-43.25,-7.25,4.75,0.091,False,1
2022-03-02,Wednesday,BULL,14067.25,14088.5,14055,14073.5,33.50,0.086,STRAIGHT DOWN,WHIPSAW,WHIPSAW,REVERSED,-11.75,-2.50,-30.50,-55.25,19.50,3.75,0.75,62.00,62.75,40.75,34.25,6.50,0.140,False,-1
2022-03-03,Thursday,BEAR,14351.5,14354.5,14326.25,14337.5,28.25,0.070,STRAIGHT DOWN,STRAIGHT DOWN,STRAIGHT DOWN,CONTINUED,28.50,14.75,27.00,37.25,42.50,64.25,42.25,1.75,114.75,155.75,20.50,-3.75,0.044,False,1
2022-03-04,Friday,BULL,13934.5,13967,13934.25,13960.75,32.75,0.082,WHIPSAW,STRAIGHT DOWN,WHIPSAW,CONTINUED,3.00,3.50,0.25,20.00,-77.25,-26.50,30.75,20.50,-99.75,-131.00,22.50,10.75,0.217,True,-1
2022-03-07,Monday,BULL,13831.25,13862,13828.5,13860.25,33.50,0.089,STRAIGHT DOWN,STRAIGHT DOWN,STRAIGHT DOWN,REVERSED,14.75,-12.75,-29.75,-48.75,-89.75,-191.75,19.50,64.00,-3.00,52.75,44.50,-5.50,0.070,False,-1
2022-03-08,Tuesday,BULL,13287,13315,13270.5,13296.25,44.50,0.112,WHIPSAW,WHIPSAW,WHIPSAW,CONTINUED,-22.00,-39.25,-57.50,57.00,55.50,-82.50,58.75,62.50,-34.00,4.00,-5.00,-34.50,0.055,False,-1
2022-03-09,Wednesday,BEAR,13603.5,13621.25,13588.75,13590,32.50,0.077,WHIPSAW,WHIPSAW,SIDEWAYS,CONTINUED,14.50,-4.50,34.25,37.50,25.00,26.00,44.00,22.00,348.50,408.75,48.00,15.00,0.083,False,-1
2022-03-10,Thursday,BEAR,13564.5,13579,13546.5,13559,32.50,0.076,STRAIGHT DOWN,SIDEWAYS,WHIPSAW,CONTINUED,28.00,57.50,6.75,38.50,12.75,15.50,60.50,6.75,-176.75,-209.50,44.25,23.25,0.245,False,1
2022-03-11,Friday,DOJI,13711.5,13716.75,13688.25,13710.75,28.50,0.068,STRAIGHT DOWN,STRAIGHT DOWN,STRAIGHT DOWN,DOJI,-9.75,-33.75,-29.25,-28.50,-70.00,-172.25,13.25,47.75,121.75,136.00,-23.00,-20.25,0.055,False,1
2022-03-14,Monday,BULL,13250,13291.25,13247,13266,44.25,0.104,WHIPSAW,WHIPSAW,WHIPSAW,REVERSED,21.75,-13.25,-37.75,-44.75,52.50,-11.25,23.75,48.00,-50.50,-81.25,-65.25,-18.25,0.057,False,-1
2022-03-15,Tuesday,BULL,13157.25,13198,13155,13192.25,43.00,0.101,WHIPSAW,STRAIGHT DOWN,SIDEWAYS,NO FOLLOW-THROUGH,-9.50,11.50,1.50,-9.50,-77.25,9.25,21.00,24.50,107.75,75.75,9.50,17.75,0.216,False,-1
2022-03-16,Wednesday,BULL,13620.25,13648.5,13617.75,13643,30.75,0.074,WHIPSAW,STRAIGHT UP,STRAIGHT UP,NO FOLLOW-THROUGH,-4.00,-11.00,-15.00,9.75,72.25,93.50,23.00,29.00,163.00,176.75,-28.50,-34.25,0.066,False,1
2022-03-17,Thursday,BEAR,13875.5,13880.75,13847.75,13863.75,33.00,0.086,WHIPSAW,WHIPSAW,STRAIGHT UP,NO FOLLOW-THROUGH,5.25,33.50,-12.25,-6.50,-44.75,-116.50,41.50,29.25,-84.00,-123.50,16.75,6.25,0.057,False,1
2022-03-21,Monday,BULL,14371.5,14383,14358.75,14380.25,24.25,0.064,STRAIGHT UP,STRAIGHT UP,WHIPSAW,CONTINUED,-2.25,5.50,10.50,26.00,36.50,-68.50,34.75,10.50,248.25,-34.00,2.75,-9.00,0.031,False,1
2022-03-22,Tuesday,BULL,14390.25,14401.25,14374.5,14400,26.75,0.070,STRAIGHT UP,STRAIGHT UP,STRAIGHT UP,CONTINUED,18.50,13.00,21.50,41.25,40.50,109.25,44.75,0.25,18.50,1.25,-5.75,-5.25,0.037,False,1
2022-03-23,Wednesday,BEAR,14531.5,14537,14515.5,14519.75,21.50,0.057,WHIPSAW,WHIPSAW,DOWN (CHOPPY),CONTINUED,-12.75,9.25,16.25,11.75,42.50,35.25,27.50,26.75,-123.50,-121.25,2.50,-23.75,0.050,False,1
2022-03-24,Thursday,DOJI,14523.25,14528.75,14504,14522.75,24.75,0.067,STRAIGHT DOWN,WHIPSAW,SIDEWAYS,DOJI,-25.75,-28.00,-25.50,-43.50,-4.50,-21.00,0.25,44.75,78.75,60.00,-8.75,-13.00,0.047,False,-1
2022-03-25,Friday,BEAR,14763,14768.75,14744,14759.25,24.75,0.068,WHIPSAW,WHIPSAW,WHIPSAW,CONTINUED,-17.75,-15.00,-12.75,20.25,27.25,47.00,29.25,29.25,-3.75,-0.25,-51.00,-11.50,0.051,False,1
2022-03-28,Monday,BULL,14753.5,14776,14750,14771.25,26.00,0.072,STRAIGHT UP,STRAIGHT UP,STRAIGHT UP,CONTINUED,12.25,15.25,24.25,51.75,78.50,95.00,55.75,3.50,-1.75,-2.25,-4.25,0.50,0.025,False,-1
2022-03-29,Tuesday,BULL,15148,15167.5,15136.75,15165,30.75,0.090,STRAIGHT UP,WHIPSAW,WHIPSAW,CONTINUED,23.50,43.00,40.00,32.50,6.00,-13.50,54.50,1.00,161.00,165.50,-14.25,-14.75,0.042,False,1
2022-03-30,Wednesday,BULL,15165.75,15185.75,15165,15179,20.75,0.065,WHIPSAW,WHIPSAW,WHIPSAW,NO FOLLOW-THROUGH,-3.25,3.00,8.25,6.50,-6.00,4.50,15.25,13.75,-75.25,-54.25,6.50,8.75,0.071,False,1
2022-03-31,Thursday,BEAR,15080.25,15090,15067.5,15070.25,22.50,0.071,STRAIGHT DOWN,STRAIGHT DOWN,STRAIGHT DOWN,CONTINUED,-7.00,16.50,31.50,50.75,65.50,87.25,54.00,11.25,0.00,-20.00,-27.00,-13.75,0.090,False,-1
2022-04-01,Friday,BULL,14899,14908.5,14884.5,14908.25,24.00,0.076,WHIPSAW,WHIPSAW,STRAIGHT DOWN,REVERSED,7.25,21.50,5.75,-16.25,-30.50,-74.75,23.75,44.00,32.00,-22.25,1.50,-4.50,0.126,True,-1
2022-04-04,Monday,BULL,14895.75,14915.75,14894.5,14904.25,21.25,0.071,WHIPSAW,STRAIGHT UP,STRAIGHT UP,CONTINUED,-17.75,8.25,-8.25,29.00,87.75,144.00,30.75,20.25,34.50,48.50,12.50,-2.75,0.041,False,-1
2022-04-05,Tuesday,DOJI,15105.25,15129.5,15096.25,15105.5,33.25,0.114,WHIPSAW,WHIPSAW,WHIPSAW,DOJI,19.25,13.75,4.25,16.75,-4.75,-33.50,30.00,8.75,-58.75,-55.00,0.25,-13.25,0.023,False,1
2022-04-06,Wednesday,BULL,14602,14634.25,14594.5,14633.25,39.75,0.138,STRAIGHT DOWN,STRAIGHT DOWN,STRAIGHT DOWN,REVERSED,-12.25,-24.75,-33.25,-48.75,-89.50,-142.25,10.25,52.00,-229.75,-259.00,-1.00,-5.25,0.057,False,-1
2022-04-07,Thursday,BULL,14467,14489.5,14459.5,14483.75,30.00,0.110,WHIPSAW,WHIPSAW,STRAIGHT UP,CONTINUED,-18.50,2.50,28.00,44.50,16.00,95.00,67.00,22.50,-38.75,-25.00,-14.25,-3.00,0.084,False,-1
2022-04-08,Friday,BEAR,14468,14473,14442.75,14453.5,30.25,0.111,STRAIGHT DOWN,STRAIGHT DOWN,STRAIGHT DOWN,CONTINUED,-17.75,13.00,39.25,50.75,51.00,121.50,60.25,23.25,-75.00,-67.00,-49.25,-13.00,0.084,False,1
2022-04-11,Monday,BULL,14158,14177.5,14152,14165.75,25.50,0.096,STRAIGHT DOWN,SIDEWAYS,WHIPSAW,REVERSED,-7.50,-32.00,-37.75,-31.00,-2.75,-33.25,12.25,52.75,-177.50,-176.00,0.25,-9.25,0.086,False,-1
2022-04-12,Tuesday,BEAR,14199.5,14202.25,14163.5,14164.75,38.75,0.150,WHIPSAW,WHIPSAW,WHIPSAW,CONTINUED,5.50,5.50,15.75,15.75,-7.50,-86.00,27.50,14.75,198.75,194.50,-61.00,-14.00,0.625,False,-1
2022-04-13,Wednesday,BEAR,13954,13962,13938.25,13938.5,23.75,0.088,STRAIGHT UP,STRAIGHT UP,STRAIGHT UP,REVERSED,-2.25,-27.50,3.00,-41.75,-93.75,-66.25,17.00,47.75,12.25,-0.50,2.50,-13.50,0.174,False,-1
2022-04-14,Thursday,BEAR,14224,14228.75,14202,14212,26.75,0.099,WHIPSAW,WHIPSAW,STRAIGHT DOWN,NO FOLLOW-THROUGH,-10.25,-7.25,0.50,2.50,66.00,90.25,16.25,34.75,3.00,13.50,35.25,14.75,0.117,False,1
2022-04-18,Monday,BULL,13850,13897.5,13849,13893.75,48.50,0.174,WHIPSAW,WHIPSAW,WHIPSAW,CONTINUED,13.75,22.25,30.00,16.00,-11.50,-44.50,38.00,13.75,-43.75,-44.25,5.00,-9.00,0.036,False,-1
2022-04-19,Tuesday,BULL,13875,13896.25,13865.5,13893.25,30.75,0.112,WHIPSAW,WHIPSAW,WHIPSAW,REVERSED,-24.00,-16.25,-1.00,-13.50,3.50,117.00,31.50,40.25,-41.75,-85.50,-21.00,-15.75,0.066,False,1
2022-04-20,Wednesday,BULL,14251,14266,14225,14260.5,41.00,0.143,STRAIGHT DOWN,STRAIGHT DOWN,STRAIGHT DOWN,REVERSED,-8.75,-29.00,-42.75,-61.50,-135.25,-167.75,9.25,64.00,38.25,152.50,-39.00,-9.25,0.054,False,1
2022-04-21,Thursday,BULL,14172.75,14198.25,14163.5,14197.5,34.75,0.119,STRAIGHT UP,STRAIGHT UP,SIDEWAYS,CONTINUED,25.50,43.25,50.75,71.75,61.50,3.75,81.25,10.75,169.25,102.25,-11.50,-1.75,0.102,False,-1
2022-04-22,Friday,BULL,13725.5,13742,13709.5,13739.5,32.50,0.102,WHIPSAW,WHIPSAW,WHIPSAW,REVERSED,-4.00,-14.50,32.00,-32.25,-75.25,-28.25,38.00,38.50,3.50,6.25,2.50,14.00,0.103,False,-1
2022-04-25,Monday,BEAR,13288.75,13302.5,13272.5,13273.25,30.00,0.090,STRAIGHT UP,WHIPSAW,WHIPSAW,REVERSED,-12.75,-28.75,3.25,-55.50,24.75,7.75,11.50,85.00,-69.50,-34.75,-28.50,-5.25,0.080,False,-1
2022-04-26,Tuesday,BEAR,13444,13450.75,13413,13438,37.75,0.112,STRAIGHT DOWN,STRAIGHT DOWN,STRAIGHT DOWN,CONTINUED,31.00,49.25,54.00,79.00,110.75,175.75,81.50,2.50,-88.25,-84.50,-33.25,3.25,0.042,False,1
2022-04-27,Wednesday,BULL,13021.75,13069.5,13009.25,13067.25,60.25,0.176,WHIPSAW,STRAIGHT UP,STRAIGHT UP,CONTINUED,-8.25,20.50,20.75,54.75,131.00,115.50,57.75,27.50,11.00,159.75,-19.50,13.50,0.136,False,-1
2022-04-28,Thursday,BULL,13212,13265.5,13210.5,13263.75,55.00,0.158,STRAIGHT DOWN,STRAIGHT DOWN,STRAIGHT DOWN,REVERSED,-13.00,-65.25,-40.50,-57.75,-130.00,-173.50,16.75,81.00,208.25,24.50,17.25,-12.00,0.082,False,-1
2022-04-29,Friday,BEAR,13287.75,13291.75,13263.5,13277.5,28.25,0.078,WHIPSAW,WHIPSAW,STRAIGHT UP,REVERSED,31.75,-32.00,-50.75,-59.50,-15.25,-132.50,51.50,96.75,-174.25,38.25,5.25,0.25,0.153,False,1
2022-05-02,Monday,BULL,12840.5,12890,12838,12885.5,52.00,0.133,STRAIGHT DOWN,WHIPSAW,WHIPSAW,REVERSED,-23.50,-8.25,-46.75,-82.00,-7.50,44.50,2.25,83.75,-15.00,-52.25,44.50,-27.75,0.056,False,-1
2022-05-03,Tuesday,BEAR,13072.75,13074.5,13021.75,13036.75,52.75,0.131,WHIPSAW,WHIPSAW,WHIPSAW,NO FOLLOW-THROUGH,23.25,-17.75,-11.75,1.00,67.25,-90.75,33.75,43.75,1.50,18.25,-33.25,-28.00,0.067,False,1
2022-05-04,Wednesday,BEAR,13107,13114.25,13082.75,13098.75,31.50,0.081,STRAIGHT DOWN,SIDEWAYS,STRAIGHT DOWN,CONTINUED,7.25,18.00,17.25,32.75,18.00,94.00,41.25,4.75,17.50,-13.00,4.25,-0.50,0.039,False,1
2022-05-05,Thursday,BEAR,13342.5,13346.5,13316.25,13325.75,30.25,0.073,SIDEWAYS,STRAIGHT DOWN,STRAIGHT DOWN,NO FOLLOW-THROUGH,-0.50,29.75,40.00,10.25,85.00,169.25,53.75,12.25,-190.25,-155.00,-58.25,-12.25,0.037,False,1
2022-05-06,Friday,BEAR,12759,12785.5,12740.5,12742.25,45.00,0.104,WHIPSAW,STRAIGHT DOWN,STRAIGHT DOWN,CONTINUED,-47.50,13.50,48.00,99.50,133.25,161.75,101.75,50.25,-100.75,-131.75,35.00,4.25,0.206,True,-1
2022-05-09,Monday,BULL,12449.75,12482,12442.5,12475.5,39.50,0.088,WHIPSAW,WHIPSAW,WHIPSAW,CONTINUED,11.50,-37.75,-22.50,23.75,-4.25,-68.75,31.25,56.25,-243.25,-156.75,7.25,-6.25,0.070,False,-1
2022-05-10,Tuesday,BULL,12497.5,12539.5,12487.25,12534.25,52.25,0.117,STRAIGHT DOWN,STRAIGHT DOWN,STRAIGHT DOWN,REVERSED,-6.75,-24.25,-45.50,-82.50,-165.50,-98.75,13.00,95.75,300.75,292.00,29.50,12.75,0.050,False,-1
2022-05-11,Wednesday,BEAR,12247.25,12257.5,12211.5,12233.5,46.00,0.102,WHIPSAW,WHIPSAW,WHIPSAW,CONTINUED,-70.00,-61.25,6.25,16.75,-94.25,-144.50,52.75,87.50,-97.00,-84.00,106.75,-1.50,0.553,False,-1
2022-05-12,Thursday,BULL,11790.75,11852.25,11784.25,11850,68.00,0.152,STRAIGHT DOWN,WHIPSAW,WHIPSAW,REVERSED,-8.00,-63.25,-86.50,-73.00,-49.25,-76.50,24.75,114.25,-183.75,-211.75,-3.00,-42.50,0.167,False,-1
2022-05-13,Friday,BULL,12132.5,12142,12121.75,12140.5,20.25,0.045,STRAIGHT DOWN,WHIPSAW,WHIPSAW,REVERSED,10.50,-4.00,-15.25,-56.00,44.00,123.00,24.50,75.75,184.50,242.00,-42.75,1.75,0.042,False,1
2022-05-16,Monday,DOJI,12311.25,12317.75,12280.5,12307.75,37.25,0.082,STRAIGHT DOWN,WHIPSAW,WHIPSAW,DOJI,-8.00,-25.50,-39.25,-54.75,-56.50,-70.75,27.00,63.25,-73.50,-99.50,-44.75,-10.00,0.090,False,1
2022-05-17,Tuesday,BEAR,12490.75,12505,12472.75,12484.25,32.25,0.074,WHIPSAW,WHIPSAW,WHIPSAW,NO FOLLOW-THROUGH,16.75,-0.75,-31.50,8.75,-22.25,21.50,27.25,34.25,243.75,252.75,14.75,5.75,0.167,False,-1
2022-05-18,Wednesday,BEAR,12368.75,12372,12350.25,12355.75,21.75,0.050,STRAIGHT UP,WHIPSAW,WHIPSAW,REVERSED,-10.75,-21.25,-38.25,-28.00,15.50,41.50,3.50,41.25,-195.00,-205.25,2.50,1.75,0.046,False,1
2022-05-19,Thursday,BULL,11865,11902,11864.5,11899,37.50,0.087,WHIPSAW,WHIPSAW,WHIPSAW,CONTINUED,4.00,1.00,31.50,28.50,-39.25,21.75,39.50,27.00,-75.50,-40.25,45.75,16.75,0.082,False,-1
2022-05-20,Friday,DOJI,12025.75,12046.75,12011,12024,35.75,0.088,WHIPSAW,WHIPSAW,DOWN (CHOPPY),DOJI,-11.75,-25.75,-8.25,-50.75,-10.75,-34.25,29.25,54.75,148.50,126.50,-5.00,-8.50,0.029,False,1
2022-05-23,Monday,DOJI,11885.25,11899.5,11854.75,11884.25,44.75,0.106,WHIPSAW,WHIPSAW,WHIPSAW,DOJI,-22.25,-8.00,-21.50,-14.00,52.75,-62.50,19.00,38.00,50.75,26.00,-11.50,-33.75,0.075,False,-1
2022-05-24,Tuesday,BEAR,11816.75,11827.75,11807.25,11810.5,20.50,0.048,WHIPSAW,WHIPSAW,STRAIGHT DOWN,NO FOLLOW-THROUGH,-6.25,-28.75,-8.75,9.25,68.75,146.00,31.50,37.25,-218.00,-116.50,-21.75,-22.00,0.054,False,1
2022-05-25,Wednesday,BULL,11717.25,11752,11708,11745,44.00,0.111,STRAIGHT UP,STRAIGHT UP,STRAIGHT UP,CONTINUED,8.50,21.00,47.75,53.50,87.50,60.75,54.50,9.25,-64.75,-93.00,-1.25,-11.25,0.176,False,-1
2022-05-26,Thursday,DOJI,11913.25,11917.75,11899,11912.25,18.75,0.050,STRAIGHT UP,STRAIGHT UP,STRAIGHT UP,DOJI,17.25,24.75,34.75,91.75,121.50,217.25,96.50,0.50,-36.50,30.75,-63.50,-14.75,0.150,False,1
2022-05-27,Friday,BULL,12407.5,12430,12401.75,12429.75,28.25,0.075,STRAIGHT UP,STRAIGHT UP,STRAIGHT UP,CONTINUED,22.25,38.00,32.25,30.50,34.00,84.50,40.75,-0.25,133.00,155.50,-10.00,23.25,0.141,False,1
2022-05-31,Tuesday,BEAR,12677.75,12688.75,12664,12669.75,24.75,0.067,STRAIGHT DOWN,STRAIGHT DOWN,STRAIGHT DOWN,CONTINUED,9.50,33.25,72.50,79.25,96.00,111.75,91.75,10.00,-3.50,-136.50,70.50,17.25,0.059,False,1
2022-06-01,Wednesday,BULL,12733,12755.5,12731,12753.25,24.50,0.068,STRAIGHT UP,STRAIGHT UP,SIDEWAYS,CONTINUED,22.75,24.50,26.75,20.00,34.75,0.25,45.25,8.25,86.25,86.75,43.75,1.50,0.040,False,-1
2022-06-02,Thursday,BEAR,12502.5,12523.25,12472.5,12481.75,50.75,0.146,WHIPSAW,WHIPSAW,WHIPSAW,REVERSED,27.25,0.50,-12.50,-10.75,-64.75,-78.50,39.50,34.25,-47.00,-46.50,-84.75,-7.25,0.078,False,-1
2022-06-03,Friday,BEAR,12672.25,12675.5,12642.25,12653.5,33.25,0.095,STRAIGHT UP,WHIPSAW,WHIPSAW,REVERSED,-33.50,-35.00,-53.00,-37.25,39.00,-68.00,4.75,63.25,-222.00,-222.25,-42.75,-35.75,0.284,True,1
2022-06-06,Monday,BULL,12741.5,12779,12741,12779,38.00,0.112,STRAIGHT DOWN,STRAIGHT DOWN,SIDEWAYS,REVERSED,-14.50,-21.75,-21.75,-42.75,-63.50,0.25,6.25,47.25,187.50,193.75,1.00,2.50,0.030,False,-1
2022-06-07,Tuesday,DOJI,12457.75,12470,12449.25,12457.75,20.75,0.060,WHIPSAW,WHIPSAW,WHIPSAW,DOJI,-21.00,-3.00,11.50,36.25,72.75,67.75,40.00,45.75,-142.50,-147.25,22.75,14.00,0.087,False,-1
2022-06-08,Wednesday,BEAR,12673.25,12688,12659,12660.25,29.00,0.083,WHIPSAW,WHIPSAW,STRAIGHT UP,REVERSED,12.50,20.50,5.50,-24.00,-35.75,-88.75,32.75,28.50,-37.75,-10.25,18.50,17.50,0.085,False,1
2022-06-09,Thursday,BULL,12543,12560,12531.25,12549.25,28.75,0.088,WHIPSAW,WHIPSAW,WHIPSAW,CONTINUED,3.25,-10.25,16.25,32.50,-17.75,68.75,49.25,29.75,-76.00,-75.25,-15.25,-5.50,0.098,False,-1
2022-06-10,Friday,DOJI,12041.75,12080.75,12039.5,12045.75,41.25,0.123,WHIPSAW,WHIPSAW,STRAIGHT DOWN,DOJI,34.50,-6.50,-46.50,-52.25,-0.25,-124.75,44.25,71.75,-229.75,-257.00,5.50,32.25,0.759,False,-1
2022-06-13,Monday,BULL,11466.5,11503.75,11463.75,11499.75,40.00,0.127,STRAIGHT UP,WHIPSAW,WHIPSAW,CONTINUED,17.00,33.25,47.00,17.50,41.50,-3.75,53.75,0.50,-370.75,-336.75,-26.00,-13.50,0.066,False,-1
2022-06-14,Tuesday,BULL,11385,11397.5,11372,11392,25.50,0.080,STRAIGHT DOWN,STRAIGHT DOWN,SIDEWAYS,REVERSED,-7.00,-29.00,-19.00,-45.25,-109.50,-12.75,20.75,57.00,89.25,51.50,-2.25,-36.00,0.189,False,-1
2022-06-15,Wednesday,BEAR,11456.75,11488,11438.5,11440.75,49.50,0.157,SIDEWAYS,STRAIGHT UP,STRAIGHT UP,NO FOLLOW-THROUGH,-14.50,-28.00,-10.75,-5.50,-62.75,-45.25,5.75,45.25,137.75,120.00,-8.25,-1.00,0.137,False,-1
2022-06-16,Thursday,BEAR,11295.75,11297.25,11276.25,11291,21.00,0.065,WHIPSAW,WHIPSAW,STRAIGHT DOWN,CONTINUED,-8.75,-18.25,29.75,20.75,12.25,82.25,47.75,25.00,-301.50,-309.75,-27.75,-1.00,0.110,False,1
2022-06-21,Tuesday,BULL,11480.75,11503,11478.75,11502,24.25,0.078,STRAIGHT UP,STRAIGHT UP,STRAIGHT UP,CONTINUED,-16.25,-14.75,6.50,57.50,61.00,124.75,59.25,26.25,348.00,53.75,22.25,-3.75,0.064,False,-1
2022-06-22,Wednesday,DOJI,11470.25,11484.5,11446.5,11465.25,38.00,0.125,STRAIGHT UP,STRAIGHT UP,STRAIGHT UP,DOJI,36.75,44.00,32.25,21.50,64.50,137.25,61.75,3.00,-109.00,-108.75,53.50,11.50,0.061,False,1
2022-06-23,Thursday,BULL,11661.75,11674.75,11643.75,11671.5,31.00,0.101,STRAIGHT DOWN,STRAIGHT DOWN,SIDEWAYS,REVERSED,-33.50,-26.50,-28.75,-81.75,-96.50,-6.50,12.25,86.50,103.50,117.50,17.50,-19.25,0.093,False,1
2022-06-24,Friday,BULL,11849,11867.75,11847.75,11855,20.00,0.068,STRAIGHT UP,STRAIGHT UP,STRAIGHT UP,CONTINUED,8.75,47.75,47.00,51.50,106.75,147.75,65.25,16.50,115.25,159.00,24.25,-4.25,0.025,False,1
2022-06-27,Monday,BULL,12188.5,12211.25,12172.5,12207.25,38.75,0.136,STRAIGHT DOWN,STRAIGHT DOWN,STRAIGHT DOWN,REVERSED,-31.75,-49.25,-68.25,-103.50,-150.50,-121.50,6.25,106.00,41.25,49.50,30.00,6.25,0.130,False,1
2022-06-28,Tuesday,BULL,12063.25,12088,12047.25,12086.25,40.75,0.143,STRAIGHT UP,STRAIGHT UP,UP (CHOPPY),CONTINUED,5.50,57.00,59.75,57.50,47.00,25.00,84.50,16.25,18.75,-11.25,-6.50,-4.50,0.085,False,-1
2022-06-29,Wednesday,BEAR,11668.75,11690.5,11651,11660.75,39.50,0.131,STRAIGHT DOWN,STRAIGHT DOWN,WHIPSAW,CONTINUED,24.75,39.25,71.75,51.50,84.75,-11.50,87.25,7.50,-5.00,-12.00,9.75,-11.25,0.140,False,-1
2022-06-30,Thursday,BULL,11555.5,11588,11550.25,11567.75,37.75,0.130,STRAIGHT DOWN,STRAIGHT DOWN,STRAIGHT DOWN,REVERSED,-26.50,-45.25,-20.75,-37.50,-125.75,-176.75,9.50,63.75,-133.75,-138.50,43.50,12.50,0.255,False,1
2022-07-01,Friday,BULL,11480.25,11523.5,11477.5,11519.75,46.00,0.154,STRAIGHT DOWN,WHIPSAW,WHIPSAW,REVERSED,-33.50,-20.75,-29.25,-85.50,-3.25,51.00,15.75,88.00,-54.75,-30.75,-16.00,-22.50,0.149,False,-1
2022-07-05,Tuesday,BEAR,11453,11466,11421.25,11432,44.75,0.156,STRAIGHT DOWN,SIDEWAYS,WHIPSAW,CONTINUED,18.75,36.00,14.50,11.50,-7.25,-21.25,43.25,2.75,-160.00,-100.75,12.75,-13.00,0.059,False,1
2022-07-06,Wednesday,BEAR,11825.25,11845,11809.25,11810.25,35.75,0.120,UP (CHOPPY),WHIPSAW,WHIPSAW,REVERSED,-17.50,-54.75,-55.00,-11.25,30.00,10.25,7.00,73.50,12.75,11.25,16.75,-11.25,0.047,False,1
2022-07-07,Thursday,BULL,11919.25,11955.75,11918.25,11953,37.50,0.129,WHIPSAW,STRAIGHT UP,WHIPSAW,CONTINUED,-14.00,-27.75,7.75,40.75,65.25,49.00,44.75,32.00,35.75,15.75,-10.00,-0.25,0.108,False,1
2022-07-08,Friday,DOJI,12017.75,12032.75,12003,12013.75,29.75,0.101,WHIPSAW,WHIPSAW,WHIPSAW,DOJI,15.25,5.75,21.75,17.25,49.75,-27.75,39.75,26.00,-118.50,-98.00,7.00,-3.25,0.337,True,1
2022-07-11,Monday,BEAR,12050.5,12051.75,12018,12025.25,33.75,0.121,WHIPSAW,STRAIGHT DOWN,STRAIGHT DOWN,CONTINUED,-23.25,-23.25,-9.25,45.50,110.25,153.00,47.00,37.25,-104.75,-98.75,-18.50,-17.25,0.059,False,1
2022-07-12,Tuesday,BULL,11943.25,11964.5,11939,11947.5,25.50,0.093,STRAIGHT UP,WHIPSAW,WHIPSAW,CONTINUED,28.25,14.50,6.75,38.75,7.25,-125.25,42.50,19.00,52.50,43.00,35.50,16.75,0.086,False,-1
2022-07-13,Wednesday,BULL,11544.75,11602.25,11543.75,11602,58.50,0.207,WHIPSAW,WHIPSAW,WHIPSAW,REVERSED,-37.00,-67.25,-28.25,-32.00,-6.00,31.25,17.50,79.50,-234.00,-235.00,-15.50,4.75,1.535,False,-1
2022-07-14,Thursday,BULL,11643.25,11684.25,11641.5,11678.75,42.75,0.150,STRAIGHT DOWN,STRAIGHT DOWN,STRAIGHT DOWN,REVERSED,-63.50,-55.00,-83.25,-89.25,-66.75,-124.75,1.00,94.25,-113.25,-88.00,-14.25,-11.25,0.278,False,1
2022-07-15,Friday,BULL,11923,11962,11922.5,11948,39.50,0.135,STRAIGHT UP,WHIPSAW,WHIPSAW,CONTINUED,-12.25,24.50,9.25,33.75,-50.75,26.25,34.75,16.00,123.75,115.25,30.00,25.75,0.208,False,1
2022-07-18,Monday,BEAR,12124.5,12129.5,12105.5,12110.75,24.00,0.085,WHIPSAW,WHIPSAW,UP (CHOPPY),REVERSED,-8.25,-28.75,-44.75,-19.75,-29.50,-37.00,20.75,47.25,116.50,83.50,-1.75,2.00,0.064,False,1
2022-07-19,Tuesday,DOJI,12060.5,12080.75,12047.75,12055.75,33.00,0.114,WHIPSAW,STRAIGHT DOWN,SIDEWAYS,DOJI,-1.75,-0.50,1.25,-16.75,-47.00,1.75,16.75,23.25,153.75,149.25,38.00,14.75,0.057,False,-1
2022-07-20,Wednesday,BEAR,12288.75,12298.25,12261.75,12265,36.50,0.133,STRAIGHT UP,STRAIGHT UP,STRAIGHT UP,REVERSED,-3.75,-8.75,-26.50,-38.50,-69.25,-29.00,9.00,44.00,19.75,-43.75,22.00,8.00,0.082,False,1
2022-07-21,Thursday,BEAR,12483.5,12499.5,12466,12467.5,33.50,0.120,WHIPSAW,WHIPSAW,WHIPSAW,CONTINUED,-17.75,-38.00,0.50,51.25,19.50,-71.75,52.75,45.75,17.50,52.50,-42.25,-6.75,0.127,False,1
2022-07-22,Friday,DOJI,12607,12613,12595.5,12609.25,17.50,0.064,STRAIGHT DOWN,WHIPSAW,WHIPSAW,DOJI,-15.00,-31.50,-13.75,-28.00,1.75,-47.00,4.50,35.75,-37.75,47.25,10.75,-6.50,0.036,False,1
2022-07-25,Monday,BULL,12424.75,12431.5,12416.75,12428.25,14.75,0.052,STRAIGHT DOWN,STRAIGHT DOWN,DOWN (CHOPPY),REVERSED,-5.00,9.50,2.75,-45.00,-32.25,-31.00,16.00,47.50,1.00,-15.75,-27.25,-12.75,0.029,False,-1
2022-07-26,Tuesday,BULL,12278.5,12291.25,12269,12283.75,22.25,0.084,STRAIGHT DOWN,STRAIGHT DOWN,STRAIGHT DOWN,REVERSED,-8.00,-38.25,-48.75,-46.50,-75.75,-70.50,3.50,67.25,-76.75,-39.25,-1.25,7.75,0.034,False,-1
2022-07-27,Wednesday,BULL,12302.5,12326.75,12302,12311.5,24.75,0.093,WHIPSAW,WHIPSAW,STRAIGHT UP,NO FOLLOW-THROUGH,-14.50,-24.75,-28.00,-6.00,64.25,77.25,10.00,35.25,192.00,109.50,5.00,-0.25,0.088,False,-1
2022-07-28,Thursday,BULL,12606.75,12635,12592,12634.5,43.00,0.155,WHIPSAW,STRAIGHT DOWN,STRAIGHT DOWN,NO FOLLOW-THROUGH,5.75,0.00,-22.50,-4.50,-138.25,-126.50,19.75,31.50,-8.75,24.25,27.50,-1.50,0.258,False,1
2022-07-29,Friday,BEAR,12803.5,12815,12788.5,12794.75,26.50,0.093,WHIPSAW,WHIPSAW,WHIPSAW,CONTINUED,-4.50,6.25,11.25,41.00,-59.50,-85.75,41.25,26.50,65.00,-121.00,-32.50,-10.25,0.157,False,1
2022-08-01,Monday,BULL,12897.75,12910.25,12892.25,12903.25,18.00,0.063,STRAIGHT DOWN,WHIPSAW,STRAIGHT UP,REVERSED,-27.25,-45.00,-35.00,-11.00,42.75,109.75,2.25,52.00,-73.75,-82.75,-4.25,-9.75,0.058,False,1
2022-08-02,Tuesday,DOJI,12864.25,12880.5,12853,12865,27.50,0.097,STRAIGHT UP,STRAIGHT UP,STRAIGHT UP,DOJI,31.75,27.75,44.75,23.75,77.25,26.25,52.25,6.50,-98.25,-110.75,12.25,8.25,0.046,False,1
2022-08-03,Wednesday,BULL,12993.5,13027.25,12989.25,13024.5,38.00,0.136,WHIPSAW,STRAIGHT UP,STRAIGHT UP,CONTINUED,-9.00,8.75,25.75,15.25,38.00,64.25,33.75,13.00,71.50,72.25,-6.25,-8.25,0.060,False,1
2022-08-04,Thursday,BEAR,13275,13278.25,13261.75,13266.25,16.50,0.059,WHIPSAW,STRAIGHT UP,UP (CHOPPY),REVERSED,13.75,-20.75,-7.00,-39.50,-53.00,-28.25,21.25,48.75,2.75,27.00,-42.50,-10.50,0.092,False,1
2022-08-05,Friday,BULL,13118.25,13153.5,13114.25,13153,39.25,0.140,WHIPSAW,WHIPSAW,SIDEWAYS,CONTINUED,-6.75,1.75,9.25,20.25,4.50,18.00,45.75,20.50,-212.25,-203.25,-18.50,-6.00,0.598,True,1
2022-08-08,Monday,DOJI,13264.75,13266.25,13231.75,13259.75,34.50,0.127,STRAIGHT UP,STRAIGHT UP,STRAIGHT UP,DOJI,17.25,41.00,51.50,44.50,105.00,128.50,67.50,13.25,39.00,38.25,-83.50,-5.25,0.046,False,1
2022-08-09,Tuesday,DOJI,13101.5,13112.25,13079.5,13096.75,32.75,0.120,STRAIGHT DOWN,STRAIGHT DOWN,STRAIGHT DOWN,DOJI,-36.25,-41.50,-48.75,-34.00,-20.25,-108.50,0.75,59.50,-80.00,-109.50,0.50,-1.25,0.081,False,-1
2022-08-10,Wednesday,BULL,13340.5,13355,13333.75,13347.75,21.25,0.080,STRAIGHT DOWN,STRAIGHT DOWN,STRAIGHT DOWN,REVERSED,-32.75,-45.25,-27.25,-62.00,-27.50,-41.00,6.75,64.50,308.25,292.25,13.50,23.50,1.098,False,-1
2022-08-11,Thursday,BULL,13489.75,13500,13483.75,13496.25,16.25,0.063,STRAIGHT DOWN,WHIPSAW,WHIPSAW,REVERSED,-12.00,3.75,-14.25,-28.50,-15.25,23.00,7.75,40.25,96.00,109.50,-14.50,5.75,0.193,False,1
2022-08-12,Friday,DOJI,13402.5,13414.5,13397.75,13404.5,16.75,0.066,STRAIGHT DOWN,WHIPSAW,WHIPSAW,DOJI,-10.75,-15.00,-23.50,-39.25,22.00,-22.00,11.75,41.50,85.25,55.00,10.50,-0.75,0.056,False,-1
2022-08-15,Monday,BULL,13535.5,13568.25,13534.75,13562.5,33.50,0.131,STRAIGHT UP,WHIPSAW,STRAIGHT UP,CONTINUED,4.00,15.50,26.25,32.50,-0.75,48.00,44.00,2.25,-44.00,-36.75,29.00,8.00,0.061,False,1
2022-08-16,Tuesday,BEAR,13641.25,13646.5,13629.25,13637.5,17.25,0.068,WHIPSAW,WHIPSAW,STRAIGHT DOWN,NO FOLLOW-THROUGH,2.25,-15.25,-5.75,0.25,20.50,46.00,10.75,22.25,-44.00,-32.00,-6.25,-2.50,0.098,False,1
2022-08-17,Wednesday,BULL,13517.5,13536.25,13513.25,13528,23.00,0.096,STRAIGHT UP,WHIPSAW,WHIPSAW,CONTINUED,0.75,9.75,-2.75,36.50,-7.75,-4.00,38.25,15.75,-136.25,-145.25,-2.75,-12.25,0.172,False,1
2022-08-18,Thursday,BULL,13491.25,13498,13478.5,13496,19.50,0.084,STRAIGHT DOWN,SIDEWAYS,STRAIGHT DOWN,REVERSED,-11.25,-5.75,-36.50,-44.25,-10.50,-67.00,1.25,60.00,-4.75,-11.00,-27.50,-19.25,0.107,False,-1
2022-08-19,Friday,DOJI,13399.5,13403.5,13388,13398.75,15.50,0.069,WHIPSAW,WHIPSAW,STRAIGHT DOWN,DOJI,19.75,6.50,6.25,6.00,-52.25,-102.00,26.50,10.25,-129.25,-135.50,18.00,-2.00,0.044,False,1
2022-08-22,Monday,DOJI,13079.75,13082,13057.75,13077.75,24.25,0.111,STRAIGHT DOWN,WHIPSAW,STRAIGHT DOWN,DOJI,12.50,-6.50,-17.25,-41.75,-10.75,-58.75,14.25,53.75,-183.50,-147.75,15.00,2.50,0.065,False,-1
2022-08-23,Tuesday,BULL,12898.75,12924,12893.25,12915.75,30.75,0.143,STRAIGHT UP,WHIPSAW,WHIPSAW,CONTINUED,0.50,22.00,16.25,32.50,-26.75,39.00,33.00,13.25,-17.25,-36.25,-1.50,2.00,0.104,False,-1
2022-08-24,Wednesday,BULL,12876.75,12900.5,12871.75,12899.75,28.75,0.142,STRAIGHT DOWN,STRAIGHT DOWN,WHIPSAW,REVERSED,4.50,-5.00,-12.00,-23.25,-20.75,21.50,7.25,47.50,-22.00,-14.00,-29.75,-13.50,0.063,False,0
2022-08-25,Thursday,DOJI,13008,13011,12993.5,13007,17.50,0.086,STRAIGHT DOWN,STRAIGHT DOWN,WHIPSAW,DOJI,-17.75,-13.50,-26.00,-25.50,-22.50,46.00,7.25,35.00,73.75,62.75,1.25,-8.50,0.174,False,1
2022-08-26,Friday,BEAR,13146.5,13157.5,13136.25,13136.5,21.25,0.106,WHIPSAW,WHIPSAW,WHIPSAW,REVERSED,-3.25,13.25,-0.25,-16.50,8.50,25.75,20.25,19.75,-12.00,-9.50,-11.00,-32.00,0.393,False,1
2022-08-29,Monday,BULL,12502.75,12515,12479,12510.25,36.00,0.163,STRAIGHT UP,STRAIGHT UP,STRAIGHT UP,CONTINUED,15.75,33.00,40.75,60.50,70.50,28.25,63.25,2.00,-116.25,18.75,8.50,-12.25,0.078,False,-1
2022-08-30,Tuesday,DOJI,12563.25,12579.25,12545.25,12563.5,34.00,0.153,WHIPSAW,STRAIGHT DOWN,STRAIGHT DOWN,DOJI,-11.75,4.00,8.75,-2.00,-61.50,-71.25,23.75,24.75,68.50,61.50,1.50,-10.50,0.122,False,-1
2022-08-31,Wednesday,BEAR,12477,12477.5,12434.25,12443,43.25,0.185,STRAIGHT DOWN,WHIPSAW,WHIPSAW,CONTINUED,-11.25,10.75,8.75,50.00,-23.25,3.00,50.75,15.75,123.25,116.50,20.75,-12.00,0.097,False,-1
2022-09-01,Thursday,BULL,12173,12192.5,12163.75,12179.75,28.75,0.125,WHIPSAW,WHIPSAW,WHIPSAW,REVERSED,-20.50,-21.00,-35.25,-11.00,19.50,-9.75,11.00,39.50,-109.00,-117.50,-5.75,-15.75,0.208,False,-1
2022-09-02,Friday,BEAR,12405.25,12415.5,12366.5,12382.5,49.00,0.209,STRAIGHT DOWN,STRAIGHT DOWN,STRAIGHT DOWN,CONTINUED,18.25,35.50,39.00,45.25,74.75,94.00,67.75,1.25,119.50,105.25,40.00,-2.75,0.595,True,1
2022-09-06,Tuesday,BULL,12127.75,12165.5,12116.75,12159.75,48.75,0.193,STRAIGHT DOWN,STRAIGHT DOWN,STRAIGHT DOWN,REVERSED,-31.00,-49.00,-54.25,-39.75,-67.00,-138.25,9.25,61.75,17.75,-6.75,-40.25,-28.00,0.042,False,-1
2022-09-07,Wednesday,BULL,12039.5,12048,12035.75,12043.25,12.25,0.048,STRAIGHT UP,STRAIGHT UP,STRAIGHT UP,CONTINUED,31.25,24.00,25.25,51.00,63.50,23.25,51.50,4.50,18.00,20.50,28.00,1.50,0.068,False,-1
2022-09-08,Thursday,BEAR,12175.5,12177.5,12124.5,12141.25,53.00,0.205,WHIPSAW,STRAIGHT UP,STRAIGHT UP,CONTINUED,-15.25,-13.50,10.75,19.25,-75.75,-85.75,24.25,25.25,-86.50,-87.75,-7.25,-5.00,0.167,False,1
2022-09-09,Friday,BULL,12417,12442.25,12415.75,12434.5,26.50,0.099,STRAIGHT UP,STRAIGHT UP,STRAIGHT UP,CONTINUED,8.75,21.50,20.25,22.50,15.50,73.25,46.50,3.50,91.00,71.25,-27.75,-10.75,0.070,False,1
2022-09-12,Monday,BULL,12650,12662,12641,12660.25,21.00,0.079,WHIPSAW,WHIPSAW,STRAIGHT UP,NO FOLLOW-THROUGH,1.25,13.25,16.75,-4.00,24.75,81.75,23.75,10.25,59.75,35.00,6.25,0.50,0.053,False,1
2022-09-13,Tuesday,BULL,12375,12391.25,12361.75,12387.5,29.50,0.114,WHIPSAW,WHIPSAW,STRAIGHT DOWN,REVERSED,30.25,19.75,14.75,-43.75,-54.50,-89.25,38.75,45.50,-367.50,-396.75,-0.75,-11.50,1.669,False,1
2022-09-14,Wednesday,BEAR,12090.25,12094,12075.25,12078.5,18.75,0.067,STRAIGHT DOWN,WHIPSAW,WHIPSAW,CONTINUED,8.00,14.75,39.50,52.75,-37.00,-19.75,58.50,21.25,50.00,45.75,8.50,8.75,0.204,False,-1
2022-09-15,Thursday,DOJI,12054,12055.5,12035.5,12051.75,20.00,0.072,WHIPSAW,WHIPSAW,STRAIGHT UP,DOJI,-12.50,-7.50,1.50,4.50,31.50,95.75,20.75,18.75,-83.50,-106.00,-49.00,-11.75,0.240,False,1
2022-09-19,Monday,BULL,11819.5,11836.5,11815.5,11835.5,21.00,0.074,STRAIGHT UP,STRAIGHT UP,STRAIGHT UP,CONTINUED,15.75,34.50,32.50,39.75,78.75,53.75,47.50,2.25,-112.75,-100.75,-28.75,-18.50,0.039,False,-1
2022-09-20,Tuesday,BULL,11916.75,11926.5,11914,11922.25,12.50,0.048,WHIPSAW,WHIPSAW,WHIPSAW,NO FOLLOW-THROUGH,-1.00,1.75,18.50,-0.25,-24.00,4.00,25.00,12.25,-110.25,-127.50,-22.25,-10.00,0.058,False,1
2022-09-21,Wednesday,BULL,11962.75,11973.5,11956.25,11970,17.25,0.066,STRAIGHT DOWN,SIDEWAYS,WHIPSAW,REVERSED,-6.50,-8.75,-26.00,-22.00,-7.75,14.25,7.00,31.75,37.00,14.50,-14.00,-9.00,0.128,False,1
2022-09-22,Thursday,BULL,11641.75,11679,11632.25,11678.75,46.75,0.174,SIDEWAYS,STRAIGHT DOWN,STRAIGHT DOWN,NO FOLLOW-THROUGH,-9.75,-14.00,0.25,-4.75,-82.25,-94.50,3.50,35.00,-62.75,-22.00,-75.25,-12.50,0.136,False,-1
2022-09-23,Friday,BEAR,11461,11463,11441.5,11447,21.50,0.082,WHIPSAW,WHIPSAW,STRAIGHT DOWN,NO FOLLOW-THROUGH,-10.75,15.00,7.25,-0.25,43.50,94.75,20.25,24.25,-101.75,-119.00,50.00,-10.75,0.070,False,-1
2022-09-26,Monday,BULL,11352.75,11377.25,11342.5,11375.75,34.75,0.133,STRAIGHT UP,STRAIGHT UP,STRAIGHT UP,CONTINUED,18.75,22.00,50.75,62.00,48.00,134.50,62.50,4.75,-21.25,-10.00,-31.50,-21.50,0.105,False,-1
2022-09-27,Tuesday,BEAR,11470.5,11479,11463,11465.25,16.00,0.064,STRAIGHT UP,STRAIGHT UP,WHIPSAW,REVERSED,-26.75,-36.25,-55.25,-59.00,-59.50,17.25,4.25,70.75,150.50,154.25,-4.25,3.25,0.088,False,-1
2022-09-28,Wednesday,DOJI,11330.75,11335,11307.75,11328.25,27.25,0.107,STRAIGHT DOWN,WHIPSAW,WHIPSAW,DOJI,-7.50,-15.50,-32.50,-36.25,-2.75,35.25,11.75,62.25,-2.50,-27.00,9.00,-17.75,0.155,False,-1
2022-09-29,Thursday,BULL,11386.75,11401.75,11379.25,11391.5,22.50,0.087,STRAIGHT DOWN,STRAIGHT DOWN,STRAIGHT DOWN,REVERSED,-5.25,-19.25,-9.25,-42.00,-120.75,-144.75,9.25,43.25,-168.00,-154.00,16.00,-11.25,0.275,False,1
2022-09-30,Friday,BULL,11187.25,11204,11173.25,11202,30.75,0.117,WHIPSAW,WHIPSAW,WHIPSAW,CONTINUED,5.00,-6.00,34.50,10.50,24.25,18.50,43.50,14.75,-43.75,-37.75,-53.50,-8.25,0.501,False,-1
2022-10-03,Monday,BULL,11105,11125.75,11102,11114.5,23.75,0.087,STRAIGHT DOWN,SIDEWAYS,WHIPSAW,REVERSED,-12.00,-32.50,-41.50,-40.50,-4.00,20.25,13.00,53.25,75.75,76.25,0.00,-10.00,0.128,False,-1
2022-10-04,Tuesday,BULL,11516.25,11539.75,11514.25,11522.5,25.50,0.089,STRAIGHT UP,STRAIGHT UP,STRAIGHT UP,CONTINUED,5.50,23.00,31.25,29.75,45.50,114.25,41.75,1.50,224.75,200.50,1.50,7.50,0.057,False,1
2022-10-05,Wednesday,BULL,11486,11502,11478.5,11500.25,23.50,0.088,STRAIGHT UP,WHIPSAW,WHIPSAW,CONTINUED,2.25,20.25,30.25,22.75,-25.75,-43.25,38.75,7.50,-157.75,-146.25,-27.25,-3.75,0.068,False,1
2022-10-06,Thursday,BULL,11590.5,11613.5,11589.25,11606.25,24.25,0.086,STRAIGHT UP,STRAIGHT UP,SIDEWAYS,CONTINUED,20.25,28.75,47.75,46.00,96.25,4.50,50.75,3.00,-46.75,-38.00,-31.00,7.25,0.256,False,1
2022-10-07,Friday,BEAR,11345.75,11348.25,11309.5,11327,38.75,0.141,WHIPSAW,STRAIGHT DOWN,STRAIGHT DOWN,NO FOLLOW-THROUGH,11.00,25.50,-10.50,-1.75,55.25,102.75,30.75,19.50,-196.75,-153.00,-7.75,-0.25,0.880,True,-1
2022-10-10,Monday,BULL,11108,11119.75,11102.25,11115.5,17.50,0.062,STRAIGHT DOWN,STRAIGHT DOWN,STRAIGHT DOWN,REVERSED,-5.00,-34.00,-56.75,-66.50,-69.75,-103.25,10.25,67.50,9.00,41.00,-19.25,-3.75,0.062,False,-1
2022-10-11,Tuesday,BEAR,10919.75,10928.75,10910.25,10912.25,18.50,0.065,WHIPSAW,WHIPSAW,STRAIGHT DOWN,CONTINUED,-8.25,-11.00,6.25,41.25,32.25,96.75,41.25,32.25,-61.25,-69.00,-22.75,-7.75,0.100,False,-1
2022-10-12,Wednesday,BEAR,10865.75,10874.25,10840,10848.75,34.25,0.125,WHIPSAW,WHIPSAW,WHIPSAW,REVERSED,26.25,31.50,30.25,-19.25,-68.00,-36.50,43.00,37.00,21.75,-11.00,-22.00,-6.50,0.360,False,-1
2022-10-13,Thursday,BULL,10523.25,10539.75,10493.75,10535.25,46.00,0.170,WHIPSAW,WHIPSAW,WHIPSAW,REVERSED,-7.75,-39.50,-15.75,-19.25,-8.50,82.50,10.75,50.75,-313.50,-332.00,-19.50,3.75,1.263,False,-1
2022-10-14,Friday,BULL,11180.25,11195,11172.25,11184.75,22.75,0.076,STRAIGHT DOWN,STRAIGHT DOWN,STRAIGHT DOWN,REVERSED,-15.00,-12.75,-50.75,-70.50,-115.75,-201.75,23.00,79.75,98.25,110.75,-39.25,-4.25,0.224,False,1
2022-10-17,Monday,BULL,11001,11035,10999,11028,36.00,0.113,STRAIGHT UP,STRAIGHT UP,STRAIGHT UP,CONTINUED,-3.00,7.50,13.25,29.50,54.25,54.75,32.50,5.50,254.25,280.25,57.00,34.50,0.092,False,-1
2022-10-18,Tuesday,BULL,11403.5,11424.25,11402.5,11408,21.75,0.071,WHIPSAW,STRAIGHT DOWN,STRAIGHT DOWN,REVERSED,-5.75,13.75,-15.50,-30.50,-67.25,-91.25,23.75,35.25,292.75,241.50,12.25,26.25,0.073,False,1
2022-10-19,Wednesday,BULL,11129.75,11155.5,11118.5,11154.5,37.00,0.121,STRAIGHT UP,WHIPSAW,WHIPSAW,CONTINUED,-0.75,-8.50,20.25,46.75,-24.50,-25.50,49.75,20.75,-73.25,-194.25,-1.00,4.75,0.135,False,-1
2022-10-20,Thursday,BULL,11111.25,11139.75,11102.75,11133.5,37.00,0.124,WHIPSAW,WHIPSAW,STRAIGHT UP,REVERSED,10.25,3.75,15.00,-16.50,47.00,84.00,27.75,25.50,-43.50,-31.00,27.25,-10.25,0.208,False,1
2022-10-21,Friday,BEAR,11044,11049.5,11017,11020.5,32.50,0.110,WHIPSAW,STRAIGHT UP,STRAIGHT UP,CONTINUED,-31.25,-62.25,-31.50,12.00,-91.50,-140.75,25.75,64.75,-43.25,-19.00,62.00,2.50,0.065,False,-1
2022-10-24,Monday,BEAR,11359.25,11372.5,11342.75,11351.5,29.75,0.099,WHIPSAW,WHIPSAW,WHIPSAW,REVERSED,27.00,35.50,41.75,-9.75,-59.50,24.25,51.25,15.00,5.50,-34.00,-44.50,-7.00,0.062,False,1
2022-10-25,Tuesday,BULL,11515.75,11548.25,11514.75,11540,33.50,0.108,SIDEWAYS,STRAIGHT UP,STRAIGHT UP,NO FOLLOW-THROUGH,17.75,25.25,19.00,6.50,42.00,100.50,31.75,6.75,35.75,56.00,37.75,-6.00,0.035,False,1
2022-10-26,Wednesday,BEAR,11474.5,11478.5,11441.5,11444.5,37.00,0.123,STRAIGHT UP,STRAIGHT UP,STRAIGHT UP,REVERSED,-17.50,-43.75,-21.00,-27.75,-48.00,-97.50,11.50,49.00,-238.50,-45.75,-31.75,-20.50,0.057,False,1
2022-10-27,Thursday,BULL,11400.75,11449.75,11400.25,11449,49.50,0.161,WHIPSAW,STRAIGHT DOWN,STRAIGHT DOWN,REVERSED,-11.25,-6.00,6.00,-26.50,-44.25,-160.50,15.50,36.75,-53.00,-22.25,-36.75,-13.25,0.251,False,-1
2022-10-28,Friday,BULL,11212.75,11246.5,11206.25,11234,40.25,0.133,STRAIGHT UP,STRAIGHT UP,STRAIGHT UP,CONTINUED,21.25,33.75,65.50,67.50,108.25,114.00,79.75,10.00,-28.50,88.75,63.25,16.00,0.498,False,-1
2022-10-31,Monday,BULL,11488.25,11512,11482.25,11504.75,29.75,0.095,WHIPSAW,STRAIGHT DOWN,STRAIGHT DOWN,REVERSED,11.50,-40.75,-39.00,-28.00,-52.50,-59.75,18.00,51.25,-96.50,-104.50,-15.25,-9.75,0.036,False,1
2022-11-01,Tuesday,BULL,11595.25,11619,11595,11603,24.00,0.079,WHIPSAW,STRAIGHT DOWN,STRAIGHT DOWN,REVERSED,-16.75,-4.50,-5.00,-16.50,-64.00,-124.25,11.25,26.75,145.00,143.50,-7.25,3.75,0.046,False,-1
2022-11-02,Wednesday,BEAR,11330,11340.75,11324.25,11326.5,16.50,0.052,STRAIGHT DOWN,STRAIGHT DOWN,STRAIGHT DOWN,CONTINUED,22.75,42.50,46.25,25.75,18.00,32.25,55.25,1.75,-0.75,10.75,-2.25,-1.00,0.057,False,-1
2022-11-03,Thursday,BEAR,10829.25,10829.5,10792.25,10798.25,37.25,0.121,STRAIGHT UP,WHIPSAW,WHIPSAW,REVERSED,-7.75,-1.25,-44.50,-28.25,32.00,79.75,7.25,50.00,-110.25,-115.25,24.25,-3.75,0.077,False,-1
2022-11-04,Friday,BULL,10932.25,10963.75,10931.5,10945.75,32.25,0.113,STRAIGHT DOWN,STRAIGHT DOWN,STRAIGHT DOWN,REVERSED,-23.00,-66.25,-77.50,-90.00,-185.25,-86.25,4.00,93.25,207.00,208.25,59.75,32.75,0.708,True,-1
2022-11-08,Tuesday,BEAR,11076.5,11083,11054.25,11055.25,28.75,0.097,STRAIGHT DOWN,STRAIGHT DOWN,WHIPSAW,CONTINUED,3.50,11.25,17.50,11.00,44.25,-7.25,24.00,3.50,183.00,62.00,-4.75,-15.75,0.040,False,-1
2022-11-09,Wednesday,BEAR,11018,11018.75,10995.75,11008.5,23.00,0.078,STRAIGHT DOWN,WHIPSAW,WHIPSAW,CONTINUED,16.50,33.25,22.75,10.00,-30.50,20.50,39.50,0.25,-75.75,-61.00,-4.75,-10.50,0.056,False,1
2022-11-10,Thursday,BULL,11356.75,11394.5,11356.25,11384.25,38.25,0.130,STRAIGHT DOWN,STRAIGHT DOWN,WHIPSAW,REVERSED,-37.25,-20.75,-33.25,-15.50,-48.00,58.50,3.75,53.25,525.25,514.25,51.25,11.75,1.461,False,-1
2022-11-11,Friday,BEAR,11624.5,11644.75,11608.75,11613.25,36.00,0.120,STRAIGHT DOWN,WHIPSAW,WHIPSAW,CONTINUED,-5.75,24.50,16.00,35.25,-32.25,-54.00,36.75,13.75,-3.75,-45.25,-77.00,6.50,0.066,False,1
2022-11-14,Monday,BULL,11760.25,11770,11752.25,11766.5,17.75,0.060,WHIPSAW,STRAIGHT DOWN,SIDEWAYS,REVERSED,13.75,-10.75,-5.00,-30.00,-53.25,6.50,19.00,34.00,-87.75,-35.75,-13.50,-6.00,0.049,False,1
2022-11-15,Tuesday,DOJI,12021.5,12062.75,12021.5,12023.5,41.25,0.144,UP (CHOPPY),WHIPSAW,WHIPSAW,DOJI,16.75,32.50,12.00,13.25,-7.75,19.75,39.50,8.25,279.50,252.25,-53.25,-14.75,0.667,False,-1
2022-11-16,Wednesday,DOJI,11823.5,11828.75,11798.75,11820.5,30.00,0.103,WHIPSAW,WHIPSAW,DOWN (CHOPPY),DOJI,-9.25,-6.00,1.00,-9.50,-2.50,-31.75,16.25,26.00,-82.50,-65.50,-8.00,-9.00,0.204,False,-1
2022-11-17,Thursday,BULL,11551,11565.75,11543.5,11564.25,22.25,0.079,STRAIGHT UP,STRAIGHT UP,SIDEWAYS,CONTINUED,17.75,16.75,15.75,30.75,58.75,14.00,33.25,8.00,-189.50,-223.00,-10.00,-3.25,0.105,False,-1
2022-11-18,Friday,BEAR,11837.5,11842.75,11806,11812.75,36.75,0.130,STRAIGHT DOWN,STRAIGHT DOWN,STRAIGHT DOWN,CONTINUED,41.50,37.75,33.25,29.50,38.75,81.50,50.75,0.75,125.50,91.75,5.25,12.00,0.036,False,1
2022-11-21,Monday,BULL,11649.25,11677,11648.5,11672.75,28.50,0.106,WHIPSAW,WHIPSAW,WHIPSAW,REVERSED,14.50,-0.50,-15.00,-31.75,-14.00,-1.50,21.50,40.75,-58.50,-70.50,-4.00,-22.00,0.047,False,-1
2022-11-22,Tuesday,BEAR,11617.25,11628.75,11604.75,11608,24.00,0.089,WHIPSAW,STRAIGHT DOWN,STRAIGHT DOWN,CONTINUED,3.50,-4.75,8.50,13.25,69.00,46.00,20.00,8.25,30.00,29.25,-20.25,-5.75,0.029,False,-1
2022-11-23,Wednesday,BULL,11749.75,11759.25,11744.75,11753.75,14.50,0.055,STRAIGHT UP,STRAIGHT UP,STRAIGHT UP,CONTINUED,10.00,11.50,14.25,27.00,49.50,66.50,28.00,5.00,-1.50,8.75,-9.00,-6.50,0.104,False,1
2022-11-28,Monday,BULL,11703.25,11726.25,11693.75,11718,32.50,0.137,STRAIGHT UP,STRAIGHT UP,STRAIGHT UP,CONTINUED,13.00,22.75,21.50,35.75,65.50,30.50,48.75,0.75,-165.00,-32.25,-11.50,7.25,0.049,False,1
2022-11-29,Tuesday,BEAR,11622.25,11624.25,11602,11614.75,22.25,0.093,WHIPSAW,STRAIGHT DOWN,DOWN (CHOPPY),CONTINUED,13.50,9.25,-2.25,23.75,35.50,20.75,26.00,13.25,11.25,-3.75,-13.00,-13.50,0.058,False,-1
2022-11-30,Wednesday,DOJI,11534.5,11540.75,11521.5,11535.5,19.25,0.084,WHIPSAW,WHIPSAW,SIDEWAYS,DOJI,-9.50,-10.25,20.50,27.00,28.50,-4.75,38.00,16.75,11.25,15.25,14.75,-14.25,0.244,False,-1
2022-12-01,Thursday,BEAR,12056.25,12063.75,12031.5,12036.75,32.25,0.130,STRAIGHT UP,STRAIGHT UP,STRAIGHT UP,REVERSED,-10.75,-34.00,-31.25,-50.75,-74.00,-63.50,2.50,56.25,5.25,-19.50,-23.25,-21.75,0.429,False,1
2022-12-02,Friday,BULL,11845.75,11888.75,11844.25,11874.5,44.50,0.181,WHIPSAW,WHIPSAW,WHIPSAW,CONTINUED,9.00,23.00,31.00,21.00,21.00,20.25,41.25,14.50,-214.00,-193.25,21.50,7.00,1.199,True,1
2022-12-05,Monday,BULL,11921.5,11933.25,11911.5,11927.75,21.75,0.093,STRAIGHT UP,STRAIGHT UP,WHIPSAW,CONTINUED,8.75,0.25,5.00,30.00,28.50,-28.75,31.25,5.50,-91.50,-79.25,-6.50,-9.00,0.029,False,1
2022-12-06,Tuesday,DOJI,11799,11805.75,11787,11800.25,18.75,0.082,STRAIGHT DOWN,STRAIGHT DOWN,STRAIGHT DOWN,DOJI,-9.75,-13.75,-17.50,-33.50,-88.00,-136.50,4.50,34.00,-3.50,-14.00,-22.25,-11.25,0.062,False,-1
2022-12-07,Wednesday,BULL,11509.25,11535.25,11495.5,11526.25,39.75,0.168,STRAIGHT UP,WHIPSAW,WHIPSAW,CONTINUED,0.25,-12.00,13.25,43.00,2.75,-77.00,43.25,16.25,-53.25,-59.00,4.50,-8.25,0.113,False,-1
2022-12-08,Thursday,DOJI,11565.5,11572.75,11547.5,11563,25.25,0.112,STRAIGHT DOWN,STRAIGHT DOWN,WHIPSAW,DOJI,-11.50,-25.00,-39.25,-52.75,-70.75,46.75,1.50,56.50,57.75,65.25,-10.00,1.25,0.144,False,-1
2022-12-09,Friday,BULL,11602,11618.5,11596.5,11614.25,22.00,0.095,STRAIGHT DOWN,WHIPSAW,WHIPSAW,REVERSED,-44.75,-23.50,-16.25,-13.00,31.50,-1.50,1.75,64.25,-43.75,-36.50,-16.25,8.00,0.999,False,1
2022-12-12,Monday,BULL,11576.75,11596.75,11570,11591.75,26.75,0.118,SIDEWAYS,STRAIGHT DOWN,SIDEWAYS,NO FOLLOW-THROUGH,-11.25,-5.25,-2.50,-5.00,-29.75,-0.75,6.25,22.50,6.25,21.75,-16.50,-18.75,0.054,False,-1
2022-12-13,Tuesday,BEAR,12167.75,12175.75,12148,12157,27.75,0.124,STRAIGHT DOWN,SIDEWAYS,WHIPSAW,CONTINUED,25.50,42.75,50.50,66.50,6.75,35.50,73.50,0.25,453.00,467.50,2.25,-31.50,1.021,False,1
2022-12-14,Wednesday,BULL,11812.75,11838,11811,11831,27.00,0.110,WHIPSAW,WHIPSAW,STRAIGHT UP,CONTINUED,-11.00,14.00,24.25,34.00,30.25,56.25,41.25,17.25,-28.50,-20.50,-15.00,-6.00,0.043,False,-1
2022-12-15,Thursday,BULL,11573.5,11594.5,11565.5,11582.75,29.00,0.115,STRAIGHT DOWN,STRAIGHT DOWN,STRAIGHT DOWN,REVERSED,-6.75,-36.25,-47.25,-64.25,-65.50,-134.75,19.50,70.25,-171.25,-192.00,3.50,3.00,0.145,False,-1
2022-12-19,Monday,BEAR,11354.25,11359.25,11327.75,11330.25,31.50,0.119,STRAIGHT DOWN,STRAIGHT DOWN,STRAIGHT DOWN,CONTINUED,9.00,12.25,23.00,41.25,27.50,71.50,42.75,5.75,7.50,27.25,-1.75,0.00,0.037,False,-1
2022-12-20,Tuesday,BEAR,11133.5,11138,11115.5,11120.5,22.50,0.085,WHIPSAW,WHIPSAW,WHIPSAW,NO FOLLOW-THROUGH,-14.75,-9.00,-26.25,4.75,39.75,-51.00,14.75,31.00,-54.50,-48.25,-3.75,10.00,0.088,False,-1
2022-12-21,Wednesday,BULL,11217.25,11230.25,11206,11229.25,24.25,0.091,STRAIGHT DOWN,SIDEWAYS,WHIPSAW,REVERSED,-29.00,-36.75,-32.50,-32.00,5.25,10.25,-0.50,48.25,41.75,15.75,-19.50,-7.25,0.063,False,1
2022-12-22,Thursday,BEAR,11203,11208,11188,11196.75,20.00,0.083,STRAIGHT DOWN,STRAIGHT DOWN,STRAIGHT DOWN,CONTINUED,16.75,48.75,44.00,62.25,103.50,85.00,66.25,1.00,-133.00,-156.50,0.00,-2.25,0.248,False,1
2022-12-23,Friday,BULL,10997.25,11021.25,10988.5,11012.5,32.75,0.131,WHIPSAW,WHIPSAW,WHIPSAW,REVERSED,17.00,29.00,9.50,-54.00,-45.75,-36.25,38.25,54.00,-58.00,-56.50,-53.50,-25.25,0.425,False,-1
2022-12-27,Tuesday,BEAR,11052,11056,11032.75,11034,23.25,0.093,STRAIGHT DOWN,STRAIGHT DOWN,STRAIGHT DOWN,CONTINUED,7.25,5.75,12.75,33.25,115.25,111.50,41.00,4.25,-27.75,-49.75,-3.25,-20.50,0.068,False,1
2022-12-28,Wednesday,BEAR,10900.5,10916,10882.25,10886.5,33.75,0.138,STRAIGHT UP,STRAIGHT UP,STRAIGHT UP,REVERSED,-8.50,-55.25,-69.00,-100.00,-82.25,-77.50,25.00,105.25,-18.25,-17.75,-16.25,-17.25,0.026,False,-1
2022-12-29,Thursday,BEAR,10885.75,10892.5,10871.5,10882.5,21.00,0.088,WHIPSAW,STRAIGHT UP,STRAIGHT UP,REVERSED,5.00,20.00,1.25,-23.25,-70.25,-95.00,26.00,31.00,115.50,99.00,-5.00,-9.75,0.114,False,-1
2022-12-30,Friday,BULL,10911.5,10928.25,10896.5,10921,31.75,0.130,WHIPSAW,WHIPSAW,WHIPSAW,CONTINUED,-17.25,-13.25,16.25,11.75,-7.75,-10.00,26.75,36.50,-120.75,-120.75,-12.00,-7.75,0.045,False,1
2023-01-03,Tuesday,BEAR,11119.5,11130.75,11099.5,11101,31.25,0.130,WHIPSAW,WHIPSAW,WHIPSAW,REVERSED,10.75,-1.75,-33.25,-8.00,-12.00,92.00,28.50,40.75,96.75,2.25,2.50,-14.50,0.054,False,1
2023-01-04,Wednesday,BEAR,11034,11041.5,11002,11006.5,39.50,0.156,WHIPSAW,WHIPSAW,WHIPSAW,NO FOLLOW-THROUGH,8.00,24.00,40.75,-1.50,39.00,59.25,44.75,16.25,91.75,92.25,8.75,22.00,0.052,False,-1
2023-01-05,Thursday,BEAR,10923.25,10926,10900,10914.75,26.00,0.102,STRAIGHT DOWN,STRAIGHT DOWN,STRAIGHT DOWN,CONTINUED,28.25,36.25,52.50,46.00,89.00,48.25,61.25,-0.50,-73.25,-61.00,-6.25,24.75,0.174,False,-1
2023-01-06,Friday,BEAR,10890.5,10903,10862,10874.5,41.00,0.178,STRAIGHT UP,WHIPSAW,WHIPSAW,REVERSED,0.25,-11.50,-46.25,-59.00,96.50,35.00,21.25,70.50,70.25,53.25,-52.25,7.00,0.813,True,-1
2023-01-09,Monday,BULL,11199.5,11222,11199.25,11220.75,22.75,0.097,WHIPSAW,WHIPSAW,STRAIGHT UP,NO FOLLOW-THROUGH,12.50,20.50,-1.00,-6.00,34.00,96.00,24.00,15.50,86.00,71.00,24.50,-0.25,0.090,False,1
2023-01-10,Tuesday,BULL,11143,11171.5,11137.75,11149.25,33.75,0.147,STRAIGHT UP,STRAIGHT UP,STRAIGHT UP,CONTINUED,32.50,51.50,55.75,84.00,43.75,50.75,97.00,5.25,-44.75,-38.25,15.25,-13.25,0.057,False,-1
2023-01-11,Wednesday,BULL,11323.5,11348,11323,11339,25.00,0.111,STRAIGHT DOWN,WHIPSAW,WHIPSAW,REVERSED,-26.50,-41.75,-31.75,-17.00,7.25,-6.25,3.50,48.25,38.00,41.50,-1.00,3.25,0.060,False,1
2023-01-12,Thursday,BULL,11491,11515.5,11490,11515,25.50,0.113,STRAIGHT DOWN,STRAIGHT DOWN,STRAIGHT DOWN,REVERSED,-19.00,-56.75,-57.25,-73.00,-162.50,-133.75,3.50,80.50,15.00,19.75,-53.75,7.75,0.879,False,1
2023-01-13,Friday,BULL,11424.5,11441.75,11419.75,11437.5,22.00,0.096,WHIPSAW,WHIPSAW,WHIPSAW,NO FOLLOW-THROUGH,10.00,-12.75,-0.75,5.75,-1.00,40.50,23.75,20.25,-106.50,-105.00,19.50,11.75,0.057,False,1
2023-01-17,Tuesday,BULL,11598.5,11620.5,11593.25,11606.25,27.25,0.124,WHIPSAW,WHIPSAW,WHIPSAW,REVERSED,1.75,1.50,-17.50,-15.25,-15.25,29.00,12.75,26.50,-8.75,27.00,34.00,12.25,0.077,False,1
2023-01-18,Wednesday,BULL,11694.75,11717.75,11692,11715.75,25.75,0.119,WHIPSAW,STRAIGHT DOWN,WHIPSAW,REVERSED,-6.50,-34.50,-18.00,-7.75,-25.25,20.25,11.25,35.75,67.75,73.00,4.25,-16.00,0.399,False,1
2023-01-19,Thursday,BULL,11407.5,11424.5,11396.75,11424.25,27.75,0.123,WHIPSAW,WHIPSAW,WHIPSAW,NO FOLLOW-THROUGH,-12.25,12.25,14.00,-4.75,-42.75,-41.00,19.25,19.25,-71.50,-62.75,19.25,21.00,0.177,False,-1
2023-01-20,Friday,BEAR,11428.25,11429.75,11407,11411,22.75,0.104,STRAIGHT DOWN,WHIPSAW,WHIPSAW,CONTINUED,0.00,12.25,9.75,19.75,-19.75,-20.75,25.50,8.25,68.00,23.00,19.00,-8.75,0.066,False,-1
2023-01-23,Monday,BEAR,11704,11714.25,11692,11694.25,22.25,0.099,WHIPSAW,STRAIGHT UP,STRAIGHT UP,REVERSED,15.50,1.25,-5.25,-23.50,-58.25,-129.75,22.50,33.50,28.25,26.25,7.25,11.75,0.063,False,1
2023-01-24,Tuesday,BEAR,11860,11871.5,11845,11846.25,26.50,0.112,STRAIGHT UP,STRAIGHT UP,STRAIGHT UP,REVERSED,-12.75,-35.00,-30.00,-17.50,-42.25,-23.75,6.25,37.25,-71.25,-73.50,10.75,7.75,0.055,False,1
2023-01-25,Wednesday,BEAR,11712.5,11712.75,11685.25,11688,27.50,0.125,WHIPSAW,WHIPSAW,WHIPSAW,NO FOLLOW-THROUGH,-6.25,26.75,7.75,4.50,8.00,54.50,29.25,11.00,-192.75,-260.50,2.50,0.25,0.074,False,1
2023-01-26,Thursday,BULL,12017.75,12039.5,12016.25,12037.75,23.25,0.103,STRAIGHT UP,WHIPSAW,WHIPSAW,CONTINUED,15.50,26.00,6.25,23.50,-18.50,-71.25,31.00,9.75,142.75,142.75,20.25,3.25,0.213,False,1
2023-01-27,Friday,BULL,12047,12067.25,12041.75,12066.25,25.50,0.110,STRAIGHT UP,STRAIGHT UP,STRAIGHT UP,CONTINUED,5.50,21.00,11.75,22.25,44.25,47.25,27.75,4.25,-57.75,-3.25,4.75,9.75,0.256,False,1
2023-01-30,Monday,BULL,12083,12108,12077.25,12104.25,30.75,0.138,STRAIGHT DOWN,SIDEWAYS,WHIPSAW,REVERSED,-8.00,-6.00,-9.50,-37.00,-1.25,7.75,6.25,39.50,-140.00,-130.25,-2.75,0.75,0.085,False,1
2023-01-31,Tuesday,BULL,11974.5,11999,11969.25,11994.25,29.75,0.135,STRAIGHT UP,STRAIGHT UP,SIDEWAYS,CONTINUED,5.50,3.50,13.75,15.00,26.00,-13.00,37.25,6.50,3.50,-10.00,-26.75,-20.50,0.251,False,-1
2023-02-01,Wednesday,BULL,12143.75,12150,12131.5,12148,18.50,0.083,STRAIGHT DOWN,STRAIGHT DOWN,SIDEWAYS,REVERSED,-13.50,-16.75,-25.25,-41.25,-23.50,-8.75,8.00,46.50,-10.25,22.50,8.75,-4.75,0.056,False,1
2023-02-02,Thursday,BULL,12678.5,12724.5,12678.5,12720.25,46.00,0.191,STRAIGHT DOWN,WHIPSAW,STRAIGHT DOWN,REVERSED,-38.00,-18.75,-7.50,-27.00,-21.75,-61.75,8.75,42.75,258.25,164.50,17.00,15.75,0.114,False,1
2023-02-03,Friday,BULL,12574.5,12592.5,12558.25,12590,34.25,0.141,WHIPSAW,STRAIGHT UP,STRAIGHT UP,CONTINUED,18.25,44.50,18.50,30.50,88.75,119.50,47.50,18.00,-280.50,-164.25,-15.00,-1.25,0.531,True,1
2023-02-06,Monday,BULL,12509,12531,12502,12522,29.00,0.116,STRAIGHT UP,STRAIGHT UP,STRAIGHT UP,CONTINUED,18.00,35.50,23.50,28.25,42.25,36.25,43.25,3.75,-113.75,-69.00,8.00,1.75,0.153,False,1
2023-02-07,Tuesday,BULL,12504,12521.25,12503,12510.25,18.25,0.072,WHIPSAW,WHIPSAW,WHIPSAW,REVERSED,3.50,-0.75,-3.50,-16.00,14.00,-24.00,13.25,19.00,-9.25,-13.75,-16.00,-10.75,0.087,False,1
2023-02-08,Wednesday,BULL,12713.75,12726.5,12708,12721.25,18.50,0.072,WHIPSAW,WHIPSAW,WHIPSAW,NO FOLLOW-THROUGH,4.75,-14.50,-19.25,-2.25,14.00,-43.75,12.00,37.50,-58.50,-31.75,-6.50,-10.25,0.053,False,1
2023-02-09,Thursday,BEAR,12722.75,12729.5,12703.75,12704.5,25.75,0.098,STRAIGHT DOWN,STRAIGHT DOWN,STRAIGHT DOWN,CONTINUED,17.00,11.50,5.25,29.00,48.50,29.75,29.50,9.50,179.25,164.75,8.25,12.50,0.103,False,-1
2023-02-10,Friday,BULL,12335,12376,12330,12374,46.00,0.172,WHIPSAW,WHIPSAW,STRAIGHT DOWN,CONTINUED,-3.75,-13.25,-3.75,16.25,-15.75,-60.00,18.00,17.00,-92.50,-111.00,3.00,1.00,0.053,False,-1
2023-02-13,Monday,BEAR,12402,12403.25,12379.25,12380.75,24.00,0.093,WHIPSAW,WHIPSAW,STRAIGHT UP,CONTINUED,-7.00,0.00,3.00,22.25,-41.00,-81.75,24.25,29.75,56.25,49.00,18.50,-3.25,0.030,False,1
2023-02-14,Tuesday,BEAR,12473.5,12479,12425.75,12428.25,53.25,0.200,WHIPSAW,STRAIGHT UP,STRAIGHT UP,REVERSED,27.50,15.00,19.00,-17.25,-106.00,-171.75,37.75,36.50,-71.00,-74.25,-45.00,-9.25,0.850,False,1
2023-02-15,Wednesday,BULL,12553.25,12572,12552.5,12569.75,19.50,0.074,WHIPSAW,WHIPSAW,WHIPSAW,CONTINUED,16.00,22.75,29.25,23.00,26.00,13.50,36.00,15.00,-77.50,-65.75,-31.00,2.25,0.204,False,1
2023-02-16,Thursday,BULL,12524,12543.5,12521.25,12535,22.25,0.084,SIDEWAYS,WHIPSAW,WHIPSAW,NO FOLLOW-THROUGH,10.00,16.00,12.75,-3.75,13.00,19.75,22.00,5.50,-210.00,-220.00,-35.50,-5.75,0.282,False,1
2023-02-17,Friday,DOJI,12389.75,12391.25,12373.5,12388.5,17.75,0.068,STRAIGHT UP,WHIPSAW,WHIPSAW,DOJI,-3.50,3.25,11.75,20.50,-61.50,-51.50,35.00,7.00,-92.00,-71.75,-0.75,-18.00,0.080,False,-1
2023-02-21,Tuesday,BULL,12228.75,12240,12224.75,12234,15.25,0.059,WHIPSAW,STRAIGHT UP,SIDEWAYS,CONTINUED,-5.50,10.50,12.25,20.75,52.75,-6.75,21.50,13.75,-163.25,-141.00,-11.50,-12.25,0.063,False,1
2023-02-22,Wednesday,BULL,12120,12137.75,12114.25,12132,23.50,0.090,WHIPSAW,STRAIGHT UP,WHIPSAW,NO FOLLOW-THROUGH,11.25,7.75,10.25,-5.75,36.00,-16.75,21.50,14.50,21.75,9.00,-10.00,-10.75,0.066,False,-1
2023-02-23,Thursday,BEAR,12252.25,12260.25,12243,12243.75,17.25,0.072,STRAIGHT DOWN,STRAIGHT DOWN,SIDEWAYS,CONTINUED,3.25,8.75,0.75,19.50,28.00,0.25,24.00,6.25,149.50,76.25,30.75,1.25,0.229,False,-1
2023-02-24,Friday,BULL,11994,12007,11980.75,12004,26.25,0.112,WHIPSAW,WHIPSAW,WHIPSAW,CONTINUED,-5.75,11.25,14.25,11.50,-23.25,-31.00,16.50,11.50,-212.00,-197.50,-4.75,8.25,0.283,False,-1
2023-02-27,Monday,BULL,12131.25,12143,12125.5,12139,17.50,0.079,STRAIGHT DOWN,STRAIGHT DOWN,SIDEWAYS,REVERSED,-18.50,-11.00,-3.50,-12.75,-23.75,0.50,4.50,23.00,133.75,129.00,-6.25,-0.75,0.125,False,1
2023-02-28,Tuesday,BULL,12056,12068.75,12054.75,12064.75,14.00,0.064,SIDEWAYS,WHIPSAW,WHIPSAW,NO FOLLOW-THROUGH,0.50,-2.50,-8.00,-3.75,27.50,44.00,6.00,23.50,-27.50,-35.75,-40.00,-12.75,0.072,False,-1
2023-03-01,Wednesday,BEAR,12052.25,12056,12038.5,12040.75,17.50,0.086,WHIPSAW,WHIPSAW,WHIPSAW,CONTINUED,-14.50,-1.50,6.50,19.25,-7.00,-3.50,23.00,19.25,-12.25,9.00,12.50,-12.50,0.112,False,1
2023-03-02,Thursday,BULL,11857.25,11867,11846.25,11863.75,20.75,0.105,WHIPSAW,WHIPSAW,STRAIGHT UP,NO FOLLOW-THROUGH,-1.75,4.50,1.25,2.25,13.75,38.75,19.00,7.75,-107.75,-110.50,15.25,4.50,0.156,False,-1
2023-03-03,Friday,BEAR,12134.5,12139,12120,12122.25,19.00,0.101,SIDEWAYS,STRAIGHT UP,STRAIGHT UP,NO FOLLOW-THROUGH,3.50,3.25,6.50,-0.25,-36.50,-56.50,10.00,4.25,68.50,83.75,-4.50,-1.50,0.076,False,1
2023-03-06,Monday,BULL,12361,12377.75,12359.75,12373.75,18.00,0.094,WHIPSAW,WHIPSAW,WHIPSAW,NO FOLLOW-THROUGH,-10.00,-2.00,16.50,-1.25,2.50,-3.75,23.25,17.75,48.25,53.25,-7.00,-3.75,0.039,False,1
2023-03-07,Tuesday,DOJI,12324.25,12329.75,12317.25,12322.75,12.50,0.067,STRAIGHT UP,STRAIGHT UP,WHIPSAW,DOJI,-2.75,7.75,16.25,26.00,30.50,-41.00,26.50,9.75,0.25,1.50,-21.00,-9.50,0.077,False,-1
2023-03-08,Wednesday,BULL,12185,12207.5,12184.25,12206.75,23.25,0.127,STRAIGHT DOWN,STRAIGHT DOWN,STRAIGHT DOWN,REVERSED,-1.00,-8.25,-17.00,-28.75,-36.75,-70.00,9.25,34.50,15.50,10.50,7.75,-0.50,0.079,False,-1
2023-03-09,Thursday,DOJI,12246.25,12258.5,12238.25,12248.75,20.25,0.113,WHIPSAW,STRAIGHT UP,STRAIGHT UP,DOJI,-3.50,-1.00,17.25,32.75,42.50,76.75,34.25,18.50,15.25,23.25,-8.50,-11.75,0.378,False,1
2023-03-10,Friday,BEAR,12018,12019.25,11987.5,11993.25,31.75,0.167,WHIPSAW,STRAIGHT DOWN,WHIPSAW,CONTINUED,1.00,-18.00,9.50,47.00,107.25,44.00,48.25,34.25,11.25,9.25,-51.50,3.75,0.907,True,-1
2023-03-13,Monday,BULL,11770,11795.5,11757,11787.5,38.50,0.193,WHIPSAW,WHIPSAW,WHIPSAW,REVERSED,9.50,-15.25,10.25,-37.00,-48.25,87.75,28.25,42.50,-71.00,-117.25,-12.00,-33.25,0.209,False,-1
2023-03-14,Tuesday,BULL,12076,12097.5,12070.25,12091.75,27.25,0.128,WHIPSAW,STRAIGHT UP,STRAIGHT UP,NO FOLLOW-THROUGH,4.00,2.75,-7.25,3.00,49.25,36.50,10.25,17.75,146.00,118.00,19.25,0.75,0.802,False,1
2023-03-15,Wednesday,BULL,12088,12120,12076.75,12101.25,43.25,0.202,WHIPSAW,WHIPSAW,WHIPSAW,CONTINUED,4.00,-0.75,18.00,22.75,18.00,-11.00,43.50,15.75,-109.75,-114.75,58.50,12.25,0.296,False,1
2023-03-16,Thursday,DOJI,12219.5,12236,12215,12218.5,21.00,0.097,DOWN (CHOPPY),WHIPSAW,STRAIGHT UP,DOJI,-15.25,-18.00,-12.50,-7.25,18.00,70.00,6.25,24.75,-41.50,-47.75,-27.75,-9.50,0.107,False,1
2023-03-20,Monday,BULL,12623.5,12633,12616,12631,17.00,0.072,STRAIGHT DOWN,STRAIGHT DOWN,STRAIGHT DOWN,REVERSED,-25.25,-22.25,-8.25,-54.00,-66.25,-42.75,0.75,57.50,40.25,-65.50,-48.00,-15.00,0.061,False,1
2023-03-21,Tuesday,BULL,12775.5,12796.75,12774.25,12791.5,22.50,0.094,STRAIGHT UP,SIDEWAYS,WHIPSAW,CONTINUED,10.50,3.75,8.25,9.75,0.75,32.00,23.25,2.50,82.75,77.00,11.75,-4.25,0.029,False,1
2023-03-22,Wednesday,BEAR,12872.5,12878.75,12866,12869,12.75,0.052,DOWN (CHOPPY),SIDEWAYS,UP (CHOPPY),CONTINUED,5.25,2.25,12.50,9.00,1.25,-22.75,18.00,6.00,-4.75,-1.25,18.50,2.00,0.033,False,1
2023-03-23,Thursday,BULL,12855,12880,12852.75,12875.5,27.25,0.105,WHIPSAW,WHIPSAW,WHIPSAW,REVERSED,-3.25,-0.50,-2.25,-10.25,7.00,32.50,13.00,15.75,156.25,157.00,33.00,22.00,0.098,False,-1
2023-03-24,Friday,DOJI,12827,12844.75,12817.25,12824.5,27.50,0.104,STRAIGHT DOWN,STRAIGHT DOWN,SIDEWAYS,DOJI,-9.25,-25.00,-27.25,-23.75,-53.00,-8.50,6.00,39.25,-20.25,-45.25,17.75,21.00,0.074,False,-1
2023-03-27,Monday,BEAR,12919.25,12925.75,12905.5,12915.25,20.25,0.078,DOWN (CHOPPY),WHIPSAW,WHIPSAW,CONTINUED,21.50,11.75,9.50,8.00,-23.50,-22.50,24.25,5.75,25.00,3.00,3.50,-6.50,0.035,False,1
2023-03-28,Tuesday,BEAR,12776.25,12777,12760,12765.25,17.00,0.065,STRAIGHT DOWN,STRAIGHT DOWN,STRAIGHT DOWN,CONTINUED,10.50,26.25,36.25,39.00,61.00,81.25,43.00,3.00,-23.00,-35.50,4.75,8.75,0.066,False,-1
2023-03-29,Wednesday,BULL,12887.75,12895,12881.25,12892.5,13.75,0.054,STRAIGHT UP,SIDEWAYS,STRAIGHT UP,CONTINUED,2.00,14.75,13.25,19.50,8.25,24.75,23.25,4.00,155.00,140.75,34.00,3.25,0.024,False,-1
2023-03-30,Thursday,BEAR,13064.75,13067,13051.5,13052.5,15.50,0.060,WHIPSAW,WHIPSAW,STRAIGHT UP,NO FOLLOW-THROUGH,1.25,-19.00,-15.25,-3.50,4.50,-33.00,8.00,25.50,95.50,100.00,14.00,0.75,0.139,False,1
2023-03-31,Friday,DOJI,13092,13099.25,13078,13093.25,21.25,0.090,STRAIGHT UP,STRAIGHT UP,STRAIGHT UP,DOJI,3.00,13.25,21.75,30.00,39.50,59.00,33.75,0.00,7.25,11.75,-4.25,-17.00,0.302,False,1
2023-04-03,Monday,BEAR,13210.25,13210.25,13199.5,13201,10.75,0.046,STRAIGHT UP,STRAIGHT UP,STRAIGHT UP,REVERSED,-12.75,-15.00,-31.25,-35.00,-27.50,-41.75,3.25,40.00,-91.00,-52.25,-1.50,-1.75,0.067,False,1
2023-04-04,Tuesday,BEAR,13285.25,13290.5,13279.25,13282.5,11.25,0.052,WHIPSAW,STRAIGHT DOWN,WHIPSAW,CONTINUED,-10.00,2.00,2.50,11.00,43.00,-31.00,11.25,13.75,16.50,23.50,-18.25,-1.00,0.020,False,1
2023-04-05,Wednesday,DOJI,13174,13176.5,13158.5,13176.5,18.00,0.085,STRAIGHT DOWN,STRAIGHT DOWN,STRAIGHT DOWN,DOJI,-4.00,-6.75,-5.50,-24.00,-31.25,-22.50,6.00,25.75,-49.25,-58.00,-26.25,-11.00,0.132,False,-1
2023-04-06,Thursday,BEAR,13012.25,13013.5,13002.75,13006,10.75,0.052,STRAIGHT DOWN,STRAIGHT DOWN,SIDEWAYS,CONTINUED,16.75,30.50,30.25,43.50,35.50,4.75,46.50,2.50,-67.25,-62.50,-7.25,5.00,0.174,False,-1
2023-04-10,Monday,DOJI,13043.5,13050.5,13037,13041.5,13.50,0.069,STRAIGHT DOWN,STRAIGHT DOWN,STRAIGHT DOWN,DOJI,-16.25,-21.00,-9.75,-33.25,-40.00,-67.25,2.50,36.25,-128.00,-134.50,-16.25,-12.75,0.069,False,1
2023-04-11,Tuesday,BEAR,13159.5,13160,13136.75,13136.75,23.25,0.118,WHIPSAW,WHIPSAW,WHIPSAW,REVERSED,5.75,7.25,-5.25,-15.00,20.00,27.50,16.75,24.00,-4.75,-9.00,23.50,0.00,0.048,False,1
2023-04-12,Wednesday,BEAR,13156.75,13164.75,13136.75,13137.75,28.00,0.147,SIDEWAYS,WHIPSAW,STRAIGHT DOWN,NO FOLLOW-THROUGH,-27.00,-32.00,-40.00,-4.75,60.25,90.25,2.00,43.25,79.75,80.75,-17.25,-12.00,0.943,False,-1
2023-04-13,Thursday,BULL,13028,13037,13019.75,13035.25,17.25,0.095,STRAIGHT UP,STRAIGHT UP,STRAIGHT UP,CONTINUED,9.75,15.75,13.00,17.25,17.75,36.00,31.00,0.75,69.50,72.50,2.50,20.75,0.414,False,-1
2023-04-14,Friday,BULL,13139.25,13157.25,13138.25,13153.5,19.00,0.109,WHIPSAW,STRAIGHT UP,STRAIGHT UP,NO FOLLOW-THROUGH,-3.75,-9.00,-14.00,3.75,61.00,67.50,8.25,20.25,-71.25,-41.50,18.50,4.00,0.298,False,1
2023-04-17,Monday,BEAR,13162.5,13167.25,13147.75,13152.75,19.50,0.111,STRAIGHT UP,SIDEWAYS,STRAIGHT UP,REVERSED,-6.00,-1.50,-11.00,-31.25,-7.00,-28.75,7.25,39.25,-18.25,-47.75,-13.75,-11.00,0.160,False,1
2023-04-18,Tuesday,BEAR,13280.25,13284.25,13265.75,13266.25,18.50,0.108,WHIPSAW,UP (CHOPPY),WHIPSAW,NO FOLLOW-THROUGH,-8.00,-7.75,2.75,1.00,-11.50,19.75,7.25,18.25,90.50,94.50,-8.00,4.75,0.095,False,1
2023-04-19,Wednesday,BULL,13085.25,13098.75,13080.5,13094.75,18.25,0.106,WHIPSAW,WHIPSAW,WHIPSAW,CONTINUED,-9.50,6.50,14.00,29.75,22.75,10.25,29.75,16.50,-103.75,-89.00,6.00,5.50,0.081,False,-1
2023-04-20,Thursday,BULL,13052,13064.5,13045.75,13064,18.75,0.108,STRAIGHT UP,STRAIGHT UP,STRAIGHT UP,CONTINUED,8.75,18.50,16.50,24.50,49.50,48.25,33.00,1.75,-131.25,-114.50,-17.50,-10.75,0.154,False,1
2023-04-21,Friday,BEAR,13057.5,13059.5,13045,13047,14.50,0.081,SIDEWAYS,UP (CHOPPY),WHIPSAW,NO FOLLOW-THROUGH,-19.75,-21.25,-21.75,-3.00,-9.50,49.50,4.00,27.00,-20.25,-32.75,2.50,-11.75,0.050,False,1
2023-04-24,Monday,BEAR,13077.5,13080.75,13067.25,13075,13.50,0.078,WHIPSAW,STRAIGHT UP,WHIPSAW,REVERSED,16.00,13.25,-8.75,-24.00,-55.50,-20.50,21.00,30.50,-10.50,6.00,-17.00,-2.00,0.048,False,1
2023-04-25,Tuesday,DOJI,12988.5,12992.75,12980.75,12989.75,12.00,0.069,WHIPSAW,WHIPSAW,WHIPSAW,DOJI,16.00,11.25,4.50,-5.75,4.50,11.25,19.75,9.75,-71.00,-62.00,-10.25,-11.75,0.077,False,-1
2023-04-26,Wednesday,BEAR,12950.25,12958.25,12932.75,12934.25,25.50,0.143,WHIPSAW,WHIPSAW,WHIPSAW,CONTINUED,5.75,15.00,20.75,12.25,12.75,-17.00,23.00,12.00,141.50,21.25,2.75,16.00,0.164,False,-1
2023-04-27,Thursday,BEAR,13040.75,13044.5,13029,13029.25,15.50,0.088,WHIPSAW,WHIPSAW,WHIPSAW,NO FOLLOW-THROUGH,4.50,3.25,15.25,-1.00,5.25,9.75,16.00,6.75,158.25,78.25,18.75,6.75,0.271,False,-1
2023-04-28,Friday,BULL,13220.25,13239.75,13211,13238.75,28.75,0.163,STRAIGHT DOWN,STRAIGHT DOWN,STRAIGHT DOWN,REVERSED,-18.25,-15.00,-35.00,-33.75,-54.00,-38.00,5.25,37.00,-11.75,0.00,11.00,-7.00,0.268,False,1
2023-05-01,Monday,BULL,13301,13311,13297.5,13304.5,13.50,0.078,WHIPSAW,WHIPSAW,WHIPSAW,REVERSED,2.25,-5.00,-10.50,-12.25,-2.00,-6.75,7.50,15.50,-23.00,-15.00,-1.75,3.25,0.049,False,1
2023-05-02,Tuesday,BEAR,13300.5,13301.75,13287.5,13287.75,14.25,0.082,UP (CHOPPY),WHIPSAW,WHIPSAW,REVERSED,-6.00,-7.25,-18.50,-7.25,-1.25,0.25,4.00,25.50,-3.50,11.75,3.25,1.50,0.068,False,1
2023-05-03,Wednesday,BULL,13199,13203,13190,13201.75,13.00,0.076,WHIPSAW,WHIPSAW,STRAIGHT UP,CONTINUED,-5.50,0.75,-6.25,7.50,27.25,38.75,15.00,14.25,14.50,35.00,-3.25,-13.00,0.113,False,-1
2023-05-04,Thursday,BEAR,13082.75,13086.5,13067.75,13068.75,18.75,0.110,WHIPSAW,STRAIGHT DOWN,WHIPSAW,NO FOLLOW-THROUGH,1.75,21.25,12.75,4.00,37.00,24.25,22.50,7.75,-17.25,15.25,5.00,5.25,0.165,False,-1
2023-05-05,Friday,BEAR,13139,13142.75,13126.75,13129.5,16.00,0.096,STRAIGHT UP,STRAIGHT UP,STRAIGHT UP,REVERSED,-16.75,-23.25,-23.50,-23.00,-32.25,-65.00,5.25,30.50,90.50,80.25,25.25,8.75,0.324,True,-1
2023-05-08,Monday,DOJI,13301,13310.25,13299.75,13301.5,10.50,0.060,WHIPSAW,STRAIGHT DOWN,STRAIGHT DOWN,DOJI,-6.50,-1.75,-1.75,-10.75,-22.75,-22.50,6.00,13.50,-22.50,-14.75,6.00,2.00,0.058,False,1
2023-05-09,Tuesday,BULL,13281,13289.5,13279.75,13287,9.75,0.057,WHIPSAW,WHIPSAW,UP (CHOPPY),NO FOLLOW-THROUGH,-3.25,-0.50,-0.25,-4.25,4.25,23.50,9.50,10.50,-73.50,-55.25,4.50,4.50,0.048,False,1
2023-05-10,Wednesday,BULL,13366.75,13376.5,13365,13373.25,11.50,0.070,STRAIGHT UP,WHIPSAW,WHIPSAW,CONTINUED,28.25,30.00,32.25,28.50,-15.50,18.75,42.75,0.50,100.50,105.50,-16.75,-2.50,0.471,False,-1
2023-05-11,Thursday,BEAR,13427,13433.5,13418.5,13423.75,15.00,0.091,STRAIGHT DOWN,STRAIGHT DOWN,STRAIGHT DOWN,CONTINUED,18.25,28.50,36.75,39.50,18.75,32.00,45.00,0.50,16.50,18.25,-7.25,13.00,0.182,False,1
2023-05-12,Friday,DOJI,13467.75,13476.25,13464.25,13467.75,12.00,0.074,STRAIGHT UP,SIDEWAYS,WHIPSAW,DOJI,8.50,14.75,13.25,11.25,1.75,-26.00,19.50,1.50,21.25,23.00,3.25,0.75,0.077,False,1
2023-05-15,Monday,BEAR,13416.75,13419.5,13402.5,13403.25,17.00,0.104,STRAIGHT UP,WHIPSAW,WHIPSAW,REVERSED,-8.00,-7.75,-10.00,-11.50,-20.00,20.25,4.75,15.75,19.50,37.25,-7.25,-6.00,0.119,False,-1
2023-05-16,Tuesday,BULL,13436.25,13454.25,13434.5,13454,19.75,0.125,STRAIGHT UP,STRAIGHT UP,STRAIGHT UP,CONTINUED,8.50,10.50,14.50,21.00,53.75,29.00,22.50,4.75,-36.00,-30.75,2.75,6.75,0.253,False,1
2023-05-17,Wednesday,BULL,13525,13539,13522.25,13532.5,16.75,0.107,WHIPSAW,STRAIGHT DOWN,STRAIGHT DOWN,REVERSED,2.25,-2.75,-1.50,-7.75,-15.25,-46.75,7.50,13.75,43.25,24.25,3.50,7.50,0.058,False,1
2023-05-18,Thursday,BULL,13653.75,13668.25,13652.75,13664.5,15.50,0.102,STRAIGHT UP,STRAIGHT UP,STRAIGHT UP,CONTINUED,1.75,6.00,11.50,14.00,39.00,40.50,21.25,2.50,8.75,12.00,14.75,-1.50,0.111,False,1
2023-05-19,Friday,BULL,13897.75,13904.5,13893.25,13899.75,11.25,0.071,WHIPSAW,WHIPSAW,WHIPSAW,NO FOLLOW-THROUGH,-8.75,-3.00,-3.25,-4.75,5.25,-12.75,6.50,11.00,7.50,-10.75,-15.75,-16.50,0.063,False,1
2023-05-22,Monday,BULL,13848.25,13864.75,13847.25,13859.25,17.50,0.109,WHIPSAW,STRAIGHT UP,STRAIGHT UP,CONTINUED,-8.25,-0.50,16.75,23.75,46.75,78.50,31.00,12.25,-9.75,34.50,-7.50,-3.25,0.045,False,-1
2023-05-23,Tuesday,DOJI,13831.25,13833,13821.75,13830,11.25,0.074,STRAIGHT UP,STRAIGHT UP,STRAIGHT UP,DOJI,19.25,32.25,20.25,27.75,25.75,32.00,35.25,1.00,-74.25,-80.25,-9.50,-0.50,0.087,False,1
2023-05-24,Wednesday,BEAR,13642.75,13644,13625.5,13635,18.50,0.124,STRAIGHT UP,WHIPSAW,WHIPSAW,REVERSED,5.50,4.50,-14.25,-29.25,-12.25,-10.50,14.25,32.50,-82.50,-89.25,-3.25,9.00,0.129,False,-1
2023-05-25,Thursday,BEAR,13954.75,13966,13925.75,13928.75,40.25,0.268,STRAIGHT DOWN,STRAIGHT DOWN,STRAIGHT DOWN,CONTINUED,15.50,28.00,35.25,35.75,45.75,30.50,41.75,0.25,301.25,83.00,-9.25,-10.00,0.143,False,1
2023-05-26,Friday,BULL,14018,14029.5,14014.75,14026.5,14.75,0.101,WHIPSAW,STRAIGHT UP,STRAIGHT UP,CONTINUED,-1.25,0.00,17.50,8.00,57.00,114.75,20.50,11.25,40.25,36.75,-4.00,-0.75,0.297,False,1
2023-05-30,Tuesday,BULL,14510,14523.25,14504.5,14520,18.75,0.115,STRAIGHT DOWN,WHIPSAW,STRAIGHT DOWN,REVERSED,-28.75,-26.25,-1.25,-26.25,0.75,-101.25,8.75,44.00,177.00,107.75,-16.25,-8.00,0.092,False,1
2023-05-31,Wednesday,BULL,14330.25,14343.75,14324,14337.75,19.75,0.113,STRAIGHT UP,STRAIGHT UP,STRAIGHT UP,CONTINUED,16.50,0.75,1.25,8.75,52.75,33.25,26.25,1.75,-66.75,-68.00,9.75,2.50,0.049,False,-1
2023-06-01,Thursday,BULL,14298.25,14306,14292,14304.25,14.00,0.081,STRAIGHT DOWN,STRAIGHT DOWN,WHIPSAW,REVERSED,-24.75,-10.25,-3.50,-45.25,-21.00,23.25,0.25,47.25,-1.75,8.00,1.00,-20.50,0.213,False,-1
2023-06-02,Friday,BULL,14543.25,14588,14542.5,14580,45.50,0.247,STRAIGHT UP,SIDEWAYS,WHIPSAW,CONTINUED,7.50,16.50,28.50,32.75,7.50,-93.25,41.75,6.75,69.25,48.75,32.00,5.25,0.256,True,1
2023-06-05,Monday,BULL,14568.75,14585.5,14567.75,14580.75,17.75,0.097,STRAIGHT UP,STRAIGHT UP,UP (CHOPPY),CONTINUED,10.75,12.25,18.75,24.00,62.00,17.50,31.00,9.75,-10.75,-14.00,8.00,8.75,0.044,False,1
2023-06-06,Tuesday,BEAR,14560.75,14561.25,14537.75,14543,23.50,0.127,STRAIGHT DOWN,SIDEWAYS,WHIPSAW,CONTINUED,9.75,11.50,22.50,30.75,8.00,1.75,31.50,7.00,-26.50,-21.50,-11.50,-22.75,0.053,False,1
2023-06-07,Wednesday,BULL,14592,14628.5,14592,14626.25,36.50,0.198,STRAIGHT UP,STRAIGHT UP,WHIPSAW,CONTINUED,10.00,29.25,22.50,39.00,37.25,9.75,49.25,4.75,8.00,-2.25,-6.75,-12.50,0.054,False,1
2023-06-08,Thursday,BULL,14337.75,14353.5,14333,14349,20.50,0.104,WHIPSAW,WHIPSAW,WHIPSAW,NO FOLLOW-THROUGH,16.00,6.50,24.75,2.50,18.00,23.75,26.00,21.00,6.50,18.75,-22.00,-12.25,0.309,False,-1
2023-06-09,Friday,DOJI,14561.25,14590.25,14556.5,14557.75,33.75,0.174,STRAIGHT UP,STRAIGHT UP,STRAIGHT UP,DOJI,15.00,26.00,21.75,34.75,75.50,103.25,37.50,0.25,61.25,42.00,8.50,1.50,0.097,False,1
2023-06-12,Monday,DOJI,14622.75,14637.5,14618,14621.75,19.50,0.098,WHIPSAW,WHIPSAW,DOWN (CHOPPY),DOJI,-16.75,-15.50,0.00,-8.25,9.50,-16.75,13.75,20.75,66.00,61.25,-12.25,2.00,0.055,False,-1
2023-06-13,Tuesday,DOJI,14913,14927,14901.75,14911,25.25,0.121,WHIPSAW,WHIPSAW,STRAIGHT DOWN,DOJI,-13.50,0.75,14.50,20.75,-32.00,-78.00,29.00,19.75,110.25,88.25,-15.00,-1.50,0.669,False,1
2023-06-14,Wednesday,BEAR,14910.25,14916.5,14890.25,14890.25,26.25,0.126,WHIPSAW,WHIPSAW,WHIPSAW,NO FOLLOW-THROUGH,-8.75,0.00,-4.75,2.00,-30.75,-35.75,8.25,11.25,-1.75,-17.00,-9.00,3.25,0.158,False,-1
2023-06-15,Thursday,BULL,14958,14970,14946.25,14968.5,23.75,0.111,STRAIGHT DOWN,WHIPSAW,WHIPSAW,REVERSED,-7.50,-19.50,-34.00,-21.75,28.75,34.50,5.00,37.75,-58.25,-83.75,18.00,2.25,0.209,False,1
2023-06-20,Tuesday,BULL,15212.5,15225,15204,15224.5,21.00,0.093,STRAIGHT UP,STRAIGHT UP,SIDEWAYS,CONTINUED,18.25,35.75,34.25,39.75,52.00,-3.00,50.25,1.00,21.75,-29.50,-39.75,-17.50,0.083,False,1
2023-06-21,Wednesday,BEAR,15201.75,15209.75,15178,15179.25,31.75,0.149,STRAIGHT UP,WHIPSAW,WHIPSAW,REVERSED,-25.00,-24.75,-16.75,-20.50,17.25,70.75,0.75,40.00,-52.00,-45.50,1.50,4.25,0.139,False,1
2023-06-22,Thursday,BEAR,14981.75,14986,14964,14976,22.00,0.104,STRAIGHT UP,STRAIGHT UP,STRAIGHT UP,REVERSED,-16.75,-32.50,-34.50,-34.25,-75.75,-113.75,4.25,43.25,-64.00,-59.75,-8.00,-0.25,0.142,False,-1
2023-06-23,Friday,BULL,15043.5,15059.75,15036.5,15047.75,23.25,0.106,STRAIGHT UP,WHIPSAW,WHIPSAW,CONTINUED,13.00,14.75,13.00,28.00,-52.25,-31.50,40.00,13.00,-170.00,-192.75,2.50,2.75,0.079,False,1
2023-06-26,Monday,BULL,15036,15048.25,15025,15041,23.25,0.110,WHIPSAW,STRAIGHT UP,STRAIGHT UP,CONTINUED,-10.50,-15.75,9.25,21.75,46.50,90.25,26.00,16.75,-24.25,-22.00,-22.00,-25.50,0.047,False,1
2023-06-27,Tuesday,BULL,14918,14933,14909.25,14928.75,23.75,0.107,WHIPSAW,WHIPSAW,WHIPSAW,CONTINUED,-0.50,-27.00,-23.00,31.50,16.00,37.00,32.50,30.75,60.25,43.50,3.75,0.00,0.102,False,-1
2023-06-28,Wednesday,BULL,15029.75,15053.25,15027.5,15047.25,25.75,0.113,WHIPSAW,WHIPSAW,WHIPSAW,CONTINUED,-7.25,3.75,11.25,18.75,8.50,38.50,21.50,21.75,-80.25,-57.00,-14.00,-10.50,0.050,False,1
2023-06-29,Thursday,DOJI,15119,15124.75,15109.5,15121,15.25,0.065,WHIPSAW,WHIPSAW,WHIPSAW,DOJI,-24.75,-5.25,4.25,-0.75,-40.00,-17.50,23.75,38.25,-20.25,-41.25,-19.25,12.75,0.134,False,1
2023-06-30,Friday,BEAR,15252,15255,15238.25,15240.5,16.75,0.078,STRAIGHT UP,STRAIGHT UP,STRAIGHT UP,REVERSED,-20.75,-15.75,-17.00,-25.00,-70.75,-77.75,1.25,32.25,149.50,145.50,17.00,0.50,0.284,False,-1
2023-07-05,Wednesday,BULL,15294,15328.75,15292.5,15328,36.25,0.171,WHIPSAW,STRAIGHT UP,STRAIGHT UP,NO FOLLOW-THROUGH,4.25,10.50,4.75,3.50,58.00,46.50,13.25,7.75,-36.00,-51.50,11.25,6.25,0.025,False,1
2023-07-06,Thursday,BULL,15196,15214,15180.5,15203.5,33.50,0.161,STRAIGHT DOWN,SIDEWAYS,STRAIGHT DOWN,REVERSED,-4.50,-16.75,-29.25,-45.50,-9.50,-58.50,9.75,53.25,-164.00,-159.00,3.00,0.75,0.185,False,1
2023-07-07,Friday,BEAR,15220.75,15230.5,15209.5,15216.5,21.00,0.104,WHIPSAW,WHIPSAW,WHIPSAW,NO FOLLOW-THROUGH,-6.25,-17.25,-0.50,4.00,-19.75,-51.00,17.25,26.50,-14.75,7.25,3.25,-14.50,0.426,True,1
2023-07-10,Monday,BULL,15168.75,15205.25,15167.25,15202.5,38.00,0.186,WHIPSAW,STRAIGHT DOWN,STRAIGHT DOWN,REVERSED,2.50,0.25,-7.00,-8.75,-31.50,-79.50,12.00,20.25,-14.75,-26.75,3.00,-7.25,0.049,False,-1
2023-07-11,Tuesday,BEAR,15201.75,15213,15193.25,15197,19.75,0.100,STRAIGHT UP,WHIPSAW,WHIPSAW,REVERSED,-4.00,7.00,-0.25,-28.00,19.00,43.50,13.25,30.25,11.50,8.75,-28.00,-2.50,0.087,False,1
2023-07-12,Wednesday,BEAR,15430.25,15438,15420.75,15424.5,17.25,0.092,WHIPSAW,WHIPSAW,WHIPSAW,REVERSED,0.50,5.25,-10.00,-17.25,-11.75,-31.75,11.25,24.00,171.50,170.00,29.00,12.50,0.579,False,1
2023-07-13,Thursday,BEAR,15576,15581,15552.25,15552.75,28.75,0.155,STRAIGHT UP,STRAIGHT UP,STRAIGHT UP,REVERSED,-32.25,-30.75,-38.00,-51.25,-54.00,-53.75,0.00,54.00,123.75,116.50,18.00,13.75,0.235,False,1
2023-07-14,Friday,BULL,15721.5,15754.5,15721,15747.5,33.50,0.183,STRAIGHT UP,STRAIGHT UP,STRAIGHT UP,CONTINUED,7.25,17.75,15.50,23.25,25.75,44.25,23.50,4.50,15.50,22.25,11.50,18.00,0.044,False,1
2023-07-17,Monday,BULL,15729.75,15757.75,15726.25,15756.75,31.50,0.176,WHIPSAW,WHIPSAW,WHIPSAW,NO FOLLOW-THROUGH,-13.25,-7.50,-4.25,0.00,-33.25,-10.75,7.75,16.00,26.75,39.50,21.00,11.50,0.116,False,-1
2023-07-18,Tuesday,BEAR,15815,15816,15788.75,15789,27.25,0.152,WHIPSAW,WHIPSAW,SIDEWAYS,CONTINUED,-6.50,9.00,15.50,14.50,20.25,6.50,25.25,12.00,-29.75,-12.00,2.50,0.50,0.179,False,1
2023-07-19,Wednesday,BULL,16012.75,16023.25,16008.25,16021.5,15.00,0.083,STRAIGHT DOWN,WHIPSAW,WHIPSAW,REVERSED,-6.00,-9.50,-22.00,-35.00,-5.25,-28.75,13.00,43.50,40.00,61.00,3.50,1.50,0.039,False,1
2023-07-20,Thursday,BULL,15833.75,15851.25,15831.5,15844,19.75,0.114,STRAIGHT UP,STRAIGHT UP,SIDEWAYS,CONTINUED,19.00,36.00,29.75,22.75,39.50,-0.50,41.25,7.25,-123.50,-92.25,1.25,5.25,0.099,False,-1
2023-07-21,Friday,BEAR,15688,15688.25,15664,15664.5,24.25,0.132,STRAIGHT UP,STRAIGHT UP,WHIPSAW,REVERSED,-7.50,-8.25,-35.00,-41.75,-34.50,44.00,8.00,55.00,100.00,94.00,-9.25,-14.25,0.045,False,-1
2023-07-24,Monday,BULL,15578.5,15607,15573.75,15607,33.25,0.176,WHIPSAW,WHIPSAW,STRAIGHT DOWN,CONTINUED,3.50,-10.25,-3.75,9.00,-5.00,-96.25,10.75,14.75,41.00,23.25,6.00,8.00,0.054,False,-1
2023-07-25,Tuesday,BULL,15588.75,15608.75,15588.25,15595.75,20.50,0.108,STRAIGHT UP,STRAIGHT UP,STRAIGHT UP,CONTINUED,17.00,16.75,24.50,37.75,51.00,63.00,40.00,0.50,25.25,19.50,-17.00,2.00,0.040,False,-1
2023-07-26,Wednesday,BULL,15619.25,15638.75,15612,15637.25,26.75,0.141,STRAIGHT DOWN,STRAIGHT DOWN,SIDEWAYS,REVERSED,-16.25,-40.25,-57.50,-52.25,-38.25,-7.25,1.75,67.25,-50.00,-105.75,5.25,2.25,0.062,False,1
2023-07-27,Thursday,BEAR,15835,15846.5,15827.25,15830,19.25,0.100,STRAIGHT UP,STRAIGHT UP,STRAIGHT UP,REVERSED,-4.75,-19.50,-21.25,-34.00,-71.00,-40.75,7.25,36.00,221.50,195.50,14.50,-1.50,0.163,False,-1
2023-07-28,Friday,BEAR,15737.5,15738.25,15715.5,15730,22.75,0.110,WHIPSAW,STRAIGHT UP,STRAIGHT UP,REVERSED,13.00,6.75,-14.75,-11.50,-55.50,-64.25,13.50,23.00,172.00,153.25,-5.25,3.50,0.142,False,-1
2023-07-31,Monday,BULL,15860,15881.75,15859,15866.75,22.75,0.109,WHIPSAW,WHIPSAW,WHIPSAW,NO FOLLOW-THROUGH,8.50,24.00,-4.25,-0.25,36.50,-52.75,26.00,21.50,10.50,10.00,-26.50,-4.00,0.060,False,1
2023-08-01,Tuesday,BEAR,15796.5,15802.25,15775.75,15780.75,26.50,0.130,WHIPSAW,WHIPSAW,SIDEWAYS,NO FOLLOW-THROUGH,2.25,4.50,13.25,-3.50,-19.00,-8.00,15.75,15.25,-65.25,-71.25,23.25,2.50,0.092,False,1
2023-08-02,Wednesday,BEAR,15667.75,15668.75,15648,15654.5,20.75,0.103,STRAIGHT DOWN,STRAIGHT DOWN,STRAIGHT DOWN,CONTINUED,22.50,10.00,12.00,38.75,42.50,61.50,49.00,4.25,-149.00,-102.25,-12.75,-0.50,0.082,False,1
2023-08-03,Thursday,BULL,15358.25,15384.5,15357.25,15378.5,27.25,0.133,WHIPSAW,WHIPSAW,STRAIGHT UP,CONTINUED,-4.75,12.25,-24.50,8.75,17.50,69.25,15.00,27.50,-109.75,-94.75,-21.50,-4.25,0.211,False,-1
2023-08-04,Friday,BULL,15511.75,15520.75,15496.75,15518.5,24.00,0.118,STRAIGHT UP,WHIPSAW,WHIPSAW,CONTINUED,12.00,13.50,32.25,47.50,-5.75,-71.25,48.50,0.50,80.25,68.50,-1.50,5.50,0.311,True,1
2023-08-07,Monday,BULL,15433.75,15463.25,15431.5,15462.25,31.75,0.151,STRAIGHT DOWN,STRAIGHT DOWN,STRAIGHT DOWN,REVERSED,-27.75,-33.75,-40.50,-35.00,-55.00,-92.25,11.00,49.25,75.25,64.50,-7.50,-3.25,0.088,False,-1
2023-08-08,Tuesday,BEAR,15379.25,15379.5,15352.75,15372,26.75,0.134,SIDEWAYS,STRAIGHT DOWN,STRAIGHT DOWN,NO FOLLOW-THROUGH,13.00,9.75,14.75,4.75,58.75,86.75,21.75,2.50,-107.00,-111.25,4.00,-1.25,0.051,False,1
2023-08-09,Wednesday,BEAR,15362.5,15367,15348.25,15351.5,18.75,0.093,WHIPSAW,STRAIGHT DOWN,STRAIGHT DOWN,CONTINUED,-0.50,9.00,-2.00,12.25,54.25,57.25,16.25,17.50,12.50,10.75,-10.25,-8.75,0.091,False,-1
2023-08-10,Thursday,BEAR,15301.25,15306.75,15273.25,15289.25,33.50,0.174,STRAIGHT UP,STRAIGHT UP,STRAIGHT UP,REVERSED,-28.00,-5.50,-12.50,-42.25,-62.00,-141.50,4.50,48.75,121.00,98.25,-27.75,-5.00,0.550,False,-1
2023-08-11,Friday,BEAR,15091.5,15092.25,15068.5,15078,23.75,0.119,WHIPSAW,WHIPSAW,WHIPSAW,REVERSED,10.50,11.50,1.50,-19.75,18.75,-18.50,20.75,23.75,-109.25,-127.25,-5.50,-3.00,0.339,False,-1
2023-08-14,Monday,BEAR,15068,15074,15047.5,15051.5,26.50,0.132,WHIPSAW,STRAIGHT UP,STRAIGHT UP,NO FOLLOW-THROUGH,-3.00,-6.25,-10.25,0.25,-61.00,-52.00,15.25,26.75,-33.25,-37.25,-16.00,10.75,0.142,False,1
2023-08-15,Tuesday,DOJI,15225,15243.75,15216,15224,27.75,0.134,WHIPSAW,WHIPSAW,WHIPSAW,DOJI,-7.25,13.50,4.00,9.50,-29.75,-49.50,21.00,12.00,-47.50,-57.00,41.25,-2.25,0.225,False,1
2023-08-16,Wednesday,DOJI,15079.75,15090.75,15075,15081,15.75,0.076,STRAIGHT DOWN,WHIPSAW,WHIPSAW,DOJI,-9.50,-19.75,-19.50,-23.25,10.75,11.00,3.00,30.25,-25.50,-34.00,12.00,3.00,0.102,False,-1
2023-08-17,Thursday,BULL,14994.25,15008,14992,14997.75,16.00,0.082,STRAIGHT DOWN,STRAIGHT DOWN,STRAIGHT DOWN,REVERSED,-20.50,-10.50,-25.50,-30.25,-55.50,-58.75,2.25,32.75,55.00,51.75,-16.00,4.75,0.113,False,-1
2023-08-18,Friday,BULL,14629.25,14655.75,14622.75,14648.25,33.00,0.165,WHIPSAW,WHIPSAW,WHIPSAW,NO FOLLOW-THROUGH,6.00,13.00,21.25,-3.25,1.75,-5.00,25.75,20.25,-142.75,-121.25,-20.25,-16.50,0.058,False,-1
2023-08-21,Monday,BULL,14808.5,14823,14806.75,14813.5,16.25,0.079,STRAIGHT UP,STRAIGHT UP,STRAIGHT UP,CONTINUED,-1.25,7.75,11.25,46.25,55.50,96.25,50.25,8.00,58.50,45.25,-6.50,3.75,0.084,False,1
2023-08-22,Tuesday,BEAR,15091.75,15092.25,15067,15072.25,25.25,0.118,WHIPSAW,WHIPSAW,STRAIGHT DOWN,CONTINUED,-4.25,6.50,-6.00,12.75,32.75,64.00,13.25,16.75,104.50,119.75,4.50,3.25,0.077,False,1
2023-08-23,Wednesday,BULL,15009.25,15026.75,14999.25,15020.75,27.50,0.133,WHIPSAW,WHIPSAW,STRAIGHT UP,NO FOLLOW-THROUGH,10.75,-7.25,3.25,-1.75,24.25,71.00,18.25,9.75,48.50,45.00,25.75,2.50,0.080,False,-1
2023-08-24,Thursday,BEAR,15335.25,15339.5,15307,15315,32.50,0.153,STRAIGHT DOWN,STRAIGHT DOWN,STRAIGHT DOWN,CONTINUED,21.75,35.50,44.50,60.50,109.00,88.50,63.00,2.25,137.00,-6.00,-3.50,-4.00,0.124,False,1
2023-08-25,Friday,BULL,14897,14925.25,14892,14921,33.25,0.147,WHIPSAW,WHIPSAW,WHIPSAW,NO FOLLOW-THROUGH,-10.00,10.00,7.75,2.50,21.25,14.75,13.25,19.25,38.00,58.50,-2.75,17.00,0.063,False,-1
2023-08-28,Monday,BEAR,15098.25,15102.25,15064,15064.75,38.25,0.162,STRAIGHT UP,WHIPSAW,WHIPSAW,REVERSED,-9.25,-0.75,-38.50,-58.00,9.25,13.50,4.50,62.00,120.50,107.00,8.75,1.00,0.055,False,1
2023-08-29,Tuesday,DOJI,15076.75,15090,15072.75,15078.25,17.25,0.073,STRAIGHT UP,STRAIGHT UP,STRAIGHT UP,DOJI,5.25,10.75,16.75,32.00,77.50,125.25,39.75,16.00,-14.00,-19.00,3.75,2.00,0.063,False,-1
2023-08-30,Wednesday,BULL,15417,15424.25,15412.25,15421.75,12.00,0.049,WHIPSAW,WHIPSAW,WHIPSAW,REVERSED,9.50,19.25,0.75,-12.25,-7.25,50.50,26.00,12.25,3.50,-6.75,-10.25,10.00,0.129,False,1
2023-08-31,Thursday,BULL,15492.25,15519.5,15488.75,15519,30.75,0.131,SIDEWAYS,STRAIGHT UP,STRAIGHT UP,NO FOLLOW-THROUGH,16.75,14.75,30.00,-1.00,35.25,51.50,34.75,3.75,-9.25,-20.75,-17.00,3.75,0.210,False,1
2023-09-01,Friday,DOJI,15633.5,15637.75,15619,15636,18.75,0.080,STRAIGHT DOWN,STRAIGHT DOWN,STRAIGHT DOWN,DOJI,-14.00,-17.00,-5.75,-40.50,-110.00,-120.00,16.00,40.50,101.00,99.75,-3.00,-10.00,0.321,True,1
2023-09-05,Tuesday,DOJI,15481.5,15497.5,15472.5,15478.25,25.00,0.109,WHIPSAW,WHIPSAW,WHIPSAW,DOJI,4.25,-11.25,-4.00,-6.75,6.75,-22.50,8.75,28.50,-38.50,-47.25,-9.25,15.25,0.046,False,-1
2023-09-06,Wednesday,BEAR,15500,15504.25,15478.75,15480.25,25.50,0.112,WHIPSAW,WHIPSAW,WHIPSAW,CONTINUED,-12.00,-7.50,5.00,11.50,-26.00,27.00,14.75,23.50,-34.25,-12.75,1.00,-1.25,0.044,False,1
2023-09-07,Thursday,BEAR,15200.5,15203.25,15182,15191,21.25,0.093,SIDEWAYS,WHIPSAW,WHIPSAW,NO FOLLOW-THROUGH,24.75,21.75,6.50,-6.00,-23.75,2.25,33.50,6.50,-197.25,-188.25,0.00,-4.25,0.197,False,-1
2023-09-08,Friday,BULL,15272.75,15295.5,15270.5,15292.75,25.00,0.114,STRAIGHT UP,STRAIGHT UP,STRAIGHT UP,CONTINUED,17.50,34.25,43.00,41.75,54.25,46.00,56.75,1.25,-4.25,-14.75,-0.25,-10.50,0.069,False,1
2023-09-11,Monday,BULL,15419.75,15435,15418.75,15433.25,16.25,0.075,WHIPSAW,STRAIGHT DOWN,STRAIGHT DOWN,NO FOLLOW-THROUGH,-7.25,2.00,13.75,0.50,-60.00,-53.25,15.00,19.25,124.50,112.00,-3.25,-1.50,0.041,False,1
2023-09-12,Tuesday,BEAR,15404.75,15404.75,15391.5,15391.75,13.25,0.063,STRAIGHT UP,STRAIGHT UP,STRAIGHT UP,REVERSED,-9.25,-26.25,-25.25,-19.00,-32.50,-48.50,3.00,37.25,-71.00,-59.25,-16.00,1.25,0.056,False,1
2023-09-13,Wednesday,BULL,15309.5,15331.75,15299.25,15330.25,32.50,0.153,STRAIGHT UP,STRAIGHT UP,WHIPSAW,CONTINUED,17.00,18.25,-0.50,19.00,21.50,4.25,30.00,6.50,7.00,1.50,9.00,-2.00,0.526,False,-1
2023-09-14,Thursday,BEAR,15424.75,15442.75,15408,15410,34.75,0.168,WHIPSAW,WHIPSAW,WHIPSAW,CONTINUED,9.25,-8.50,0.25,9.50,-3.25,31.50,20.75,11.25,66.00,51.50,4.25,-2.00,0.282,False,1
2023-09-18,Monday,BULL,15356,15373,15343.25,15367.5,29.75,0.161,STRAIGHT UP,WHIPSAW,STRAIGHT UP,CONTINUED,7.50,9.75,31.00,39.50,17.25,37.00,48.75,11.75,-120.00,-27.75,-7.50,-3.25,0.043,False,1
2023-09-19,Tuesday,BEAR,15355,15355.75,15336,15339.25,19.75,0.115,WHIPSAW,WHIPSAW,WHIPSAW,REVERSED,-1.00,1.00,1.75,-14.50,-14.50,40.75,15.25,21.25,-58.25,-69.25,-29.00,-4.50,0.100,False,1
2023-09-20,Wednesday,BEAR,15419.25,15419.5,15389.75,15390.75,29.75,0.172,WHIPSAW,STRAIGHT UP,WHIPSAW,REVERSED,13.75,4.25,-0.25,-6.25,-32.75,-13.50,15.75,13.50,42.00,41.00,-10.50,-5.50,0.040,False,1
2023-09-21,Thursday,BULL,14988.5,15009,14974.5,15007.75,34.50,0.206,WHIPSAW,WHIPSAW,STRAIGHT DOWN,CONTINUED,0.50,-6.00,-25.00,5.75,-22.25,-77.25,7.50,32.75,-163.50,-144.75,26.25,19.25,0.223,False,-1
2023-09-22,Friday,BEAR,14937.25,14941.5,14915.75,14915.75,25.75,0.153,WHIPSAW,WHIPSAW,WHIPSAW,CONTINUED,-7.50,-7.50,-14.00,5.75,-9.75,-15.50,9.25,18.75,75.75,87.50,-16.50,-12.50,0.085,False,-1
2023-09-25,Monday,DOJI,14825.25,14836,14817,14827.75,19.00,0.110,STRAIGHT DOWN,WHIPSAW,WHIPSAW,DOJI,-22.50,-32.75,-37.00,-17.00,24.00,51.75,5.75,45.25,-42.50,-54.25,4.25,5.00,0.076,False,-1
2023-09-26,Tuesday,BULL,14825,14838,14818.25,14832.75,19.75,0.117,STRAIGHT DOWN,WHIPSAW,STRAIGHT DOWN,REVERSED,-21.75,-20.50,-24.25,-17.75,-10.50,-54.00,1.25,30.00,-111.75,-127.75,-19.75,-5.00,0.115,False,1
2023-09-27,Wednesday,BULL,14753.5,14773.25,14749.25,14770.75,24.00,0.140,WHIPSAW,WHIPSAW,WHIPSAW,REVERSED,3.25,-4.00,-4.75,-12.75,17.25,-8.75,18.25,14.75,44.50,27.25,-18.00,-14.50,0.211,False,-1
2023-09-28,Thursday,BEAR,14695.25,14702.75,14668,14677.5,34.75,0.200,WHIPSAW,WHIPSAW,STRAIGHT UP,REVERSED,-8.75,3.00,-10.50,-19.25,-6.75,-86.50,16.25,34.25,-49.75,-76.00,1.25,3.25,0.384,False,-1
2023-09-29,Friday,BEAR,15002,15015,14991.25,14992.5,23.75,0.129,WHIPSAW,WHIPSAW,STRAIGHT UP,REVERSED,-5.75,-1.00,-6.00,-6.25,-18.00,-55.50,6.75,22.25,143.50,125.00,-0.50,1.25,0.325,False,1
2023-10-02,Monday,BEAR,14874,14874,14847.25,14854,26.75,0.139,STRAIGHT UP,STRAIGHT UP,STRAIGHT UP,REVERSED,-26.75,-30.00,-49.75,-62.50,-92.50,-106.00,1.75,64.50,6.25,-88.25,21.00,10.25,0.061,False,-1
2023-10-03,Tuesday,BULL,14879.5,14905.25,14879.25,14894.25,26.00,0.134,WHIPSAW,WHIPSAW,WHIPSAW,NO FOLLOW-THROUGH,-13.75,5.25,2.00,2.75,17.50,2.25,15.50,20.50,-108.75,-112.25,26.50,17.50,0.059,False,1
2023-10-04,Wednesday,BULL,14753.25,14777.25,14748,14774.5,29.25,0.142,STRAIGHT UP,STRAIGHT UP,SIDEWAYS,CONTINUED,2.75,5.75,15.75,32.00,30.50,7.25,33.00,4.00,33.25,38.50,-22.00,-7.75,0.110,False,-1
2023-10-05,Thursday,BEAR,14909.25,14916,14900.5,14902,15.50,0.074,WHIPSAW,WHIPSAW,STRAIGHT DOWN,REVERSED,-11.75,8.00,-4.25,-17.50,40.25,87.75,13.25,21.75,-10.25,5.50,19.00,15.25,0.241,False,1
2023-10-06,Friday,BULL,14735.75,14762.25,14735.75,14760,26.50,0.125,SIDEWAYS,WHIPSAW,WHIPSAW,NO FOLLOW-THROUGH,25.50,36.50,26.25,-0.25,19.00,-8.75,40.75,4.00,-129.75,-120.50,51.75,-24.75,1.004,True,-1
2023-10-09,Monday,BEAR,15012.75,15016,15000,15004.75,16.00,0.068,STRAIGHT DOWN,WHIPSAW,WHIPSAW,CONTINUED,-6.75,23.75,31.75,43.75,-32.50,-43.25,55.50,10.00,-100.25,-62.75,26.25,-15.75,0.096,False,1
2023-10-10,Tuesday,BEAR,15200.5,15213.5,15190.5,15194.75,23.00,0.094,SIDEWAYS,WHIPSAW,STRAIGHT UP,NO FOLLOW-THROUGH,-10.50,-14.50,-19.25,-4.50,-10.50,-60.25,5.25,24.75,10.00,1.75,5.00,13.00,0.050,False,1
2023-10-11,Wednesday,BULL,15325.25,15348,15323.5,15346.25,24.50,0.103,STRAIGHT UP,SIDEWAYS,WHIPSAW,CONTINUED,17.25,23.00,19.50,27.00,-4.75,-33.50,30.75,9.25,55.50,46.50,-11.50,-0.25,0.198,False,1
2023-10-12,Thursday,BEAR,15393,15401.25,15384.25,15384.5,17.00,0.072,STRAIGHT UP,WHIPSAW,WHIPSAW,REVERSED,-1.00,-11.25,2.50,-23.75,14.25,-5.50,6.75,24.25,16.00,-15.25,2.00,11.50,0.289,False,1
2023-10-13,Friday,BULL,15342.25,15367,15336.75,15354.25,30.25,0.125,STRAIGHT DOWN,STRAIGHT DOWN,STRAIGHT DOWN,REVERSED,-9.25,-10.75,-19.00,-30.25,-37.25,-49.75,0.75,35.25,27.75,16.50,14.00,3.75,0.066,False,-1
2023-10-16,Monday,DOJI,15176,15183.25,15168.75,15175.25,14.50,0.058,STRAIGHT UP,STRAIGHT UP,STRAIGHT UP,DOJI,22.75,25.50,46.50,68.75,27.25,62.25,69.75,0.25,54.50,56.75,5.00,-3.50,0.060,False,-1
2023-10-17,Tuesday,BEAR,15138.75,15142,15124,15130.5,18.00,0.072,WHIPSAW,STRAIGHT DOWN,STRAIGHT DOWN,CONTINUED,-2.75,-4.75,7.75,18.50,47.50,44.00,19.75,10.75,-155.00,-165.75,-26.50,-5.50,0.136,False,1
2023-10-18,Wednesday,BULL,15130.5,15144.75,15125.5,15135.25,19.25,0.076,STRAIGHT UP,WHIPSAW,SIDEWAYS,CONTINUED,-5.50,11.50,36.25,49.75,8.75,12.75,63.75,7.50,-111.00,-113.00,1.25,-11.75,0.076,False,1
2023-10-19,Thursday,BULL,15087.75,15105,15079.25,15103.75,25.75,0.103,STRAIGHT DOWN,STRAIGHT DOWN,STRAIGHT DOWN,REVERSED,-7.25,3.75,-15.25,-27.75,-62.50,-51.50,5.50,33.25,64.50,39.75,5.00,-4.75,0.166,False,-1
2023-10-20,Friday,BEAR,14862,14863.25,14830,14834.75,33.25,0.132,SIDEWAYS,WHIPSAW,WHIPSAW,NO FOLLOW-THROUGH,8.25,17.00,21.25,2.00,-12.25,-8.25,24.25,5.50,-23.75,12.00,36.00,13.75,0.071,False,-1
2023-10-23,Monday,BULL,14602.5,14630,14596.5,14621,33.50,0.132,STRAIGHT DOWN,STRAIGHT DOWN,WHIPSAW,REVERSED,-22.00,-21.50,-40.50,-55.50,-79.75,5.25,1.00,59.00,-59.00,-76.50,-3.50,-0.50,0.055,False,-1
2023-10-24,Tuesday,BULL,14778.25,14799.75,14775.25,14798.75,24.50,0.096,WHIPSAW,WHIPSAW,WHIPSAW,NO FOLLOW-THROUGH,-13.00,-27.25,-11.00,-4.00,-13.00,28.75,17.25,36.25,71.50,32.25,-23.50,2.00,0.027,False,1
2023-10-25,Wednesday,BEAR,14741.5,14749,14726,14726.75,23.00,0.091,STRAIGHT DOWN,STRAIGHT DOWN,STRAIGHT DOWN,CONTINUED,23.25,36.75,42.00,72.75,110.50,107.50,75.25,1.75,-105.00,-90.50,-6.50,-5.00,0.034,False,1
2023-10-26,Thursday,BEAR,14421,14428,14390.25,14408.75,37.75,0.146,STRAIGHT UP,WHIPSAW,WHIPSAW,REVERSED,-28.25,-33.75,-48.75,-14.00,-6.00,83.25,4.00,50.50,-55.75,-9.75,16.50,3.25,0.310,False,-1
2023-10-27,Friday,BULL,14306.75,14339,14306.75,14322.75,32.25,0.130,WHIPSAW,WHIPSAW,WHIPSAW,NO FOLLOW-THROUGH,0.00,10.50,13.25,-4.25,13.00,-20.75,26.75,8.25,112.00,63.00,-7.00,-5.00,0.180,False,-1
2023-10-30,Monday,BEAR,14365.25,14376,14350.5,14355.75,25.50,0.104,WHIPSAW,STRAIGHT UP,STRAIGHT UP,REVERSED,14.75,-13.25,-21.75,-34.75,-91.25,-82.00,21.00,41.75,99.50,36.25,5.00,6.00,0.043,False,-1
2023-10-31,Tuesday,BEAR,14419.75,14429,14401.5,14404.75,27.50,0.114,STRAIGHT DOWN,STRAIGHT DOWN,STRAIGHT DOWN,CONTINUED,3.00,11.00,18.25,47.00,56.25,66.50,50.50,11.00,1.00,7.50,6.25,25.25,0.091,False,1
2023-11-01,Wednesday,BULL,14519.75,14539,14518.25,14528,20.75,0.084,WHIPSAW,WHIPSAW,STRAIGHT UP,CONTINUED,-8.25,13.75,6.50,10.75,24.25,26.50,18.00,12.75,31.25,62.25,21.75,-4.00,0.244,False,1
2023-11-02,Thursday,DOJI,14920.75,14937.25,14918.75,14922,18.50,0.075,WHIPSAW,WHIPSAW,WHIPSAW,DOJI,-8.00,-2.00,5.25,-4.00,-6.50,0.50,11.50,18.00,178.25,160.75,-25.00,-1.00,0.140,False,1
2023-11-03,Friday,DOJI,15051,15063,15041.25,15051,21.75,0.093,STRAIGHT UP,STRAIGHT UP,STRAIGHT UP,DOJI,27.25,23.00,17.50,13.50,55.75,72.50,29.25,1.75,52.50,119.75,5.50,7.25,0.455,True,1
2023-11-06,Monday,BULL,15204.25,15233.5,15203.25,15233,30.25,0.129,STRAIGHT DOWN,WHIPSAW,WHIPSAW,REVERSED,3.00,-10.25,-16.75,-19.75,-7.75,-10.00,5.75,27.75,30.00,17.00,-1.00,-2.50,0.038,False,1
2023-11-07,Tuesday,BULL,15275.75,15287,15273,15278.25,14.00,0.062,STRAIGHT DOWN,STRAIGHT DOWN,WHIPSAW,REVERSED,-4.25,-12.50,-30.50,-33.75,-25.25,39.00,7.50,45.50,42.50,58.75,22.75,5.00,0.041,False,1
2023-11-08,Wednesday,DOJI,15388.5,15391,15377.5,15387.5,13.50,0.061,WHIPSAW,WHIPSAW,SIDEWAYS,DOJI,-3.25,8.00,13.00,20.00,3.25,-2.50,28.50,13.75,13.75,16.75,14.50,4.50,0.033,False,1
2023-11-09,Thursday,DOJI,15404,15419.25,15399.5,15402.5,19.75,0.094,STRAIGHT DOWN,STRAIGHT DOWN,WHIPSAW,DOJI,-10.00,-9.25,-13.75,-16.75,-23.50,4.00,3.50,23.50,19.75,44.25,1.00,-4.50,0.104,False,-1
2023-11-10,Friday,BEAR,15328,15330.25,15309.25,15310.25,21.00,0.101,STRAIGHT UP,STRAIGHT UP,STRAIGHT UP,REVERSED,-11.75,-9.00,-14.75,-13.25,-61.00,-58.00,4.75,22.00,69.75,73.00,9.25,6.25,0.037,False,-1
2023-11-13,Monday,DOJI,15529.5,15534.25,15523.5,15530,10.75,0.052,WHIPSAW,STRAIGHT DOWN,STRAIGHT DOWN,DOJI,2.75,4.75,0.50,-17.75,-43.75,-47.00,9.00,22.00,-67.75,-56.00,-6.50,-3.25,0.061,False,1
2023-11-14,Tuesday,DOJI,15812.25,15834.25,15805,15816,29.25,0.144,WHIPSAW,WHIPSAW,STRAIGHT UP,DOJI,-14.25,-3.50,-10.50,11.75,42.75,59.75,22.50,26.00,264.50,252.75,-8.25,-18.00,1.282,False,1
2023-11-15,Wednesday,BEAR,15957,15964,15948.25,15951.75,15.75,0.083,WHIPSAW,WHIPSAW,WHIPSAW,REVERSED,-3.00,5.25,-0.50,-15.75,12.50,24.50,15.75,18.25,77.00,62.75,-8.00,11.75,0.442,False,1
2023-11-16,Thursday,DOJI,15851.5,15851.5,15825,15850,26.50,0.149,DOWN (CHOPPY),WHIPSAW,WHIPSAW,DOJI,-1.00,-21.25,-8.75,-8.00,7.00,42.75,5.25,24.00,-38.75,7.50,-30.00,3.50,0.153,False,-1
2023-11-17,Friday,DOJI,15862.5,15871.25,15851.75,15863.75,19.50,0.114,WHIPSAW,WHIPSAW,WHIPSAW,DOJI,-8.25,2.25,0.00,-3.00,-15.00,-6.50,9.50,13.50,-34.75,-35.25,-27.25,-20.50,0.061,False,1
2023-11-20,Monday,BULL,15895.25,15923.5,15894.75,15922.5,28.75,0.172,STRAIGHT UP,STRAIGHT UP,STRAIGHT UP,CONTINUED,22.00,21.75,19.50,50.50,30.25,64.75,52.00,0.25,-2.25,4.25,-17.25,-7.50,0.051,False,1
2023-11-21,Tuesday,BEAR,16013,16015.25,15994.25,15994.25,21.00,0.124,WHIPSAW,WHIPSAW,WHIPSAW,REVERSED,6.75,-1.50,-3.75,-13.75,-0.50,-0.50,13.75,17.50,-75.75,-76.50,5.75,6.00,0.071,False,1
2023-11-22,Wednesday,BULL,16069.75,16101.5,16069.5,16101.25,32.00,0.201,STRAIGHT UP,STRAIGHT UP,WHIPSAW,CONTINUED,12.00,16.50,21.25,48.75,37.50,-63.25,55.25,5.25,80.75,99.75,4.75,3.00,0.152,False,-1
2023-11-27,Monday,BULL,15998.75,16037.25,15998,16034.75,39.25,0.243,STRAIGHT DOWN,STRAIGHT DOWN,STRAIGHT DOWN,REVERSED,-6.50,-35.75,-37.00,-57.50,-32.25,-20.75,1.50,59.75,-48.75,-9.25,-1.00,6.25,0.048,False,-1
2023-11-28,Tuesday,DOJI,15974.25,15986.75,15973,15976.25,13.75,0.088,STRAIGHT UP,WHIPSAW,WHIPSAW,DOJI,4.00,13.00,23.50,27.50,-1.25,0.00,31.00,2.25,-33.00,-29.50,-11.75,-1.00,0.058,False,1
2023-11-29,Wednesday,BULL,16147.25,16161,16146.5,16159.25,14.50,0.093,STRAIGHT UP,STRAIGHT UP,STRAIGHT UP,CONTINUED,3.75,20.25,23.00,32.25,34.75,39.25,35.00,2.00,99.50,92.50,1.75,0.25,0.215,False,1
2023-11-30,Thursday,BEAR,16032.5,16033,16012.75,16028,20.25,0.129,WHIPSAW,STRAIGHT DOWN,STRAIGHT DOWN,CONTINUED,-19.00,-18.50,-11.50,8.25,68.25,72.00,8.50,23.50,7.25,-9.00,-18.00,-13.00,0.275,False,-1
2023-12-01,Friday,BEAR,15933.25,15935.25,15917,15920.5,18.25,0.113,STRAIGHT DOWN,WHIPSAW,WHIPSAW,CONTINUED,-5.00,12.00,18.50,38.25,-18.50,5.00,45.00,15.50,-45.50,-21.75,2.75,10.50,0.064,False,-1
2023-12-04,Monday,DOJI,15862.25,15874.75,15858.5,15860.75,16.25,0.102,WHIPSAW,WHIPSAW,WHIPSAW,DOJI,-18.25,-12.25,1.50,-13.75,-17.50,-13.75,15.50,19.00,-163.00,-159.75,-44.25,10.75,0.058,False,1
2023-12-05,Tuesday,BULL,15791,15810,15788.5,15807.5,21.50,0.144,STRAIGHT DOWN,WHIPSAW,STRAIGHT UP,REVERSED,-14.75,-2.50,-4.25,-4.50,10.25,87.00,0.75,24.25,-80.25,-70.00,-7.25,15.25,0.059,False,1
2023-12-06,Wednesday,BEAR,16033.75,16039,16006.5,16009.5,32.50,0.212,STRAIGHT DOWN,STRAIGHT DOWN,STRAIGHT DOWN,CONTINUED,14.50,19.25,28.00,43.25,70.75,76.50,60.25,1.00,122.00,135.25,20.75,5.75,0.266,False,1
2023-12-07,Thursday,BEAR,15934.25,15934.5,15907,15923.25,27.50,0.171,STRAIGHT UP,STRAIGHT UP,WHIPSAW,REVERSED,-13.00,-26.75,-23.75,-25.50,-21.00,5.50,0.00,45.50,119.25,118.00,24.50,3.50,0.129,False,-1
2023-12-08,Friday,BULL,15956,15988,15946.75,15986.5,41.25,0.253,WHIPSAW,WHIPSAW,WHIPSAW,REVERSED,-26.75,-7.00,-7.50,-14.25,20.25,45.00,8.25,32.75,-80.25,-62.75,-9.50,5.50,0.664,True,1
2023-12-11,Monday,DOJI,16077.25,16090.5,16068.5,16075.75,22.00,0.131,STRAIGHT UP,STRAIGHT UP,STRAIGHT UP,DOJI,7.50,2.50,42.25,16.75,63.50,88.50,63.25,2.75,-21.25,-14.75,-2.75,3.75,0.069,False,1
2023-12-12,Tuesday,BEAR,16232.25,16237.5,16215.5,16225.5,22.00,0.128,STRAIGHT DOWN,STRAIGHT DOWN,WHIPSAW,CONTINUED,9.25,8.50,8.75,26.75,20.50,-23.50,29.25,8.75,-2.00,-5.25,-7.50,-2.75,0.721,False,1
2023-12-13,Wednesday,BULL,16398.75,16418,16395.5,16415.75,22.50,0.133,STRAIGHT UP,SIDEWAYS,WHIPSAW,CONTINUED,13.25,2.75,-4.00,18.00,-4.25,-16.75,21.75,7.75,33.75,18.25,-21.00,-15.75,0.207,False,1
2023-12-14,Thursday,BULL,16607.75,16622.75,16599.5,16617.5,23.25,0.131,WHIPSAW,STRAIGHT UP,SIDEWAYS,NO FOLLOW-THROUGH,20.75,17.75,21.50,4.00,27.00,4.50,28.25,5.50,40.25,45.50,-32.25,1.50,0.182,False,1
2023-12-18,Monday,DOJI,16846.5,16849.5,16832,16848,17.50,0.095,STRAIGHT UP,SIDEWAYS,STRAIGHT UP,DOJI,21.50,17.25,18.50,16.25,7.50,33.00,23.25,1.00,301.25,26.25,-7.00,-1.75,0.041,False,-1
2023-12-19,Tuesday,BULL,16952.5,16978.25,16944.5,16974.75,33.75,0.182,WHIPSAW,WHIPSAW,WHIPSAW,NO FOLLOW-THROUGH,6.00,2.50,-0.50,-2.25,5.00,-16.00,12.75,7.50,14.50,32.50,-6.25,-1.75,0.102,False,1
2023-12-20,Wednesday,DOJI,16986,16988,16970.75,16984.5,17.25,0.094,WHIPSAW,STRAIGHT UP,STRAIGHT UP,DOJI,3.00,4.00,4.00,8.00,23.75,36.75,12.75,8.25,-35.25,-36.75,4.50,6.75,0.050,False,1
2023-12-21,Thursday,BULL,16922.25,16945.75,16911.25,16945.25,34.50,0.180,WHIPSAW,WHIPSAW,STRAIGHT DOWN,REVERSED,1.75,-10.75,-23.75,-18.50,-26.00,-56.50,13.50,30.00,158.25,128.50,-19.00,5.00,0.322,False,-1
2023-12-22,Friday,BULL,16999.25,17013.25,16994.25,17010.75,19.00,0.101,WHIPSAW,WHIPSAW,WHIPSAW,REVERSED,3.50,3.50,6.50,-9.50,13.25,10.00,11.00,20.00,48.50,45.00,-0.75,-0.25,0.241,False,1
2023-12-26,Tuesday,BULL,17009.5,17028.75,17007.75,17027.75,21.00,0.113,WHIPSAW,WHIPSAW,WHIPSAW,CONTINUED,-4.50,-9.50,-5.50,8.75,17.75,11.00,9.50,22.50,29.00,46.25,6.00,-0.50,0.039,False,-1
2023-12-27,Wednesday,BULL,17092,17118.75,17091.75,17116.25,27.00,0.149,WHIPSAW,DOWN (CHOPPY),SIDEWAYS,NO FOLLOW-THROUGH,-7.50,-12.25,-3.50,1.25,-9.25,6.50,5.50,20.25,8.00,7.00,-8.75,-6.50,0.028,False,1
2023-12-28,Thursday,DOJI,17148.5,17159,17142.75,17149.25,16.25,0.093,STRAIGHT DOWN,STRAIGHT DOWN,STRAIGHT DOWN,DOJI,-2.50,-5.50,-13.25,-19.50,-24.00,-28.75,7.75,25.25,32.00,19.25,5.75,1.00,0.050,False,1
2023-12-29,Friday,BULL,17089,17098,17081.25,17094.5,16.75,0.103,WHIPSAW,SIDEWAYS,SIDEWAYS,REVERSED,1.00,-1.75,-1.50,-9.25,1.00,-3.25,5.50,10.25,-2.00,-0.75,4.50,6.00,0.052,False,-1
2024-01-02,Tuesday,BULL,16862.25,16870,16840.5,16869.75,29.50,0.182,STRAIGHT DOWN,STRAIGHT DOWN,STRAIGHT DOWN,REVERSED,-1.75,-6.25,-21.75,-28.50,-102.75,-90.25,3.75,43.50,-156.75,-156.50,9.75,-8.00,0.171,False,-1
2024-01-03,Wednesday,BULL,16609.5,16621.5,16586.75,16618.25,34.75,0.207,WHIPSAW,WHIPSAW,WHIPSAW,CONTINUED,-1.00,-25.25,-18.25,12.25,3.75,15.75,12.75,36.75,-111.25,-130.75,-8.00,5.50,0.045,False,-1
2024-01-04,Thursday,BULL,16453,16469.75,16443,16466.75,26.75,0.163,STRAIGHT UP,STRAIGHT UP,WHIPSAW,CONTINUED,6.75,21.50,1.75,21.50,18.50,8.00,27.25,9.00,-88.75,-90.25,-6.00,1.25,0.205,False,-1
2024-01-05,Friday,BULL,16449,16461.5,16437.25,16456.25,24.25,0.150,STRAIGHT UP,STRAIGHT UP,STRAIGHT UP,CONTINUED,-3.25,6.25,10.75,26.50,24.00,41.75,34.00,11.75,5.00,-4.75,49.25,16.50,0.590,True,-1
2024-01-08,Monday,BULL,16512,16523.25,16505.25,16518.25,18.00,0.114,STRAIGHT UP,STRAIGHT UP,STRAIGHT UP,CONTINUED,17.75,22.25,27.25,35.25,68.25,104.75,36.25,2.00,49.00,38.75,33.50,7.75,0.055,False,1
2024-01-09,Tuesday,BULL,16669,16691.75,16666.75,16682.75,25.00,0.154,STRAIGHT UP,WHIPSAW,WHIPSAW,CONTINUED,17.00,19.50,18.75,8.25,-6.75,18.75,31.75,0.25,-132.75,-121.00,3.75,1.25,0.129,False,1
2024-01-10,Wednesday,BULL,16840,16863,16839.5,16862.5,23.50,0.141,WHIPSAW,WHIPSAW,STRAIGHT DOWN,NO FOLLOW-THROUGH,-5.00,3.25,-1.50,0.25,-7.25,-33.50,10.75,13.00,8.25,10.75,23.50,7.00,0.102,False,1
2024-01-11,Thursday,BULL,16984.5,17008,16982.5,17002,25.50,0.146,WHIPSAW,WHIPSAW,WHIPSAW,CONTINUED,-3.00,-21.75,-1.00,29.25,-34.75,-61.75,35.00,27.25,43.00,29.00,77.75,13.50,0.940,False,1
2024-01-12,Friday,BEAR,17008.25,17013,16993,17004.25,20.00,0.116,STRAIGHT DOWN,WHIPSAW,WHIPSAW,CONTINUED,4.75,23.75,17.75,16.75,-35.50,40.25,30.25,2.00,43.00,50.25,44.25,17.75,0.381,False,-1
2024-01-16,Tuesday,BULL,16916.75,16934.5,16905,16932.25,29.50,0.173,WHIPSAW,STRAIGHT DOWN,STRAIGHT DOWN,CONTINUED,-6.25,-2.00,-13.00,7.25,-50.50,-28.00,10.75,19.50,-55.25,-49.25,23.50,26.25,0.253,False,-1
2024-01-17,Wednesday,DOJI,16825,16842.75,16818.25,16823.5,24.50,0.141,STRAIGHT DOWN,STRAIGHT DOWN,STRAIGHT DOWN,DOJI,-28.75,-50.25,-48.25,-57.50,-82.00,-132.25,4.75,64.75,-142.50,-154.50,4.75,3.50,0.170,False,1
2024-01-18,Thursday,BULL,16996.5,17034,16995.5,17029.75,38.50,0.214,WHIPSAW,WHIPSAW,WHIPSAW,CONTINUED,-6.75,1.00,5.25,12.00,2.50,6.75,17.75,13.00,127.75,136.75,14.25,-2.50,0.145,False,1
2024-01-19,Friday,BEAR,17190.5,17201,17182.75,17184.5,18.25,0.097,WHIPSAW,WHIPSAW,WHIPSAW,NO FOLLOW-THROUGH,6.75,5.50,-3.75,4.00,-17.00,-30.75,18.25,13.50,81.25,71.75,-30.50,-32.00,0.079,False,1
2024-01-22,Monday,BULL,17528.5,17547.75,17527.75,17542.5,20.00,0.099,STRAIGHT UP,WHIPSAW,WHIPSAW,CONTINUED,15.25,17.25,23.25,37.00,-30.00,-2.00,42.25,6.50,84.50,63.00,2.00,3.50,0.147,False,1
2024-01-23,Tuesday,BEAR,17487.75,17488.25,17457.25,17477.5,31.00,0.154,STRAIGHT DOWN,STRAIGHT DOWN,SIDEWAYS,CONTINUED,23.25,47.00,41.75,49.00,16.25,-5.25,68.25,0.00,27.75,31.00,-12.00,9.00,0.059,False,-1
2024-01-24,Wednesday,BEAR,17692.75,17695.5,17676.25,17676.5,19.25,0.100,STRAIGHT DOWN,STRAIGHT DOWN,SIDEWAYS,CONTINUED,11.75,8.75,1.25,27.75,28.75,11.75,31.00,10.75,163.50,141.00,28.00,7.75,0.031,False,1
2024-01-25,Thursday,BEAR,17722.5,17728,17686,17687.75,42.00,0.214,WHIPSAW,WHIPSAW,WHIPSAW,REVERSED,5.25,-10.75,-15.75,-13.75,9.75,20.75,13.00,26.50,97.25,103.00,15.50,3.00,0.378,False,-1
2024-01-26,Friday,BULL,17557.75,17570.25,17538,17563,32.25,0.161,WHIPSAW,STRAIGHT DOWN,STRAIGHT DOWN,REVERSED,-10.00,-3.25,4.25,-13.75,-17.75,-23.50,8.50,27.75,-80.00,-16.00,-39.75,16.00,0.282,False,-1
2024-01-29,Monday,BEAR,17548.25,17551.5,17532.75,17537.5,18.75,0.095,STRAIGHT UP,STRAIGHT UP,SIDEWAYS,REVERSED,-4.75,-2.75,-8.50,-17.50,-31.25,-13.75,7.75,24.50,19.50,45.75,2.25,4.00,0.046,False,-1
2024-01-30,Tuesday,BULL,17661.25,17675,17654,17666.5,21.00,0.111,STRAIGHT UP,SIDEWAYS,WHIPSAW,CONTINUED,6.50,10.00,15.50,9.25,6.25,-22.00,18.50,2.75,-46.25,-46.75,0.25,-0.25,0.038,False,1
2024-01-31,Wednesday,BEAR,17399.75,17400.75,17371.75,17395.25,29.00,0.157,WHIPSAW,WHIPSAW,WHIPSAW,REVERSED,6.25,4.00,-12.75,-28.00,32.25,23.50,16.50,31.00,-184.00,-27.75,-5.75,19.75,0.196,False,-1
2024-02-01,Thursday,BULL,17306.5,17319.25,17300,17312.25,19.25,0.101,WHIPSAW,WHIPSAW,WHIPSAW,CONTINUED,3.00,-6.00,5.75,10.25,12.50,-28.00,25.25,18.25,65.25,31.50,-29.50,-9.75,0.136,False,-1
2024-02-02,Friday,BEAR,17508,17517,17496.25,17502.75,20.75,0.114,WHIPSAW,STRAIGHT UP,STRAIGHT UP,REVERSED,13.25,26.75,5.25,-22.00,-96.50,-105.00,37.00,28.00,68.00,-84.25,11.25,19.00,0.584,True,1
2024-02-05,Monday,BEAR,17722.5,17731.25,17707.75,17713.75,23.50,0.120,STRAIGHT UP,WHIPSAW,WHIPSAW,REVERSED,-10.50,-5.50,-11.25,-10.00,8.75,31.25,2.75,23.50,-7.00,27.00,21.50,7.50,0.042,False,1
2024-02-06,Tuesday,BULL,17741.5,17765.5,17739,17764.25,26.50,0.135,STRAIGHT DOWN,STRAIGHT DOWN,STRAIGHT DOWN,REVERSED,-5.50,-25.50,-25.50,-49.50,-38.00,-117.00,3.25,55.50,44.25,39.25,4.25,-9.25,0.047,False,-1
2024-02-07,Wednesday,BEAR,17773.5,17778,17756.5,17762,21.50,0.109,WHIPSAW,STRAIGHT DOWN,SIDEWAYS,CONTINUED,4.00,3.50,12.25,8.25,40.00,13.00,18.00,7.50,111.75,125.75,37.75,3.25,0.077,False,-1
2024-02-08,Thursday,BEAR,17835.5,17845,17825,17828,20.00,0.102,STRAIGHT UP,WHIPSAW,WHIPSAW,REVERSED,1.25,1.75,5.25,-19.00,5.75,-18.25,8.75,19.00,-6.25,-15.50,9.50,13.25,0.117,False,1
2024-02-09,Friday,BEAR,17909,17911.25,17890,17895,21.25,0.117,WHIPSAW,WHIPSAW,STRAIGHT UP,CONTINUED,-4.50,-1.00,-7.25,6.75,-8.50,-47.25,10.00,14.50,43.75,51.50,-21.75,-7.00,0.382,False,1
2024-02-12,Monday,BEAR,18029.5,18030.25,18016.25,18021.25,14.00,0.076,WHIPSAW,WHIPSAW,SIDEWAYS,REVERSED,7.75,-4.00,-17.50,-23.75,-10.00,-12.75,14.00,29.50,-9.50,-9.75,0.00,5.75,0.060,False,1
2024-02-13,Tuesday,BEAR,17627.75,17629.25,17586.5,17616.75,42.75,0.227,WHIPSAW,WHIPSAW,STRAIGHT UP,REVERSED,-7.75,-16.25,-13.00,-31.00,-27.50,-48.25,21.00,32.50,-335.75,-302.25,-33.75,6.75,1.038,False,-1
2024-02-14,Wednesday,BULL,17788.75,17810.5,17783.25,17801.5,27.25,0.141,WHIPSAW,WHIPSAW,WHIPSAW,REVERSED,-3.00,-12.50,-5.25,-22.25,-19.00,-8.00,17.25,25.00,108.75,85.50,10.00,9.75,0.064,False,1
2024-02-15,Thursday,BULL,17888.25,17899,17880,17895,19.00,0.099,STRAIGHT DOWN,STRAIGHT DOWN,STRAIGHT DOWN,REVERSED,-2.00,-15.25,-5.75,-24.25,-43.75,-73.50,8.00,34.75,18.75,14.50,-11.75,-8.50,0.287,False,1
2024-02-16,Friday,BEAR,17926.75,17930.5,17913.5,17918,17.00,0.088,STRAIGHT DOWN,STRAIGHT DOWN,STRAIGHT DOWN,CONTINUED,8.50,29.50,13.50,16.50,29.00,165.00,31.00,2.75,13.25,-22.50,-13.50,5.50,0.388,False,1
2024-02-20,Tuesday,BULL,17661.75,17680.75,17649.25,17678,31.50,0.162,SIDEWAYS,WHIPSAW,STRAIGHT DOWN,NO FOLLOW-THROUGH,33.75,34.50,13.75,1.00,-87.75,-125.50,46.00,5.75,-85.00,-127.00,-11.75,-2.25,0.094,False,-1
2024-02-21,Wednesday,BEAR,17495.25,17495.25,17464.25,17484.75,31.00,0.152,WHIPSAW,WHIPSAW,WHIPSAW,REVERSED,-23.25,-18.75,-8.25,-6.25,14.75,8.00,16.25,26.75,-116.75,-79.50,-9.25,4.00,0.076,False,-1
2024-02-22,Thursday,BEAR,17895.75,17919.5,17888.5,17888.75,31.00,0.156,WHIPSAW,WHIPSAW,WHIPSAW,CONTINUED,18.00,5.25,20.25,21.25,-42.50,-32.00,24.75,17.00,358.50,192.00,-1.25,26.75,0.127,False,1
2024-02-23,Friday,BULL,18105.75,18115.5,18097,18113.75,18.50,0.092,STRAIGHT UP,STRAIGHT UP,WHIPSAW,CONTINUED,21.00,20.00,20.25,24.50,20.25,-56.25,28.25,8.50,61.00,80.25,32.00,3.25,0.096,False,1
2024-02-26,Monday,BULL,18017,18038.5,18009.75,18033,28.75,0.149,WHIPSAW,WHIPSAW,STRAIGHT DOWN,REVERSED,11.50,-3.25,-6.25,-12.75,-32.50,-53.00,17.75,25.25,30.75,54.25,1.50,16.75,0.084,False,-1
2024-02-27,Tuesday,DOJI,18018.25,18020.75,18000.75,18020.5,20.00,0.108,WHIPSAW,STRAIGHT DOWN,STRAIGHT DOWN,DOJI,-11.25,-2.25,-9.00,-4.75,-61.75,-15.00,6.25,22.25,41.00,64.50,-8.75,5.50,0.104,False,-1
2024-02-28,Wednesday,BULL,17923.5,17943.25,17918.5,17937,24.75,0.138,SIDEWAYS,STRAIGHT DOWN,STRAIGHT DOWN,NO FOLLOW-THROUGH,-12.50,-22.50,-32.00,3.00,-23.50,-51.50,5.25,35.50,-94.00,-90.50,-21.25,-2.25,0.206,False,-1
2024-02-29,Thursday,BULL,18030.25,18054.5,18020.75,18050.25,33.75,0.192,WHIPSAW,WHIPSAW,WHIPSAW,CONTINUED,-8.00,-1.00,-1.00,19.75,-7.25,10.00,22.00,10.00,112.75,161.75,23.75,11.50,0.545,False,-1
2024-03-01,Friday,BULL,18096.5,18120.5,18093.5,18112.25,27.00,0.146,STRAIGHT UP,UP (CHOPPY),STRAIGHT UP,CONTINUED,22.00,21.50,25.00,16.50,14.25,35.00,32.25,8.00,29.75,24.75,6.75,1.00,0.083,False,1
2024-03-04,Monday,BEAR,18330,18335,18307.5,18314.25,27.50,0.144,WHIPSAW,WHIPSAW,DOWN (CHOPPY),NO FOLLOW-THROUGH,1.50,13.00,24.75,-0.50,6.25,22.25,26.50,9.25,-5.00,-4.75,-4.75,6.25,0.041,False,1
2024-03-05,Tuesday,BEAR,18133.75,18135,18113.25,18127.75,21.75,0.118,STRAIGHT DOWN,STRAIGHT DOWN,STRAIGHT DOWN,CONTINUED,9.25,36.25,46.50,46.50,65.50,63.50,71.25,2.00,-124.50,-114.75,1.50,9.25,0.068,False,-1
2024-03-06,Wednesday,BULL,18104,18121.5,18100.5,18119,21.00,0.112,STRAIGHT DOWN,DOWN (CHOPPY),STRAIGHT DOWN,REVERSED,-10.00,-10.75,-8.25,-29.25,-10.25,-77.75,7.25,37.50,172.25,122.00,5.50,9.00,0.209,False,-1
2024-03-07,Thursday,BEAR,18182.25,18194,18174.75,18178.5,19.25,0.102,STRAIGHT UP,WHIPSAW,WHIPSAW,REVERSED,-2.00,0.50,4.75,-26.50,34.00,-9.25,12.25,32.75,138.00,142.25,29.50,10.00,0.131,False,-1
2024-03-08,Friday,BEAR,18321,18335,18301,18311.5,34.00,0.174,WHIPSAW,WHIPSAW,STRAIGHT UP,NO FOLLOW-THROUGH,-7.00,-12.25,-18.00,-3.50,-19.75,-75.50,16.50,41.50,12.25,46.50,-30.75,-0.75,0.809,True,1
2024-03-11,Monday,BULL,17975.75,17989.75,17956.5,17984.75,33.25,0.158,STRAIGHT DOWN,WHIPSAW,STRAIGHT DOWN,REVERSED,-47.50,-48.75,-73.25,-52.75,6.50,-74.25,-0.75,77.75,-64.25,-81.75,24.50,-3.00,0.093,False,-1
2024-03-12,Tuesday,BULL,18064.75,18092.75,18064,18083.5,28.75,0.143,STRAIGHT DOWN,STRAIGHT DOWN,STRAIGHT DOWN,REVERSED,-11.75,-16.75,-27.25,-80.00,-137.25,-31.50,6.50,82.00,94.25,56.00,-4.25,17.00,0.679,False,-1
2024-03-13,Wednesday,BEAR,18181,18182.25,18158,18162,24.25,0.115,STRAIGHT DOWN,STRAIGHT DOWN,STRAIGHT DOWN,CONTINUED,17.25,17.50,7.00,7.00,49.50,85.50,25.50,1.00,-45.75,-47.25,2.25,-3.75,0.076,False,1
2024-03-14,Thursday,BEAR,18126,18128.5,18104.75,18107.5,23.75,0.116,WHIPSAW,WHIPSAW,STRAIGHT DOWN,REVERSED,4.00,11.25,12.25,-8.75,7.75,141.25,20.25,27.50,46.25,32.50,4.25,19.50,0.298,False,-1
2024-03-18,Monday,BULL,18284.5,18298.25,18277.5,18294.75,20.75,0.100,STRAIGHT UP,STRAIGHT UP,SIDEWAYS,CONTINUED,18.50,22.25,16.50,40.00,50.25,-7.00,42.25,10.00,253.75,211.00,7.00,4.00,0.095,False,-1
2024-03-19,Tuesday,BEAR,18143.5,18152.75,18129,18133,23.75,0.112,WHIPSAW,STRAIGHT DOWN,WHIPSAW,CONTINUED,16.50,3.75,-3.25,17.00,64.00,34.00,29.75,18.75,-85.75,-80.75,12.25,1.75,0.175,False,-1
2024-03-20,Wednesday,BULL,18318,18333,18309.75,18326,23.25,0.105,STRAIGHT DOWN,STRAIGHT DOWN,STRAIGHT DOWN,REVERSED,6.00,-5.25,2.50,-27.25,-66.25,-63.50,8.75,29.25,48.50,42.75,19.25,12.75,0.033,False,1
2024-03-21,Thursday,BEAR,18688.25,18692,18671,18673.5,21.00,0.091,WHIPSAW,WHIPSAW,WHIPSAW,NO FOLLOW-THROUGH,-4.75,4.00,9.50,2.50,-8.00,35.00,18.50,14.75,204.00,151.50,30.00,26.00,0.086,False,1
2024-03-22,Friday,BEAR,18537.5,18540.75,18522.5,18524.75,18.25,0.080,WHIPSAW,WHIPSAW,WHIPSAW,NO FOLLOW-THROUGH,-19.25,-3.25,-2.50,-6.75,15.50,-9.25,7.75,20.25,-21.25,-42.25,7.75,11.50,0.056,False,-1
2024-03-25,Monday,DOJI,18458.75,18461.5,18442.5,18460.75,19.00,0.088,WHIPSAW,WHIPSAW,WHIPSAW,DOJI,-3.25,8.25,9.75,13.00,-25.25,17.00,19.75,13.50,-113.25,-108.00,-16.50,-11.50,0.048,False,1
2024-03-26,Tuesday,BEAR,18568.75,18570,18550,18564.5,20.00,0.090,STRAIGHT UP,UP (CHOPPY),STRAIGHT UP,REVERSED,0.75,-3.25,-9.50,-19.00,-17.75,-38.75,9.50,30.25,59.00,34.50,0.00,6.25,0.075,False,1
2024-03-27,Wednesday,BEAR,18566.25,18572,18556.25,18556.5,15.75,0.074,STRAIGHT DOWN,STRAIGHT DOWN,STRAIGHT DOWN,CONTINUED,7.75,20.25,33.50,40.75,52.00,101.00,42.50,4.00,115.75,88.50,18.25,6.75,0.051,False,-1
2024-03-28,Thursday,BEAR,18500,18504.5,18480.5,18488.75,24.00,0.114,STRAIGHT DOWN,WHIPSAW,WHIPSAW,CONTINUED,18.75,21.50,16.25,7.50,-26.25,-36.25,31.75,1.75,-6.75,-6.00,1.50,-7.00,0.192,False,-1
2024-04-01,Monday,BEAR,18500.75,18503.5,18485,18488,18.50,0.093,STRAIGHT UP,STRAIGHT UP,STRAIGHT UP,REVERSED,-5.00,-27.50,-44.25,-77.25,-113.00,-104.50,5.75,88.00,38.00,0.75,-14.50,6.00,0.085,False,-1
2024-04-02,Tuesday,DOJI,18287,18292.25,18267.25,18287.75,25.00,0.136,STRAIGHT DOWN,STRAIGHT DOWN,STRAIGHT DOWN,DOJI,-2.00,-5.00,-23.00,-14.25,-49.00,-42.75,3.75,27.25,-208.00,-210.75,-50.50,6.50,0.101,False,-1
2024-04-03,Wednesday,BULL,18240.75,18259,18239,18253.5,20.00,0.109,STRAIGHT UP,SIDEWAYS,STRAIGHT UP,CONTINUED,6.25,13.50,11.25,15.50,6.50,65.75,21.75,7.25,-90.00,-106.50,-27.50,0.50,0.086,False,1
2024-04-04,Thursday,BEAR,18541.5,18551.5,18533.75,18536.5,17.75,0.100,STRAIGHT UP,SIDEWAYS,WHIPSAW,REVERSED,-1.50,-2.75,-8.00,-20.25,-2.25,9.50,6.50,24.75,171.00,152.75,6.00,-2.00,0.174,False,1
2024-04-05,Friday,BULL,18139,18146.5,18123,18142.75,23.50,0.116,WHIPSAW,WHIPSAW,WHIPSAW,NO FOLLOW-THROUGH,15.50,14.00,-4.75,-5.25,25.50,64.00,28.00,16.75,63.25,50.50,-6.25,13.00,0.601,True,-1
2024-04-08,Monday,BEAR,18330.25,18337,18309.75,18318.75,27.25,0.131,STRAIGHT DOWN,STRAIGHT DOWN,SIDEWAYS,CONTINUED,-7.25,11.00,12.25,42.25,33.50,16.50,44.00,15.00,37.00,-16.75,-28.50,-30.75,0.064,False,1
2024-04-09,Tuesday,DOJI,18391,18402.25,18378.5,18393.25,23.75,0.115,STRAIGHT DOWN,WHIPSAW,STRAIGHT DOWN,DOJI,-5.25,5.75,-21.00,-24.75,-2.75,-43.00,11.75,50.50,93.75,74.50,29.50,6.50,0.058,False,-1
2024-04-10,Wednesday,BEAR,18140,18148.25,18122.75,18128.5,25.50,0.123,STRAIGHT UP,SIDEWAYS,WHIPSAW,REVERSED,-14.25,-38.25,-16.00,-43.75,-3.75,-35.25,9.50,45.25,-222.25,-244.25,32.50,24.75,1.615,False,-1
2024-04-11,Thursday,BEAR,18265.25,18274.25,18252.75,18261,21.50,0.109,WHIPSAW,WHIPSAW,DOWN (CHOPPY),REVERSED,29.25,10.75,5.25,-6.50,1.25,19.50,36.00,11.25,73.50,74.25,19.25,2.75,0.749,False,1
2024-04-12,Friday,BULL,18296.75,18302.75,18287.25,18300,15.50,0.073,WHIPSAW,WHIPSAW,WHIPSAW,CONTINUED,11.75,20.50,13.25,7.25,15.75,28.50,27.00,19.25,-185.50,-188.50,-21.50,7.75,0.083,False,1
2024-04-15,Monday,BEAR,18335.5,18339,18299,18309,40.00,0.183,STRAIGHT DOWN,SIDEWAYS,SIDEWAYS,CONTINUED,10.75,16.25,26.50,42.00,10.25,-8.00,48.00,6.25,154.25,183.75,4.25,-5.25,0.226,False,-1
2024-04-16,Tuesday,BEAR,17867.75,17875.5,17846.5,17863,29.00,0.120,WHIPSAW,WHIPSAW,WHIPSAW,NO FOLLOW-THROUGH,3.00,-16.50,-4.50,-0.75,25.00,-24.00,8.25,25.00,-8.25,-14.00,-25.50,-9.25,0.166,False,-1
2024-04-17,Wednesday,BEAR,17957.25,17959.5,17929.5,17931,30.00,0.124,WHIPSAW,WHIPSAW,STRAIGHT DOWN,REVERSED,-19.50,-14.75,-11.00,-9.00,-10.25,54.00,16.25,22.25,80.50,59.75,28.00,-3.00,0.060,False,1
2024-04-18,Thursday,DOJI,17673.5,17678.75,17660.25,17674,18.50,0.073,STRAIGHT DOWN,STRAIGHT DOWN,STRAIGHT DOWN,DOJI,-30.75,-37.25,-42.75,-65.00,-76.75,-72.00,1.25,65.50,19.00,-0.50,-8.25,-3.25,0.136,False,-1
2024-04-19,Friday,BEAR,17494.75,17494.75,17467,17470.25,27.75,0.106,WHIPSAW,WHIPSAW,WHIPSAW,NO FOLLOW-THROUGH,-7.75,-19.75,-20.75,5.50,-22.00,10.75,23.00,26.00,-50.25,-35.25,-23.25,2.75,0.106,False,-1
2024-04-22,Monday,DOJI,17288.5,17307.5,17287.75,17288.25,19.75,0.071,WHIPSAW,WHIPSAW,WHIPSAW,DOJI,-16.25,-6.00,13.00,-12.75,8.50,8.50,17.50,24.25,106.50,51.25,-7.00,-6.25,0.040,False,-1
2024-04-23,Tuesday,BEAR,17428.25,17440,17415.5,17420.75,24.50,0.085,STRAIGHT UP,STRAIGHT UP,STRAIGHT UP,REVERSED,-30.25,-39.25,-29.00,-15.50,-93.50,-74.00,7.25,43.25,76.50,78.50,6.50,3.50,0.052,False,1
2024-04-24,Wednesday,DOJI,17733,17752.5,17727.5,17736.25,25.00,0.086,WHIPSAW,WHIPSAW,WHIPSAW,DOJI,7.25,-13.25,-20.25,14.75,36.75,8.75,16.00,23.25,125.00,53.00,28.00,28.00,0.085,False,1
2024-04-25,Thursday,BEAR,17354.25,17354.75,17328.25,17348.75,26.50,0.098,WHIPSAW,WHIPSAW,WHIPSAW,NO FOLLOW-THROUGH,24.25,29.50,31.00,3.75,-25.50,6.75,40.75,10.25,-304.50,-97.50,-25.50,-8.75,0.454,False,-1
2024-04-26,Friday,BEAR,17697.5,17706,17687,17692.25,19.00,0.070,WHIPSAW,STRAIGHT UP,STRAIGHT UP,REVERSED,10.25,23.50,-19.00,-42.25,-49.00,-101.75,24.00,44.00,128.25,-114.00,-30.50,-13.75,0.377,False,1
2024-04-29,Monday,BEAR,17921.5,17934,17911.75,17915,22.25,0.080,STRAIGHT UP,WHIPSAW,WHIPSAW,REVERSED,-24.00,-28.00,-25.25,-19.50,64.00,34.00,5.50,34.00,81.25,57.75,0.25,13.50,0.036,False,1
2024-04-30,Tuesday,DOJI,17835.25,17849.5,17824,17832.5,25.50,0.094,UP (CHOPPY),STRAIGHT UP,STRAIGHT UP,DOJI,-5.25,1.50,12.75,9.50,38.75,36.25,25.50,7.50,-70.00,-77.00,9.25,2.75,0.335,False,-1
2024-05-01,Wednesday,BULL,17500.75,17517.5,17485.5,17512.5,32.00,0.112,STRAIGHT DOWN,STRAIGHT DOWN,STRAIGHT DOWN,REVERSED,-25.00,-24.00,-38.75,-17.25,-21.75,-59.00,0.75,44.25,-63.50,28.75,2.50,-8.50,0.178,False,-1
2024-05-02,Thursday,DOJI,17583,17602.5,17575,17579.75,27.50,0.095,STRAIGHT DOWN,STRAIGHT DOWN,STRAIGHT DOWN,DOJI,-22.00,-13.25,-17.00,-49.00,-32.25,-88.00,3.00,50.75,151.25,99.25,6.25,5.25,0.155,False,-1
2024-05-03,Friday,BEAR,17958,17965.5,17947.5,17950.75,18.00,0.061,STRAIGHT DOWN,WHIPSAW,WHIPSAW,CONTINUED,13.25,18.25,16.50,10.75,-39.00,-26.25,31.50,4.50,309.50,212.25,33.25,29.50,0.595,True,1
2024-05-06,Monday,BEAR,18074.25,18077,18050.75,18051.25,26.25,0.097,STRAIGHT UP,STRAIGHT UP,STRAIGHT UP,REVERSED,-4.75,2.50,-5.50,-25.50,-37.25,-50.75,8.75,30.50,72.50,27.50,15.00,11.50,0.044,False,1
2024-05-07,Tuesday,BEAR,18211.25,18212.75,18197.25,18205.25,15.50,0.058,STRAIGHT UP,STRAIGHT UP,SIDEWAYS,REVERSED,-21.50,-24.25,-17.75,-21.50,-17.00,10.00,2.50,31.00,13.25,26.00,18.75,10.25,0.023,False,1
2024-05-08,Wednesday,BULL,18083.75,18101.25,18079,18097.25,22.25,0.088,SIDEWAYS,STRAIGHT UP,STRAIGHT UP,NO FOLLOW-THROUGH,10.75,0.25,-1.00,7.00,30.00,77.50,12.50,5.50,-112.75,-111.75,-8.75,-1.50,0.031,False,-1
2024-05-09,Thursday,BULL,18186.75,18204,18184.25,18200.25,19.75,0.080,STRAIGHT DOWN,STRAIGHT DOWN,STRAIGHT DOWN,REVERSED,-9.25,-14.25,-20.75,-25.75,-75.25,-39.75,0.50,28.25,3.25,23.00,-4.00,-9.00,0.170,False,1
2024-05-10,Friday,BEAR,18274.25,18276,18256.5,18259,19.50,0.086,STRAIGHT UP,STRAIGHT UP,STRAIGHT UP,REVERSED,-23.50,-27.50,-35.50,-37.50,-61.00,-48.75,1.00,61.25,58.50,52.25,21.75,2.75,0.077,False,1
2024-05-13,Monday,BEAR,18332.25,18336.75,18312.5,18323.75,24.25,0.111,STRAIGHT DOWN,STRAIGHT DOWN,STRAIGHT DOWN,CONTINUED,-4.25,2.75,13.25,19.75,58.25,36.25,34.75,7.25,78.00,94.50,7.00,6.50,0.049,False,-1
2024-05-14,Tuesday,BULL,18274,18293.75,18272.5,18290.5,21.25,0.102,SIDEWAYS,WHIPSAW,WHIPSAW,NO FOLLOW-THROUGH,-2.75,-2.00,-22.50,-0.25,30.00,-0.75,3.25,25.25,-21.50,-11.00,12.75,-3.75,0.646,False,-1
2024-05-15,Wednesday,BEAR,18509.25,18518,18492.5,18501.25,25.50,0.125,STRAIGHT UP,WHIPSAW,WHIPSAW,REVERSED,-9.00,-18.00,-18.50,-25.25,-3.25,0.00,4.50,29.50,98.00,98.50,-0.75,-0.75,0.667,False,1
2024-05-16,Thursday,BULL,18678.5,18690,18674.5,18681,15.50,0.077,WHIPSAW,UP (CHOPPY),STRAIGHT UP,NO FOLLOW-THROUGH,-5.50,-1.75,0.25,-4.00,15.75,29.50,6.75,9.00,-14.75,-15.75,-16.25,-6.25,0.174,False,1
2024-05-17,Friday,BULL,18651.75,18664.25,18649,18658.5,15.25,0.079,STRAIGHT DOWN,DOWN (CHOPPY),DOWN (CHOPPY),REVERSED,1.50,-3.25,-10.75,-11.75,-15.50,-17.75,4.50,20.25,0.50,11.25,-33.00,-19.75,0.029,False,-1
2024-05-20,Monday,DOJI,18642.5,18647,18635.25,18642,11.75,0.062,STRAIGHT UP,STRAIGHT UP,STRAIGHT UP,DOJI,11.25,23.50,35.50,53.50,69.25,100.25,54.00,2.00,4.00,8.25,-6.75,-10.00,0.035,False,-1
2024-05-21,Tuesday,BEAR,18686.25,18694,18678,18679,16.00,0.090,STRAIGHT UP,STRAIGHT UP,STRAIGHT UP,REVERSED,-4.00,-17.50,-22.75,-28.25,-13.25,-37.50,1.00,35.00,-80.00,-61.75,-32.00,-9.25,0.062,False,1
2024-05-22,Wednesday,BULL,18808,18816.75,18805.25,18814,11.50,0.072,SIDEWAYS,WHIPSAW,WHIPSAW,NO FOLLOW-THROUGH,-2.25,7.50,4.00,-0.25,-3.75,9.25,12.50,4.75,8.00,9.00,4.50,0.75,0.031,False,1
2024-05-23,Thursday,BEAR,18982.5,18982.5,18969,18969.5,13.50,0.090,STRAIGHT DOWN,STRAIGHT DOWN,STRAIGHT DOWN,CONTINUED,22.50,23.50,28.00,20.25,43.75,96.25,38.25,0.75,188.25,128.50,-22.50,-4.00,0.161,False,-1
2024-05-24,Friday,BEAR,18762.25,18765.25,18733.25,18745.25,32.00,0.195,STRAIGHT UP,STRAIGHT UP,STRAIGHT UP,REVERSED,-4.25,-4.50,-9.75,-20.50,-35.25,-47.00,9.00,32.00,65.75,76.50,9.75,11.00,0.201,False,-1
2024-05-28,Tuesday,DOJI,18920.25,18924.5,18913.75,18921.25,10.75,0.064,WHIPSAW,STRAIGHT DOWN,STRAIGHT DOWN,DOJI,13.00,-1.25,-12.75,-11.00,-64.25,-68.75,15.75,18.25,46.25,-29.75,4.50,-2.50,0.049,False,1
2024-05-29,Wednesday,BULL,18765.5,18798.5,18761,18797.75,37.50,0.223,WHIPSAW,WHIPSAW,WHIPSAW,NO FOLLOW-THROUGH,-2.25,-1.50,-5.75,2.25,-0.75,32.75,9.50,16.75,-178.00,-184.25,-14.25,-2.00,0.101,False,1
2024-05-30,Thursday,BEAR,18765,18765.25,18743,18745,22.25,0.135,WHIPSAW,WHIPSAW,WHIPSAW,CONTINUED,-9.25,-13.00,2.50,30.50,7.50,9.50,35.50,24.25,-45.25,10.75,-0.50,-1.25,0.221,False,1
2024-05-31,Friday,DOJI,18602,18615.5,18597.5,18603.75,18.00,0.105,WHIPSAW,WHIPSAW,STRAIGHT DOWN,DOJI,2.75,-4.25,-20.00,-11.25,-14.50,-84.75,9.25,28.75,-1.00,11.25,-45.25,-21.75,0.335,False,-1
2024-06-03,Monday,BEAR,18713,18721,18701,18705.25,20.00,0.106,WHIPSAW,STRAIGHT UP,WHIPSAW,NO FOLLOW-THROUGH,-3.25,-7.25,-11.50,-2.50,-43.00,0.25,7.00,25.75,114.50,124.00,29.00,5.00,0.106,False,-1
2024-06-04,Tuesday,BEAR,18638,18650.75,18628,18632.75,22.75,0.112,STRAIGHT DOWN,SIDEWAYS,WHIPSAW,CONTINUED,2.75,2.50,18.50,35.00,5.00,0.75,51.25,5.50,-14.75,-24.50,29.00,16.25,0.045,False,-1
2024-06-05,Wednesday,BEAR,18848.75,18852.5,18823,18825.25,29.50,0.144,WHIPSAW,WHIPSAW,WHIPSAW,CONTINUED,-10.50,-15.50,-2.50,7.75,-16.50,-27.50,11.75,19.25,147.25,135.00,23.25,10.00,0.081,False,1
2024-06-06,Thursday,BEAR,19103,19105,19087,19092.25,18.00,0.087,WHIPSAW,SIDEWAYS,WHIPSAW,REVERSED,-8.25,-17.50,-9.25,-8.00,6.00,45.00,7.00,21.00,25.50,14.75,9.50,-2.00,0.165,False,1
2024-06-07,Friday,BEAR,19040.75,19040.75,19005,19012.25,35.75,0.174,WHIPSAW,WHIPSAW,WHIPSAW,NO FOLLOW-THROUGH,-6.75,1.75,-1.75,-3.75,-13.25,-22.00,20.00,12.50,-25.00,-27.25,57.75,19.25,0.803,True,-1
2024-06-10,Monday,DOJI,18988.5,18996,18980.75,18989,15.25,0.074,STRAIGHT UP,WHIPSAW,SIDEWAYS,DOJI,0.25,16.75,15.25,33.75,18.25,4.50,33.75,11.50,-52.50,-37.00,-4.00,1.75,0.030,False,1
2024-06-11,Tuesday,BULL,19058,19066.25,19053.25,19061.25,13.00,0.063,WHIPSAW,WHIPSAW,WHIPSAW,CONTINUED,-12.75,-0.75,13.75,12.50,-2.75,-18.00,26.25,15.25,-54.75,-48.50,0.50,0.75,0.052,False,1
2024-06-12,Wednesday,BEAR,19402,19406,19374.5,19380.25,31.50,0.146,STRAIGHT UP,STRAIGHT UP,STRAIGHT UP,REVERSED,-24.25,-37.75,-48.25,-46.25,-104.00,-109.00,0.75,57.50,159.50,152.25,-20.00,-12.00,0.869,False,1
2024-06-13,Thursday,DOJI,19636.75,19642.75,19627,19635,15.75,0.072,WHIPSAW,WHIPSAW,WHIPSAW,DOJI,3.00,7.00,4.00,-12.25,8.00,11.50,13.00,16.75,145.00,32.75,7.00,4.25,0.364,False,1
2024-06-14,Friday,DOJI,19577.75,19583,19573,19577.75,10.00,0.049,WHIPSAW,WHIPSAW,WHIPSAW,DOJI,4.25,-16.75,-5.00,0.00,30.50,35.75,6.25,20.75,-14.50,-25.00,16.25,15.00,0.108,False,-1
2024-06-17,Monday,DOJI,19693.75,19703.25,19688.25,19695.75,15.00,0.075,WHIPSAW,WHIPSAW,SIDEWAYS,DOJI,3.75,-5.75,-17.25,-23.50,-15.25,-13.25,14.00,31.75,6.25,-2.75,0.25,7.00,0.060,False,1
2024-06-18,Tuesday,BEAR,19916.75,19921,19906.75,19914,14.25,0.065,STRAIGHT UP,SIDEWAYS,WHIPSAW,REVERSED,-16.75,-22.50,-12.50,-24.50,0.00,10.00,7.25,29.00,-8.75,0.50,-18.50,-7.25,0.313,False,1
2024-06-20,Thursday,BULL,19970.75,19979,19966,19976.5,13.00,0.060,STRAIGHT DOWN,WHIPSAW,DOWN (CHOPPY),REVERSED,-30.50,-31.50,-35.50,-35.50,7.75,-21.50,1.75,51.25,47.50,19.25,-20.25,-0.75,0.158,False,1
2024-06-24,Monday,BEAR,19922,19925.5,19909,19917.75,16.50,0.074,STRAIGHT UP,WHIPSAW,WHIPSAW,REVERSED,-8.00,-16.75,-32.75,-22.75,8.50,-40.00,6.25,47.50,154.50,-88.00,-10.75,-3.75,0.064,False,-1
2024-06-25,Tuesday,DOJI,19830.25,19833.5,19813,19832.5,20.50,0.096,STRAIGHT DOWN,SIDEWAYS,WHIPSAW,DOJI,-9.50,-5.50,-14.50,-20.50,4.25,17.00,7.00,21.25,84.50,71.75,-1.00,-13.50,0.107,False,-1
2024-06-26,Wednesday,BEAR,19929,19937,19921.25,19925,15.75,0.078,WHIPSAW,STRAIGHT UP,STRAIGHT UP,NO FOLLOW-THROUGH,-13.00,-23.00,-8.00,-4.25,-33.00,-39.75,6.50,26.50,-38.00,-43.25,-6.25,14.25,0.058,False,1
2024-06-27,Thursday,BULL,19990.5,20016,19989.75,20015.75,26.25,0.132,STRAIGHT UP,STRAIGHT UP,STRAIGHT UP,CONTINUED,2.00,9.75,31.00,46.25,71.50,54.00,46.50,6.75,-14.25,39.50,-13.75,-2.50,0.218,False,1
2024-06-28,Friday,BEAR,20070.25,20075,20047.5,20048.5,27.50,0.145,WHIPSAW,STRAIGHT UP,STRAIGHT UP,REVERSED,-1.00,-4.75,0.50,-10.25,-62.25,-120.50,9.50,16.25,22.50,4.50,-10.75,4.25,0.281,False,1
2024-07-01,Monday,DOJI,19971,19971.5,19945,19967.5,26.50,0.127,WHIPSAW,STRAIGHT DOWN,STRAIGHT DOWN,DOJI,9.00,-21.25,-21.50,-15.25,-56.00,-54.00,18.25,39.50,38.50,0.00,-8.00,7.00,0.050,False,-1
2024-07-02,Tuesday,BULL,19982,19992,19976.5,19986.5,15.50,0.072,STRAIGHT UP,STRAIGHT UP,STRAIGHT UP,CONTINUED,20.25,32.25,39.00,27.25,93.25,74.50,51.00,4.00,-67.50,-65.75,36.00,-3.00,0.040,False,1
2024-07-05,Friday,BULL,20441.5,20461.75,20440,20455.75,21.75,0.096,WHIPSAW,SIDEWAYS,STRAIGHT UP,NO FOLLOW-THROUGH,11.25,6.75,-5.50,0.75,-10.25,73.25,21.75,10.00,185.25,60.00,15.50,7.25,0.506,True,1
2024-07-08,Monday,BEAR,20632.25,20637,20618.25,20628.25,18.75,0.084,WHIPSAW,WHIPSAW,WHIPSAW,CONTINUED,7.25,-11.75,-8.00,21.00,6.50,20.50,24.50,16.75,10.25,41.50,3.75,-6.75,0.035,False,1
2024-07-09,Tuesday,BULL,20723,20732.5,20721,20729.25,11.50,0.054,WHIPSAW,UP (CHOPPY),SIDEWAYS,CONTINUED,-6.75,17.25,14.25,12.25,13.50,16.25,35.25,7.00,56.00,42.50,1.50,-2.75,0.028,False,1
2024-07-10,Wednesday,DOJI,20758,20766,20750.5,20758,15.50,0.072,STRAIGHT DOWN,SIDEWAYS,WHIPSAW,DOJI,-5.50,-9.25,-16.25,-22.75,3.25,2.50,10.25,31.50,78.50,70.50,4.00,-2.75,0.047,False,-1
2024-07-11,Thursday,BEAR,20894.75,20902.25,20878.75,20882.75,23.50,0.107,WHIPSAW,WHIPSAW,STRAIGHT DOWN,NO FOLLOW-THROUGH,-3.00,13.00,-1.25,-0.50,-7.75,30.75,14.50,11.75,0.75,-0.25,2.50,-23.00,0.471,False,1
2024-07-12,Friday,BULL,20444.25,20460.25,20429.25,20459.25,31.00,0.134,WHIPSAW,WHIPSAW,STRAIGHT UP,REVERSED,-4.25,-18.50,-5.50,-17.50,-6.75,110.25,11.75,34.00,14.75,13.75,5.00,11.75,0.487,False,-1
2024-07-15,Monday,BULL,20610,20623.25,20606.5,20620,16.75,0.068,WHIPSAW,WHIPSAW,WHIPSAW,NO FOLLOW-THROUGH,1.00,-9.00,14.50,-6.25,-20.75,18.00,20.25,19.50,69.75,31.00,7.50,-6.25,0.065,False,1
2024-07-16,Tuesday,BEAR,20649.25,20656.5,20633.75,20637.75,22.75,0.092,UP (CHOPPY),SIDEWAYS,WHIPSAW,REVERSED,-4.50,-8.50,-8.25,-9.75,7.00,63.00,6.50,34.00,55.75,23.75,10.75,9.75,0.247,False,-1
2024-07-17,Wednesday,BEAR,20260.25,20261,20240.25,20253,20.75,0.085,WHIPSAW,WHIPSAW,STRAIGHT DOWN,REVERSED,-11.25,4.75,1.50,-23.00,39.00,72.50,21.75,23.50,-339.50,-332.00,-20.25,-27.00,0.070,False,-1
2024-07-18,Thursday,BEAR,20141,20149.25,20118.75,20124.75,30.50,0.121,WHIPSAW,STRAIGHT DOWN,STRAIGHT DOWN,CONTINUED,14.00,15.00,10.25,10.00,88.50,62.75,31.50,10.00,148.50,116.50,-4.50,4.00,0.109,False,-1
2024-07-22,Monday,BEAR,19955,19959.5,19910,19910,49.50,0.175,WHIPSAW,STRAIGHT UP,WHIPSAW,NO FOLLOW-THROUGH,9.00,12.00,24.25,-0.75,-66.00,-45.00,27.75,13.00,242.50,207.25,42.25,2.25,0.042,False,-1
2024-07-23,Tuesday,DOJI,19957.75,19974.5,19955.75,19958.25,18.75,0.069,WHIPSAW,STRAIGHT UP,STRAIGHT UP,DOJI,-18.00,-17.00,5.75,22.25,51.75,55.25,23.50,25.00,-40.25,-24.50,-11.75,-13.00,0.103,False,1
2024-07-24,Wednesday,BEAR,19638.75,19650,19625.5,19631.75,24.50,0.092,STRAIGHT DOWN,STRAIGHT DOWN,STRAIGHT DOWN,CONTINUED,-13.75,2.50,18.50,60.00,84.75,130.25,62.25,23.25,-285.75,-247.50,6.00,8.50,0.067,False,-1
2024-07-25,Thursday,BEAR,19217.25,19226.5,19197.5,19198.75,29.00,0.103,STRAIGHT DOWN,STRAIGHT DOWN,STRAIGHT DOWN,CONTINUED,8.50,29.00,49.25,72.00,57.50,190.00,74.75,19.75,12.50,-39.75,-15.25,-23.50,0.343,False,-1
2024-07-26,Friday,BEAR,19163.75,19166,19119.75,19134,46.25,0.153,WHIPSAW,WHIPSAW,WHIPSAW,CONTINUED,8.00,-13.25,21.75,12.50,-1.00,-30.50,45.00,21.00,172.25,163.25,-15.00,-3.50,0.186,False,-1
2024-07-29,Monday,BEAR,19285.25,19293.25,19255,19256.25,38.25,0.122,WHIPSAW,STRAIGHT UP,STRAIGHT UP,REVERSED,24.00,-5.50,-8.25,-16.50,-101.75,-119.50,33.75,30.50,108.25,112.25,-24.50,1.00,0.111,False,1
2024-07-30,Tuesday,BEAR,19287.25,19294,19255.25,19258,38.75,0.120,STRAIGHT UP,WHIPSAW,WHIPSAW,REVERSED,-26.25,-32.00,-22.50,-36.75,21.75,43.00,0.00,41.00,78.50,67.50,19.50,11.00,0.045,False,-1
2024-07-31,Wednesday,BEAR,19372.5,19390.5,19355,19362.75,35.50,0.103,STRAIGHT DOWN,WHIPSAW,WHIPSAW,CONTINUED,18.25,27.25,20.75,24.00,10.25,-33.75,52.25,4.50,433.25,502.25,25.00,18.50,0.172,False,-1
2024-08-01,Thursday,BULL,19525.25,19540.75,19514.25,19531.25,26.50,0.082,WHIPSAW,STRAIGHT UP,STRAIGHT UP,CONTINUED,13.50,11.75,19.25,13.75,94.75,95.50,31.00,18.75,28.00,-62.00,-70.75,-0.75,0.192,False,1
2024-08-02,Friday,BEAR,18651,18654.5,18611.25,18635.5,43.25,0.120,STRAIGHT DOWN,WHIPSAW,WHIPSAW,CONTINUED,15.00,23.00,72.75,77.75,-66.75,50.25,93.75,6.25,-377.00,-309.75,67.00,3.50,0.574,True,-1
2024-08-05,Monday,DOJI,17562.5,17591,17509.25,17557.5,81.75,0.223,STRAIGHT UP,STRAIGHT UP,STRAIGHT UP,DOJI,71.25,46.25,123.50,124.50,304.00,489.00,151.75,1.00,-1000.00,-827.50,28.75,-105.25,0.220,False,-1
2024-08-06,Tuesday,BULL,18079,18120.5,18066,18119.75,54.50,0.134,WHIPSAW,STRAIGHT DOWN,WHIPSAW,NO FOLLOW-THROUGH,-11.25,40.00,34.50,-11.25,-139.00,-5.25,54.00,26.75,53.75,-85.50,-4.50,-3.25,0.191,False,1
2024-08-07,Wednesday,BULL,18453.5,18488.5,18438.75,18486.5,49.75,0.118,WHIPSAW,WHIPSAW,STRAIGHT UP,CONTINUED,17.25,-7.00,-11.00,14.25,33.50,62.00,35.50,30.25,282.00,414.25,22.25,29.00,0.082,False,1
2024-08-08,Thursday,BULL,18225.25,18244,18203,18233.5,41.00,0.094,STRAIGHT DOWN,STRAIGHT DOWN,SIDEWAYS,REVERSED,-19.00,-42.50,-38.00,-25.00,-84.00,-6.75,8.25,58.75,253.75,343.75,70.75,7.75,0.386,False,-1
2024-08-09,Friday,BULL,18451,18483.5,18450.75,18461,32.75,0.073,SIDEWAYS,SIDEWAYS,WHIPSAW,NO FOLLOW-THROUGH,22.75,35.50,14.00,5.00,-6.00,-46.25,46.50,13.50,-68.50,-101.00,26.75,21.50,0.104,False,1
2024-08-12,Monday,BULL,18641.25,18667,18636.5,18663.5,30.50,0.067,SIDEWAYS,STRAIGHT DOWN,STRAIGHT DOWN,NO FOLLOW-THROUGH,-26.00,-9.75,-11.00,-6.75,-96.00,-119.75,9.25,30.00,31.25,49.25,-19.25,-21.00,0.040,False,1
2024-08-13,Tuesday,BULL,18822,18843.75,18815.75,18843.5,28.00,0.061,SIDEWAYS,STRAIGHT UP,STRAIGHT UP,NO FOLLOW-THROUGH,13.50,9.75,23.50,8.00,36.00,54.00,47.75,12.25,176.00,178.50,7.75,-9.00,0.177,False,1
2024-08-14,Wednesday,BULL,19137,19167,19128,19162.5,39.00,0.088,STRAIGHT DOWN,STRAIGHT DOWN,STRAIGHT DOWN,REVERSED,0.50,-20.00,-43.25,-44.75,-87.75,-131.25,12.50,79.50,35.75,37.75,6.50,-8.50,0.357,False,1
2024-08-15,Thursday,BULL,19352,19367,19344,19357.5,23.00,0.054,WHIPSAW,UP (CHOPPY),STRAIGHT UP,NO FOLLOW-THROUGH,9.50,-18.50,-8.25,0.00,24.50,97.50,23.75,21.25,243.50,203.25,16.25,15.75,0.259,False,-1
2024-08-16,Friday,BEAR,19503.25,19509.25,19465.5,19466,43.75,0.102,STRAIGHT UP,SIDEWAYS,STRAIGHT UP,REVERSED,-23.00,-37.25,-45.25,-31.50,-14.50,-59.50,3.50,50.25,-84.75,-66.50,23.25,9.50,0.129,False,1
2024-08-19,Monday,BEAR,19604.75,19614.5,19593.25,19594,21.25,0.050,WHIPSAW,WHIPSAW,SIDEWAYS,NO FOLLOW-THROUGH,3.00,-3.50,-1.25,1.50,0.00,-0.75,13.00,18.50,1.00,-24.00,-17.50,-14.50,0.020,False,1
2024-08-20,Tuesday,BULL,19817.75,19836.5,19816.75,19833.25,19.75,0.048,STRAIGHT UP,STRAIGHT UP,STRAIGHT UP,CONTINUED,6.50,8.25,15.25,25.00,32.00,80.50,31.75,2.50,-41.50,-36.75,-30.75,0.50,0.038,False,1
2024-08-21,Wednesday,DOJI,19842,19847,19830.25,19843.75,16.75,0.041,SIDEWAYS,SIDEWAYS,UP (CHOPPY),DOJI,-10.25,-6.75,-16.25,-11.50,16.75,52.75,5.75,30.50,30.75,37.50,3.75,-12.00,0.043,False,-1
2024-08-22,Thursday,BULL,19998,20023.75,19988.75,20023.25,35.00,0.097,STRAIGHT DOWN,STRAIGHT DOWN,STRAIGHT DOWN,REVERSED,-23.00,-30.00,-29.00,-37.50,-40.25,-49.50,2.50,46.25,92.00,80.00,13.25,1.00,0.143,False,1
2024-08-23,Friday,BEAR,19756,19764.5,19739,19740,25.50,0.069,SIDEWAYS,SIDEWAYS,STRAIGHT UP,NO FOLLOW-THROUGH,20.50,19.25,30.00,11.00,12.50,-76.75,33.50,2.50,170.75,135.25,-0.50,-7.75,0.044,False,-1
2024-08-26,Monday,BULL,19763.25,19772.75,19752,19768.25,20.75,0.062,WHIPSAW,WHIPSAW,WHIPSAW,NO FOLLOW-THROUGH,-8.25,9.75,25.50,7.25,-27.75,-52.50,33.25,25.50,-26.50,-24.75,-11.50,-19.00,0.048,False,1
2024-08-27,Tuesday,BEAR,19523.75,19532.25,19510,19514,22.25,0.070,WHIPSAW,STRAIGHT DOWN,WHIPSAW,NO FOLLOW-THROUGH,-0.50,2.75,-19.75,3.50,64.25,-36.00,21.00,25.25,-69.75,-31.50,10.25,17.50,0.034,False,-1
2024-08-28,Wednesday,BULL,19625.75,19656.75,19621,19653.75,35.75,0.122,STRAIGHT DOWN,STRAIGHT DOWN,STRAIGHT DOWN,REVERSED,-6.00,-13.00,-8.00,-34.00,-78.25,-113.75,1.75,37.25,-25.75,-12.00,-16.50,10.00,0.037,False,1
2024-08-29,Thursday,BEAR,19497.5,19509.5,19478,19484.5,31.50,0.110,STRAIGHT UP,STRAIGHT UP,STRAIGHT UP,REVERSED,-45.00,-62.00,-81.25,-106.25,-75.50,-179.75,4.25,116.50,76.50,257.00,29.00,14.50,0.136,False,-1
2024-08-30,Friday,DOJI,19559.75,19577,19548.25,19557,28.75,0.099,STRAIGHT DOWN,WHIPSAW,WHIPSAW,DOJI,-16.75,-20.00,-31.50,-36.00,24.50,56.50,4.25,41.75,168.00,111.00,33.00,8.25,0.152,False,-1
2024-09-03,Tuesday,BEAR,19477.75,19483.25,19449.5,19453.25,33.75,0.115,STRAIGHT DOWN,STRAIGHT DOWN,STRAIGHT DOWN,CONTINUED,-8.00,22.75,29.00,58.75,60.25,113.50,63.50,13.75,-132.50,-168.50,-1.00,-26.75,0.045,False,1
2024-09-04,Wednesday,DOJI,18878,18886.5,18860.5,18879.5,26.00,0.083,WHIPSAW,STRAIGHT UP,WHIPSAW,DOJI,-12.50,9.50,26.75,31.00,88.00,-27.50,49.25,19.50,-134.00,-112.25,-31.50,-4.25,0.085,False,-1
2024-09-05,Thursday,BULL,18886.75,18912.75,18884.75,18895.5,28.00,0.089,STRAIGHT UP,STRAIGHT UP,STRAIGHT UP,CONTINUED,-4.75,19.75,36.75,54.00,118.75,198.00,60.00,9.00,-70.50,-81.50,-2.75,-10.50,0.302,False,1
2024-09-06,Friday,BULL,18929.75,18967.25,18923,18958.25,44.25,0.140,STRAIGHT DOWN,STRAIGHT DOWN,STRAIGHT DOWN,REVERSED,-19.25,-66.50,-51.75,-39.00,-95.50,-226.25,3.25,73.25,-46.00,9.50,-5.25,-16.50,0.623,True,1
2024-09-09,Monday,BEAR,18628.75,18634.25,18605,18606.75,29.25,0.086,STRAIGHT UP,STRAIGHT UP,STRAIGHT UP,REVERSED,-25.25,-32.00,-47.25,-49.25,-47.25,-71.50,1.00,58.00,170.00,229.75,24.50,27.75,0.078,False,-1
2024-09-10,Tuesday,BULL,18757.5,18777.5,18747.5,18772,30.00,0.090,WHIPSAW,WHIPSAW,WHIPSAW,NO FOLLOW-THROUGH,26.75,48.25,21.25,-2.50,-20.50,-1.50,49.75,10.00,68.50,33.75,-1.75,-18.00,0.048,False,1
2024-09-11,Wednesday,BEAR,18902.25,18905,18851.75,18860.75,53.25,0.156,WHIPSAW,WHIPSAW,STRAIGHT DOWN,CONTINUED,-30.25,-22.50,-33.50,29.50,30.75,106.50,35.50,45.75,47.00,60.25,41.50,-20.50,0.408,False,1
2024-09-12,Thursday,BEAR,19259.5,19268.75,19231.25,19236,37.50,0.099,WHIPSAW,WHIPSAW,WHIPSAW,REVERSED,22.75,-1.50,-33.75,-20.75,-36.00,-19.50,26.00,45.25,4.75,13.00,0.25,1.75,0.178,False,1
2024-09-13,Friday,BULL,19409.25,19425.5,19396,19419.5,29.50,0.081,WHIPSAW,STRAIGHT UP,STRAIGHT UP,CONTINUED,-10.25,1.25,17.00,25.75,58.00,40.00,34.00,15.75,-42.25,-1.00,-39.00,-15.75,0.035,False,1
2024-09-16,Monday,BEAR,19434.75,19441,19403.75,19406.25,37.25,0.105,STRAIGHT DOWN,WHIPSAW,WHIPSAW,CONTINUED,-4.00,16.25,54.00,71.25,26.50,-44.25,79.50,20.25,-92.75,-63.25,-1.75,7.50,0.057,False,1
2024-09-17,Tuesday,BULL,19561.25,19581,19549,19574,32.00,0.092,STRAIGHT DOWN,WHIPSAW,STRAIGHT DOWN,REVERSED,4.50,6.00,-14.00,-40.50,-18.50,-59.50,19.75,45.00,123.25,134.00,-0.75,5.25,0.167,False,1
2024-09-18,Wednesday,BEAR,19494,19498.25,19475.75,19488.75,22.50,0.065,STRAIGHT DOWN,STRAIGHT DOWN,SIDEWAYS,CONTINUED,13.00,8.00,12.50,36.75,26.00,17.50,38.75,4.50,50.25,54.25,3.50,-0.25,0.037,False,-1
2024-09-19,Thursday,BEAR,19815.75,19822.25,19796.5,19798.25,25.75,0.075,WHIPSAW,WHIPSAW,WHIPSAW,CONTINUED,-4.00,1.50,-0.50,15.75,-15.00,25.00,23.75,13.50,465.25,411.50,50.00,15.25,0.058,False,-1
2024-09-23,Monday,DOJI,20076.5,20081.75,20064,20078,17.75,0.053,STRAIGHT DOWN,SIDEWAYS,WHIPSAW,DOJI,-3.25,-36.25,-16.00,-42.50,-14.00,-6.25,8.50,46.25,232.00,37.75,-10.75,9.00,0.016,False,1
2024-09-24,Tuesday,BULL,20135,20154,20132,20142.5,22.00,0.068,STRAIGHT DOWN,STRAIGHT DOWN,STRAIGHT DOWN,REVERSED,-20.00,-24.75,-31.25,-30.25,-29.75,-103.75,1.75,42.75,58.50,69.50,21.50,-3.75,0.058,False,0
2024-09-25,Wednesday,BULL,20140.75,20166.25,20138.25,20160.75,28.00,0.092,STRAIGHT UP,WHIPSAW,STRAIGHT UP,CONTINUED,8.50,3.50,27.75,36.25,24.00,71.25,38.25,4.00,-28.50,-43.50,-8.25,-0.25,0.029,False,1
2024-09-26,Thursday,BEAR,20503.75,20518,20477,20480.5,41.00,0.140,STRAIGHT DOWN,STRAIGHT DOWN,STRAIGHT DOWN,CONTINUED,8.00,22.00,14.75,53.75,34.00,62.25,53.75,7.50,309.00,262.25,-13.00,-19.00,0.159,False,1
2024-09-27,Friday,BEAR,20377.25,20383,20346.25,20354.75,36.75,0.124,WHIPSAW,DOWN (CHOPPY),SIDEWAYS,CONTINUED,5.00,1.00,-12.75,14.75,17.00,16.25,20.50,14.50,35.75,33.00,0.50,-0.75,0.160,False,-1
2024-09-30,Monday,BEAR,20179,20187.75,20170.75,20175,17.00,0.063,STRAIGHT UP,STRAIGHT UP,STRAIGHT UP,REVERSED,-44.50,-47.00,-53.50,-49.50,-63.75,-28.50,6.50,62.50,-44.00,-19.00,8.50,7.25,0.041,False,-1
2024-10-01,Tuesday,BULL,20252,20266.25,20248,20255,18.25,0.067,STRAIGHT DOWN,STRAIGHT DOWN,STRAIGHT DOWN,REVERSED,-7.00,-55.00,-73.75,-102.50,-177.00,-208.50,6.50,111.00,-18.75,20.00,-23.75,-0.50,0.060,False,1
2024-10-02,Wednesday,BEAR,19943.25,19945.25,19920.75,19921.75,24.50,0.087,WHIPSAW,WHIPSAW,WHIPSAW,NO FOLLOW-THROUGH,-19.25,-37.50,-28.50,8.25,75.00,-5.25,14.75,45.25,-36.00,-29.25,-38.00,7.75,0.083,False,-1
2024-10-03,Thursday,BULL,19912.25,19930.75,19906,19921.75,24.75,0.100,WHIPSAW,STRAIGHT UP,STRAIGHT UP,CONTINUED,4.75,18.75,38.50,54.25,69.25,132.25,60.75,27.25,-95.25,-144.00,-9.25,-10.25,0.149,False,1
2024-10-04,Friday,BEAR,20227.5,20239.75,20214,20221.75,25.75,0.106,SIDEWAYS,WHIPSAW,STRAIGHT DOWN,NO FOLLOW-THROUGH,8.00,17.75,31.00,-2.50,-1.00,142.75,35.50,4.00,239.25,256.00,-17.50,2.75,0.421,True,1
2024-10-07,Monday,DOJI,20137.25,20160.75,20135.25,20139.5,25.50,0.103,WHIPSAW,WHIPSAW,WHIPSAW,DOJI,10.25,-14.25,2.75,7.25,-25.75,-15.75,15.00,24.25,-89.25,-82.00,12.00,1.75,0.041,False,-1
2024-10-08,Tuesday,BEAR,20103.5,20106.5,20081.75,20084.5,24.75,0.098,WHIPSAW,WHIPSAW,STRAIGHT UP,REVERSED,2.00,-1.50,7.50,-9.25,-0.50,-107.25,15.00,17.75,103.75,71.50,39.00,16.50,0.041,False,-1
2024-10-09,Wednesday,DOJI,20282.75,20290,20279.25,20284.25,10.75,0.043,STRAIGHT DOWN,STRAIGHT DOWN,SIDEWAYS,DOJI,-17.50,-27.75,-19.00,-33.25,-44.50,-11.75,1.50,41.50,-17.25,-15.75,10.75,-16.75,0.023,False,1
2024-10-10,Thursday,BEAR,20359.25,20365.75,20345,20348,20.75,0.085,STRAIGHT UP,STRAIGHT UP,WHIPSAW,REVERSED,-32.25,-33.75,-32.25,-30.25,-25.00,-32.00,8.00,42.00,-101.75,-88.75,-2.00,-2.75,0.468,False,1
2024-10-11,Friday,BEAR,20341,20344.5,20321.25,20325.25,23.25,0.096,WHIPSAW,UP (CHOPPY),SIDEWAYS,NO FOLLOW-THROUGH,-9.00,-11.75,-16.00,1.00,-23.75,-19.25,10.25,22.25,-88.50,-101.00,-28.25,-24.00,0.211,False,1
2024-10-14,Monday,BULL,20550.75,20561,20540.75,20554.25,20.25,0.082,STRAIGHT UP,STRAIGHT UP,STRAIGHT UP,CONTINUED,2.75,14.50,16.00,40.00,53.75,113.25,50.50,3.25,101.75,116.75,11.25,-9.00,0.017,False,1
2024-10-15,Tuesday,BEAR,20631.5,20636.75,20605.75,20620,31.00,0.129,STRAIGHT UP,SIDEWAYS,SIDEWAYS,REVERSED,-6.75,-12.50,-7.00,-25.50,-11.50,-8.75,5.00,39.25,10.25,-6.25,7.00,-16.50,0.052,False,1
2024-10-16,Wednesday,BEAR,20353.25,20357.5,20340.5,20343.5,17.00,0.065,STRAIGHT DOWN,STRAIGHT DOWN,STRAIGHT DOWN,CONTINUED,39.00,31.75,17.50,53.75,101.00,123.75,58.25,1.25,8.50,13.50,2.25,-10.25,0.041,False,-1
2024-10-17,Thursday,BEAR,20573.25,20576,20543.75,20548,32.25,0.130,STRAIGHT DOWN,STRAIGHT DOWN,STRAIGHT DOWN,CONTINUED,7.75,17.00,39.75,106.25,91.00,113.00,115.75,11.00,226.25,241.25,13.50,-5.50,0.155,False,-1
2024-10-18,Friday,BEAR,20466,20468.25,20438.5,20452,29.75,0.119,WHIPSAW,STRAIGHT UP,STRAIGHT UP,NO FOLLOW-THROUGH,15.50,-1.75,1.50,3.00,-39.00,-38.75,19.00,16.00,102.25,80.75,-12.25,-32.25,0.054,False,-1
2024-10-21,Monday,BULL,20427.75,20456.75,20427,20454.5,29.75,0.124,WHIPSAW,WHIPSAW,WHIPSAW,NO FOLLOW-THROUGH,-15.00,-13.75,-10.25,0.50,23.25,36.75,8.50,31.50,-54.75,-67.50,27.25,6.50,0.056,False,1
2024-10-22,Tuesday,BEAR,20402.25,20418,20383.5,20386.5,34.50,0.155,WHIPSAW,STRAIGHT UP,STRAIGHT UP,REVERSED,5.00,-3.00,-24.25,-27.75,-82.50,-72.75,17.75,36.50,-118.25,-136.75,8.00,5.75,0.142,False,1
2024-10-23,Wednesday,BULL,20434.75,20462.75,20433.75,20447,29.00,0.131,STRAIGHT DOWN,STRAIGHT DOWN,STRAIGHT DOWN,REVERSED,-12.75,-23.25,-30.00,-14.00,-29.25,-28.25,5.75,40.00,-105.50,-88.00,-20.00,6.75,0.106,False,1
2024-10-24,Thursday,BEAR,20372.75,20376.75,20339.25,20340.25,37.50,0.162,WHIPSAW,WHIPSAW,WHIPSAW,NO FOLLOW-THROUGH,24.50,18.75,6.25,-1.50,10.75,4.25,28.25,16.75,153.75,73.25,-10.50,-18.50,0.141,False,-1
2024-10-25,Friday,BULL,20491,20528.25,20490,20519.25,38.25,0.169,STRAIGHT UP,STRAIGHT UP,STRAIGHT UP,CONTINUED,3.00,17.00,16.50,39.25,73.00,146.50,54.50,4.00,110.75,106.25,-0.75,-13.00,0.040,False,1
2024-10-28,Monday,BEAR,20625.5,20627,20582.25,20584.5,44.75,0.198,WHIPSAW,WHIPSAW,WHIPSAW,NO FOLLOW-THROUGH,19.50,-5.25,-3.00,-6.25,13.50,15.50,20.25,19.50,130.75,101.25,-34.25,-5.50,0.127,False,1
2024-10-29,Tuesday,BEAR,20511,20526.75,20490.75,20493.5,36.00,0.165,STRAIGHT DOWN,WHIPSAW,WHIPSAW,CONTINUED,14.00,38.50,48.25,37.50,-16.25,-15.50,61.50,8.75,11.00,2.75,21.75,19.00,0.059,False,-1
2024-10-30,Wednesday,BEAR,20661.75,20663.75,20632,20635.75,31.75,0.142,WHIPSAW,STRAIGHT DOWN,WHIPSAW,NO FOLLOW-THROUGH,-27.50,-19.50,-5.75,-1.50,77.00,-4.75,21.25,33.75,-33.50,-63.75,-27.00,9.00,0.072,False,1
2024-10-31,Thursday,BEAR,20365.5,20369,20330,20334,39.00,0.176,STRAIGHT DOWN,STRAIGHT DOWN,STRAIGHT DOWN,CONTINUED,33.00,51.00,75.00,46.25,93.50,180.25,81.50,8.00,-169.25,-120.00,-15.75,-23.00,0.261,False,-1
2024-11-01,Friday,BULL,20068.5,20082,20057.25,20079.75,24.75,0.106,STRAIGHT UP,STRAIGHT UP,STRAIGHT UP,CONTINUED,14.25,14.50,14.25,11.75,62.00,83.00,38.75,0.75,53.75,3.50,-45.00,-19.75,0.278,True,-1
2024-11-04,Monday,BULL,20120.25,20142,20116.75,20125.75,25.25,0.105,STRAIGHT DOWN,SIDEWAYS,WHIPSAW,REVERSED,-28.00,-35.75,-50.00,-83.00,-0.25,2.25,11.00,85.00,-26.25,-21.25,-26.50,6.50,0.077,False,1
2024-11-05,Tuesday,BULL,20152.25,20189.75,20147,20179.5,42.75,0.189,STRAIGHT UP,STRAIGHT UP,STRAIGHT UP,CONTINUED,25.00,10.50,20.75,23.75,46.75,123.50,38.50,5.50,66.75,24.25,26.00,6.75,0.055,False,-1
2024-11-06,Wednesday,BEAR,20684.75,20702,20668.25,20678.75,33.75,0.147,STRAIGHT UP,STRAIGHT UP,WHIPSAW,REVERSED,-11.50,-16.75,-63.25,-62.25,-65.00,-21.50,4.75,77.00,343.00,320.00,-1.50,30.25,0.119,False,1
2024-11-07,Thursday,BULL,21006.25,21032.25,21003.75,21030,28.50,0.121,WHIPSAW,STRAIGHT UP,STRAIGHT UP,NO FOLLOW-THROUGH,-2.75,9.75,13.75,4.00,39.25,76.50,19.75,19.25,111.50,82.25,20.50,1.50,0.098,False,1
2024-11-08,Friday,BULL,21186.25,21216.25,21186.25,21216,30.00,0.122,WHIPSAW,WHIPSAW,SIDEWAYS,NO FOLLOW-THROUGH,-15.25,3.25,9.75,3.00,-26.75,1.00,16.00,19.00,-35.75,-38.75,24.00,8.25,0.067,False,1
2024-11-11,Monday,BEAR,21282.75,21292.5,21272.5,21274.75,20.00,0.084,WHIPSAW,STRAIGHT DOWN,STRAIGHT DOWN,NO FOLLOW-THROUGH,-9.75,14.00,-9.50,2.75,80.50,103.25,14.50,17.75,49.25,40.25,-18.50,-10.50,0.032,False,1
2024-11-12,Tuesday,BEAR,21214.5,21221.75,21198,21204.5,23.75,0.101,WHIPSAW,WHIPSAW,WHIPSAW,REVERSED,10.00,22.50,6.00,-24.75,-7.25,-36.25,23.00,26.50,-5.75,-3.75,-7.50,11.50,0.064,False,-1
2024-11-13,Wednesday,BULL,21158.5,21179.25,21151.25,21176.75,28.00,0.126,STRAIGHT DOWN,DOWN (CHOPPY),STRAIGHT DOWN,REVERSED,-16.75,-6.75,-4.00,-11.00,-14.25,-65.50,1.75,26.50,-26.75,-22.00,-15.25,-29.50,0.409,False,-1
2024-11-14,Thursday,BULL,21137.5,21172,21137.5,21161,34.50,0.152,WHIPSAW,STRAIGHT DOWN,STRAIGHT DOWN,NO FOLLOW-THROUGH,-14.75,-16.75,-18.75,-0.25,-75.75,-75.00,7.75,24.00,-20.25,-28.75,3.25,10.00,0.202,False,-1
2024-11-15,Friday,DOJI,20758.5,20774,20753.25,20759,20.75,0.093,STRAIGHT DOWN,STRAIGHT DOWN,STRAIGHT DOWN,DOJI,-6.25,-4.00,-8.50,-43.50,-54.25,-68.75,9.00,45.00,-250.25,-221.00,-52.75,-8.25,0.233,False,-1
2024-11-18,Monday,BEAR,20557.25,20559.5,20533.25,20536.5,26.25,0.110,SIDEWAYS,WHIPSAW,WHIPSAW,NO FOLLOW-THROUGH,2.75,7.25,10.50,1.00,2.50,-0.25,16.25,5.50,65.25,52.50,2.25,-20.75,0.111,False,-1
2024-11-19,Tuesday,BULL,20521.75,20539.5,20513.5,20533.5,26.00,0.112,WHIPSAW,WHIPSAW,WHIPSAW,NO FOLLOW-THROUGH,24.50,-8.50,-14.25,4.75,40.75,-7.00,24.50,25.50,-109.25,-112.75,99.25,18.75,0.107,False,1
2024-11-20,Wednesday,BEAR,20753,20756,20726.75,20737.25,29.25,0.122,STRAIGHT DOWN,STRAIGHT DOWN,STRAIGHT DOWN,CONTINUED,-9.25,3.25,21.75,32.25,91.75,102.50,32.25,15.25,-12.25,-13.00,-40.00,9.25,0.056,False,1
2024-11-21,Thursday,BEAR,20875.25,20877,20847,20860,30.00,0.128,STRAIGHT DOWN,STRAIGHT DOWN,STRAIGHT DOWN,CONTINUED,-43.00,3.50,23.00,102.00,160.75,216.50,105.00,47.00,122.50,136.25,31.25,-6.00,0.169,False,-1
2024-11-22,Friday,DOJI,20790,20821,20781.5,20790.25,39.50,0.160,STRAIGHT UP,STRAIGHT UP,STRAIGHT UP,DOJI,-8.50,21.00,25.75,40.75,62.50,38.25,43.00,17.00,-33.75,-14.00,5.25,12.00,0.099,False,-1
2024-11-25,Monday,BEAR,21016.5,21022.25,20975.5,20977.75,46.75,0.193,WHIPSAW,STRAIGHT UP,WHIPSAW,REVERSED,12.00,-11.00,-23.00,-19.25,-93.50,57.25,21.50,50.00,168.75,107.25,17.00,-21.50,0.047,False,1
2024-11-26,Tuesday,BULL,20938.75,20963,20938.5,20946,24.50,0.099,STRAIGHT UP,STRAIGHT UP,SIDEWAYS,CONTINUED,28.75,35.00,33.00,38.50,60.00,9.25,51.75,1.50,60.50,27.75,-5.50,-7.00,0.064,False,-1
2024-11-27,Wednesday,BEAR,20936.25,20939.75,20891.75,20892.5,48.00,0.204,SIDEWAYS,STRAIGHT DOWN,STRAIGHT DOWN,NO FOLLOW-THROUGH,9.00,7.25,-4.00,6.50,17.00,46.75,30.25,4.25,-54.00,-61.25,-16.75,-8.00,0.083,False,1
2024-12-02,Monday,BULL,21042.75,21063.25,21026.5,21062,36.75,0.155,STRAIGHT UP,STRAIGHT UP,STRAIGHT UP,CONTINUED,23.75,35.25,51.00,59.75,68.00,114.50,67.25,5.00,226.25,48.50,16.25,6.75,0.035,False,-1
2024-12-03,Tuesday,BEAR,21158,21166.5,21138.5,21143,28.00,0.114,STRAIGHT UP,STRAIGHT UP,STRAIGHT UP,REVERSED,-5.50,-17.00,-18.50,-43.00,-59.25,-66.75,8.25,46.75,-59.00,-57.50,-38.50,-2.25,0.039,False,1
2024-12-04,Wednesday,BULL,21418,21432.75,21407.5,21425.5,25.25,0.104,WHIPSAW,DOWN (CHOPPY),DOWN (CHOPPY),REVERSED,-24.75,-9.75,3.25,-11.25,-17.75,-27.75,11.50,27.00,139.50,96.75,-30.50,-14.00,0.072,False,1
2024-12-05,Thursday,BEAR,21535.25,21539.75,21522.5,21523.75,17.25,0.072,STRAIGHT UP,STRAIGHT UP,WHIPSAW,REVERSED,-18.25,-11.50,-13.00,-23.75,-13.50,11.00,5.25,28.25,-2.25,24.50,9.25,9.25,0.058,False,1
2024-12-06,Friday,DOJI,21491.5,21508.75,21485,21494.75,23.75,0.102,STRAIGHT UP,STRAIGHT UP,STRAIGHT UP,DOJI,18.50,23.75,27.25,37.00,71.00,116.50,39.25,2.75,16.00,42.50,0.50,-12.00,0.364,True,-1
2024-12-09,Monday,BEAR,21615,21620.75,21582.75,21592,38.00,0.164,UP (CHOPPY),STRAIGHT UP,STRAIGHT UP,REVERSED,-37.25,-37.75,-12.75,-7.75,-43.25,-36.50,4.50,50.25,-44.00,-34.25,-5.25,-10.75,0.049,False,1
2024-12-10,Tuesday,BEAR,21532.75,21533.5,21516,21516.75,17.50,0.079,WHIPSAW,STRAIGHT UP,STRAIGHT UP,REVERSED,7.75,-1.25,-0.25,-7.25,-69.50,-32.25,11.50,15.25,46.50,52.50,31.00,4.50,0.050,False,-1
2024-12-11,Wednesday,BEAR,21590,21592.25,21573,21576,19.25,0.086,STRAIGHT UP,STRAIGHT UP,STRAIGHT UP,REVERSED,-12.75,-8.50,-23.75,-43.25,-77.75,-122.00,3.00,43.25,181.00,152.25,61.00,10.25,0.300,False,-1
2024-12-12,Thursday,BEAR,21693.75,21696.5,21673.25,21676.75,23.25,0.106,WHIPSAW,WHIPSAW,SIDEWAYS,CONTINUED,5.50,9.75,13.00,13.75,0.25,1.75,21.00,9.75,-97.25,-62.75,10.00,9.75,0.264,False,1
2024-12-13,Friday,BULL,21795,21814.25,21790.25,21806.75,24.00,0.115,WHIPSAW,STRAIGHT UP,STRAIGHT UP,NO FOLLOW-THROUGH,4.00,-0.25,7.50,5.50,94.25,70.75,13.25,10.75,151.00,95.00,-25.75,7.25,0.034,False,-1
2024-12-16,Monday,BULL,21899.5,21923.25,21896,21920.5,27.25,0.138,WHIPSAW,WHIPSAW,STRAIGHT UP,NO FOLLOW-THROUGH,-14.00,4.75,-9.50,-5.75,0.00,62.25,15.00,22.00,102.00,114.00,-11.75,9.75,0.080,False,1
2024-12-17,Tuesday,BEAR,22032.75,22035.5,22010.75,22013.25,24.75,0.121,WHIPSAW,WHIPSAW,WHIPSAW,CONTINUED,10.00,-8.50,20.25,11.50,-32.75,24.50,37.50,12.25,-78.75,-80.50,-16.00,-11.75,0.261,False,1
2024-12-18,Wednesday,BULL,21980.75,22002.5,21977.25,21984.75,25.25,0.131,STRAIGHT DOWN,STRAIGHT DOWN,WHIPSAW,REVERSED,-39.50,-29.75,-28.50,-65.50,-18.75,3.50,0.25,71.50,-32.25,-39.00,-8.50,-2.25,0.097,False,-1
2024-12-19,Thursday,DOJI,21401.5,21401.5,21368.75,21398.5,32.75,0.132,WHIPSAW,STRAIGHT DOWN,STRAIGHT DOWN,DOJI,11.25,-23.75,14.00,-11.75,-77.75,-74.50,25.50,24.25,186.25,203.75,52.50,21.25,0.151,False,-1
2024-12-23,Monday,BULL,21619.75,21654.75,21609,21654.25,45.75,0.181,WHIPSAW,WHIPSAW,WHIPSAW,NO FOLLOW-THROUGH,-15.25,-0.75,5.75,6.25,-28.50,-42.00,19.00,36.75,507.25,53.00,46.50,34.00,0.182,False,-1
2024-12-26,Thursday,BULL,21961,21986,21959,21978.5,27.00,0.105,WHIPSAW,WHIPSAW,WHIPSAW,REVERSED,-3.25,-1.00,-6.25,-8.00,5.75,-12.25,12.50,23.25,205.25,-89.25,10.00,8.50,0.138,False,1
2024-12-27,Friday,BULL,21845.75,21863,21838,21851.25,25.00,0.096,STRAIGHT DOWN,STRAIGHT DOWN,STRAIGHT DOWN,REVERSED,-30.50,-36.50,-41.75,-85.25,-145.75,-196.25,8.25,86.00,-161.25,-138.25,-48.25,-16.50,0.067,False,1
2024-12-30,Monday,BEAR,21408.5,21417,21383.5,21396.5,33.50,0.122,STRAIGHT DOWN,STRAIGHT DOWN,STRAIGHT DOWN,CONTINUED,4.50,10.25,41.25,34.75,76.50,130.75,66.25,8.50,-294.50,-301.75,31.00,20.75,0.098,False,-1
2024-12-31,Tuesday,BULL,21456,21477,21447.5,21475,29.50,0.102,WHIPSAW,STRAIGHT DOWN,STRAIGHT DOWN,REVERSED,-32.75,-40.25,4.00,-27.00,-65.75,-42.75,14.50,43.25,45.25,65.00,-4.00,-24.50,0.102,False,1
2025-01-02,Thursday,BEAR,21348,21350.75,21320.25,21342,30.50,0.102,STRAIGHT DOWN,STRAIGHT DOWN,WHIPSAW,CONTINUED,-13.50,0.25,56.75,116.75,120.00,-54.00,118.50,31.00,127.50,75.00,-68.75,-11.25,0.140,False,-1
2025-01-03,Friday,BULL,21293.75,21316.25,21276.75,21311.25,39.50,0.125,STRAIGHT UP,STRAIGHT UP,STRAIGHT UP,CONTINUED,15.25,27.75,45.00,17.50,112.75,56.25,51.50,1.75,124.00,102.75,66.50,14.50,0.050,True,-1
2025-01-06,Monday,BULL,21732.75,21769.5,21723.75,21755.25,45.75,0.143,WHIPSAW,STRAIGHT UP,STRAIGHT UP,NO FOLLOW-THROUGH,-19.75,-11.25,14.25,7.00,58.50,60.50,38.50,22.75,224.25,200.00,-17.50,44.75,0.065,False,1
2025-01-07,Tuesday,DOJI,21792,21806.25,21782.5,21793.75,23.75,0.074,STRAIGHT DOWN,SIDEWAYS,STRAIGHT DOWN,DOJI,-6.75,-10.00,-29.50,-60.00,-15.25,-140.50,8.25,63.25,42.00,12.00,14.25,13.75,0.055,False,1
2025-01-08,Wednesday,BEAR,21355.5,21357.5,21328,21334,29.50,0.084,WHIPSAW,WHIPSAW,WHIPSAW,REVERSED,-29.25,-4.25,8.00,-27.00,-10.25,-35.00,17.25,50.75,-4.00,-31.00,-22.25,22.00,0.223,False,-1
2025-01-10,Friday,BEAR,21193.5,21197.25,21150.25,21159.5,47.00,0.134,WHIPSAW,WHIPSAW,STRAIGHT DOWN,CONTINUED,17.75,9.75,-22.75,12.50,26.00,180.50,45.50,31.25,-167.50,-108.50,76.50,20.75,0.744,False,1
2025-01-13,Monday,BULL,20765.75,20776.5,20753.25,20771.75,23.25,0.065,WHIPSAW,DOWN (CHOPPY),WHIPSAW,REVERSED,-11.75,-10.25,-11.25,-27.00,-22.50,19.00,14.25,32.25,-250.75,-261.75,-43.75,-1.25,0.104,False,-1
2025-01-14,Tuesday,BEAR,21071.25,21083.75,21036.75,21046,47.00,0.129,WHIPSAW,WHIPSAW,WHIPSAW,REVERSED,22.75,18.25,-10.50,-41.25,-46.25,63.75,28.00,42.50,122.75,51.25,14.25,-6.00,0.497,False,1
2025-01-15,Wednesday,BEAR,21252.25,21260.75,21223,21237,37.75,0.116,WHIPSAW,WHIPSAW,STRAIGHT UP,NO FOLLOW-THROUGH,-22.75,-27.50,-32.25,-7.00,-61.75,-118.00,11.50,48.00,329.75,275.75,-29.75,-3.75,1.011,False,-1
2025-01-16,Thursday,BEAR,21495,21498,21462.5,21464.75,35.50,0.110,WHIPSAW,STRAIGHT DOWN,STRAIGHT DOWN,CONTINUED,14.00,29.25,45.50,25.50,56.50,116.75,59.00,24.75,100.25,108.50,19.75,-0.75,0.170,False,1
2025-01-17,Friday,BEAR,21647,21653.5,21581.75,21599.25,71.75,0.225,WHIPSAW,STRAIGHT DOWN,STRAIGHT DOWN,CONTINUED,14.25,11.75,32.50,16.75,56.75,66.50,51.00,10.75,399.50,422.50,106.50,51.50,0.171,False,-1
2025-01-21,Tuesday,DOJI,21711,21718.5,21689,21707,29.50,0.093,SIDEWAYS,STRAIGHT DOWN,STRAIGHT DOWN,DOJI,-7.50,-12.25,-7.75,-6.00,-75.00,-90.25,6.75,22.25,110.25,25.25,-14.75,9.75,0.073,False,-1
2025-01-22,Wednesday,DOJI,21914.25,21922.75,21902.5,21913.75,20.25,0.066,STRAIGHT UP,STRAIGHT UP,STRAIGHT UP,DOJI,39.25,61.25,42.00,33.00,55.00,106.75,68.25,4.00,199.75,114.25,-15.50,11.75,0.054,False,1
2025-01-23,Thursday,BEAR,21889,21890.75,21867.5,21868,23.25,0.077,STRAIGHT UP,STRAIGHT UP,STRAIGHT UP,REVERSED,-9.75,-15.00,-26.50,-37.50,-39.50,-28.50,2.00,39.00,-109.00,-94.00,-7.75,4.25,0.144,False,1
2025-01-24,Friday,BEAR,22044.25,22052.75,22036,22037.25,16.75,0.058,STRAIGHT DOWN,WHIPSAW,WHIPSAW,CONTINUED,11.00,19.50,10.75,21.00,-11.50,-21.75,30.00,7.50,2.00,26.25,33.00,-5.00,0.052,False,1
2025-01-27,Monday,BULL,21124.75,21176,21108.25,21172.5,67.75,0.247,STRAIGHT UP,STRAIGHT UP,STRAIGHT UP,CONTINUED,80.50,67.75,53.75,55.00,106.25,145.75,98.25,6.00,-783.75,-649.00,-35.00,1.00,0.143,False,-1
2025-01-28,Tuesday,BULL,21302.5,21319.75,21296,21306.5,23.75,0.086,STRAIGHT DOWN,STRAIGHT DOWN,SIDEWAYS,REVERSED,-54.75,-40.75,-32.00,-84.25,-94.00,-4.00,7.25,84.50,43.25,-38.00,0.75,20.00,0.166,False,1
2025-01-29,Wednesday,BEAR,21600,21606.25,21578.75,21583.5,27.50,0.094,STRAIGHT DOWN,STRAIGHT DOWN,STRAIGHT DOWN,CONTINUED,12.25,29.00,23.25,18.50,62.50,52.50,50.50,3.25,24.00,42.00,-3.00,-14.25,0.092,False,1
2025-01-30,Thursday,BEAR,21650,21655.5,21632,21635.75,23.50,0.087,WHIPSAW,WHIPSAW,WHIPSAW,CONTINUED,-26.00,-19.75,-7.75,33.50,-20.25,-9.75,38.50,33.00,120.00,94.50,-18.25,33.75,0.203,False,-1
2025-01-31,Friday,BULL,21774.75,21792.5,21765.75,21791,26.75,0.097,WHIPSAW,WHIPSAW,STRAIGHT UP,NO FOLLOW-THROUGH,43.75,20.25,24.25,-0.25,9.50,90.00,47.25,12.00,150.75,91.00,-16.50,13.00,0.083,False,-1
2025-02-03,Monday,BEAR,21215.5,21218.75,21177.75,21206.5,41.00,0.145,STRAIGHT UP,STRAIGHT UP,WHIPSAW,REVERSED,-22.25,-31.00,-12.75,-46.75,-28.50,4.50,12.00,50.75,-365.25,-64.75,13.25,-3.00,0.117,False,-1
2025-02-04,Tuesday,DOJI,21421.75,21427.25,21405,21422.25,22.25,0.076,STRAIGHT UP,STRAIGHT UP,STRAIGHT UP,DOJI,-8.00,27.75,26.75,47.00,78.00,165.25,47.75,10.25,17.75,-170.75,-13.75,-2.50,0.053,False,1
2025-02-05,Wednesday,BEAR,21550.75,21558,21535,21545.25,23.00,0.080,WHIPSAW,WHIPSAW,WHIPSAW,NO FOLLOW-THROUGH,11.25,21.25,3.25,-8.50,-32.25,-44.00,26.25,17.50,-117.25,-15.00,21.75,5.50,0.140,False,1
2025-02-06,Thursday,BEAR,21778,21781,21751.25,21757.5,29.75,0.103,WHIPSAW,STRAIGHT UP,UP (CHOPPY),REVERSED,15.25,0.00,1.50,-12.00,-49.75,-35.25,19.50,19.75,16.50,10.25,1.75,3.75,0.054,False,1
2025-02-07,Friday,BULL,21885.5,21901.75,21869.5,21898.25,32.25,0.114,STRAIGHT UP,STRAIGHT UP,WHIPSAW,CONTINUED,30.00,44.25,52.00,47.75,42.75,-60.50,54.50,0.50,13.75,66.00,7.00,6.50,0.472,True,1
2025-02-10,Monday,BEAR,21764.5,21777.5,21754.75,21756.5,22.75,0.076,WHIPSAW,STRAIGHT UP,STRAIGHT UP,REVERSED,-13.00,5.00,4.50,-9.50,-39.50,-36.75,14.25,23.25,176.25,299.75,-15.75,6.25,0.074,False,-1
2025-02-11,Tuesday,BULL,21705.5,21732.75,21700.25,21730.75,32.50,0.111,STRAIGHT UP,STRAIGHT UP,STRAIGHT UP,CONTINUED,4.00,17.25,35.25,57.25,60.25,63.50,57.25,9.25,-137.75,-127.25,28.25,12.00,0.045,False,1
2025-02-12,Wednesday,DOJI,21550.75,21572,21542.75,21548,29.25,0.101,STRAIGHT UP,STRAIGHT UP,STRAIGHT UP,DOJI,-0.75,24.25,26.00,35.00,112.00,104.50,53.25,12.25,-239.00,-251.00,7.00,-10.00,1.050,False,1
2025-02-13,Thursday,BULL,21869.25,21881.25,21862.75,21880,18.50,0.062,STRAIGHT UP,WHIPSAW,WHIPSAW,CONTINUED,19.50,39.50,67.25,58.00,5.00,40.75,71.00,0.25,68.25,4.50,-8.50,-8.00,0.376,False,1
2025-02-14,Friday,BULL,22108.5,22125.5,22100.25,22122.75,25.25,0.083,WHIPSAW,WHIPSAW,SIDEWAYS,REVERSED,-17.25,-11.75,-16.75,-22.25,-16.50,3.50,15.25,28.00,-1.75,35.75,3.50,-6.75,0.105,False,1
2025-02-18,Tuesday,BEAR,22257.75,22261.75,22236,22253,25.75,0.089,WHIPSAW,STRAIGHT DOWN,STRAIGHT DOWN,NO FOLLOW-THROUGH,20.50,6.75,-8.00,6.00,51.00,67.00,30.00,15.00,63.25,28.25,-53.25,-47.50,0.037,False,1
2025-02-19,Wednesday,BEAR,22207.5,22209.75,22191.75,22194,18.00,0.067,WHIPSAW,WHIPSAW,WHIPSAW,REVERSED,1.50,12.00,3.75,-25.75,3.50,25.25,21.25,26.00,-30.75,-20.00,1.75,14.00,0.035,False,-1
2025-02-20,Thursday,DOJI,22210.25,22217,22201,22211.5,16.00,0.060,WHIPSAW,STRAIGHT DOWN,STRAIGHT DOWN,DOJI,-3.25,-15.75,-30.25,-30.75,-44.75,-232.75,15.50,40.00,-36.50,-5.50,6.25,-3.00,0.049,False,1
2025-02-21,Friday,BEAR,22185.25,22188,22156.75,22160,31.25,0.120,WHIPSAW,STRAIGHT DOWN,STRAIGHT DOWN,REVERSED,21.50,0.00,-1.50,-10.50,33.25,71.25,26.00,16.50,40.00,50.75,-38.50,-26.75,0.038,False,-1
2025-02-24,Monday,BEAR,21753,21758,21732,21748,26.00,0.097,WHIPSAW,WHIPSAW,STRAIGHT DOWN,CONTINUED,-14.00,-33.00,2.75,21.25,28.50,177.75,26.50,53.75,70.75,52.00,-47.25,-14.25,0.054,False,-1
2025-02-25,Tuesday,BEAR,21391.25,21393.5,21369.75,21372.25,23.75,0.089,STRAIGHT DOWN,WHIPSAW,STRAIGHT DOWN,CONTINUED,36.25,22.75,12.00,17.25,40.25,157.50,40.00,1.75,-30.50,-49.00,-12.75,5.00,0.069,False,-1
2025-02-26,Wednesday,BEAR,21238.25,21240.5,21193,21194.25,47.50,0.173,STRAIGHT UP,STRAIGHT UP,STRAIGHT UP,REVERSED,-45.00,-19.50,-20.75,-22.00,-45.75,-102.25,5.75,47.50,88.25,13.00,-35.00,8.50,0.059,False,-1
2025-02-27,Thursday,BULL,21340.5,21357.5,21323.75,21352.25,33.75,0.120,WHIPSAW,STRAIGHT DOWN,STRAIGHT DOWN,CONTINUED,-22.50,4.50,1.75,14.50,-125.75,-421.25,17.75,32.00,148.75,89.75,32.75,-12.25,0.146,False,-1
2025-02-28,Friday,BEAR,20590.75,20596,20548.75,20552.75,47.25,0.146,STRAIGHT DOWN,WHIPSAW,WHIPSAW,CONTINUED,50.00,74.75,54.25,16.75,-35.25,-70.25,92.50,0.00,-19.75,-59.00,-10.00,-3.25,0.279,False,-1
2025-03-03,Monday,BEAR,21055.75,21061,21023,21027.75,38.00,0.115,STRAIGHT UP,WHIPSAW,STRAIGHT DOWN,REVERSED,-36.75,-67.75,-63.25,-33.25,53.50,207.50,0.00,93.00,136.00,56.50,-9.50,-13.50,0.087,False,1
2025-03-04,Tuesday,BEAR,20342.5,20347.25,20308,20333,39.25,0.104,WHIPSAW,WHIPSAW,WHIPSAW,CONTINUED,33.00,62.00,35.75,16.75,8.25,125.50,74.50,31.25,-130.50,-182.00,18.00,-17.25,0.127,False,-1
2025-03-05,Wednesday,BULL,20420.75,20438.75,20397.25,20434.75,41.50,0.101,STRAIGHT DOWN,WHIPSAW,WHIPSAW,REVERSED,-16.75,-37.00,-28.00,-27.50,-3.50,22.75,11.50,52.25,24.25,-132.75,1.50,-0.25,0.116,False,1
2025-03-06,Thursday,BEAR,20310.75,20316.5,20262,20280.5,54.50,0.128,STRAIGHT DOWN,WHIPSAW,WHIPSAW,CONTINUED,23.50,24.50,-0.50,23.00,14.75,-15.00,42.00,11.25,-348.75,-296.75,-15.25,-15.50,0.135,False,1
2025-03-07,Friday,BULL,20037.5,20077.25,20024.25,20065.25,53.00,0.120,STRAIGHT UP,STRAIGHT UP,SIDEWAYS,CONTINUED,-1.25,5.00,23.25,41.50,89.25,34.25,61.25,20.50,-56.50,-175.25,-30.00,-31.75,0.477,True,-1
2025-03-10,Monday,DOJI,19882,19886.75,19856.5,19880.25,30.25,0.065,WHIPSAW,SIDEWAYS,STRAIGHT DOWN,DOJI,7.00,-51.00,-78.50,-30.50,0.50,-114.75,17.75,92.50,-343.00,-267.00,-30.50,-9.50,0.070,False,1
2025-03-11,Tuesday,BULL,19421.5,19449.75,19411.5,19434.75,38.25,0.076,WHIPSAW,WHIPSAW,STRAIGHT UP,NO FOLLOW-THROUGH,-2.00,-27.75,-9.75,-7.00,74.00,142.75,26.25,48.25,-43.00,-18.75,-33.25,-21.75,0.050,False,-1
2025-03-12,Wednesday,DOJI,19695.5,19716,19671,19694.25,45.00,0.086,STRAIGHT UP,WHIPSAW,WHIPSAW,DOJI,28.50,34.50,59.75,50.25,25.50,-69.25,79.00,3.75,303.00,284.00,-26.00,20.00,0.384,False,-1
2025-03-13,Thursday,BEAR,19571,19577,19528.25,19542.5,48.75,0.092,WHIPSAW,WHIPSAW,STRAIGHT DOWN,NO FOLLOW-THROUGH,-11.25,-8.25,22.50,-5.25,48.50,178.50,31.25,34.50,-38.50,-3.75,15.50,-7.50,0.165,False,-1
2025-03-14,Friday,BULL,19464.75,19489.25,19450,19486,39.25,0.075,STRAIGHT UP,STRAIGHT UP,WHIPSAW,CONTINUED,11.00,6.75,44.75,79.25,105.00,5.25,87.00,2.25,213.25,155.25,-30.50,-13.50,0.038,False,-1
2025-03-17,Monday,BEAR,19702.75,19705.75,19684.25,19689.25,21.50,0.042,STRAIGHT UP,STRAIGHT UP,STRAIGHT UP,REVERSED,-29.00,-57.50,-64.25,-79.75,-122.25,-98.00,5.25,84.25,-3.00,33.25,-49.25,-3.75,0.174,False,1
2025-03-18,Tuesday,BEAR,19692.5,19693.5,19652.25,19654.75,41.25,0.081,WHIPSAW,STRAIGHT DOWN,STRAIGHT DOWN,CONTINUED,1.00,-12.00,-14.00,46.75,144.50,208.00,53.50,27.25,-140.00,-138.50,-6.50,3.50,0.047,False,1
2025-03-19,Wednesday,BULL,19585,19601.25,19575,19595.5,26.25,0.052,DOWN (CHOPPY),STRAIGHT DOWN,WHIPSAW,REVERSED,-12.00,2.75,2.25,-29.25,-62.50,39.50,15.00,32.25,85.50,93.50,27.25,30.75,0.034,False,-1
2025-03-20,Thursday,BEAR,19583.5,19584.25,19553.75,19572,30.50,0.063,STRAIGHT UP,STRAIGHT UP,STRAIGHT UP,REVERSED,-21.25,-59.25,-88.50,-102.00,-137.75,-200.75,14.50,107.50,-162.50,-171.50,-42.25,-14.25,0.069,False,1
2025-03-24,Monday,BEAR,20256.25,20258.75,20240.75,20241,18.00,0.038,SIDEWAYS,STRAIGHT UP,STRAIGHT UP,NO FOLLOW-THROUGH,4.75,-9.75,-14.25,6.25,-35.00,-69.50,12.25,33.25,572.75,204.25,-16.50,-9.50,0.028,False,1
2025-03-25,Tuesday,BULL,20401.5,20406.25,20386.5,20405,19.75,0.046,WHIPSAW,WHIPSAW,WHIPSAW,NO FOLLOW-THROUGH,1.00,5.50,0.25,-11.25,-7.75,1.25,16.50,17.75,34.75,42.75,-6.00,-25.25,0.065,False,1
2025-03-26,Wednesday,BULL,20439.25,20450.75,20432,20444.5,18.75,0.048,WHIPSAW,WHIPSAW,STRAIGHT DOWN,NO FOLLOW-THROUGH,-1.00,-8.00,-24.25,10.25,-8.50,-110.00,16.25,31.75,-49.50,-73.25,-41.00,-9.50,0.056,False,1
2025-03-27,Thursday,BULL,20029,20044.75,20004.5,20044.5,40.25,0.104,STRAIGHT DOWN,STRAIGHT DOWN,WHIPSAW,REVERSED,4.25,-41.25,-65.00,-54.75,-54.50,52.50,25.25,70.75,-84.00,-28.75,-36.00,-6.50,0.124,False,-1
2025-03-28,Friday,BEAR,19911.5,19918.5,19881.25,19889,37.25,0.101,STRAIGHT DOWN,WHIPSAW,WHIPSAW,CONTINUED,27.50,20.25,41.00,13.00,6.25,34.75,49.50,2.50,-83.75,-86.75,47.50,-32.50,0.130,False,-1
2025-03-31,Monday,DOJI,19167.5,19192.25,19159,19169.25,33.25,0.090,STRAIGHT DOWN,STRAIGHT DOWN,STRAIGHT DOWN,DOJI,-37.25,-80.75,-121.50,-116.25,-185.00,-52.00,5.25,155.50,-292.75,-150.25,-53.25,-25.50,0.071,False,-1
2025-04-01,Tuesday,BEAR,19380.5,19386.25,19347.5,19353,38.75,0.108,WHIPSAW,STRAIGHT UP,STRAIGHT UP,CONTINUED,-24.00,-53.75,-33.25,12.00,-51.75,-38.00,14.75,80.00,-69.75,-32.00,-1.50,-21.25,0.073,False,1
2025-04-02,Wednesday,DOJI,19328,19353.5,19328,19330.75,25.50,0.072,STRAIGHT UP,STRAIGHT UP,STRAIGHT UP,DOJI,26.75,17.75,63.75,106.75,218.75,245.50,113.75,13.75,-275.25,-269.75,-58.75,-11.50,0.073,False,1
2025-04-03,Thursday,BULL,18923,18998.75,18910.75,18993.25,88.00,0.240,WHIPSAW,WHIPSAW,WHIPSAW,CONTINUED,9.25,24.75,50.00,24.00,-30.50,-14.75,63.50,23.25,-823.75,-101.00,71.75,59.50,0.113,False,1
2025-04-04,Friday,BULL,18153.75,18224,18141,18190,83.00,0.227,WHIPSAW,WHIPSAW,WHIPSAW,REVERSED,22.50,-33.75,-49.50,-64.00,-110.50,-10.75,58.75,93.75,-533.50,-502.00,-55.00,-23.75,0.378,True,-1
2025-04-07,Monday,BEAR,16928,16935,16885.25,16910,49.75,0.126,WHIPSAW,STRAIGHT DOWN,WHIPSAW,CONTINUED,-56.00,40.25,-1.75,48.00,170.25,-427.75,74.00,71.25,-608.50,-197.25,-237.25,-71.75,0.272,False,-1
2025-04-08,Tuesday,BULL,18149,18186.25,18147.5,18165.5,38.75,0.079,WHIPSAW,WHIPSAW,WHIPSAW,REVERSED,-50.50,-40.25,-4.00,-42.50,12.50,99.00,36.50,55.25,589.75,498.50,165.00,43.50,0.098,False,1
2025-04-09,Wednesday,BULL,17206.75,17276.75,17196.25,17245.25,80.50,0.141,WHIPSAW,STRAIGHT UP,STRAIGHT UP,CONTINUED,61.75,99.50,81.00,63.00,102.75,295.25,118.50,38.25,-26.75,-19.25,79.00,9.75,0.137,False,-1
2025-04-10,Thursday,BULL,18790,18840,18768,18837.25,72.00,0.104,WHIPSAW,STRAIGHT DOWN,STRAIGHT DOWN,REVERSED,-86.50,5.75,-30.25,-30.50,-72.00,-190.00,34.50,95.50,-463.00,-476.25,-33.50,-102.00,0.244,False,1
2025-04-11,Friday,BULL,18414,18479.75,18413.75,18450.75,66.00,0.089,STRAIGHT DOWN,WHIPSAW,WHIPSAW,REVERSED,-53.25,-83.00,-45.75,-28.00,108.75,69.00,13.50,97.25,-71.25,-58.25,-78.25,-25.75,0.127,False,-1
2025-04-14,Monday,BULL,19232.75,19247.25,19212,19238.25,35.25,0.046,STRAIGHT DOWN,STRAIGHT DOWN,STRAIGHT DOWN,REVERSED,-40.75,-41.00,-54.75,-83.50,-174.75,-188.25,17.00,90.00,424.00,68.75,46.75,1.75,0.040,False,1
2025-04-15,Tuesday,DOJI,18987.5,18992,18968,18984.5,24.00,0.030,SIDEWAYS,STRAIGHT UP,STRAIGHT UP,DOJI,7.25,29.75,18.25,-8.75,65.25,91.50,58.25,12.25,47.00,83.75,51.50,31.25,0.031,False,-1
2025-04-16,Wednesday,BULL,18584.75,18641,18572.5,18613.25,68.50,0.087,WHIPSAW,SIDEWAYS,WHIPSAW,NO FOLLOW-THROUGH,25.50,31.25,23.25,22.75,-6.25,-77.75,46.75,27.75,-375.25,-225.25,-51.50,-19.25,0.038,False,-1
2025-04-17,Thursday,BEAR,18498.5,18509.5,18477.25,18480.25,32.25,0.040,STRAIGHT DOWN,STRAIGHT DOWN,SIDEWAYS,CONTINUED,27.25,46.50,52.25,54.75,67.00,21.00,86.50,13.25,111.00,117.50,-32.00,-37.00,0.078,False,-1
2025-04-21,Monday,BULL,18128.75,18151.25,18124,18146.75,27.25,0.034,DOWN (CHOPPY),STRAIGHT DOWN,STRAIGHT DOWN,REVERSED,-3.50,2.25,-4.75,-25.00,-67.25,-173.75,19.00,26.00,-245.50,-178.25,7.50,27.25,0.025,False,-1
2025-04-22,Tuesday,BEAR,18152.25,18159.5,18106.5,18114,53.00,0.067,SIDEWAYS,STRAIGHT UP,STRAIGHT UP,NO FOLLOW-THROUGH,-26.00,-25.50,-13.00,-5.25,-129.50,-147.00,13.75,43.00,229.75,240.25,13.50,4.75,0.019,False,-1
2025-04-23,Wednesday,DOJI,18949,18983.25,18937.25,18955.5,46.00,0.058,SIDEWAYS,STRAIGHT UP,STRAIGHT UP,DOJI,25.50,30.25,46.25,-1.25,102.25,91.75,51.75,3.25,569.25,330.25,-18.25,-3.50,0.048,False,1
2025-04-24,Thursday,BEAR,18875.5,18875.75,18846.5,18866.5,29.25,0.037,SIDEWAYS,STRAIGHT UP,STRAIGHT UP,NO FOLLOW-THROUGH,-26.75,5.75,-1.00,5.25,-98.75,-200.00,13.25,27.75,87.75,43.25,24.50,14.50,0.049,False,-1
2025-04-25,Friday,BULL,19302.25,19331.5,19295.25,19315,36.25,0.046,WHIPSAW,WHIPSAW,SIDEWAYS,NO FOLLOW-THROUGH,-24.00,-52.50,-5.50,22.00,12.25,2.00,37.75,58.75,-16.75,-94.50,56.50,12.75,0.052,False,1
2025-04-28,Monday,BULL,19548.25,19567,19531,19566,36.00,0.048,STRAIGHT DOWN,WHIPSAW,STRAIGHT DOWN,REVERSED,-24.75,-27.25,-50.25,-50.00,35.50,-119.25,8.50,79.75,18.00,24.25,9.75,-13.75,0.024,False,1
2025-04-29,Tuesday,DOJI,19426.75,19443.5,19411,19431,32.50,0.049,SIDEWAYS,STRAIGHT UP,STRAIGHT UP,DOJI,24.25,39.25,15.50,2.50,62.75,57.75,40.50,15.25,-97.25,-52.50,-22.75,18.75,0.029,False,-1
2025-04-30,Wednesday,BEAR,19301.5,19301.75,19236.5,19237,65.25,0.112,STRAIGHT UP,WHIPSAW,WHIPSAW,REVERSED,-5.00,-30.25,-40.25,-26.75,62.25,69.00,5.00,67.25,-343.50,-293.50,16.00,22.25,0.223,False,1
2025-05-01,Thursday,BEAR,19971.5,19990.5,19957.75,19961.25,32.75,0.069,WHIPSAW,SIDEWAYS,DOWN (CHOPPY),CONTINUED,39.50,18.50,9.50,28.25,19.00,56.25,48.25,14.50,328.75,136.25,17.50,-17.50,0.100,False,1
2025-05-02,Friday,DOJI,20091.25,20104.75,20073.25,20089,31.50,0.074,WHIPSAW,WHIPSAW,WHIPSAW,DOJI,19.00,16.25,20.25,-11.50,19.25,-20.75,36.00,22.00,213.75,309.75,-3.50,-7.25,0.270,True,-1
2025-05-05,Monday,BULL,20010.25,20032.25,19999,20024.75,33.25,0.083,WHIPSAW,WHIPSAW,WHIPSAW,CONTINUED,-8.00,-12.00,-4.75,18.75,9.25,67.50,21.75,31.50,-175.50,-172.25,5.25,7.00,0.032,False,1
2025-05-06,Tuesday,DOJI,19795.5,19813,19779.25,19793.75,33.75,0.090,STRAIGHT UP,STRAIGHT UP,WHIPSAW,DOJI,23.00,35.75,35.00,41.25,56.75,-43.75,54.25,5.25,-269.25,-214.50,-45.00,-2.25,0.062,False,1
2025-05-07,Wednesday,BEAR,19898.75,19903,19866,19867,37.00,0.098,STRAIGHT UP,STRAIGHT UP,STRAIGHT UP,REVERSED,-47.50,-31.50,-39.50,-13.00,-48.50,-57.75,0.50,53.75,22.75,86.00,-34.50,-7.75,0.060,False,1
2025-05-08,Thursday,BULL,20162.5,20174.5,20147.25,20169.25,27.25,0.075,STRAIGHT DOWN,STRAIGHT DOWN,STRAIGHT DOWN,REVERSED,-25.75,-42.75,-46.25,-42.75,-57.25,-66.50,2.00,60.25,212.50,227.75,-11.50,-6.25,0.067,False,1
2025-05-09,Friday,BULL,20227,20259,20226.75,20252.25,32.25,0.088,WHIPSAW,WHIPSAW,SIDEWAYS,CONTINUED,-15.50,-5.00,-4.25,13.25,-26.50,2.50,16.50,23.25,72.50,62.75,-5.50,-19.50,0.083,False,-1
2025-05-12,Monday,BEAR,20918.75,20922.25,20863.25,20865.5,59.00,0.168,STRAIGHT DOWN,STRAIGHT DOWN,STRAIGHT DOWN,CONTINUED,41.25,28.75,38.75,57.25,80.75,90.00,75.25,1.00,782.25,545.25,2.75,-15.25,0.071,False,-1
2025-05-13,Tuesday,BEAR,21004.25,21008.5,20978.5,20981.75,30.00,0.088,STRAIGHT UP,STRAIGHT UP,STRAIGHT UP,REVERSED,-22.00,-37.75,-51.75,-79.75,-75.50,-141.25,8.50,84.25,55.00,46.25,-4.75,-8.00,0.269,False,1
2025-05-14,Wednesday,BULL,21314.5,21342.75,21314,21334.5,28.75,0.086,STRAIGHT UP,SIDEWAYS,WHIPSAW,CONTINUED,5.25,26.75,35.50,56.75,-2.25,-18.75,69.25,4.50,44.00,66.25,-9.75,-25.00,0.063,False,1
2025-05-15,Thursday,BEAR,21303,21308,21282,21287.25,26.00,0.084,STRAIGHT UP,UP (CHOPPY),WHIPSAW,REVERSED,-26.50,-40.25,-34.75,-32.75,-18.00,-26.75,4.75,52.25,-93.75,-78.50,15.50,14.50,0.280,False,1
2025-05-16,Friday,BEAR,21468,21470.25,21432.75,21435.25,37.50,0.122,WHIPSAW,SIDEWAYS,DOWN (CHOPPY),NO FOLLOW-THROUGH,9.75,5.75,11.75,8.75,9.25,26.75,17.25,10.25,48.75,71.25,29.50,-5.75,0.103,False,1
2025-05-19,Monday,BULL,21202.25,21253,21201.5,21252,51.50,0.174,WHIPSAW,STRAIGHT UP,STRAIGHT UP,NO FOLLOW-THROUGH,-11.00,-7.25,-4.75,1.75,85.25,102.50,11.75,28.00,-303.00,-111.00,-10.00,19.00,0.076,False,1
2025-05-20,Tuesday,BULL,21412.75,21434.5,21410.25,21432.25,24.25,0.081,STRAIGHT DOWN,STRAIGHT DOWN,STRAIGHT DOWN,REVERSED,-11.50,-7.00,-0.75,-17.75,-18.50,-37.25,4.50,31.00,-109.50,-103.75,-23.50,-18.00,0.037,False,1
2025-05-21,Wednesday,BULL,21279,21304.5,21277,21303.75,27.50,0.102,STRAIGHT UP,STRAIGHT UP,STRAIGHT UP,CONTINUED,20.50,23.75,35.25,27.00,61.25,60.50,41.25,7.00,-168.50,-134.25,-33.50,9.25,0.126,False,1
2025-05-22,Thursday,BULL,21171,21184,21162.25,21179.25,21.75,0.077,WHIPSAW,WHIPSAW,WHIPSAW,NO FOLLOW-THROUGH,24.50,3.75,-39.25,-3.25,-2.00,110.75,40.25,65.50,20.75,23.25,-20.50,-5.75,0.151,False,-1
2025-05-23,Friday,DOJI,20850,20876.25,20821.5,20848,54.75,0.194,STRAIGHT UP,WHIPSAW,WHIPSAW,DOJI,-10.00,26.00,54.75,86.75,27.25,40.00,90.75,22.75,-334.00,-371.25,50.00,58.50,0.160,False,1
2025-05-27,Tuesday,BULL,21259.5,21284.5,21245,21278.5,39.50,0.138,STRAIGHT DOWN,STRAIGHT DOWN,WHIPSAW,REVERSED,-37.00,-29.50,-23.75,-62.50,-29.75,45.75,4.75,73.50,280.75,-26.00,-17.75,-45.25,0.052,False,1
2025-05-28,Wednesday,BULL,21504.75,21521,21497.75,21509.75,23.25,0.081,WHIPSAW,WHIPSAW,WHIPSAW,NO FOLLOW-THROUGH,-5.75,6.25,2.00,8.25,12.00,-24.25,20.25,19.50,39.00,26.50,-1.50,8.25,0.035,False,1
2025-05-29,Thursday,BEAR,21674.25,21679.25,21638.25,21649.5,41.00,0.149,STRAIGHT DOWN,STRAIGHT DOWN,STRAIGHT DOWN,CONTINUED,37.00,61.75,40.25,50.00,126.00,141.25,72.25,1.25,301.50,155.00,28.00,-9.50,0.128,False,-1
2025-05-30,Friday,BEAR,21382.75,21390.75,21352.5,21355,38.25,0.139,WHIPSAW,WHIPSAW,STRAIGHT DOWN,CONTINUED,-11.50,14.25,18.00,39.50,33.50,53.75,43.50,23.50,-28.25,11.50,46.75,20.25,0.263,False,-1
2025-06-02,Monday,BULL,21287.5,21332.25,21286.75,21328.5,45.50,0.159,STRAIGHT UP,STRAIGHT UP,WHIPSAW,CONTINUED,16.50,58.75,75.75,85.50,85.00,-85.00,90.00,0.75,-82.00,-16.50,2.50,25.50,0.087,False,-1
2025-06-03,Tuesday,BULL,21546.5,21595.5,21546,21586.5,49.50,0.171,STRAIGHT DOWN,STRAIGHT DOWN,WHIPSAW,REVERSED,-23.00,-45.00,-40.00,-52.25,-21.75,23.50,9.25,67.75,13.25,-5.50,11.25,-0.25,0.050,False,1
2025-06-04,Wednesday,BULL,21725.25,21744.5,21716.75,21740.25,27.75,0.099,UP (CHOPPY),STRAIGHT UP,WHIPSAW,CONTINUED,4.00,1.50,9.75,13.25,27.25,-17.00,19.50,8.25,21.25,39.50,16.25,3.50,0.102,False,1
2025-06-05,Thursday,BULL,21812,21840,21803.5,21831.75,36.50,0.130,STRAIGHT DOWN,STRAIGHT DOWN,STRAIGHT DOWN,REVERSED,-33.25,-39.75,-25.25,-40.00,-96.50,-94.25,5.75,72.25,54.75,66.00,10.00,5.25,0.191,False,1
2025-06-06,Friday,BEAR,21798,21809.75,21788,21791,21.75,0.074,WHIPSAW,STRAIGHT UP,UP (CHOPPY),NO FOLLOW-THROUGH,-9.00,0.50,9.25,5.75,-55.25,-44.50,23.00,29.25,209.75,310.50,36.50,6.00,0.389,True,-1
2025-06-09,Monday,BULL,21798,21815,21790.75,21808.75,24.25,0.084,STRAIGHT DOWN,STRAIGHT DOWN,SIDEWAYS,REVERSED,-21.50,-28.00,-12.75,-43.25,-22.50,-0.25,6.25,44.00,8.50,-1.75,0.25,-11.00,0.031,False,-1
2025-06-10,Tuesday,BULL,21836.5,21866,21836.25,21855.75,29.75,0.108,STRAIGHT DOWN,WHIPSAW,WHIPSAW,REVERSED,-15.50,-6.75,-9.75,-23.25,-8.00,10.00,4.25,37.75,18.00,14.25,-18.50,-14.75,0.048,False,1
2025-06-11,Wednesday,DOJI,22017,22024.75,21998.25,22014.75,26.50,0.094,STRAIGHT DOWN,STRAIGHT DOWN,SIDEWAYS,DOJI,-38.75,-26.00,-35.25,-49.00,-51.75,-20.25,6.75,54.75,52.00,66.00,-12.25,-3.00,0.509,False,1
2025-06-12,Thursday,BULL,21828.75,21864.25,21816,21861,48.25,0.182,WHIPSAW,WHIPSAW,WHIPSAW,REVERSED,1.00,-17.25,-5.75,-12.25,5.25,5.75,12.50,20.50,-58.50,-42.00,-6.25,-2.75,0.307,False,-1
2025-06-13,Friday,BULL,21680,21722.75,21663.5,21721,59.25,0.227,STRAIGHT UP,STRAIGHT UP,STRAIGHT UP,CONTINUED,40.25,40.25,36.00,31.75,23.00,21.00,57.00,0.00,-256.75,-230.50,22.75,38.00,0.067,False,1
2025-06-16,Monday,BULL,21793.5,21841.5,21792.25,21840.5,49.25,0.189,WHIPSAW,STRAIGHT UP,STRAIGHT UP,NO FOLLOW-THROUGH,15.50,3.50,13.75,3.50,37.50,100.75,35.50,13.00,141.75,227.75,-21.50,-18.75,0.096,False,-1
2025-06-17,Tuesday,BULL,21839.5,21880,21832.25,21872.5,47.75,0.188,WHIPSAW,STRAIGHT DOWN,SIDEWAYS,REVERSED,0.75,-13.50,-11.00,-14.50,-55.00,-7.00,14.00,24.25,-109.00,-95.25,10.75,8.25,0.205,False,1
2025-06-18,Wednesday,BEAR,21770,21772.5,21739.25,21758.25,33.25,0.131,STRAIGHT DOWN,SIDEWAYS,WHIPSAW,CONTINUED,15.00,33.25,41.50,32.25,4.50,-6.50,54.75,11.00,39.50,50.00,5.75,-16.00,0.059,False,-1
2025-06-23,Monday,BEAR,21869.25,21871.5,21838,21848.75,33.50,0.138,STRAIGHT DOWN,WHIPSAW,WHIPSAW,CONTINUED,27.75,38.25,58.00,48.25,-21.25,-82.00,90.25,1.50,145.00,221.75,-12.75,-8.75,0.100,False,-1
2025-06-24,Tuesday,BEAR,22286.25,22288.5,22269,22277.5,19.50,0.080,WHIPSAW,STRAIGHT UP,UP (CHOPPY),REVERSED,-26.25,-12.75,-6.25,-24.00,-44.50,-21.50,17.50,37.50,213.25,209.50,0.75,-7.50,0.155,False,1
2025-06-25,Wednesday,BULL,22499.5,22528,22490.25,22517.75,37.75,0.162,WHIPSAW,WHIPSAW,WHIPSAW,CONTINUED,2.00,-6.00,-3.00,7.75,22.50,1.25,17.25,20.50,93.25,88.50,-8.75,-6.75,0.045,False,1
2025-06-26,Thursday,DOJI,22552.75,22566.5,22542.5,22556,24.00,0.106,STRAIGHT DOWN,STRAIGHT DOWN,SIDEWAYS,DOJI,1.25,-17.75,-15.25,-17.50,-51.50,5.00,7.25,39.00,89.75,86.50,-1.75,4.00,0.274,False,-1
2025-06-27,Friday,BULL,22707.25,22716.75,22692.75,22715,24.00,0.104,WHIPSAW,WHIPSAW,STRAIGHT UP,REVERSED,-6.25,-13.50,10.50,-7.00,24.50,73.75,13.50,33.00,34.25,30.75,-23.50,-9.50,0.144,False,1
2025-06-30,Monday,DOJI,22871.75,22875.5,22850.5,22870,25.00,0.116,STRAIGHT DOWN,STRAIGHT DOWN,STRAIGHT DOWN,DOJI,-22.00,-38.50,-41.25,-48.00,-47.50,-42.75,5.50,54.25,119.75,120.50,4.00,-10.75,0.073,False,1
2025-07-01,Tuesday,DOJI,22802.75,22821.25,22793.25,22805.25,28.00,0.130,WHIPSAW,WHIPSAW,WHIPSAW,DOJI,-4.25,9.25,8.50,1.25,-3.25,4.25,14.00,10.75,-82.50,-64.00,8.25,4.25,0.110,False,1
2025-07-02,Wednesday,BULL,22654.25,22672.5,22653.5,22663.25,19.00,0.085,WHIPSAW,STRAIGHT UP,STRAIGHT UP,CONTINUED,-6.00,19.25,15.25,17.00,57.75,56.25,27.75,12.50,-37.25,-43.00,37.25,9.75,0.143,False,-1
2025-07-07,Monday,BULL,22943.25,22975.5,22941.75,22970.5,33.75,0.153,STRAIGHT DOWN,STRAIGHT DOWN,STRAIGHT DOWN,REVERSED,-12.00,-18.50,-48.00,-41.75,-44.50,-34.25,3.25,70.25,98.50,-25.75,-8.00,10.25,0.036,False,1
2025-07-08,Tuesday,DOJI,22935,22941.25,22921.75,22933.25,19.50,0.091,STRAIGHT DOWN,DOWN (CHOPPY),STRAIGHT DOWN,DOJI,-14.50,-17.50,-22.00,-23.00,-20.50,-42.50,10.75,36.00,51.00,94.75,-4.75,-11.75,0.096,False,-1
2025-07-09,Wednesday,BULL,22978.75,23004.75,22977.75,23003.75,27.00,0.127,STRAIGHT UP,STRAIGHT UP,STRAIGHT UP,CONTINUED,5.75,9.75,18.50,22.25,70.50,99.75,36.50,7.50,86.50,69.50,42.50,16.50,0.042,False,-1
2025-07-10,Thursday,BULL,23072,23089.75,23066.25,23079.5,23.50,0.113,STRAIGHT DOWN,STRAIGHT DOWN,STRAIGHT DOWN,REVERSED,-21.75,-35.75,-44.25,-40.25,-58.25,-148.50,1.00,57.50,21.00,28.50,22.50,4.75,0.097,False,1
2025-07-11,Friday,BULL,22914.75,22958.25,22909.5,22941.75,48.75,0.236,WHIPSAW,STRAIGHT DOWN,WHIPSAW,REVERSED,-0.50,-13.25,-16.75,-21.75,-60.50,20.50,12.00,29.25,-101.75,-97.50,9.00,15.75,0.125,False,-1
2025-07-14,Monday,BULL,22943,22959.75,22932.25,22950.5,27.50,0.136,WHIPSAW,STRAIGHT DOWN,WHIPSAW,REVERSED,-5.00,-2.75,-2.00,-10.75,-85.25,-36.25,28.50,33.75,-12.50,79.00,44.25,23.00,0.104,False,1
2025-07-15,Tuesday,BULL,23200.25,23222.75,23195.25,23206.5,27.50,0.135,STRAIGHT DOWN,STRAIGHT DOWN,STRAIGHT DOWN,REVERSED,-11.00,-14.75,-33.75,-39.00,-26.50,-79.25,4.25,51.50,166.75,163.50,4.50,-17.25,0.340,False,1
2025-07-16,Wednesday,BEAR,23074.5,23090,23063.25,23066.5,26.75,0.141,STRAIGHT DOWN,STRAIGHT DOWN,STRAIGHT DOWN,CONTINUED,18.00,25.00,13.50,31.75,45.50,89.25,50.00,1.00,21.00,55.75,0.75,1.00,0.271,False,-1
2025-07-17,Thursday,BULL,23100.25,23119,23093.25,23104.5,25.75,0.132,WHIPSAW,WHIPSAW,WHIPSAW,REVERSED,-1.75,-21.75,-30.25,-14.50,18.50,56.25,8.50,38.75,25.25,31.25,-45.75,-12.25,0.138,False,1
2025-07-18,Friday,BEAR,23300.25,23303.5,23268.5,23276.5,35.00,0.175,STRAIGHT UP,WHIPSAW,WHIPSAW,REVERSED,-18.00,-19.50,-25.00,-8.50,5.75,6.75,1.75,33.50,42.00,40.25,31.50,33.00,0.049,False,1
2025-07-21,Monday,BULL,23256.25,23286.75,23255,23281,31.75,0.164,STRAIGHT UP,STRAIGHT UP,STRAIGHT UP,CONTINUED,9.00,14.25,15.75,27.75,86.50,118.50,28.25,2.00,29.50,15.75,17.75,12.75,0.028,False,-1
2025-07-22,Tuesday,BEAR,23346,23349.75,23318.75,23319.25,31.00,0.163,STRAIGHT DOWN,STRAIGHT DOWN,STRAIGHT DOWN,CONTINUED,25.00,24.75,30.75,22.50,65.00,194.75,40.25,6.00,1.75,8.25,11.50,7.25,0.064,False,1
2025-07-23,Wednesday,BEAR,23261.5,23264.25,23223.5,23223.75,40.75,0.207,WHIPSAW,STRAIGHT DOWN,STRAIGHT DOWN,NO FOLLOW-THROUGH,26.75,20.75,18.00,-2.25,56.75,64.75,40.75,13.75,40.00,71.25,24.25,-4.50,0.083,False,-1
2025-07-24,Thursday,BULL,23374,23399.5,23361.75,23390.5,37.75,0.197,STRAIGHT DOWN,STRAIGHT DOWN,STRAIGHT DOWN,REVERSED,-33.00,-32.75,-35.25,-32.00,-21.00,-41.00,3.75,49.50,49.75,-27.25,13.25,7.00,0.104,False,1
2025-07-25,Friday,BEAR,23360.5,23362.75,23344.5,23356,18.25,0.098,STRAIGHT UP,WHIPSAW,WHIPSAW,REVERSED,1.75,-1.00,-12.25,-18.75,-13.75,-46.00,5.75,22.50,-16.00,-31.00,-11.00,-8.25,0.061,False,1
2025-07-28,Monday,BULL,23473,23494.75,23462.5,23487.75,32.25,0.177,WHIPSAW,WHIPSAW,WHIPSAW,CONTINUED,-8.25,-12.75,-0.75,9.75,25.50,35.00,12.25,19.75,50.50,-43.50,-41.50,-9.25,0.071,False,1
2025-07-29,Tuesday,BULL,23595.5,23623,23592.75,23620.75,30.25,0.168,WHIPSAW,WHIPSAW,WHIPSAW,CONTINUED,-5.25,2.00,10.00,15.25,-2.25,-36.00,16.75,22.00,103.25,90.50,17.00,-1.00,0.032,False,1
2025-07-30,Wednesday,BEAR,23487.25,23491.25,23465.25,23468.5,26.00,0.142,WHIPSAW,STRAIGHT UP,WHIPSAW,REVERSED,2.75,9.00,-12.00,-29.50,-50.75,-3.75,18.25,41.25,30.00,35.25,-3.25,2.25,0.159,False,-1
2025-07-31,Thursday,BEAR,23747.75,23752.25,23697,23699,55.25,0.297,STRAIGHT DOWN,STRAIGHT DOWN,STRAIGHT DOWN,CONTINUED,33.50,37.50,20.25,48.00,80.75,25.75,49.00,1.25,263.50,49.50,-54.50,-25.50,0.199,False,-1
2025-08-01,Friday,BEAR,23088.25,23090,23037.25,23041.25,52.75,0.256,WHIPSAW,STRAIGHT DOWN,STRAIGHT DOWN,CONTINUED,-40.25,7.00,10.50,31.75,143.00,214.25,40.75,54.25,-264.50,-235.25,19.25,27.25,0.375,True,-1
2025-08-04,Monday,BULL,23094.5,23119.5,23092.5,23099,27.00,0.127,STRAIGHT UP,STRAIGHT UP,STRAIGHT UP,CONTINUED,14.50,5.75,23.00,48.75,114.25,154.25,55.00,10.25,213.75,244.00,18.75,10.25,0.064,False,-1
2025-08-05,Tuesday,BEAR,23348.75,23357.25,23305.25,23305.75,52.00,0.241,STRAIGHT UP,STRAIGHT UP,STRAIGHT UP,REVERSED,-9.75,-11.25,-25.75,-8.75,-73.25,-49.75,2.25,32.00,52.25,-4.00,-12.75,6.50,0.086,False,1
2025-08-06,Wednesday,DOJI,23168.75,23182.25,23153.75,23166.75,28.50,0.131,STRAIGHT UP,WHIPSAW,STRAIGHT UP,DOJI,33.25,44.75,31.50,37.00,27.25,53.25,61.25,2.75,35.00,76.75,-10.00,0.00,0.127,False,-1
2025-08-07,Thursday,BEAR,23601.25,23604.25,23583.25,23589.25,21.00,0.094,STRAIGHT UP,WHIPSAW,STRAIGHT UP,REVERSED,-19.50,-27.75,-35.50,-29.50,8.50,-65.00,6.50,42.00,177.25,184.25,3.50,-11.25,0.172,False,1
2025-08-08,Friday,BULL,23541.75,23570.25,23541.5,23562.25,28.75,0.121,WHIPSAW,STRAIGHT UP,STRAIGHT UP,NO FOLLOW-THROUGH,0.25,-12.00,-10.50,-1.25,65.75,75.50,13.00,32.25,40.25,22.00,8.00,7.50,0.042,False,-1
2025-08-11,Monday,BULL,23715.75,23730.75,23714.75,23719.75,16.00,0.067,STRAIGHT DOWN,WHIPSAW,WHIPSAW,REVERSED,-26.25,-22.75,-30.25,-22.50,-2.25,19.00,2.50,38.75,2.00,-52.25,-7.25,-3.00,0.077,False,1
2025-08-12,Tuesday,BULL,23733,23750.5,23722,23738.75,28.50,0.120,WHIPSAW,WHIPSAW,WHIPSAW,CONTINUED,-27.00,-13.50,22.50,46.00,5.25,-110.25,53.25,28.75,94.75,100.75,-40.75,7.00,0.425,False,-1
2025-08-13,Wednesday,BEAR,24044.5,24049,24029.5,24031.5,19.50,0.079,STRAIGHT UP,SIDEWAYS,WHIPSAW,REVERSED,-17.00,-28.00,-26.50,-26.00,-0.50,28.00,2.75,36.00,110.50,97.25,25.25,9.50,0.052,False,1
2025-08-14,Thursday,BEAR,23858.25,23873.75,23845.75,23847,28.00,0.111,STRAIGHT UP,STRAIGHT UP,STRAIGHT UP,REVERSED,-22.50,-33.75,-22.00,-64.50,-70.75,-92.00,5.75,66.25,-85.00,-72.00,14.00,31.50,0.577,False,-1
2025-08-15,Friday,BEAR,23909,23910.75,23860.25,23861.25,50.50,0.200,WHIPSAW,WHIPSAW,STRAIGHT DOWN,NO FOLLOW-THROUGH,8.25,-5.50,-3.25,-4.25,47.50,64.75,11.25,26.25,-12.25,17.00,3.00,3.00,0.128,False,1
2025-08-18,Monday,BULL,23768.75,23804.5,23767.75,23801.75,36.75,0.142,WHIPSAW,WHIPSAW,STRAIGHT DOWN,NO FOLLOW-THROUGH,-10.00,-16.75,-0.75,5.25,-11.00,-51.25,16.50,21.75,-37.00,-26.50,-7.00,-0.75,0.064,False,-1
2025-08-19,Tuesday,BEAR,23762.25,23770.75,23749.5,23755.5,21.25,0.085,STRAIGHT DOWN,STRAIGHT DOWN,STRAIGHT DOWN,CONTINUED,31.50,62.75,73.50,90.00,92.25,81.75,95.50,2.25,-34.00,-37.00,18.50,10.25,0.057,False,1
2025-08-20,Wednesday,BEAR,23425.75,23432,23383.25,23385,48.75,0.189,WHIPSAW,STRAIGHT DOWN,STRAIGHT DOWN,NO FOLLOW-THROUGH,5.00,18.50,-11.75,5.50,81.00,196.25,23.00,18.00,-44.50,-29.25,0.75,14.00,0.094,False,-1
2025-08-21,Thursday,BEAR,23260.25,23267.25,23199.5,23200.5,67.75,0.267,STRAIGHT UP,SIDEWAYS,WHIPSAW,REVERSED,-10.25,-40.00,-70.75,-60.50,-8.75,-16.50,0.75,73.00,-64.50,-61.75,36.75,21.75,0.222,False,-1
2025-08-22,Friday,BEAR,23264.75,23273.5,23207,23210.5,66.50,0.268,STRAIGHT UP,STRAIGHT UP,STRAIGHT UP,REVERSED,-17.50,-35.25,-16.75,-30.50,-122.25,-247.25,4.25,47.25,46.75,37.00,22.50,10.50,0.064,False,-1
2025-08-25,Monday,DOJI,23496,23518.5,23495.5,23497.25,23.00,0.087,WHIPSAW,STRAIGHT DOWN,WHIPSAW,DOJI,-25.25,-31.50,-49.00,-9.25,-46.50,17.50,9.75,52.25,-72.00,-104.00,16.50,10.00,0.052,False,1
2025-08-26,Tuesday,DOJI,23470.25,23489.5,23466.25,23469,23.25,0.091,STRAIGHT UP,STRAIGHT UP,WHIPSAW,DOJI,27.25,30.50,37.50,29.25,15.50,34.25,46.00,0.75,-25.25,-39.75,0.00,2.00,0.067,False,-1
2025-08-27,Wednesday,BEAR,23541.5,23559.5,23533,23533.75,26.50,0.107,WHIPSAW,WHIPSAW,WHIPSAW,REVERSED,-17.50,-22.50,-12.25,-8.50,32.25,0.25,9.75,31.50,-45.75,-65.75,-40.25,-15.50,0.096,False,1
2025-08-28,Thursday,BULL,23640.5,23706.5,23629.25,23705.25,77.25,0.328,WHIPSAW,WHIPSAW,STRAIGHT DOWN,REVERSED,16.00,9.00,34.50,-11.25,-31.50,-105.50,38.00,17.75,20.50,97.50,7.25,-11.00,0.188,False,1
2025-08-29,Friday,DOJI,23652,23668,23637.5,23650.25,30.50,0.128,WHIPSAW,STRAIGHT DOWN,STRAIGHT DOWN,DOJI,4.00,-9.00,-12.50,-14.50,-84.75,-105.75,9.50,21.75,-113.75,-108.75,-14.75,-3.00,0.226,False,1
2025-09-02,Tuesday,BEAR,23100.25,23101.5,23049,23056,52.50,0.217,WHIPSAW,STRAIGHT UP,STRAIGHT UP,REVERSED,14.25,-12.50,-32.00,-60.50,-107.50,-198.50,31.00,75.75,-372.50,-402.25,4.50,-20.50,0.095,False,-1
2025-09-03,Wednesday,BEAR,23423.5,23438,23410,23411.5,28.00,0.118,STRAIGHT DOWN,STRAIGHT DOWN,WHIPSAW,CONTINUED,23.50,17.00,0.00,16.50,18.25,-4.00,31.50,8.25,146.75,41.75,0.00,-15.00,0.174,False,1
2025-09-04,Thursday,BEAR,23480.25,23487.25,23457.25,23470.5,30.00,0.126,STRAIGHT UP,STRAIGHT UP,SIDEWAYS,REVERSED,-19.25,-35.50,-51.25,-60.00,-28.50,-0.25,3.25,77.75,28.25,24.75,-4.25,15.25,0.175,False,1
2025-09-05,Friday,BEAR,23874.5,23902.5,23852.5,23853,50.00,0.203,WHIPSAW,WHIPSAW,WHIPSAW,NO FOLLOW-THROUGH,-20.25,-0.75,6.25,6.75,11.50,27.00,19.75,35.00,208.50,180.50,0.25,-8.25,0.486,True,1
2025-09-08,Monday,DOJI,23784.25,23811.25,23782.75,23788,28.50,0.109,STRAIGHT UP,STRAIGHT UP,STRAIGHT UP,DOJI,9.00,3.50,13.25,35.25,52.00,58.50,38.50,16.75,93.25,107.00,4.75,-1.00,0.061,False,-1
2025-09-09,Tuesday,BEAR,23835,23857.75,23826.25,23826.5,31.50,0.119,STRAIGHT UP,UP (CHOPPY),WHIPSAW,REVERSED,-18.75,-17.00,-14.50,-9.75,-13.25,39.25,3.50,28.50,32.00,35.50,-3.75,17.50,0.066,False,1
2025-09-10,Wednesday,BEAR,23998.5,24000.75,23941.25,23943.25,59.50,0.237,WHIPSAW,WHIPSAW,WHIPSAW,REVERSED,-2.75,5.50,-9.75,-21.50,21.50,-4.25,11.25,29.50,131.25,97.75,-6.25,-8.75,0.442,False,1
2025-09-11,Thursday,DOJI,23977,23996.5,23973,23980,23.50,0.099,WHIPSAW,STRAIGHT DOWN,SIDEWAYS,DOJI,8.00,1.25,14.00,-3.75,-62.00,-13.00,17.75,12.50,103.00,120.25,17.75,22.00,0.552,False,-1
2025-09-12,Friday,BULL,24040.5,24063.5,24039.25,24047.5,24.25,0.105,STRAIGHT DOWN,STRAIGHT DOWN,SIDEWAYS,REVERSED,-2.00,-16.75,-5.75,-25.50,-14.75,-4.75,5.00,29.75,28.75,12.25,-1.75,-6.50,0.104,False,1
2025-09-15,Monday,BULL,24177.75,24196.25,24172,24190,24.25,0.115,STRAIGHT UP,STRAIGHT UP,STRAIGHT UP,CONTINUED,13.75,19.00,2.00,15.00,25.50,68.25,22.25,3.00,68.00,64.75,4.00,3.25,0.060,False,1
2025-09-16,Tuesday,DOJI,24344.25,24355.75,24335.75,24342,20.00,0.096,WHIPSAW,STRAIGHT DOWN,STRAIGHT DOWN,DOJI,3.75,0.25,-15.25,-11.75,-34.00,-46.25,12.50,27.75,32.75,50.25,-8.25,-19.50,0.080,False,1
2025-09-17,Wednesday,BULL,24280.75,24301,24279.75,24293.25,21.25,0.104,STRAIGHT DOWN,STRAIGHT DOWN,STRAIGHT DOWN,REVERSED,-8.00,-15.50,-26.50,-37.50,-68.25,-57.50,6.75,39.00,-5.00,-13.00,-3.50,3.50,0.042,False,-1
2025-09-18,Thursday,BEAR,24435.75,24448.5,24410.25,24411.75,38.25,0.179,STRAIGHT UP,WHIPSAW,WHIPSAW,REVERSED,-29.25,-34.50,-40.25,-42.50,42.25,-44.00,1.75,52.50,203.75,175.25,-12.25,-0.50,0.162,False,-1
2025-09-22,Monday,BULL,24815.25,24832.25,24814.25,24828.5,18.00,0.085,STRAIGHT UP,UP (CHOPPY),STRAIGHT UP,CONTINUED,12.25,21.50,19.00,10.25,13.25,39.75,28.00,4.00,360.50,-36.75,16.25,0.00,0.059,False,1
2025-09-23,Tuesday,BEAR,25001,25004.25,24989.25,24995,15.00,0.072,WHIPSAW,STRAIGHT DOWN,STRAIGHT DOWN,CONTINUED,1.25,-3.25,-4.75,11.50,44.75,62.00,14.75,14.75,2.75,1.00,-8.50,-0.50,0.083,False,1
2025-09-24,Wednesday,BEAR,24885,24899.25,24862.5,24869.25,36.75,0.179,STRAIGHT DOWN,STRAIGHT DOWN,STRAIGHT DOWN,CONTINUED,7.25,19.00,37.50,19.75,40.50,55.00,41.00,6.50,54.00,44.75,2.50,7.75,0.040,False,-1
2025-09-25,Thursday,BEAR,24576.5,24578.75,24531.75,24542,47.00,0.223,WHIPSAW,STRAIGHT DOWN,STRAIGHT DOWN,CONTINUED,2.00,-7.25,-8.25,35.75,91.50,88.75,37.25,19.00,-162.75,-170.00,8.00,-2.75,0.130,False,-1
2025-09-26,Friday,BEAR,24654.25,24656.75,24603.5,24607,53.25,0.253,STRAIGHT UP,STRAIGHT UP,STRAIGHT UP,REVERSED,-27.25,-81.25,-84.00,-78.50,-54.25,-115.00,10.25,98.00,22.75,14.25,-39.75,-18.50,0.313,False,1
2025-09-29,Monday,BULL,24851.25,24870,24848.25,24855.25,21.75,0.110,STRAIGHT UP,STRAIGHT UP,STRAIGHT UP,CONTINUED,11.75,24.00,24.25,19.50,73.50,84.25,32.00,2.75,125.75,124.00,-48.75,-34.25,0.052,False,1
2025-09-30,Tuesday,BEAR,24820.5,24830.75,24800.75,24807.25,30.00,0.148,STRAIGHT DOWN,STRAIGHT DOWN,STRAIGHT DOWN,CONTINUED,-0.25,12.75,35.75,41.75,10.50,20.00,49.25,3.00,-16.75,8.75,-12.75,-1.25,0.060,False,-1
2025-10-01,Wednesday,BEAR,24763.5,24768.25,24743.5,24746.75,24.75,0.121,STRAIGHT UP,STRAIGHT UP,WHIPSAW,REVERSED,-57.75,-72.75,-80.50,-82.25,-63.00,-38.25,3.25,89.50,-133.75,-80.75,-13.00,-18.75,0.076,False,1
2025-10-02,Thursday,BEAR,25164.75,25169,25138.25,25142,30.75,0.145,WHIPSAW,STRAIGHT DOWN,STRAIGHT DOWN,CONTINUED,-2.25,3.50,9.50,15.50,85.75,82.75,28.75,12.25,153.25,155.50,3.00,-3.75,0.045,False,1
2025-10-03,Friday,BEAR,25133,25146.5,25120,25127.5,26.50,0.124,WHIPSAW,WHIPSAW,WHIPSAW,REVERSED,-31.00,-21.00,-18.75,-9.25,-10.50,39.50,6.50,36.75,24.75,28.00,13.25,5.75,0.060,True,-1
2025-10-06,Monday,BEAR,25214.25,25221.75,25182.25,25197.75,39.50,0.179,STRAIGHT DOWN,STRAIGHT DOWN,DOWN (CHOPPY),CONTINUED,5.25,24.50,31.25,29.75,50.25,24.00,43.00,13.75,217.75,220.25,23.50,23.75,0.080,False,-1
2025-10-07,Tuesday,BEAR,25237.25,25239,25217,25230.25,22.00,0.100,WHIPSAW,SIDEWAYS,SIDEWAYS,REVERSED,-4.50,4.25,-0.25,-14.75,-4.50,-16.50,10.50,17.50,53.00,53.25,-16.50,0.25,0.044,False,-1
2025-10-08,Wednesday,BULL,25080.25,25098.75,25073.25,25092.25,25.50,0.109,STRAIGHT UP,STRAIGHT UP,STRAIGHT UP,CONTINUED,18.00,33.00,38.50,24.50,46.75,94.75,42.75,2.75,35.00,25.25,17.25,-5.75,0.090,False,-1
2025-10-09,Thursday,BEAR,25329,25329.75,25306,25320.5,23.75,0.103,WHIPSAW,STRAIGHT DOWN,STRAIGHT DOWN,CONTINUED,-3.25,9.25,16.00,11.50,58.00,47.50,27.50,14.25,-0.50,-25.50,-3.50,-3.75,0.064,False,1
2025-10-10,Friday,DOJI,25313.5,25318.25,25293.75,25315,24.50,0.107,STRAIGHT UP,STRAIGHT UP,STRAIGHT UP,DOJI,29.50,20.50,8.75,19.75,69.50,44.50,31.75,-0.25,18.75,28.75,15.50,12.25,0.030,False,-1
2025-10-13,Monday,DOJI,24824.75,24838,24800,24821,38.00,0.133,STRAIGHT DOWN,WHIPSAW,WHIPSAW,DOJI,13.75,-8.50,-35.00,-91.00,-37.75,80.75,21.75,94.00,422.75,342.75,38.00,-22.25,0.069,False,-1
2025-10-14,Tuesday,BEAR,24638,24642,24590,24605.5,52.00,0.182,STRAIGHT DOWN,STRAIGHT DOWN,DOWN (CHOPPY),CONTINUED,8.00,-6.00,35.50,62.75,131.00,39.75,72.00,22.50,-283.00,-267.00,17.50,16.50,0.116,False,1
2025-10-15,Wednesday,BEAR,25002.25,25004.25,24965.5,24975.25,38.75,0.128,WHIPSAW,WHIPSAW,WHIPSAW,NO FOLLOW-THROUGH,7.00,9.00,1.00,2.25,0.00,-56.75,29.50,14.50,245.75,249.25,-19.75,2.50,0.107,False,1
2025-10-16,Thursday,BULL,25045.25,25073,25041,25070.75,32.00,0.101,WHIPSAW,WHIPSAW,WHIPSAW,NO FOLLOW-THROUGH,34.25,7.00,11.75,5.50,52.50,-8.00,35.25,12.00,120.00,106.50,-34.75,-23.50,0.163,False,-1
2025-10-17,Friday,BEAR,24736.25,24770.25,24699.75,24704.75,70.50,0.208,STRAIGHT UP,WHIPSAW,STRAIGHT UP,REVERSED,-47.00,-40.00,-55.00,-78.00,10.75,-78.50,3.75,97.00,-94.50,-57.00,-0.75,-21.50,0.130,False,-1
2025-10-20,Monday,BULL,25118.25,25175.5,25114.75,25173.25,60.75,0.172,STRAIGHT UP,STRAIGHT UP,STRAIGHT UP,CONTINUED,1.75,13.25,14.75,35.00,25.25,55.50,36.75,5.50,130.75,51.00,-12.00,-21.00,0.033,False,1
2025-10-21,Tuesday,BEAR,25301.25,25304.5,25286.5,25287,18.00,0.051,SIDEWAYS,STRAIGHT DOWN,STRAIGHT DOWN,NO FOLLOW-THROUGH,16.25,28.25,13.25,0.25,48.75,65.00,31.00,8.25,1.00,-25.00,2.50,22.00,0.057,False,1
2025-10-22,Wednesday,BEAR,25265.25,25271.5,25213.5,25216,58.00,0.169,STRAIGHT DOWN,WHIPSAW,WHIPSAW,CONTINUED,-7.25,-0.75,20.50,27.75,-38.25,-53.75,43.25,13.00,-26.00,-11.75,4.75,-6.25,0.068,False,-1
2025-10-23,Thursday,BULL,25016.25,25035.5,25013.5,25024.75,22.00,0.060,WHIPSAW,STRAIGHT UP,STRAIGHT UP,CONTINUED,-2.50,4.75,14.50,19.50,93.00,115.75,23.00,26.00,-23.75,1.50,8.25,16.00,0.109,False,-1
2025-10-24,Friday,BEAR,25466.5,25467.75,25433.25,25436.75,34.50,0.093,STRAIGHT UP,STRAIGHT UP,STRAIGHT UP,REVERSED,-6.50,-27.00,-31.75,-66.00,-76.50,-84.75,6.75,67.25,214.00,181.75,8.00,-20.50,0.531,False,1
2025-10-27,Monday,BULL,25815.75,25856,25813.5,25847.25,42.50,0.115,STRAIGHT DOWN,DOWN (CHOPPY),SIDEWAYS,REVERSED,-0.50,-8.00,-0.25,-38.25,-21.75,-3.00,12.50,51.00,307.75,117.00,-15.75,-11.75,0.034,False,1
2025-10-28,Tuesday,BULL,26051.5,26079.25,26048.75,26069.75,30.50,0.084,WHIPSAW,WHIPSAW,SIDEWAYS,REVERSED,13.75,22.50,10.75,-24.75,4.25,-5.00,24.25,26.50,90.75,49.00,39.00,3.75,0.041,False,1
2025-10-29,Wednesday,DOJI,26266,26288,26264.5,26268.75,23.50,0.065,SIDEWAYS,SIDEWAYS,STRAIGHT UP,DOJI,11.75,19.00,9.50,1.75,0.25,50.50,23.75,3.25,105.75,85.50,5.00,3.25,0.036,False,1
2025-10-30,Thursday,BEAR,26125.75,26127.5,26070.25,26086,57.25,0.156,STRAIGHT DOWN,STRAIGHT DOWN,WHIPSAW,CONTINUED,-7.50,18.00,25.50,62.25,93.00,-67.75,64.50,11.75,-154.50,-35.25,38.25,7.25,0.099,False,1
2025-10-31,Friday,BEAR,26199.25,26199.5,26175,26179,24.50,0.077,WHIPSAW,STRAIGHT DOWN,STRAIGHT DOWN,CONTINUED,20.00,5.00,27.00,20.00,82.75,89.50,34.25,12.00,328.00,42.50,-13.25,0.25,0.072,False,-1
2025-11-03,Monday,BULL,26235.75,26255.25,26235.25,26248.5,20.00,0.062,STRAIGHT DOWN,STRAIGHT DOWN,STRAIGHT DOWN,REVERSED,2.50,1.25,5.25,-39.50,-69.75,-133.50,17.25,41.25,242.25,209.50,47.00,7.50,0.095,False,-1
2025-11-04,Tuesday,BEAR,25741.5,25741.75,25705.5,25731.25,36.25,0.120,STRAIGHT DOWN,WHIPSAW,STRAIGHT UP,CONTINUED,-9.75,17.00,58.25,61.25,-31.50,-141.25,68.25,25.75,-368.75,-364.00,25.50,0.00,0.095,False,-1
2025-11-05,Wednesday,BULL,25542.25,25577.25,25530.75,25569,46.50,0.158,STRAIGHT DOWN,STRAIGHT DOWN,WHIPSAW,REVERSED,-41.50,-30.25,-29.50,-55.00,-15.25,114.00,7.25,79.00,-35.00,-3.00,-45.50,-12.25,0.111,False,-1
2025-11-06,Thursday,BEAR,25673.75,25684.75,25644.5,25652.25,40.25,0.141,WHIPSAW,WHIPSAW,STRAIGHT DOWN,CONTINUED,14.50,-12.25,19.75,32.00,10.00,166.75,32.25,16.50,-67.25,-58.75,-93.75,-16.00,0.043,False,1
2025-11-07,Friday,BEAR,25110.25,25111.5,25045.5,25046.25,66.00,0.226,WHIPSAW,WHIPSAW,WHIPSAW,CONTINUED,-16.25,-39.00,-5.75,15.25,61.00,72.75,16.25,43.50,-147.50,-201.00,-1.25,26.50,0.092,True,-1
2025-11-10,Monday,BULL,25539,25568.75,25524,25564,44.75,0.145,STRAIGHT UP,STRAIGHT UP,STRAIGHT UP,CONTINUED,11.00,13.00,20.00,36.25,69.50,70.50,38.50,2.50,374.75,218.75,-16.75,-2.75,0.048,False,1
2025-11-11,Tuesday,BULL,25605.25,25624.75,25595.5,25620,29.25,0.091,WHIPSAW,WHIPSAW,WHIPSAW,NO FOLLOW-THROUGH,-6.25,8.25,6.50,0.25,-3.00,-6.75,15.25,21.25,-107.75,-115.75,8.00,-13.25,0.086,False,1
2025-11-12,Wednesday,BEAR,25778.5,25780.5,25735,25735.75,45.50,0.151,STRAIGHT DOWN,STRAIGHT DOWN,STRAIGHT DOWN,CONTINUED,33.00,30.25,40.00,44.25,88.75,121.75,63.50,3.00,131.25,101.75,-22.00,-8.25,0.032,False,1
2025-11-13,Thursday,BEAR,25477.25,25501.5,25455.5,25458.25,46.00,0.153,STRAIGHT DOWN,STRAIGHT DOWN,STRAIGHT DOWN,CONTINUED,-10.25,5.75,2.50,56.50,160.75,61.25,66.00,21.75,-148.00,-148.00,-20.00,-1.75,0.209,False,-1
2025-11-14,Friday,BEAR,24722.75,24760.75,24694,24698,66.75,0.204,WHIPSAW,STRAIGHT UP,STRAIGHT UP,REVERSED,6.25,51.25,61.25,-17.00,-149.00,-232.75,72.00,21.25,-377.25,-376.75,5.50,-30.75,0.139,False,-1
2025-11-17,Monday,BEAR,24997.75,24999.75,24955.25,24968.25,44.50,0.123,STRAIGHT UP,STRAIGHT UP,STRAIGHT UP,REVERSED,-44.00,-100.25,-91.50,-137.75,-220.50,-230.75,5.50,140.25,-108.25,-146.25,-80.25,-29.75,0.116,False,1
2025-11-18,Tuesday,BULL,24718.25,24758.75,24705,24737.25,53.75,0.141,WHIPSAW,WHIPSAW,STRAIGHT DOWN,NO FOLLOW-THROUGH,-67.25,55.75,51.50,-6.25,-20.50,-204.50,94.75,72.75,-169.50,-187.00,-14.00,-17.25,0.150,False,-1
2025-11-19,Wednesday,DOJI,24610.75,24634,24579.75,24603.5,54.25,0.137,STRAIGHT UP,STRAIGHT UP,STRAIGHT UP,DOJI,-4.25,-19.00,21.50,67.75,159.50,294.00,69.25,30.75,29.50,63.75,-54.00,-30.00,0.089,False,-1
2025-11-20,Thursday,BEAR,25211,25242.25,25155,25180.5,87.25,0.215,WHIPSAW,WHIPSAW,STRAIGHT UP,REVERSED,-21.50,-13.50,16.50,-17.50,-15.00,-107.50,29.00,47.25,486.50,242.25,-19.00,2.00,0.268,False,1
2025-11-21,Friday,BULL,24202.75,24280,24175,24248.75,105.00,0.223,WHIPSAW,STRAIGHT DOWN,WHIPSAW,REVERSED,-47.00,-2.75,-45.25,-40.25,-102.25,-90.75,29.00,90.50,65.75,106.00,-40.25,-4.75,0.081,False,-1
2025-11-24,Monday,BULL,25585.25,25616.25,25576.5,25607.75,39.75,0.079,STRAIGHT UP,STRAIGHT UP,STRAIGHT UP,CONTINUED,43.25,91.50,104.50,158.75,102.00,157.75,177.50,1.75,1271.25,73.00,23.75,-8.25,0.049,False,1
2025-11-25,Tuesday,BEAR,25919.75,25945,25880.5,25892,64.50,0.126,STRAIGHT UP,STRAIGHT DOWN,WHIPSAW,REVERSED,-7.00,-15.00,-13.25,-38.25,140.50,37.25,3.00,39.75,-79.50,-116.50,-27.25,-4.50,0.109,False,1
2025-11-26,Wednesday,BULL,26285,26307.25,26271,26306,36.25,0.070,WHIPSAW,WHIPSAW,STRAIGHT DOWN,NO FOLLOW-THROUGH,-12.00,22.75,5.25,9.25,2.00,-94.25,28.00,17.50,142.75,152.00,7.00,15.00,0.059,False,1
2025-12-01,Monday,BULL,26317.75,26352.25,26316,26344.25,36.25,0.072,WHIPSAW,WHIPSAW,WHIPSAW,NO FOLLOW-THROUGH,-30.50,-17.50,2.75,11.50,-2.75,89.75,24.50,47.25,-41.50,-229.25,-11.25,-8.00,0.033,False,1
2025-12-02,Tuesday,BEAR,26555.25,26563.75,26536.5,26540.75,27.25,0.056,STRAIGHT UP,STRAIGHT UP,STRAIGHT UP,REVERSED,-17.00,-19.00,-36.25,-64.00,-124.50,-140.50,6.50,67.25,90.25,69.50,-14.00,-18.75,0.033,False,1
2025-12-03,Wednesday,BEAR,26557.75,26569.75,26520.5,26543.25,49.25,0.101,WHIPSAW,WHIPSAW,WHIPSAW,NO FOLLOW-THROUGH,-14.50,-45.00,-36.75,-10.75,-4.50,-37.00,21.25,57.75,-105.00,-119.00,-154.25,26.50,0.026,False,1
2025-12-04,Thursday,BEAR,26774.75,26776.25,26728,26732.5,48.25,0.099,STRAIGHT DOWN,STRAIGHT DOWN,STRAIGHT DOWN,CONTINUED,21.50,12.50,50.25,61.25,79.00,106.75,119.00,9.25,54.75,61.75,79.50,14.00,0.076,False,1
2025-12-05,Friday,BULL,26743,26808.75,26739.5,26795.5,69.25,0.143,STRAIGHT UP,WHIPSAW,WHIPSAW,CONTINUED,29.75,25.50,38.50,14.75,-9.00,44.25,44.50,2.00,52.25,48.50,65.25,31.25,0.060,True,-1
2025-12-08,Monday,BULL,26854.5,26895,26841.25,26887,53.75,0.116,SIDEWAYS,WHIPSAW,STRAIGHT DOWN,NO FOLLOW-THROUGH,13.00,18.50,8.75,6.25,-24.25,-75.50,36.75,10.75,65.25,42.75,-18.50,-12.50,0.056,False,1
2025-12-09,Tuesday,BEAR,26681.75,26702,26659.5,26664.75,42.50,0.097,SIDEWAYS,WHIPSAW,WHIPSAW,NO FOLLOW-THROUGH,18.75,31.50,12.75,0.25,-10.50,-37.50,41.75,9.50,-49.50,-94.75,2.25,17.50,0.067,False,-1
2025-12-10,Wednesday,DOJI,26710.25,26726.25,26692,26708,34.25,0.083,STRAIGHT DOWN,SIDEWAYS,DOWN (CHOPPY),DOJI,-17.25,-20.75,-24.00,-62.75,9.00,-33.25,7.00,64.25,-55.75,-33.75,-25.75,-8.75,0.096,False,1
2025-12-11,Thursday,BEAR,26707,26712.75,26651.5,26656,61.25,0.151,WHIPSAW,WHIPSAW,STRAIGHT DOWN,REVERSED,-14.00,-10.75,11.00,-15.25,37.00,188.00,29.75,26.00,-158.50,-133.50,0.50,-18.00,0.078,False,1
2025-12-12,Friday,BEAR,26622.75,26623,26589.25,26613,33.75,0.086,WHIPSAW,WHIPSAW,WHIPSAW,REVERSED,-19.25,-3.25,-27.25,-31.00,6.00,29.50,28.00,37.50,-155.25,-159.75,-65.75,-32.75,0.024,False,1
2025-12-15,Monday,BEAR,26475.75,26479.75,26436.25,26448.25,43.50,0.126,STRAIGHT DOWN,STRAIGHT DOWN,STRAIGHT DOWN,CONTINUED,-0.75,1.50,38.50,41.25,116.25,178.00,67.00,18.75,202.25,197.75,25.75,24.00,0.023,False,-1
2025-12-16,Tuesday,BULL,26041.5,26116.25,26019.5,26101.75,96.75,0.299,WHIPSAW,WHIPSAW,WHIPSAW,REVERSED,22.25,-16.75,4.25,-22.25,-73.25,102.75,27.50,32.00,-101.75,-124.50,-20.25,-42.25,0.283,False,-1
2025-12-17,Wednesday,DOJI,26232,26244.25,26206.5,26230,37.75,0.122,WHIPSAW,STRAIGHT DOWN,STRAIGHT DOWN,DOJI,-3.50,-8.75,-4.50,-40.50,-120.00,-111.25,29.00,42.00,48.75,88.75,-42.00,-20.75,0.044,False,1
2025-12-18,Thursday,BULL,26088.75,26125.75,26066.25,26116.5,59.50,0.191,STRAIGHT DOWN,STRAIGHT DOWN,SIDEWAYS,REVERSED,7.50,-2.75,-32.25,-65.00,-100.25,-10.25,22.75,66.50,387.00,299.50,57.00,13.75,0.271,False,-1
2025-12-19,Friday,BULL,26174.5,26211,26166,26201.5,45.00,0.144,STRAIGHT UP,STRAIGHT UP,STRAIGHT UP,CONTINUED,30.75,52.50,44.25,63.25,150.25,180.00,72.75,2.00,112.50,127.50,42.75,-8.25,0.107,False,-1
2025-12-22,Monday,BEAR,26590.5,26594.75,26564,26571.5,30.75,0.099,WHIPSAW,STRAIGHT DOWN,WHIPSAW,CONTINUED,-30.25,-3.75,35.25,66.00,71.50,32.75,67.50,33.25,199.50,145.50,27.75,4.25,0.022,False,1
2025-12-23,Tuesday,BULL,26454,26530,26447.75,26528.75,82.25,0.272,WHIPSAW,WHIPSAW,WHIPSAW,REVERSED,13.50,-18.75,-14.00,-12.00,10.75,-36.00,18.50,34.75,-43.75,-56.75,23.75,12.25,0.059,False,-1
2025-12-26,Friday,BEAR,26709,26720.5,26683.75,26685.75,36.75,0.123,STRAIGHT UP,STRAIGHT UP,SIDEWAYS,REVERSED,-6.25,-7.00,-32.25,-44.25,-52.25,3.00,11.50,47.00,88.00,29.25,2.50,-4.25,0.049,False,1
2025-12-29,Monday,BEAR,26516.5,26518.25,26474,26500.5,44.25,0.153,WHIPSAW,STRAIGHT UP,WHIPSAW,REVERSED,3.25,-17.75,-16.75,-43.25,-57.75,-44.50,24.25,43.50,-159.00,-162.00,13.50,27.25,0.052,False,-1
2025-12-30,Tuesday,BULL,26502,26542.75,26499,26527.5,43.75,0.153,WHIPSAW,STRAIGHT DOWN,WHIPSAW,REVERSED,-7.75,6.50,2.25,-16.50,-37.00,24.75,14.75,32.25,-49.00,-55.00,-21.75,-13.75,0.091,False,1
2025-12-31,Wednesday,DOJI,26488.75,26496,26473.5,26489.75,22.50,0.082,WHIPSAW,STRAIGHT DOWN,STRAIGHT DOWN,DOJI,-2.00,-18.25,-21.25,-11.75,-85.00,-74.75,12.25,29.00,1.00,0.25,-24.75,-16.00,0.051,False,-1
2026-01-02,Friday,BULL,26496,26537.75,26487.25,26531.25,50.50,0.181,STRAIGHT DOWN,STRAIGHT DOWN,WHIPSAW,REVERSED,-9.25,-51.00,-63.75,-65.00,-24.50,45.00,12.00,68.25,231.25,226.50,-6.25,8.50,0.051,True,-1
2026-01-05,Monday,BULL,26452.75,26483,26432.75,26467.25,50.25,0.172,STRAIGHT DOWN,STRAIGHT DOWN,STRAIGHT DOWN,REVERSED,-27.00,-59.25,-59.25,-84.50,-32.75,-61.25,7.75,85.50,258.50,212.50,66.50,19.25,0.077,False,-1
2026-01-06,Tuesday,BULL,26445.75,26485.25,26441.25,26479.75,44.00,0.157,STRAIGHT DOWN,WHIPSAW,WHIPSAW,REVERSED,-4.75,-11.00,-8.00,-18.25,17.75,92.00,5.00,43.00,49.25,55.25,20.00,21.75,0.052,False,-1
2026-01-07,Wednesday,BEAR,26600.25,26620.75,26586.25,26586.75,34.50,0.132,STRAIGHT UP,STRAIGHT UP,STRAIGHT UP,REVERSED,-3.25,-17.25,-22.75,-48.75,-68.00,-54.50,6.25,55.50,-23.00,-43.50,2.50,18.50,0.067,False,1
2026-01-08,Thursday,BEAR,26595.25,26612.5,26554.25,26567.5,58.25,0.233,STRAIGHT DOWN,STRAIGHT DOWN,STRAIGHT DOWN,CONTINUED,17.25,11.00,25.25,49.00,139.75,167.25,65.25,6.00,-48.75,-53.25,-13.25,5.50,0.131,False,1
2026-01-09,Friday,BEAR,26524,26525,26471.75,26492.75,53.25,0.215,WHIPSAW,WHIPSAW,WHIPSAW,REVERSED,15.00,12.00,-2.75,-20.50,-69.25,-27.50,34.75,28.50,32.50,-6.50,-90.75,-13.00,0.291,False,-1
2026-01-12,Monday,BULL,26555.75,26607.5,26553.5,26602.5,54.00,0.231,STRAIGHT UP,STRAIGHT UP,STRAIGHT UP,CONTINUED,32.75,38.75,42.25,70.25,55.00,103.25,77.25,9.50,-186.75,-200.75,2.25,20.25,0.072,False,1
2026-01-13,Tuesday,BULL,26759.5,26787.75,26740.5,26783.25,47.25,0.201,WHIPSAW,WHIPSAW,WHIPSAW,CONTINUED,-20.25,-24.00,-12.25,16.75,3.75,-7.00,21.50,38.00,-2.25,1.75,-21.25,-45.75,0.576,False,1
2026-01-14,Wednesday,BEAR,26549.75,26558,26524.75,26541.5,33.25,0.142,WHIPSAW,WHIPSAW,STRAIGHT DOWN,REVERSED,45.75,41.50,-13.75,-16.00,114.50,192.25,63.75,59.50,-164.00,-160.25,-14.50,-10.75,0.224,False,-1
2026-01-15,Thursday,BEAR,26734,26756.5,26701.5,26714,55.00,0.220,WHIPSAW,WHIPSAW,WHIPSAW,CONTINUED,-6.00,-14.50,3.50,22.25,-1.50,30.75,39.00,28.00,287.50,327.50,31.50,-11.00,0.138,False,-1
2026-01-16,Friday,BULL,26678,26696.25,26646,26692.5,50.25,0.197,STRAIGHT DOWN,STRAIGHT DOWN,STRAIGHT DOWN,REVERSED,-18.00,-37.75,-17.25,-22.75,-49.00,-155.50,8.50,48.50,151.75,148.00,42.00,25.75,0.091,False,-1
2026-01-21,Wednesday,BULL,26007,26031.75,25974,26023.25,57.75,0.214,STRAIGHT DOWN,SIDEWAYS,WHIPSAW,REVERSED,-39.50,-56.00,-54.00,-55.50,1.25,115.25,9.50,68.50,-486.75,50.50,112.50,-45.00,0.101,False,-1
2026-01-22,Thursday,BEAR,26539.5,26542,26483.75,26492.25,58.25,0.198,WHIPSAW,WHIPSAW,STRAIGHT DOWN,CONTINUED,5.50,-7.25,6.50,30.25,43.75,122.75,49.25,23.00,256.75,201.00,-5.75,15.25,0.116,False,1
2026-01-23,Friday,BULL,26416.75,26456.25,26404,26429,52.25,0.174,WHIPSAW,WHIPSAW,WHIPSAW,REVERSED,27.50,-20.00,-15.75,-32.50,7.50,57.00,33.50,34.25,-54.75,-2.25,36.00,24.00,0.088,False,-1
2026-01-26,Monday,BEAR,26558.5,26569.75,26514,26526.5,55.75,0.184,STRAIGHT UP,STRAIGHT UP,STRAIGHT UP,REVERSED,-40.00,-39.00,-45.25,-68.50,-108.75,-123.75,1.50,70.75,13.75,158.50,32.25,24.50,0.044,False,1
2026-01-27,Tuesday,DOJI,26792.5,26798.25,26765.25,26791.25,33.00,0.118,WHIPSAW,WHIPSAW,WHIPSAW,DOJI,14.25,12.25,-5.75,-31.00,-7.50,66.00,31.00,34.75,138.50,125.00,-8.00,-12.00,0.034,False,1
2026-01-28,Wednesday,DOJI,27063,27078.75,27039.75,27061.75,39.00,0.138,WHIPSAW,WHIPSAW,WHIPSAW,DOJI,7.75,30.00,10.25,-16.75,39.25,3.50,37.00,18.75,177.75,141.00,-20.50,-7.50,0.037,False,1
2026-01-29,Thursday,DOJI,26943,26979.75,26932.25,26949,47.50,0.169,WHIPSAW,STRAIGHT DOWN,STRAIGHT DOWN,DOJI,-19.50,-12.00,-29.75,-75.50,-187.25,-330.75,38.00,81.75,-17.25,-145.00,-61.50,-23.25,0.109,False,-1
2026-01-30,Friday,BULL,26643.75,26726.75,26632.75,26707,94.00,0.303,SIDEWAYS,WHIPSAW,WHIPSAW,NO FOLLOW-THROUGH,-64.50,-59.00,-19.50,-0.50,-39.25,-66.50,6.25,84.25,-158.25,-161.00,7.75,10.75,0.282,False,-1
2026-02-02,Monday,BULL,26352,26443.5,26350,26433.25,93.50,0.292,WHIPSAW,STRAIGHT UP,STRAIGHT UP,CONTINUED,8.75,13.25,-4.00,47.50,90.25,119.75,48.75,38.50,-128.75,12.00,12.75,5.50,0.113,False,-1
2026-02-03,Tuesday,BULL,26744.25,26762.25,26714,26751.75,48.25,0.150,STRAIGHT DOWN,STRAIGHT DOWN,STRAIGHT DOWN,REVERSED,-51.50,-60.00,-82.50,-72.50,-180.25,-331.75,4.50,103.25,78.25,60.75,-33.25,-8.50,0.054,False,1
2026-02-04,Wednesday,BEAR,26194.75,26196.25,26113.5,26119.5,82.75,0.233,WHIPSAW,WHIPSAW,STRAIGHT DOWN,REVERSED,44.00,42.75,43.25,-33.00,5.75,156.75,79.75,40.75,-60.75,-4.75,27.25,29.00,0.122,False,-1
2026-02-05,Thursday,BEAR,25580.75,25580.75,25500.75,25523.75,80.00,0.210,WHIPSAW,STRAIGHT UP,WHIPSAW,REVERSED,34.75,-7.25,3.75,-84.25,-198.75,-11.00,62.25,134.00,-226.75,-296.50,3.25,20.00,0.231,False,-1
2026-02-06,Friday,BEAR,25569.75,25579.5,25528.75,25548,50.75,0.132,STRAIGHT UP,STRAIGHT UP,STRAIGHT UP,REVERSED,-16.00,-94.50,-128.50,-118.75,-193.50,-107.00,37.75,148.75,121.50,350.25,-38.00,-32.00,0.093,True,-1
2026-02-09,Monday,BEAR,25867.5,25882.75,25774.25,25799.5,108.50,0.269,WHIPSAW,STRAIGHT UP,STRAIGHT UP,REVERSED,-16.75,-39.25,-58.00,-64.25,-145.75,-121.75,34.25,85.50,-89.25,-92.50,-21.25,0.75,0.068,False,1
2026-02-10,Tuesday,DOJI,26186,26209.75,26167,26186.5,42.75,0.103,WHIPSAW,STRAIGHT DOWN,WHIPSAW,DOJI,-5.50,3.50,-25.25,-4.25,-81.50,8.00,33.50,30.50,35.00,14.50,3.00,-16.50,0.131,False,1
2026-02-11,Wednesday,BULL,26228.5,26274.75,26210,26269.5,64.75,0.164,STRAIGHT DOWN,STRAIGHT DOWN,STRAIGHT DOWN,REVERSED,-10.75,-31.00,-39.25,-73.25,-34.50,-152.00,5.75,98.00,197.75,165.00,-24.50,3.75,0.361,False,-1
2026-02-12,Thursday,DOJI,26156.5,26177,26124.75,26154.5,52.25,0.127,WHIPSAW,WHIPSAW,STRAIGHT DOWN,DOJI,-1.75,25.50,26.25,5.00,-71.00,-157.00,32.75,18.00,68.50,65.25,-48.50,-28.50,0.097,False,-1
2026-02-13,Friday,DOJI,25552.5,25574.75,25501,25553.5,73.75,0.168,WHIPSAW,WHIPSAW,WHIPSAW,DOJI,4.50,42.50,-6.75,-14.50,58.50,9.25,56.25,57.00,-23.25,-96.50,-39.00,16.25,0.290,False,-1
2026-02-17,Tuesday,BEAR,25468.5,25489.5,25429.25,25435.25,60.25,0.133,STRAIGHT UP,STRAIGHT UP,WHIPSAW,REVERSED,-75.00,-42.00,-76.50,-143.50,-41.25,126.00,19.75,158.00,-144.25,-87.50,46.00,12.75,0.077,False,1
2026-02-18,Wednesday,BEAR,25618.5,25634.25,25561.75,25586.25,72.50,0.155,WHIPSAW,STRAIGHT UP,STRAIGHT UP,NO FOLLOW-THROUGH,-24.50,-7.00,-27.50,-6.00,-98.00,-177.75,21.00,57.50,33.50,22.75,-19.25,-23.75,0.088,False,1
2026-02-19,Thursday,BULL,25643.75,25676.5,25623.25,25667.5,53.25,0.111,STRAIGHT DOWN,STRAIGHT DOWN,WHIPSAW,REVERSED,-0.50,-14.50,-5.25,-51.25,-79.00,9.75,25.50,63.25,-123.75,-107.00,-20.75,-35.25,0.100,False,1
2026-02-20,Friday,BULL,25525,25546.75,25486.75,25536.75,60.00,0.133,STRAIGHT UP,STRAIGHT UP,STRAIGHT UP,CONTINUED,13.75,53.50,80.00,123.75,207.50,201.00,127.50,8.75,-147.50,-128.75,-54.25,1.50,0.228,False,1
2026-02-23,Monday,BULL,25791,25845.75,25782.25,25821.75,63.50,0.139,WHIPSAW,STRAIGHT DOWN,STRAIGHT DOWN,REVERSED,-34.50,6.50,-0.50,-18.75,-143.50,-105.50,28.00,41.75,-95.00,-54.25,46.50,29.00,0.058,False,1
2026-02-24,Tuesday,BULL,25614.5,25635.5,25598.25,25622.75,37.25,0.082,STRAIGHT DOWN,WHIPSAW,WHIPSAW,REVERSED,-47.25,-45.00,-91.25,-77.25,108.75,18.25,8.25,104.25,38.50,17.50,-73.00,-24.75,0.048,False,-1
2026-02-25,Wednesday,BULL,25970,26029.5,25966.5,26021.25,63.00,0.147,STRAIGHT UP,STRAIGHT UP,STRAIGHT UP,CONTINUED,12.50,-0.25,19.00,16.75,87.25,131.00,33.25,2.50,129.25,139.75,10.00,8.00,0.047,False,1
2026-02-26,Thursday,BEAR,26151,26151.75,26095,26103.5,56.75,0.140,WHIPSAW,WHIPSAW,STRAIGHT DOWN,CONTINUED,-29.25,10.50,15.50,28.75,62.75,117.25,38.00,42.00,-44.50,-56.75,-41.75,-27.75,0.032,False,1
2026-02-27,Friday,BULL,25625.5,25677.75,25617.5,25637.75,60.25,0.148,WHIPSAW,WHIPSAW,WHIPSAW,CONTINUED,-3.50,52.75,65.50,46.00,29.75,61.50,76.50,24.00,-265.50,-210.50,-54.75,-8.25,0.193,False,-1
2026-03-02,Monday,BULL,25454.25,25494.25,25415,25492.5,79.25,0.204,STRAIGHT UP,STRAIGHT UP,STRAIGHT UP,CONTINUED,62.25,98.50,104.75,159.75,178.50,122.50,167.00,-0.25,-352.75,-40.00,24.25,5.50,0.104,False,1
2026-03-03,Tuesday,BULL,25343.75,25421,25325.75,25417.5,95.25,0.244,STRAIGHT DOWN,WHIPSAW,WHIPSAW,REVERSED,-4.50,-29.25,-20.00,-55.25,-36.75,-94.25,19.25,105.50,-487.00,-468.75,37.75,18.25,0.152,False,1
2026-03-04,Wednesday,BULL,25662.75,25765,25647,25744.25,118.00,0.289,WHIPSAW,STRAIGHT DOWN,WHIPSAW,REVERSED,-28.25,-11.50,13.25,-27.50,-89.00,33.25,36.00,46.25,94.50,141.25,-36.75,-28.00,0.102,False,1
2026-03-05,Thursday,BULL,25797.5,25869.25,25795,25846.25,74.25,0.182,STRAIGHT UP,SIDEWAYS,STRAIGHT UP,CONTINUED,8.75,29.00,46.50,59.75,9.00,168.25,74.25,13.75,-135.75,-166.75,-6.50,18.50,0.127,False,1
2026-03-06,Friday,DOJI,25494.5,25530.25,25479.75,25491.5,50.50,0.129,WHIPSAW,WHIPSAW,WHIPSAW,DOJI,-4.25,23.50,16.25,-31.25,6.75,56.25,50.50,43.00,-363.50,-330.50,39.25,40.50,0.405,True,1
2026-03-09,Monday,BULL,25242.5,25322.25,25229.75,25321.25,92.50,0.241,WHIPSAW,STRAIGHT DOWN,STRAIGHT DOWN,REVERSED,-25.00,-15.75,-51.25,-27.25,-158.75,-137.00,14.50,67.50,-235.00,-67.50,53.00,22.50,0.148,False,-1
2026-03-10,Tuesday,BULL,25800.25,25877,25800.25,25856.5,76.75,0.189,WHIPSAW,WHIPSAW,STRAIGHT DOWN,REVERSED,16.50,21.00,-42.75,-50.25,-34.00,-116.50,34.25,53.75,-1.00,12.75,22.00,-10.75,0.104,False,1
2026-03-11,Wednesday,BULL,25844.25,25901,25844.25,25895.25,56.75,0.141,WHIPSAW,WHIPSAW,WHIPSAW,NO FOLLOW-THROUGH,-20.00,2.50,-2.25,-6.25,1.00,87.00,16.25,32.25,51.50,19.00,88.50,16.25,0.316,False,-1
2026-03-12,Thursday,DOJI,25585.25,25622.75,25575.75,25590.5,47.00,0.115,WHIPSAW,WHIPSAW,WHIPSAW,DOJI,-34.50,-8.25,13.50,34.00,-50.75,-81.75,49.50,38.75,-208.50,-162.75,-57.00,-12.00,0.094,False,-1
2026-03-13,Friday,BULL,25455.5,25497.75,25446.75,25476.5,51.00,0.129,WHIPSAW,STRAIGHT UP,WHIPSAW,REVERSED,0.00,-3.50,-4.50,-32.50,129.00,85.25,34.75,48.75,90.75,81.25,-35.00,-34.75,0.079,False,-1
2026-03-16,Monday,DOJI,25464.5,25482,25431.75,25458,50.25,0.125,STRAIGHT UP,STRAIGHT UP,STRAIGHT UP,DOJI,25.25,37.50,58.25,60.75,75.25,61.00,69.25,0.75,259.25,366.75,-2.50,0.50,0.053,False,-1
2026-03-17,Tuesday,DOJI,25596.25,25605.5,25559.75,25597,45.75,0.118,STRAIGHT UP,STRAIGHT UP,STRAIGHT UP,DOJI,16.25,57.25,65.25,59.75,84.00,83.75,71.50,19.50,116.25,124.50,68.00,-16.00,0.082,False,1
2026-03-18,Wednesday,DOJI,25524.5,25556.5,25515.25,25518.75,41.25,0.107,WHIPSAW,WHIPSAW,SIDEWAYS,DOJI,5.00,17.00,17.25,33.75,34.00,17.75,36.00,19.50,-82.25,-97.00,47.75,17.25,0.220,False,1
2026-03-19,Thursday,BEAR,25023.75,25024.5,24924.75,24968.25,99.75,0.266,STRAIGHT DOWN,WHIPSAW,STRAIGHT UP,CONTINUED,14.75,25.50,15.75,42.75,-61.00,-156.75,48.50,12.25,-223.50,-186.25,-18.00,-10.00,0.145,False,-1
2026-03-20,Friday,BEAR,25083.25,25086.5,25018.25,25020.25,68.25,0.178,WHIPSAW,WHIPSAW,STRAIGHT DOWN,CONTINUED,17.00,11.00,30.50,28.00,-31.75,144.50,42.00,25.00,-86.75,-141.50,-9.00,-12.00,0.100,False,1
2026-03-23,Monday,BEAR,25089.5,25117.25,25028,25067.25,89.25,0.232,WHIPSAW,STRAIGHT UP,STRAIGHT UP,CONTINUED,-20.75,6.50,-23.50,19.25,-70.25,-118.50,28.00,35.75,379.50,579.50,-115.50,-48.75,0.140,False,-1
2026-03-24,Tuesday,DOJI,24851,24880.25,24821.25,24859.25,59.00,0.157,WHIPSAW,WHIPSAW,WHIPSAW,DOJI,48.75,25.00,22.75,7.75,-75.25,-21.50,53.25,20.75,-144.00,-153.00,-24.50,6.75,0.183,False,-1
2026-03-25,Wednesday,BULL,25025.75,25065.75,25021.5,25049.75,44.25,0.121,WHIPSAW,WHIPSAW,WHIPSAW,CONTINUED,6.75,6.25,-16.75,25.00,3.00,-112.25,29.25,22.50,213.00,8.25,-17.25,-6.75,0.165,False,-1
2026-03-26,Thursday,BEAR,24751.5,24752,24689.5,24702.5,62.50,0.178,WHIPSAW,WHIPSAW,STRAIGHT UP,NO FOLLOW-THROUGH,-1.50,4.50,5.75,10.50,-65.50,-105.00,19.50,24.25,-217.25,-211.75,38.50,20.75,0.119,False,-1
2026-03-27,Friday,BEAR,24250,24259.75,24224.5,24240.75,35.25,0.097,STRAIGHT DOWN,STRAIGHT DOWN,STRAIGHT DOWN,CONTINUED,31.75,38.75,64.25,91.00,25.00,139.00,104.25,3.25,-132.25,-176.00,40.75,15.75,0.091,False,-1
2026-03-30,Monday,BEAR,24104,24105.75,24074,24081,31.75,0.094,WHIPSAW,WHIPSAW,STRAIGHT DOWN,CONTINUED,-49.25,-19.00,-6.50,41.25,90.00,164.50,42.00,52.50,199.25,316.50,2.50,-5.00,0.088,False,-1
2026-03-31,Tuesday,BULL,23976.5,24027,23974.25,24011.75,52.75,0.150,WHIPSAW,WHIPSAW,STRAIGHT UP,CONTINUED,17.50,-27.25,7.75,11.00,41.75,154.00,44.25,34.50,246.00,269.50,11.75,-17.00,0.068,False,-1
2026-04-01,Wednesday,DOJI,24683.75,24695,24650,24678.75,45.00,0.121,WHIPSAW,WHIPSAW,WHIPSAW,DOJI,-12.75,41.50,59.25,74.75,2.75,39.50,80.00,39.75,167.75,194.25,27.50,7.00,0.095,False,1
2026-04-02,Thursday,BULL,24358.75,24406.25,24358.25,24389.75,48.00,0.129,STRAIGHT DOWN,STRAIGHT DOWN,WHIPSAW,REVERSED,19.00,-17.50,-10.25,-60.00,-51.00,102.25,24.75,61.00,-438.50,-419.00,37.25,38.00,0.081,False,1
2026-04-06,Monday,BULL,24860.5,24925.5,24859.5,24925.5,66.00,0.173,WHIPSAW,WHIPSAW,WHIPSAW,NO FOLLOW-THROUGH,14.00,-14.00,36.75,-5.25,31.50,68.25,43.75,22.50,43.75,171.00,-42.25,-19.25,0.077,False,1
2026-04-07,Tuesday,DOJI,24839.25,24898.75,24838,24847.5,60.75,0.157,STRAIGHT DOWN,STRAIGHT DOWN,STRAIGHT DOWN,DOJI,-39.75,-32.25,-30.50,-35.25,-62.25,-147.75,6.75,54.00,-119.00,-99.00,27.50,1.00,0.104,False,1
2026-04-08,Wednesday,BEAR,25794.75,25847.25,25773.5,25780,73.75,0.182,DOWN (CHOPPY),STRAIGHT DOWN,STRAIGHT DOWN,CONTINUED,44.00,32.00,30.00,13.25,74.25,100.25,51.75,10.50,830.50,709.50,-13.50,-8.00,0.050,False,1
2026-04-09,Thursday,BEAR,25676.5,25702.5,25664.5,25670.5,38.00,0.094,STRAIGHT DOWN,WHIPSAW,WHIPSAW,CONTINUED,-11.75,26.50,25.50,46.75,-22.00,55.50,56.00,16.00,-1.25,41.75,51.75,36.50,0.080,False,-1
2026-04-10,Friday,BULL,25910.25,25939.5,25902.25,25921.5,37.25,0.093,WHIPSAW,WHIPSAW,WHIPSAW,REVERSED,27.25,31.75,39.25,-12.00,7.75,-25.00,46.00,15.00,65.50,72.50,10.50,6.00,0.172,False,1
2026-04-13,Monday,BULL,25811,25834.75,25811,25824.25,23.75,0.063,STRAIGHT DOWN,STRAIGHT DOWN,WHIPSAW,REVERSED,-7.00,-26.00,-8.00,-22.50,-57.75,94.00,2.75,32.50,-69.50,211.00,47.25,12.00,0.068,False,-1
2026-04-14,Tuesday,BULL,26251.75,26303.5,26251.25,26284.75,52.25,0.139,STRAIGHT UP,STRAIGHT UP,STRAIGHT UP,CONTINUED,19.25,16.25,30.50,53.50,70.00,35.25,56.50,7.75,117.75,74.75,-20.00,-14.00,0.133,False,1
2026-04-15,Wednesday,DOJI,26618.5,26635.75,26598,26615.5,37.75,0.099,WHIPSAW,WHIPSAW,WHIPSAW,DOJI,-23.25,3.50,14.00,0.50,-9.00,33.50,19.25,24.75,21.50,36.25,33.25,30.00,0.050,False,1
2026-04-16,Thursday,BEAR,27036.25,27049,26982.25,26990.75,66.75,0.170,STRAIGHT DOWN,SIDEWAYS,STRAIGHT DOWN,CONTINUED,21.50,4.25,18.75,15.75,9.50,88.75,28.00,7.50,77.50,95.50,39.25,35.50,0.062,False,1
2026-04-17,Friday,DOJI,27287.75,27316.25,27262.25,27284,54.00,0.142,WHIPSAW,WHIPSAW,WHIPSAW,DOJI,-1.25,-7.25,-49.00,-3.00,21.50,60.50,31.50,59.00,208.25,227.50,-49.50,-59.00,0.078,False,1
2026-04-20,Monday,DOJI,27391.5,27421.5,27391.25,27395.5,30.25,0.082,WHIPSAW,STRAIGHT DOWN,SIDEWAYS,DOJI,-39.00,-32.75,-12.50,4.25,-43.50,-16.75,16.75,53.00,-32.00,193.00,45.75,20.00,0.034,False,1
2026-04-21,Tuesday,BEAR,27403.5,27433.5,27367.25,27368.5,66.25,0.188,STRAIGHT DOWN,STRAIGHT DOWN,WHIPSAW,CONTINUED,25.25,21.50,25.50,25.00,18.50,-71.75,46.75,4.50,61.75,31.50,-12.75,2.25,0.064,False,-1
2026-04-22,Wednesday,BEAR,27476.75,27488,27445.5,27463.75,42.50,0.128,STRAIGHT DOWN,SIDEWAYS,SIDEWAYS,CONTINUED,1.75,30.50,37.25,45.25,6.00,-18.50,55.25,8.75,240.25,147.00,60.75,12.00,0.065,False,-1
2026-04-23,Thursday,BEAR,27610.5,27611,27559.5,27589.25,51.50,0.155,WHIPSAW,STRAIGHT UP,SIDEWAYS,REVERSED,9.75,-9.00,-6.75,-27.25,-61.25,10.25,18.25,32.25,-63.50,-65.50,5.75,-5.25,0.058,False,1
2026-04-24,Friday,BEAR,27805.75,27819,27772.5,27783,46.50,0.144,STRAIGHT UP,STRAIGHT UP,WHIPSAW,REVERSED,-20.75,-19.00,-36.75,-14.75,-38.50,10.50,5.25,58.25,284.00,218.75,-28.25,-32.50,0.117,False,-1
2026-04-27,Monday,BEAR,28006.75,28025.25,27958.5,27974.75,66.75,0.203,WHIPSAW,WHIPSAW,WHIPSAW,NO FOLLOW-THROUGH,-7.00,-10.00,2.25,6.75,18.50,-20.50,19.25,17.50,-23.00,7.25,-7.75,-2.25,0.052,False,1
2026-04-28,Tuesday,BEAR,27756.75,27758,27676.75,27685,81.25,0.263,STRAIGHT UP,STRAIGHT UP,STRAIGHT UP,REVERSED,4.25,-48.00,-44.50,-80.00,-122.75,-109.50,20.25,87.25,-282.75,-263.75,13.75,9.00,0.115,False,1
2026-04-29,Wednesday,BEAR,27802.25,27814,27746.25,27749.75,67.75,0.224,WHIPSAW,WHIPSAW,WHIPSAW,NO FOLLOW-THROUGH,-14.25,15.50,8.00,7.75,-8.50,-46.25,30.00,19.75,38.00,11.50,-18.25,-2.50,0.134,False,1
2026-04-30,Thursday,BEAR,28086.75,28086.75,28017.25,28031,69.50,0.235,STRAIGHT DOWN,STRAIGHT DOWN,STRAIGHT DOWN,CONTINUED,47.50,34.75,76.00,103.50,75.75,177.00,111.75,6.50,156.50,288.50,-32.75,-8.75,0.172,False,1
2026-05-01,Friday,BULL,28228,28261.25,28210.5,28261.25,50.75,0.160,STRAIGHT UP,STRAIGHT UP,STRAIGHT UP,CONTINUED,27.00,36.75,53.25,70.75,104.75,201.50,90.00,7.50,55.00,2.75,56.00,9.75,0.044,False,1
2026-05-04,Monday,BEAR,28450,28474.75,28431.75,28436,43.00,0.139,WHIPSAW,WHIPSAW,WHIPSAW,CONTINUED,8.75,14.75,6.00,14.25,-37.50,-48.75,32.25,21.50,16.50,-33.00,10.75,2.75,0.057,False,1
2026-05-05,Tuesday,BULL,28583.5,28618.5,28580.5,28598.75,38.00,0.123,WHIPSAW,STRAIGHT UP,STRAIGHT UP,CONTINUED,-10.75,3.00,19.00,32.75,92.50,68.75,34.25,32.75,208.25,234.50,15.50,12.75,0.043,False,-1
2026-05-06,Wednesday,BEAR,28985,28987.25,28932,28943.75,55.25,0.187,STRAIGHT UP,STRAIGHT UP,STRAIGHT UP,REVERSED,-39.00,-71.75,-61.75,-83.75,-128.25,-118.25,3.25,109.75,253.50,143.25,-67.50,2.00,0.133,False,1
2026-05-07,Thursday,BEAR,29345.75,29364.25,29322.5,29329,41.75,0.138,STRAIGHT UP,WHIPSAW,STRAIGHT UP,REVERSED,-8.00,-11.25,-25.00,-29.50,21.75,-58.75,11.50,40.25,39.00,86.25,-5.25,-3.00,0.051,False,1
2026-05-08,Friday,BULL,29473.25,29498.25,29459,29485.5,39.25,0.125,STRAIGHT UP,STRAIGHT UP,STRAIGHT UP,CONTINUED,36.25,46.50,65.50,75.50,150.75,213.75,81.00,10.25,194.00,290.25,-34.25,-9.25,0.295,True,-1
2026-05-11,Monday,BULL,29900.75,29941.5,29875.75,29938,65.75,0.200,STRAIGHT UP,STRAIGHT UP,WHIPSAW,CONTINUED,40.00,81.00,87.75,30.50,59.25,-20.75,94.75,0.25,-34.25,10.75,7.25,2.50,0.051,False,1
2026-05-12,Tuesday,BEAR,29808.25,29823,29741.25,29760.5,81.75,0.254,WHIPSAW,STRAIGHT UP,WHIPSAW,CONTINUED,7.50,-19.00,-13.00,11.50,-111.00,45.25,21.25,40.75,-214.50,-187.25,-10.25,9.75,0.289,False,1
2026-05-13,Wednesday,BEAR,29882.75,29884.75,29846.75,29856.75,38.00,0.111,STRAIGHT DOWN,STRAIGHT DOWN,STRAIGHT DOWN,CONTINUED,40.75,22.25,-2.75,46.25,92.75,94.75,50.00,7.50,114.25,139.25,51.00,-9.25,0.308,False,-1
2026-05-14,Thursday,DOJI,30071.75,30088.75,30052,30068.75,36.75,0.107,STRAIGHT UP,STRAIGHT UP,STRAIGHT UP,DOJI,24.25,42.25,62.50,90.50,186.00,119.25,97.50,19.25,-0.75,-61.25,-18.50,-14.50,0.194,False,1
2026-05-15,Friday,BEAR,29873.25,29887.25,29836,29853.75,51.25,0.150,STRAIGHT DOWN,STRAIGHT DOWN,STRAIGHT DOWN,CONTINUED,-3.00,10.75,46.50,48.75,124.75,102.25,69.50,13.25,-409.00,-417.25,87.25,68.00,0.131,False,1
2026-05-18,Monday,DOJI,29934,29950.5,29899.5,29927.75,51.00,0.142,WHIPSAW,STRAIGHT DOWN,STRAIGHT DOWN,DOJI,-11.75,-37.50,-13.00,-35.25,-140.75,-141.00,24.75,62.25,107.50,203.00,-70.25,-36.75,0.166,False,-1
2026-05-19,Tuesday,BULL,29445.75,29539.5,29439.25,29507.75,100.25,0.263,STRAIGHT UP,SIDEWAYS,WHIPSAW,CONTINUED,25.75,59.75,65.00,73.75,5.25,4.00,87.00,11.00,-248.00,-250.50,-63.25,13.25,0.093,False,-1
2026-05-20,Wednesday,BULL,29669.5,29720.75,29664.75,29699.25,56.00,0.141,WHIPSAW,WHIPSAW,WHIPSAW,REVERSED,6.75,28.75,45.25,-36.50,28.75,-2.25,51.00,39.25,151.75,143.75,-30.00,-41.25,0.091,False,1
2026-05-21,Thursday,BEAR,29809,29841.5,29771.25,29797.75,70.25,0.179,WHIPSAW,WHIPSAW,STRAIGHT UP,REVERSED,21.50,-10.25,-12.00,-34.75,-34.00,-103.50,30.00,66.25,-180.50,-47.50,19.00,26.25,0.171,False,1
2026-05-22,Friday,BULL,30176,30215.25,30127,30213.25,88.25,0.219,WHIPSAW,STRAIGHT UP,WHIPSAW,CONTINUED,26.75,24.00,-10.75,28.25,46.75,-31.50,40.50,22.50,138.50,130.50,-13.00,20.25,0.048,False,1
2026-05-26,Tuesday,BEAR,30499,30531.25,30474.5,30480,56.75,0.143,WHIPSAW,WHIPSAW,STRAIGHT UP,CONTINUED,-10.25,3.25,18.00,44.25,-78.00,-122.75,58.00,23.25,351.50,-58.75,-17.50,-22.25,0.048,False,-1
2026-05-27,Wednesday,BEAR,30783.25,30787.75,30726,30735.75,61.75,0.153,WHIPSAW,STRAIGHT DOWN,STRAIGHT DOWN,CONTINUED,-5.25,-6.00,-0.75,24.00,109.75,98.00,36.00,30.25,108.75,134.00,-73.50,-29.25,0.098,False,1
2026-05-28,Thursday,BULL,30649.25,30703,30647.5,30689.75,55.50,0.140,STRAIGHT DOWN,STRAIGHT DOWN,STRAIGHT DOWN,REVERSED,-19.00,-29.75,-80.00,-81.75,-141.25,-82.50,18.25,109.50,6.25,-60.50,-2.50,11.00,0.121,False,-1
2026-05-29,Friday,DOJI,30978,31000.5,30961,30980.5,39.50,0.099,STRAIGHT UP,STRAIGHT UP,STRAIGHT UP,DOJI,29.50,19.25,11.00,34.75,73.25,141.50,42.25,15.50,76.25,59.25,33.00,35.00,0.099,False,1
2026-06-01,Monday,BEAR,30938.5,30967.5,30900.5,30914,67.00,0.174,STRAIGHT UP,STRAIGHT UP,SIDEWAYS,REVERSED,-37.00,-80.75,-73.00,-117.25,-117.00,4.75,9.50,117.50,-52.50,-73.50,-106.25,47.25,0.059,False,1
2026-06-02,Tuesday,BEAR,31151.5,31163,31093,31099,70.00,0.177,WHIPSAW,WHIPSAW,WHIPSAW,CONTINUED,-7.75,10.75,16.50,46.75,-4.75,-97.25,49.75,26.50,-15.50,13.50,26.75,12.50,0.064,False,1
2026-06-03,Wednesday,BULL,31349.75,31388.5,31349.5,31362.25,39.00,0.103,STRAIGHT DOWN,STRAIGHT DOWN,STRAIGHT DOWN,REVERSED,30.50,26.25,-2.75,-86.75,-162.25,-157.00,41.00,89.25,47.00,10.75,36.25,0.00,0.078,False,1
2026-06-04,Thursday,BEAR,30864.25,30865.75,30805.5,30838.5,60.25,0.165,STRAIGHT UP,WHIPSAW,WHIPSAW,REVERSED,-31.25,-53.50,-96.00,-76.50,44.25,8.50,11.50,110.75,-365.50,-192.25,-42.00,-54.00,0.104,False,-1
2026-06-05,Friday,BEAR,30631.5,30655,30594,30615.75,61.00,0.163,UP (CHOPPY),WHIPSAW,STRAIGHT DOWN,REVERSED,-77.00,-61.25,-42.25,-15.00,109.50,236.00,9.25,80.50,-448.00,-374.00,-18.50,4.25,0.303,True,1
2026-06-08,Monday,BULL,30122.25,30164.5,30096.5,30161.75,68.00,0.160,STRAIGHT DOWN,STRAIGHT DOWN,STRAIGHT DOWN,REVERSED,-44.50,-58.75,-124.00,-113.25,-45.00,-199.75,18.25,169.00,511.00,683.25,40.75,-48.00,0.075,False,-1
2026-06-09,Tuesday,BEAR,30332.75,30339.5,30289.75,30323,49.75,0.120,STRAIGHT DOWN,WHIPSAW,WHIPSAW,CONTINUED,40.00,42.00,72.50,18.50,-56.00,71.00,94.25,8.75,283.50,301.00,2.00,25.25,0.136,False,-1
2026-06-10,Wednesday,BULL,29447.5,29550,29424.5,29515.75,125.50,0.252,STRAIGHT DOWN,WHIPSAW,WHIPSAW,REVERSED,-43.00,-63.50,-84.50,-32.50,158.50,78.25,7.25,148.50,-263.00,-249.50,19.50,-6.50,0.507,False,-1
2026-06-11,Thursday,BULL,29349,29374.5,29320.75,29371.25,53.75,0.102,STRAIGHT DOWN,WHIPSAW,WHIPSAW,REVERSED,-58.75,-77.25,-63.50,-63.00,42.75,186.00,7.25,104.75,224.50,295.50,-60.00,-35.00,0.317,False,-1
2026-06-12,Friday,BEAR,30086,30089.75,29967.5,30021.5,122.25,0.217,SIDEWAYS,STRAIGHT DOWN,SIDEWAYS,NO FOLLOW-THROUGH,36.50,46.50,113.75,16.75,191.50,-6.50,126.75,5.25,27.00,41.50,86.75,53.00,0.062,False,1
2026-06-15,Monday,BULL,30933.25,30966.5,30901.5,30963.25,65.00,0.111,STRAIGHT UP,STRAIGHT UP,SIDEWAYS,CONTINUED,10.25,28.25,25.00,39.00,80.25,39.75,41.25,8.25,689.25,534.00,53.50,24.75,0.057,False,1
2026-06-16,Tuesday,DOJI,31110.75,31118.25,31064.5,31106.75,53.75,0.092,WHIPSAW,WHIPSAW,WHIPSAW,DOJI,-22.25,-16.00,-42.00,25.25,7.75,3.50,27.00,56.25,-65.75,-22.25,-15.50,-28.00,0.067,False,1
2026-06-17,Wednesday,BEAR,30827.5,30828,30766.5,30777.75,61.50,0.102,STRAIGHT DOWN,WHIPSAW,WHIPSAW,CONTINUED,26.50,15.75,49.00,23.25,-28.00,95.50,58.25,9.25,217.75,214.75,37.75,27.00,0.072,False,-1
2026-06-18,Thursday,BEAR,30894.25,30914.75,30854.25,30873.25,60.50,0.098,STRAIGHT DOWN,STRAIGHT DOWN,STRAIGHT DOWN,CONTINUED,1.50,-1.00,27.75,104.25,118.25,88.00,116.25,14.75,602.50,448.25,79.00,53.25,0.042,False,-1
2026-06-22,Monday,BULL,31122.25,31201.75,31107.5,31192.5,94.25,0.150,STRAIGHT DOWN,STRAIGHT DOWN,WHIPSAW,REVERSED,-65.25,-80.50,-118.25,-46.75,-71.00,19.75,3.25,135.50,123.75,241.50,21.50,-47.50,0.049,False,1
2026-06-23,Tuesday,BEAR,30017.75,30022.25,29938.25,29959,84.00,0.133,WHIPSAW,STRAIGHT UP,STRAIGHT UP,REVERSED,-77.25,-91.75,-79.75,-59.50,-100.50,-301.50,42.75,122.50,-935.50,-944.50,-17.25,-27.50,0.132,False,-1
2026-06-24,Wednesday,BEAR,30012,30012,29935.5,29952.75,76.50,0.119,STRAIGHT UP,WHIPSAW,WHIPSAW,REVERSED,-13.50,-139.50,-165.00,-163.25,-29.50,2.25,6.00,187.00,63.25,-53.75,-51.00,-23.00,0.073,False,-1
2026-06-25,Thursday,BEAR,30452.5,30498.25,30407.5,30422.5,90.75,0.136,STRAIGHT DOWN,STRAIGHT DOWN,STRAIGHT DOWN,CONTINUED,41.75,53.00,72.75,37.00,421.00,741.50,82.75,4.25,639.00,56.75,-49.75,11.50,0.207,False,-1
2026-06-26,Friday,BEAR,29661.25,29661.5,29591.75,29634,69.75,0.099,WHIPSAW,STRAIGHT DOWN,WHIPSAW,NO FOLLOW-THROUGH,-22.00,44.00,133.75,13.00,82.25,-173.75,152.25,38.50,-383.75,-386.25,46.25,62.25,0.056,False,-1
2026-06-29,Monday,BEAR,29944,29973.5,29856.75,29922.5,116.75,0.177,STRAIGHT UP,STRAIGHT UP,WHIPSAW,REVERSED,-40.50,-98.75,-98.75,-118.75,-194.50,46.00,26.25,145.25,342.75,364.25,-60.25,-32.00,0.052,False,-1
2026-06-30,Tuesday,BULL,30346.5,30392,30334,30386.5,58.00,0.085,STRAIGHT UP,STRAIGHT UP,STRAIGHT UP,CONTINUED,42.00,49.75,72.75,161.75,160.75,229.00,164.25,5.50,0.25,41.25,33.75,46.25,0.064,False,1
2026-07-01,Wednesday,DOJI,30534.25,30560.25,30468,30539.75,92.25,0.151,STRAIGHT DOWN,STRAIGHT DOWN,WHIPSAW,DOJI,-25.00,-64.50,-119.25,-137.75,-77.75,54.25,13.50,152.75,-287.50,-267.00,-31.50,-53.50,0.169,False,1
2026-07-02,Thursday,DOJI,30378,30406.75,30307,30378,99.75,0.172,STRAIGHT UP,WHIPSAW,STRAIGHT UP,DOJI,3.75,-1.75,25.00,55.75,62.00,169.50,83.00,26.00,-3.00,-7.50,-105.25,-87.00,0.252,True,-1
2026-07-06,Monday,BULL,30135,30177.25,30075.75,30155.25,101.50,0.175,STRAIGHT UP,WHIPSAW,WHIPSAW,CONTINUED,-3.50,54.50,55.25,45.25,99.00,75.50,81.75,10.50,298.50,-101.00,-97.75,-2.50,0.036,False,-1
2026-07-07,Tuesday,BULL,29893.5,29986,29868.75,29935.25,117.25,0.208,STRAIGHT DOWN,STRAIGHT DOWN,STRAIGHT DOWN,REVERSED,6.00,-28.75,-73.25,-113.75,-69.25,-148.75,26.25,130.75,-358.50,-367.00,-49.75,-15.50,0.058,False,1
2026-07-08,Wednesday,BULL,29501.5,29578.25,29501.5,29552.25,76.75,0.134,WHIPSAW,STRAIGHT UP,STRAIGHT UP,CONTINUED,43.25,66.50,45.00,55.50,132.00,116.50,78.50,30.75,-191.25,-184.25,48.00,21.50,0.079,False,-1
2026-07-09,Thursday,BEAR,30045.5,30055.5,29982.25,29995.5,73.25,0.129,STRAIGHT UP,STRAIGHT UP,STRAIGHT UP,REVERSED,0.00,-5.00,-38.25,-112.75,-187.25,-203.75,24.25,122.00,286.50,335.50,9.75,1.50,0.065,False,1
2026-07-10,Friday,BULL,30134.75,30175.5,30112,30175,63.50,0.116,WHIPSAW,WHIPSAW,WHIPSAW,CONTINUED,7.75,37.75,30.75,23.50,-0.75,43.50,50.75,21.00,-111.50,-101.25,35.25,6.25,0.035,False,1
2026-07-13,Monday,DOJI,30010,30035.25,29950,30013.25,85.25,0.155,STRAIGHT DOWN,STRAIGHT DOWN,STRAIGHT DOWN,DOJI,12.25,-1.75,-41.75,-52.25,-168.25,-54.75,23.75,82.75,-328.75,-246.25,-7.75,19.25,0.050,False,1
2026-07-14,Tuesday,BEAR,30110.75,30114.75,30050,30068.25,64.75,0.120,STRAIGHT DOWN,WHIPSAW,SIDEWAYS,CONTINUED,23.00,33.50,40.75,60.25,-29.00,-11.75,83.50,25.25,345.00,371.75,39.00,16.50,0.469,False,-1
2026-07-15,Wednesday,DOJI,30254.75,30278,30237,30253.75,41.00,0.077,STRAIGHT DOWN,STRAIGHT DOWN,STRAIGHT DOWN,DOJI,-12.00,-20.50,-22.00,-37.25,-121.00,-115.50,12.25,44.75,167.50,156.75,-25.50,5.50,0.192,False,-1
2026-07-16,Thursday,BULL,29766,29831.75,29760,29804.5,71.75,0.136,STRAIGHT DOWN,STRAIGHT DOWN,STRAIGHT DOWN,REVERSED,18.50,-19.00,-30.25,-86.00,-195.25,-126.00,24.75,104.75,-234.50,-241.75,74.00,-18.00,0.086,False,-1
2026-07-17,Friday,BULL,28905.75,28959.75,28899.5,28944.5,60.25,0.122,STRAIGHT DOWN,STRAIGHT DOWN,WHIPSAW,REVERSED,37.00,-14.25,-68.25,-104.75,-196.75,92.75,40.75,114.25,-607.50,-580.00,-58.50,7.75,0.038,False,-1
2026-07-20,Monday,BULL,29343,29368.25,29325.5,29358.25,42.75,0.085,STRAIGHT UP,STRAIGHT UP,WHIPSAW,CONTINUED,3.25,50.50,63.75,71.50,111.75,-60.00,90.75,10.75,280.25,296.75,19.75,-0.75,0.054,False,1
2026-07-21,Tuesday,BEAR,29522.75,29546.5,29485,29486.25,61.50,0.129,SIDEWAYS,WHIPSAW,WHIPSAW,NO FOLLOW-THROUGH,16.25,19.25,46.50,-2.00,50.75,16.75,53.50,12.75,438.75,439.50,50.50,44.25,0.032,False,-1
2026-07-22,Wednesday,BULL,29388.5,29423.75,29388.5,29421.25,35.25,0.077,WHIPSAW,STRAIGHT UP,STRAIGHT UP,CONTINUED,7.00,27.00,21.25,30.50,82.75,157.75,40.75,20.00,-224.00,-220.00,72.25,-0.50,0.089,False,1
2026-07-23,Thursday,BEAR,29017.75,29027.5,28955.75,28987,71.75,0.158,STRAIGHT UP,STRAIGHT UP,STRAIGHT UP,REVERSED,-32.25,-52.25,-37.00,-65.75,-166.25,-60.00,6.25,87.50,-441.00,-388.75,-68.50,16.00,0.106,False,1
2026-07-24,Friday,BEAR,28839.75,28841.75,28804.5,28829.75,37.25,0.089,WHIPSAW,WHIPSAW,WHIPSAW,REVERSED,-1.50,-29.50,-28.50,-49.00,59.25,155.50,30.75,92.25,-68.75,-168.75,-52.50,-62.75,0.115,False,-1
2026-07-27,Monday,BEAR,28891,28916.75,28868.5,28880.25,48.25,0.114,WHIPSAW,STRAIGHT DOWN,STRAIGHT DOWN,REVERSED,15.25,58.75,74.25,-23.00,108.25,212.00,93.75,23.50,308.00,88.50,-101.00,-46.25,0.067,False,-1
2026-07-28,Tuesday,DOJI,28251,28292.75,28228.75,28244,64.00,0.146,STRAIGHT DOWN,STRAIGHT DOWN,STRAIGHT DOWN,DOJI,-33.75,-47.25,-39.50,-30.75,-233.00,-218.50,5.25,73.25,-241.00,-259.50,-42.75,-48.25,0.141,False,-1
2026-07-29,Wednesday,BEAR,28214.75,28249.5,28161.5,28169.5,88.00,0.201,STRAIGHT UP,WHIPSAW,WHIPSAW,REVERSED,21.25,-33.75,-91.25,-108.25,-43.00,117.00,33.25,127.25,-5.50,-46.50,7.00,19.50,0.099,False,-1
2026-07-30,Thursday,BEAR,28176.25,28192.5,28134.75,28159,57.75,0.124,WHIPSAW,STRAIGHT UP,STRAIGHT UP,REVERSED,-20.25,-3.25,17.75,-32.00,-155.25,-296.50,46.00,45.25,540.00,668.50,70.25,34.25,0.162,False,-1
2026-07-31,Friday,BULL,28876.25,28913.75,28840.5,28899.5,73.25,0.155,STRAIGHT UP,WHIPSAW,STRAIGHT DOWN,CONTINUED,26.75,63.75,87.00,108.25,-166.75,-255.25,126.00,16.25,349.00,260.50,109.75,29.00,0.107,False,1
2026-08-03,Monday,BEAR,28717.25,28736,28653.75,28658.5,82.25,0.166,WHIPSAW,STRAIGHT UP,STRAIGHT UP,REVERSED,9.50,10.25,2.25,-90.25,-132.25,-242.75,45.75,104.25,15.00,-150.50,-42.25,-54.25,0.046,False,-1
2026-08-04,Tuesday,BULL,29534,29604.25,29507.75,29603.5,96.50,0.187,STRAIGHT UP,STRAIGHT UP,STRAIGHT UP,CONTINUED,12.50,31.50,64.50,99.25,149.00,153.75,107.00,11.25,333.75,304.50,31.75,-5.75,0.063,False,1
2026-08-05,Wednesday,BEAR,30275.25,30296.75,30245.75,30264.25,51.00,0.096,WHIPSAW,WHIPSAW,WHIPSAW,REVERSED,-19.25,7.00,-31.25,-43.75,-64.25,-44.25,29.50,58.50,109.75,194.75,60.50,66.25,0.101,False,1
2026-08-06,Thursday,DOJI,29634.5,29670.75,29621,29627.75,49.75,0.094,WHIPSAW,WHIPSAW,STRAIGHT UP,DOJI,-21.75,-64.25,-53.75,41.50,138.75,199.75,47.25,87.00,-273.75,-240.75,-63.75,-21.50,0.067,False,-1
2026-08-07,Friday,BULL,30014.25,30038.75,29982.75,30030.25,56.00,0.108,WHIPSAW,WHIPSAW,WHIPSAW,CONTINUED,8.50,43.50,68.75,57.50,26.00,-30.75,82.50,42.50,217.75,199.25,-129.25,-14.50,0.239,True,1
2026-08-10,Monday,BULL,30105.25,30137,30089.25,30123.25,47.75,0.094,STRAIGHT DOWN,STRAIGHT DOWN,SIDEWAYS,REVERSED,-8.25,-2.25,-19.25,-41.25,-51.50,-18.50,17.75,96.75,-28.25,-46.00,27.75,-8.25,0.069,False,1
2026-08-11,Tuesday,BEAR,30139,30142.5,30070.75,30078.5,71.75,0.144,STRAIGHT DOWN,STRAIGHT DOWN,SIDEWAYS,CONTINUED,11.75,17.50,42.25,81.00,96.00,32.75,82.00,8.00,96.00,75.50,7.50,8.50,0.036,False,-1
2026-08-12,Wednesday,BEAR,30291.5,30301.25,30264.5,30274.25,36.75,0.073,STRAIGHT DOWN,STRAIGHT DOWN,STRAIGHT DOWN,CONTINUED,45.00,76.00,65.75,76.00,83.75,73.00,104.50,0.50,356.75,328.75,72.00,21.50,0.407,False,-1
2026-08-13,Thursday,BEAR,30211,30212.5,30179.75,30192,32.75,0.068,STRAIGHT UP,STRAIGHT UP,STRAIGHT UP,REVERSED,20.25,12.00,-8.25,-87.50,-171.50,-289.50,29.50,87.75,58.50,90.00,29.50,2.50,0.153,False,-1
2026-08-14,Friday,BULL,30541.25,30569.25,30524,30548.25,45.25,0.094,STRAIGHT DOWN,WHIPSAW,SIDEWAYS,REVERSED,-3.50,-10.50,-34.50,-48.50,17.75,-17.00,20.25,52.50,46.75,28.50,-27.00,-12.50,0.068,False,1
2026-08-17,Monday,BULL,30518.5,30557.5,30509,30552.75,48.50,0.107,STRAIGHT DOWN,STRAIGHT DOWN,SIDEWAYS,REVERSED,-4.75,-47.50,-28.25,-27.75,-71.00,-34.00,12.75,67.75,74.25,50.25,16.75,9.50,0.057,False,-1
2026-08-18,Tuesday,BULL,29990.5,30017,29957,30013.25,60.00,0.138,WHIPSAW,WHIPSAW,WHIPSAW,NO FOLLOW-THROUGH,23.75,-49.75,-66.25,-12.25,-16.50,-77.00,41.50,82.50,-400.25,-388.00,-23.25,0.75,0.062,False,-1
2026-08-19,Wednesday,BEAR,29996,30017.25,29948,29972.5,69.25,0.174,WHIPSAW,WHIPSAW,STRAIGHT DOWN,NO FOLLOW-THROUGH,-16.50,-63.50,-25.00,-0.75,66.25,201.25,19.25,69.25,109.25,130.75,-46.75,-46.50,0.190,False,-1
2026-08-20,Thursday,DOJI,29650.5,29692,29638.25,29647,53.75,0.138,STRAIGHT UP,STRAIGHT UP,WHIPSAW,DOJI,79.50,70.00,67.25,101.50,65.50,28.75,113.00,5.50,-171.00,-212.00,4.50,2.75,0.076,False,-1
2026-08-21,Friday,BEAR,29770.75,29772.25,29716,29725.5,56.25,0.155,STRAIGHT DOWN,STRAIGHT DOWN,STRAIGHT DOWN,CONTINUED,24.25,49.25,48.25,58.50,85.75,120.50,83.25,7.25,167.00,140.00,-40.50,23.25,0.043,False,-1
2026-08-24,Monday,BEAR,29535.25,29543.5,29427.75,29431.5,115.75,0.346,WHIPSAW,STRAIGHT DOWN,STRAIGHT DOWN,NO FOLLOW-THROUGH,-18.75,18.50,32.00,-6.00,169.75,118.25,49.25,27.75,-160.50,-157.00,29.75,38.50,0.181,False,-1
2026-08-25,Tuesday,BULL,29595,29616.75,29579,29602,37.75,0.125,STRAIGHT UP,STRAIGHT UP,SIDEWAYS,CONTINUED,24.75,46.50,63.00,48.75,49.00,-8.50,74.75,5.75,195.50,155.75,-38.00,-23.50,0.136,False,-1
2026-08-26,Wednesday,BULL,29474,29537,29474,29529.25,63.00,0.219,WHIPSAW,STRAIGHT UP,STRAIGHT UP,REVERSED,45.75,35.25,31.75,-10.50,82.00,81.25,51.50,22.75,-96.50,-114.50,22.25,12.25,0.369,False,-1
2026-08-27,Thursday,BULL,29823.5,29886.75,29802.5,29872,84.25,0.311,STRAIGHT DOWN,WHIPSAW,STRAIGHT DOWN,REVERSED,-85.50,-86.75,-74.00,-99.00,17.50,-67.75,17.25,129.50,225.00,24.50,2.00,-13.00,0.075,False,1
2026-08-28,Friday,BEAR,29927.75,29937.25,29896.5,29910.25,40.75,0.151,STRAIGHT DOWN,WHIPSAW,WHIPSAW,CONTINUED,37.25,27.25,28.50,10.00,-69.50,-76.75,48.00,3.25,-64.25,-6.25,-29.75,-18.25,0.124,False,1
2026-08-31,Monday,BULL,29738,29781,29716.75,29780.25,64.25,0.227,WHIPSAW,WHIPSAW,WHIPSAW,REVERSED,26.75,-13.00,-24.00,-70.50,-61.00,-45.00,36.50,72.00,-58.00,-96.50,48.75,22.75,0.084,False,-1
2026-09-01,Tuesday,BEAR,29411.5,29424.75,29386.5,29397.5,38.25,0.139,WHIPSAW,WHIPSAW,WHIPSAW,REVERSED,21.75,2.75,9.00,-19.50,-16.25,-14.00,35.00,42.75,-395.75,-407.00,-14.25,-1.25,0.106,False,1
2026-09-02,Wednesday,BEAR,29398,29401.75,29342.5,29365,59.25,0.209,WHIPSAW,WHIPSAW,WHIPSAW,NO FOLLOW-THROUGH,9.75,-13.50,-7.25,-0.75,-14.00,7.50,20.75,25.75,-27.00,-39.00,58.25,9.00,0.111,False,1
2026-09-03,Thursday,BULL,29549.25,29584.75,29539.75,29582.5,45.00,0.167,STRAIGHT DOWN,WHIPSAW,WHIPSAW,REVERSED,-37.25,-43.00,-22.75,-32.50,49.75,2.25,2.25,60.00,59.75,73.00,4.25,24.00,0.370,False,1
2026-09-04,Friday,BEAR,29888,29896,29856.75,29865.75,39.25,0.141,STRAIGHT UP,STRAIGHT UP,STRAIGHT UP,REVERSED,-41.75,-57.00,-48.50,-67.25,-27.00,-116.00,12.25,71.00,57.25,87.75,41.25,3.50,0.674,True,1
2026-09-08,Tuesday,BULL,29944.25,29986.5,29938.25,29959.5,48.25,0.173,STRAIGHT DOWN,STRAIGHT DOWN,STRAIGHT DOWN,REVERSED,-25.25,-57.75,-73.00,-81.25,-147.00,-168.50,15.50,93.25,76.00,34.50,-9.00,-10.25,0.128,False,-1
2026-09-09,Wednesday,DOJI,29754.75,29772.25,29716.75,29762,55.50,0.199,WHIPSAW,WHIPSAW,STRAIGHT UP,DOJI,-5.50,-22.25,-8.75,24.75,-2.25,94.75,36.75,39.75,-87.50,-73.25,65.00,37.00,0.144,False,-1
2026-09-10,Thursday,BULL,29389.25,29422.25,29373.75,29418,48.50,0.180,WHIPSAW,WHIPSAW,WHIPSAW,NO FOLLOW-THROUGH,-8.25,-43.50,-15.50,-5.75,47.25,0.00,14.50,60.50,-366.50,-371.00,31.75,32.75,0.533,False,1
2026-09-11,Friday,BEAR,29717.5,29718.25,29658,29679,60.25,0.227,WHIPSAW,WHIPSAW,STRAIGHT UP,REVERSED,16.50,11.00,-27.00,-29.25,-61.00,-71.50,32.00,52.50,278.50,275.75,-51.00,-12.50,0.726,False,1
2026-09-14,Monday,BEAR,29194.5,29210.5,29172.5,29174.5,38.00,0.147,UP (CHOPPY),STRAIGHT UP,STRAIGHT UP,REVERSED,-11.25,-30.75,-16.25,-10.75,-81.50,-132.50,5.50,47.00,-492.25,-175.75,25.00,-0.50,0.110,False,-1
2026-09-15,Tuesday,BEAR,29421,29425.75,29395,29414,30.75,0.115,SIDEWAYS,WHIPSAW,WHIPSAW,NO FOLLOW-THROUGH,34.75,17.25,26.25,4.00,-16.00,-9.00,42.25,2.00,-26.75,-75.00,-13.50,3.00,0.104,False,1
2026-09-16,Wednesday,BULL,29386.75,29421.75,29381,29415,40.75,0.153,STRAIGHT DOWN,WHIPSAW,WHIPSAW,REVERSED,-14.50,-28.75,-25.00,-16.25,19.50,60.75,1.50,32.25,136.25,117.75,-15.25,-10.25,0.113,False,-1
2026-09-17,Thursday,DOJI,29717.75,29737.75,29698.25,29717.5,39.50,0.138,STRAIGHT DOWN,STRAIGHT DOWN,STRAIGHT DOWN,DOJI,-42.75,-42.25,-58.50,-63.00,-87.50,-51.75,7.00,76.50,464.00,447.50,-6.25,2.25,0.144,False,-1
2026-09-18,Friday,DOJI,29814.75,29833,29804,29813.75,29.00,0.103,WHIPSAW,WHIPSAW,WHIPSAW,DOJI,27.00,-1.75,1.50,1.50,20.50,-38.25,28.25,15.00,72.25,91.00,38.75,45.50,0.091,False,1
2026-09-21,Monday,BULL,30222,30260.75,30222,30253.25,38.75,0.142,SIDEWAYS,STRAIGHT UP,STRAIGHT UP,NO FOLLOW-THROUGH,0.00,-15.00,-28.75,3.00,113.25,165.50,6.00,36.75,305.25,283.50,-3.25,19.00,0.048,False,1
2026-09-22,Tuesday,BULL,30764.5,30815.75,30763.25,30813.5,52.50,0.171,STRAIGHT UP,STRAIGHT UP,STRAIGHT UP,CONTINUED,29.00,45.50,40.00,68.50,94.00,107.25,73.00,4.00,-21.25,-17.75,11.25,-4.25,0.053,False,1
2026-09-23,Wednesday,BEAR,31006.25,31013,30960.25,30965.25,52.75,0.173,STRAIGHT DOWN,STRAIGHT DOWN,STRAIGHT DOWN,CONTINUED,21.00,26.50,13.75,31.00,63.00,97.75,43.25,6.00,-23.75,-4.25,38.00,35.00,0.047,False,1
2026-09-24,Thursday,DOJI,30519.75,30533.5,30490.25,30515.75,43.25,0.136,STRAIGHT UP,STRAIGHT UP,STRAIGHT UP,DOJI,8.75,-9.75,9.25,45.50,76.00,80.25,51.00,18.50,-250.00,-260.75,32.75,9.00,0.139,False,-1
2026-09-25,Friday,BEAR,30819.5,30822,30770,30804.25,52.00,0.165,WHIPSAW,WHIPSAW,WHIPSAW,REVERSED,19.25,0.50,-15.25,-54.00,-55.00,-65.50,37.00,63.75,60.75,88.25,-58.50,-37.00,0.100,False,1
2026-09-28,Monday,BEAR,30718.5,30730,30691.25,30695.25,38.75,0.122,WHIPSAW,WHIPSAW,WHIPSAW,CONTINUED,-14.00,-42.50,-14.50,65.00,92.25,38.50,74.25,64.00,-172.75,-153.75,-21.50,19.25,0.082,False,1
2026-09-29,Tuesday,BEAR,30708.75,30725.25,30665.25,30677.5,60.00,0.183,STRAIGHT DOWN,STRAIGHT DOWN,WHIPSAW,CONTINUED,14.00,11.25,56.50,79.75,97.50,38.75,90.75,28.75,143.50,148.25,77.50,36.25,0.072,False,-1
2026-09-30,Wednesday,BULL,30699.25,30728,30682.25,30725,45.75,0.140,SIDEWAYS,SIDEWAYS,STRAIGHT UP,NO FOLLOW-THROUGH,70.75,33.75,32.75,4.00,14.25,124.25,85.25,6.50,84.00,43.75,-15.50,-6.50,0.543,False,-1
2026-10-01,Thursday,BEAR,30797,30830.75,30767.25,30767.75,63.50,0.194,WHIPSAW,WHIPSAW,WHIPSAW,NO FOLLOW-THROUGH,12.75,-29.25,-57.75,-4.00,23.00,90.25,33.50,88.50,105.25,90.00,-20.00,-15.00,0.072,False,-1
2026-10-02,Friday,BEAR,31148.5,31157,31095,31095.5,62.00,0.182,WHIPSAW,STRAIGHT UP,STRAIGHT UP,REVERSED,33.50,1.00,3.25,-19.50,-83.00,-81.00,39.50,57.50,375.75,377.25,-20.75,-22.00,0.396,True,-1
