day,dir,entry_time,exit_time,entry,exit,stop,target,pts,usd,mae_pts,mfe_pts,how
2020-10-19,-1,09:40,15:56,11727.25,11731.25,11775.21,11535.39,-4.75,-9.50,7.50,59.75,ORB2 TIME
2020-10-20,-1,09:40,15:56,11725,11696,11770.24,11544.05,28.25,56.50,18.75,40.50,ORB2 TIME
2020-10-21,1,09:40,15:56,11635.25,11622,11592.88,11804.75,-14.00,-28.00,35.25,17.25,ORB2 TIME
2020-10-22,1,09:40,15:05,11645.75,11605.4598214286,11605.71,11805.91,-41.04,-82.08,40.29,32.75,ORB2 STOP
2020-10-26,1,09:40,10:33,11644.75,11604.9642857143,11605.21,11802.89,-40.54,-81.07,39.79,51.00,ORB2 STOP
2020-10-27,1,09:40,10:20,11544.25,11501.3035714286,11501.55,11715.04,-43.70,-87.39,42.95,33.25,ORB2 STOP
2020-10-28,-1,09:40,10:53,11368.75,11208.6071428571,11408.79,11208.61,159.39,318.79,7.75,160.14,ORB2 TARGET
2020-10-29,1,09:40,13:31,11197,11368.1428571429,11154.21,11368.14,170.39,340.79,26.75,171.14,ORB2 TARGET
2020-10-30,-1,09:40,10:27,11243.25,11057.9464285714,11289.58,11057.95,184.55,369.11,0.50,185.30,ORB2 TARGET
2020-11-02,1,09:40,10:43,11165.25,11114.9107142857,11115.16,11365.61,-51.09,-102.18,50.34,46.75,ORB2 STOP
2020-11-03,-1,09:40,09:51,11122,11171.2633928571,11171.01,10925.95,-50.01,-100.03,49.26,7.00,ORB2 STOP
2020-11-04,-1,09:40,10:00,11579.5,11630.2366071429,11629.99,11377.55,-51.49,-102.97,50.74,22.75,ORB2 STOP
2020-11-09,-1,09:40,09:47,12106,12157.0446428571,12156.79,11902.82,-51.79,-103.59,51.04,63.25,ORB2 STOP
2020-11-10,-1,09:40,11:46,11656.25,11714.03125,11713.78,11426.13,-58.53,-117.06,57.78,153.25,ORB2 STOP
2020-11-11,1,09:40,15:56,11775.5,11879.75,11714.79,12018.36,103.50,207.00,8.00,123.50,ORB2 TIME
2020-11-12,1,09:40,09:51,11953.75,11890.2098214286,11890.46,12206.91,-64.29,-128.58,63.54,7.25,ORB2 STOP
2020-11-13,1,09:40,10:12,11911.25,11845.5178571429,11845.77,12173.18,-66.48,-132.96,65.73,12.50,ORB2 STOP
2020-11-16,1,09:40,15:56,11952.25,11983.5,11890.37,12199.79,30.50,61.00,23.25,81.25,ORB2 TIME
2020-11-17,-1,09:40,15:56,12008.75,11978.25,12070.80,11760.55,29.75,59.50,33.75,54.50,ORB2 TIME
2020-11-18,1,09:40,09:56,11977.75,11919.2142857143,11919.46,12210.89,-59.29,-118.57,58.54,10.75,ORB2 STOP
2020-11-19,-1,09:40,09:58,11863.75,11919.6071428571,11919.36,11641.32,-56.61,-113.21,55.86,20.00,ORB2 STOP
2020-11-20,-1,09:40,11:09,11956,12008.6696428571,12008.42,11746.32,-53.42,-106.84,52.67,10.25,ORB2 STOP
2020-11-23,1,09:40,10:11,11969.75,11919.875,11920.13,12168.25,-50.63,-101.25,49.88,32.00,ORB2 STOP
2020-11-24,-1,09:40,10:41,11900.25,11949.1875,11948.94,11705.50,-49.69,-99.38,48.94,27.75,ORB2 STOP
2020-11-25,1,09:40,10:07,12129,12081.1517857143,12081.40,12319.39,-48.60,-97.20,47.85,16.50,ORB2 STOP
2020-11-30,-1,09:40,15:56,12267.75,12259.5,12314.58,12080.43,7.50,15.00,28.50,182.00,ORB2 TIME
2020-12-01,-1,09:40,10:02,12357.75,12404.6205357143,12404.37,12171.27,-47.62,-95.24,46.87,11.00,ORB2 STOP
2020-12-02,-1,09:40,10:12,12352.75,12394.8080357143,12394.56,12185.52,-42.81,-85.62,42.06,39.00,ORB2 STOP
2020-12-03,1,09:40,11:11,12492.5,12452.0267857143,12452.28,12653.39,-41.22,-82.45,40.47,47.75,ORB2 STOP
2020-12-07,1,09:40,15:56,12568,12582.5,12531.62,12713.54,13.75,27.50,21.00,44.25,ORB2 TIME
2020-12-08,-1,09:40,12:00,12549.5,12584.9776785714,12584.73,12408.59,-36.23,-72.46,35.48,47.00,ORB2 STOP
2020-12-09,-1,09:40,09:58,12605.75,12641.2946428571,12641.04,12464.57,-36.29,-72.59,35.54,2.75,ORB2 STOP
2020-12-10,1,09:40,15:56,12304.25,12412.5,12264.55,12463.04,107.50,215.00,3.00,144.75,ORB2 TIME
2020-12-11,-1,09:40,15:17,12330,12371.6160714286,12371.37,12164.54,-42.37,-84.73,41.62,95.75,ORB2 STOP
2020-12-14,1,09:40,15:51,12492.5,12451.1339285714,12451.38,12656.96,-42.12,-84.23,41.37,56.75,ORB2 STOP
2020-12-15,1,09:40,10:52,12559,12517.3303571429,12517.58,12724.68,-42.42,-84.84,41.67,17.25,ORB2 STOP
2020-12-17,1,09:40,10:14,12749.5,12710.5714285714,12710.82,12904.21,-39.68,-79.36,38.93,3.50,ORB2 STOP
2020-12-21,1,09:40,09:46,12640.25,12601.6651785714,12601.92,12793.59,-39.33,-78.67,38.58,4.25,ORB2 STOP
2020-12-22,-1,09:40,09:56,12702.75,12741.8348214286,12741.58,12547.41,-39.83,-79.67,39.08,9.50,ORB2 STOP
2020-12-23,-1,09:40,13:42,12690,12728.7589285714,12728.51,12535.96,-39.51,-79.02,38.76,40.75,ORB2 STOP
2020-12-28,-1,09:40,13:36,12807.75,12845.2678571429,12845.02,12658.68,-38.27,-76.54,37.52,66.75,ORB2 STOP
2020-12-29,1,09:40,09:57,12905.5,12867.6607142857,12867.91,13055.86,-38.59,-77.18,37.84,12.75,ORB2 STOP
2020-12-30,-1,09:40,15:56,12868.5,12845.75,12906.56,12716.27,22.00,44.00,7.75,48.00,ORB2 TIME
2020-12-31,1,09:40,11:54,12851,12812.6383928571,12812.89,13003.45,-39.11,-78.22,38.36,6.50,ORB2 STOP
2021-01-04,-1,09:40,09:48,12869.75,12907.2098214286,12906.96,12720.91,-38.21,-76.42,37.46,11.25,ORB2 STOP
2021-01-05,1,09:40,15:56,12724,12793.5,12685.28,12878.88,68.75,137.50,35.75,78.00,ORB2 TIME
2021-01-06,1,09:40,10:52,12616.5,12765.6964285714,12579.20,12765.70,148.45,296.89,27.25,149.20,ORB2 TARGET
2021-01-07,1,09:40,15:54,12798.25,12954.5714285714,12759.17,12954.57,155.57,311.14,17.50,156.32,ORB2 TARGET
2021-01-11,-1,09:40,10:07,12933.25,12975.2544642857,12975.00,12766.23,-42.75,-85.51,42.00,38.00,ORB2 STOP
2021-01-12,1,09:40,09:48,12935.75,12893.6026785714,12893.85,13103.34,-42.90,-85.79,42.15,2.75,ORB2 STOP
2021-01-13,-1,09:40,09:51,12874.75,12918.7455357143,12918.50,12699.77,-44.75,-89.49,44.00,10.75,ORB2 STOP
2021-01-14,1,09:40,12:41,12991.25,12949.09375,12949.34,13158.88,-42.91,-85.81,42.16,37.50,ORB2 STOP
2021-01-15,1,09:40,10:05,12912.5,12870.5625,12870.81,13079.25,-42.69,-85.38,41.94,14.75,ORB2 STOP
2021-01-19,1,09:40,11:19,12899.25,12855.5401785714,12855.79,13073.09,-44.46,-88.92,43.71,24.50,ORB2 STOP
2021-01-20,1,09:40,15:56,13176.5,13297.5,13132.29,13353.36,120.25,240.50,15.75,150.75,ORB2 TIME
2021-01-21,-1,09:40,10:12,13303,13349.1741071429,13348.92,13119.30,-46.92,-93.85,46.17,20.00,ORB2 STOP
2021-01-22,1,09:40,15:56,13350,13372.25,13303.16,13537.38,21.50,43.00,26.75,46.00,ORB2 TIME
2021-01-25,1,09:40,10:37,13544.75,13498.1294642857,13498.38,13730.23,-47.37,-94.74,46.62,9.00,ORB2 STOP
2021-01-26,-1,09:40,10:53,13475.75,13521.4196428571,13521.17,13294.07,-46.42,-92.84,45.67,49.25,ORB2 STOP
2021-01-28,-1,09:40,09:43,13137.25,13184.3392857143,13184.09,12949.89,-47.84,-95.68,47.09,9.00,ORB2 STOP
2021-01-29,-1,09:40,10:11,13051.75,13099.4375,13099.19,12862.00,-48.44,-96.88,47.69,53.50,ORB2 STOP
2021-02-01,1,09:40,09:48,13082,13031.6294642857,13031.88,13282.48,-51.12,-102.24,50.37,12.25,ORB2 STOP
2021-02-02,1,09:40,15:56,13390.25,13445.75,13337.26,13602.20,54.75,109.50,24.50,103.25,ORB2 TIME
2021-02-03,-1,09:40,09:59,13463.75,13516.4151785714,13516.17,13254.09,-53.42,-106.83,52.67,2.00,ORB2 STOP
2021-02-04,-1,09:40,13:23,13446.25,13499.3080357143,13499.06,13235.02,-53.81,-107.62,53.06,54.50,ORB2 STOP
2021-02-08,-1,09:40,15:56,13642.25,13673.5,13694.04,13435.09,-32.00,-64.00,50.25,46.25,ORB2 TIME
2021-02-09,1,09:40,15:56,13663.5,13670.5,13612.79,13866.34,6.25,12.50,8.75,71.75,ORB2 TIME
2021-02-10,-1,09:40,10:45,13735.5,13540.9464285714,13784.14,13540.95,193.80,387.61,17.75,194.55,ORB2 TARGET
2021-02-11,1,09:40,12:26,13724.25,13673.5044642857,13673.75,13926.23,-51.50,-102.99,50.75,19.75,ORB2 STOP
2021-02-12,-1,09:40,10:51,13678.25,13729.8303571429,13729.58,13472.93,-52.33,-104.66,51.58,14.00,ORB2 STOP
2021-02-16,-1,09:40,15:56,13832.5,13759.25,13880.23,13641.57,72.50,145.00,43.00,116.75,ORB2 TIME
2021-02-17,1,09:40,10:24,13645,13596.0669642857,13596.32,13839.73,-49.68,-99.37,48.93,47.75,ORB2 STOP
2021-02-18,1,09:40,10:19,13544,13498.65625,13498.91,13724.38,-46.09,-92.19,45.34,39.00,ORB2 STOP
2021-02-19,-1,09:40,15:56,13664.5,13566.5,13708.44,13488.75,97.25,194.50,35.25,130.25,ORB2 TIME
2021-02-22,1,09:40,10:22,13404.5,13363.1785714286,13363.43,13568.79,-42.07,-84.14,41.32,41.75,ORB2 STOP
2021-02-23,-1,09:40,10:04,12878.25,12918.2589285714,12918.01,12719.21,-40.76,-81.52,40.01,120.75,ORB2 STOP
2021-02-24,1,09:40,09:41,13076.75,13030.4732142857,13030.72,13260.86,-47.03,-94.05,46.28,0.00,ORB2 STOP
2021-02-25,1,09:40,09:55,13278.25,13228.5892857143,13228.84,13475.89,-50.41,-100.82,49.66,5.75,ORB2 STOP
2021-02-26,1,09:40,09:49,12998.75,12942.5401785714,12942.79,13222.59,-56.96,-113.92,56.21,33.00,ORB2 STOP
2021-03-01,-1,09:40,10:01,13051.75,13111.8705357143,13111.62,12812.27,-60.87,-121.74,60.12,11.25,ORB2 STOP
2021-03-02,-1,09:40,15:56,13235.25,13072,13297.80,12985.05,162.50,325.00,13.25,170.50,ORB2 TIME
2021-03-03,-1,09:40,14:18,12984.5,12722.5178571429,13050.00,12722.52,261.23,522.46,4.25,261.98,ORB2 TARGET
2021-03-04,1,09:40,09:47,12753.25,12685.15625,12685.41,13024.63,-68.84,-137.69,68.09,8.25,ORB2 STOP
2021-03-08,-1,09:40,09:44,12593,12673.5401785714,12673.29,12271.84,-81.29,-162.58,80.54,3.25,ORB2 STOP
2021-03-09,1,09:40,15:56,12633.5,12790.25,12548.35,12974.11,156.00,312.00,46.50,233.75,ORB2 TIME
2021-03-10,-1,09:40,15:56,12893.5,12756,12980.66,12544.86,136.75,273.50,86.00,173.25,ORB2 TIME
2021-03-11,1,09:40,15:56,12983.25,13047.5,12895.05,13336.05,63.50,127.00,70.75,136.25,ORB2 TIME
2021-03-12,-1,09:40,09:57,12805.75,12894.9241071429,12894.67,12450.05,-89.92,-179.85,89.17,6.75,ORB2 STOP
2021-03-15,-1,09:40,14:19,12914.75,13003.0223214286,13002.77,12562.66,-89.02,-178.04,88.27,34.00,ORB2 STOP
2021-03-16,1,09:40,14:44,13174,13091.0357142857,13091.29,13504.86,-83.71,-167.43,82.96,122.75,ORB2 STOP
2021-03-18,1,09:40,10:10,13013.5,12936.4330357143,12936.68,13320.77,-77.82,-155.63,77.07,11.00,ORB2 STOP
2021-03-22,1,09:40,15:56,12982.25,13070,12906.79,13284.11,87.00,174.00,36.00,174.75,ORB2 TIME
2021-03-23,-1,09:40,11:19,13093.25,13168.65625,13168.41,12792.63,-76.16,-152.31,75.41,42.75,ORB2 STOP
2021-03-24,-1,09:40,15:56,13017,12799.5,13091.05,12720.80,216.75,433.50,31.50,223.75,ORB2 TIME
2021-03-25,1,09:40,10:44,12782,12709.3348214286,12709.58,13071.66,-73.42,-146.83,72.67,55.00,ORB2 STOP
2021-03-26,1,09:40,14:11,12812.5,12744.5401785714,12744.79,13083.34,-68.71,-137.42,67.96,59.75,ORB2 STOP
2021-03-29,1,09:40,09:47,12971,12906.8883928571,12907.14,13226.45,-64.86,-129.72,64.11,1.25,ORB2 STOP
2021-03-30,-1,09:40,11:33,12844.5,12904.2276785714,12903.98,12606.59,-60.48,-120.96,59.73,67.75,ORB2 STOP
2021-03-31,1,09:40,15:56,12991.75,13076,12934.79,13219.61,83.50,167.00,0.25,166.50,ORB2 TIME
2021-04-01,1,09:40,15:56,13290,13308.75,13234.00,13514.00,18.00,36.00,30.00,31.50,ORB2 TIME
2021-04-05,1,09:40,15:56,13437,13595.5,13383.27,13651.93,157.75,315.50,7.00,177.75,ORB2 TIME
2021-04-06,-1,09:40,11:11,13567,13621.4821428571,13621.23,13350.07,-55.23,-110.46,54.48,10.75,ORB2 STOP
2021-04-07,-1,09:40,09:52,13525,13577.9330357143,13577.68,13314.27,-53.68,-107.37,52.93,2.25,ORB2 STOP
2021-04-08,1,09:40,15:56,13731.5,13741,13680.27,13936.43,8.75,17.50,39.75,23.75,ORB2 TIME
2021-04-09,-1,09:40,09:57,13674,13720.6026785714,13720.35,13488.59,-47.35,-94.71,46.60,15.75,ORB2 STOP
2021-04-12,1,09:40,09:51,13800.75,13755.5982142857,13755.85,13980.36,-45.90,-91.80,45.15,6.50,ORB2 STOP
2021-04-13,1,09:40,11:37,13932.25,13889.4598214286,13889.71,14102.41,-43.54,-87.08,42.79,16.75,ORB2 STOP
2021-04-14,-1,09:40,14:10,13958.25,13792.8035714286,13999.61,13792.80,164.70,329.39,16.75,165.45,ORB2 TARGET
2021-04-15,1,09:40,15:56,13968.5,14014.25,13928.37,14129.02,45.00,90.00,36.75,65.75,ORB2 TIME
2021-04-16,-1,09:40,10:20,13985.75,14024.0535714286,14023.80,13833.54,-39.05,-78.11,38.30,32.25,ORB2 STOP
2021-04-19,1,09:40,10:05,13998.5,13963.5401785714,13963.79,14137.34,-35.71,-71.42,34.96,13.00,ORB2 STOP
2021-04-20,1,09:40,10:41,13888.75,13853.6875,13853.94,14028.00,-35.81,-71.63,35.06,41.00,ORB2 STOP
2021-04-21,-1,09:40,09:48,13711.25,13747.5848214286,13747.33,13566.91,-37.08,-74.17,36.33,11.00,ORB2 STOP
2021-04-22,-1,09:40,10:34,13893.25,13929.9642857143,13929.71,13747.39,-37.46,-74.93,36.71,38.00,ORB2 STOP
2021-04-23,1,09:40,15:32,13814.75,13972.1964285714,13775.39,13972.20,156.70,313.39,29.00,157.45,ORB2 TARGET
2021-04-26,-1,09:40,10:50,13930,13969.6116071429,13969.36,13772.55,-40.36,-80.72,39.61,27.75,ORB2 STOP
2021-04-27,-1,09:40,15:56,14003.5,13963.75,14043.01,13845.45,39.00,78.00,3.75,90.75,ORB2 TIME
2021-04-29,-1,09:40,11:57,14016.75,13856.25,14056.88,13856.25,159.75,319.50,13.25,160.50,ORB2 TARGET
2021-04-30,1,09:40,13:54,13885,13843.5267857143,13843.78,14049.89,-42.22,-84.45,41.47,72.00,ORB2 STOP
2021-05-03,-1,09:40,10:08,13862.75,13904.84375,13904.59,13695.38,-42.84,-85.69,42.09,11.75,ORB2 STOP
2021-05-04,-1,09:40,11:07,13629.5,13458.6428571429,13672.21,13458.64,170.11,340.21,3.00,170.86,ORB2 TARGET
2021-05-05,-1,09:40,09:46,13607.75,13652.5,13652.25,13429.75,-45.50,-91.00,44.75,0.50,ORB2 STOP
2021-05-06,1,09:40,09:46,13507.5,13461.1071428571,13461.36,13692.07,-47.14,-94.29,46.39,1.50,ORB2 STOP
2021-05-10,-1,09:40,14:51,13555.5,13365.0178571429,13603.12,13365.02,189.73,379.46,13.75,190.48,ORB2 TARGET
2021-05-11,1,09:40,13:36,13164.25,13361.5,13114.94,13361.50,196.50,393.00,38.00,197.25,ORB2 TARGET
2021-05-12,1,09:40,10:03,13173.75,13123.0178571429,13123.27,13375.68,-51.48,-102.96,50.73,57.50,ORB2 STOP
2021-05-13,-1,09:40,10:01,13120,13171.2544642857,13171.00,12915.98,-52.00,-104.01,51.25,34.00,ORB2 STOP
2021-05-14,1,09:40,15:56,13238.75,13407,13187.34,13444.39,167.50,335.00,30.50,187.25,ORB2 TIME
2021-05-17,1,09:40,10:02,13320.75,13267.4151785714,13267.67,13533.09,-54.08,-108.17,53.33,22.25,ORB2 STOP
2021-05-18,1,09:40,09:51,13359.25,13305.2276785714,13305.48,13574.34,-54.77,-109.54,54.02,1.50,ORB2 STOP
2021-05-19,1,09:40,14:24,13007,13228.4285714286,12951.64,13228.43,220.68,441.36,27.00,221.43,ORB2 TARGET
2021-05-20,1,09:40,15:56,13358.25,13501,13302.35,13581.86,142.00,284.00,0.25,165.75,ORB2 TIME
2021-05-21,-1,09:40,15:56,13506.25,13403.5,13564.13,13274.73,102.00,204.00,42.50,109.25,ORB2 TIME
2021-05-24,1,09:40,15:56,13559,13646.5,13501.15,13790.39,86.75,173.50,0.25,127.25,ORB2 TIME
2021-05-25,-1,09:40,15:56,13693.5,13644.25,13749.16,13470.86,48.50,97.00,16.50,87.00,ORB2 TIME
2021-05-26,1,09:40,15:56,13697,13688.5,13642.72,13914.13,-9.25,-18.50,41.00,28.00,ORB2 TIME
2021-05-27,-1,09:40,15:56,13678,13665.25,13729.70,13471.21,12.00,24.00,42.75,34.25,ORB2 TIME
2021-05-28,1,09:40,15:56,13717.5,13684.75,13667.08,13919.16,-33.50,-67.00,33.00,45.75,ORB2 TIME
2021-06-01,-1,09:40,15:56,13751.75,13658.25,13798.15,13566.14,92.75,185.50,21.25,159.00,ORB2 TIME
2021-06-02,1,09:40,13:26,13669.75,13625.09375,13625.34,13847.38,-45.41,-90.81,44.66,42.75,ORB2 STOP
2021-06-03,-1,09:40,10:58,13518.5,13560.2633928571,13560.01,13352.45,-42.51,-85.03,41.76,56.25,ORB2 STOP
2021-06-07,-1,09:40,14:57,13735.75,13775.3705357143,13775.12,13578.27,-40.37,-80.74,39.62,23.00,ORB2 STOP
2021-06-08,1,09:40,09:53,13899.25,13860.7901785714,13861.04,14052.09,-39.21,-78.42,38.46,17.50,ORB2 STOP
2021-06-09,-1,09:40,15:56,13868.75,13819.75,13906.64,13717.20,48.25,96.50,35.25,62.25,ORB2 TIME
2021-06-10,1,09:40,10:46,13912.75,13877.75,13878.00,14051.75,-35.75,-71.50,35.00,52.25,ORB2 STOP
2021-06-11,-1,09:40,15:55,13953.75,13987.1651785714,13986.92,13821.09,-34.17,-68.33,33.42,22.00,ORB2 STOP
2021-06-14,-1,09:40,09:49,14002,14033.4732142857,14033.22,13877.11,-32.22,-64.45,31.47,2.00,ORB2 STOP
2021-06-15,-1,09:40,09:46,14093,14123.9866071429,14123.74,13970.05,-31.74,-63.47,30.99,8.75,ORB2 STOP
2021-06-17,1,09:40,11:17,14014,14150.9642857143,13979.76,14150.96,136.21,272.43,17.75,136.96,ORB2 TARGET
2021-06-21,-1,09:40,09:54,13978,14015.9464285714,14015.70,13827.21,-38.70,-77.39,37.95,15.75,ORB2 STOP
2021-06-22,1,09:40,09:52,14160.5,14120.6875,14120.94,14318.75,-40.56,-81.13,39.81,6.75,ORB2 STOP
2021-06-23,1,09:40,12:39,14288.5,14248.8348214286,14249.08,14446.16,-40.42,-80.83,39.67,28.25,ORB2 STOP
2021-06-24,1,09:40,13:49,14376.75,14337.5223214286,14337.77,14532.66,-39.98,-79.96,39.23,45.25,ORB2 STOP
2021-06-25,1,09:40,09:57,14381.75,14343.46875,14343.72,14533.88,-39.03,-78.06,38.28,6.25,ORB2 STOP
2021-06-28,1,09:40,15:56,14453.75,14510.75,14417.52,14598.66,56.25,112.50,26.75,65.75,ORB2 TIME
2021-06-29,1,09:40,10:17,14517,14479.9330357143,14480.18,14664.27,-37.82,-75.63,37.07,12.50,ORB2 STOP
2021-06-30,-1,09:40,15:56,14556,14556.75,14591.42,14414.30,-1.50,-3.00,20.25,38.00,ORB2 TIME
2021-07-01,1,09:40,10:21,14547.75,14512.7767857143,14513.03,14686.64,-35.72,-71.45,34.97,22.25,ORB2 STOP
2021-07-06,1,09:40,10:35,14762.75,14727.9642857143,14728.21,14900.89,-35.54,-71.07,34.79,27.00,ORB2 STOP
2021-07-07,-1,09:40,15:56,14834.5,14803.75,14869.01,14696.46,30.00,60.00,18.50,108.25,ORB2 TIME
2021-07-08,1,09:40,09:45,14631.5,14596.0892857143,14596.34,14772.14,-36.16,-72.32,35.41,10.25,ORB2 STOP
2021-07-09,-1,09:40,09:50,14684.25,14718.7053571429,14718.46,14547.43,-35.21,-70.41,34.46,9.00,ORB2 STOP
2021-07-12,-1,09:40,15:56,14847,14866.25,14879.30,14717.80,-20.00,-40.00,26.50,44.75,ORB2 TIME
2021-07-13,-1,09:40,09:47,14850.25,14881.0357142857,14880.79,14728.11,-31.54,-63.07,30.79,0.50,ORB2 STOP
2021-07-14,-1,09:40,10:04,14949.75,14980.3348214286,14980.08,14828.41,-31.33,-62.67,30.58,15.00,ORB2 STOP
2021-07-15,-1,09:40,09:47,14804.75,14836.2098214286,14835.96,14679.91,-32.21,-64.42,31.46,8.75,ORB2 STOP
2021-07-16,1,09:40,09:48,14852.25,14819.0178571429,14819.27,14984.18,-33.98,-67.96,33.23,6.50,ORB2 STOP
2021-07-19,-1,09:40,09:45,14521.75,14557.3883928571,14557.14,14380.20,-36.39,-72.78,35.64,29.75,ORB2 STOP
2021-07-20,-1,09:40,09:47,14526.75,14562.4285714286,14562.18,14385.04,-36.43,-72.86,35.68,10.00,ORB2 STOP
2021-07-21,1,09:40,15:56,14734.25,14815.75,14695.81,14888.02,80.75,161.50,20.50,90.75,ORB2 TIME
2021-07-22,1,09:40,15:56,14874.25,14926.5,14834.35,15033.86,51.50,103.00,23.75,54.75,ORB2 TIME
2021-07-23,-1,09:40,10:04,14949.25,14989.2544642857,14989.00,14790.23,-40.75,-81.51,40.00,12.00,ORB2 STOP
2021-07-26,1,09:40,15:56,15077.25,15111,15036.18,15241.54,33.00,66.00,11.25,57.00,ORB2 TIME
2021-07-27,-1,09:40,10:37,15076.75,14917.5,15116.56,14917.50,158.50,317.00,1.25,159.25,ORB2 TARGET
2021-07-29,1,09:40,15:56,15059.25,15042,15017.08,15227.91,-18.00,-36.00,38.00,24.75,ORB2 TIME
2021-07-30,1,09:40,15:56,14895,14945.5,14853.94,15059.23,49.75,99.50,4.00,84.75,ORB2 TIME
2021-08-02,-1,09:40,10:54,14986.5,15028.2946428571,15028.04,14820.32,-42.54,-85.09,41.79,50.50,ORB2 STOP
2021-08-03,-1,09:40,12:03,14980.25,15021.2946428571,15021.04,14817.07,-41.79,-83.59,41.04,131.50,ORB2 STOP
2021-08-04,1,09:40,10:21,15049.25,15007.0044642857,15007.25,15217.23,-43.00,-85.99,42.25,20.00,ORB2 STOP
2021-08-05,1,09:40,15:56,15102.5,15160.75,15061.98,15264.59,57.50,115.00,15.25,64.00,ORB2 TIME
2021-08-09,-1,09:40,09:48,15073,15111.2544642857,15111.00,14920.98,-39.00,-78.01,38.25,4.00,ORB2 STOP
2021-08-10,-1,09:40,10:01,15121,15155.8883928571,15155.64,14982.45,-35.64,-71.28,34.89,4.00,ORB2 STOP
2021-08-11,-1,09:40,15:56,15084,15023,15119.04,14943.84,60.25,120.50,9.75,121.00,ORB2 TIME
2021-08-12,-1,09:40,10:20,14970.75,15007.2008928571,15006.95,14825.95,-37.20,-74.40,36.45,29.75,ORB2 STOP
2021-08-13,-1,09:40,10:16,15080.5,15116.3482142857,15116.10,14938.11,-36.60,-73.20,35.85,12.50,ORB2 STOP
2021-08-16,1,09:40,09:50,15104.5,15069.0178571429,15069.27,15245.43,-36.23,-72.46,35.48,7.50,ORB2 STOP
2021-08-17,1,09:40,09:41,15022,14988.5357142857,14988.79,15154.86,-34.21,-68.43,33.46,0.00,ORB2 STOP
2021-08-18,1,09:40,11:37,15000.25,14967.0089285714,14967.26,15132.21,-33.99,-67.98,33.24,36.75,ORB2 STOP
2021-08-19,1,09:40,11:20,14790.25,14928.8571428571,14755.60,14928.86,137.86,275.71,16.50,138.61,ORB2 TARGET
2021-08-20,1,09:40,15:56,14985.75,15091,14948.92,15133.05,104.50,209.00,16.00,112.25,ORB2 TIME
2021-08-23,1,09:40,14:43,15180.5,15329.375,15143.28,15329.38,148.13,296.25,0.50,148.88,ORB2 TARGET
2021-08-25,1,09:40,10:33,15388.5,15351.5982142857,15351.85,15535.11,-37.65,-75.30,36.90,4.75,ORB2 STOP
2021-08-26,1,09:40,10:26,15345.25,15308.9821428571,15309.23,15489.32,-37.02,-74.04,36.27,19.50,ORB2 STOP
2021-08-27,-1,09:40,10:01,15289.25,15325.6383928571,15325.39,15144.70,-37.14,-74.28,36.39,5.00,ORB2 STOP
2021-08-30,1,09:40,15:56,15510.5,15606.5,15472.76,15661.45,95.25,190.50,18.50,107.25,ORB2 TIME
2021-08-31,-1,09:40,12:30,15553.5,15591.4866071429,15591.24,15402.55,-38.74,-77.47,37.99,39.50,ORB2 STOP
2021-09-01,1,09:40,15:44,15655.25,15618.3526785714,15618.60,15801.84,-37.65,-75.29,36.90,42.75,ORB2 STOP
2021-09-02,-1,09:40,15:56,15668,15602.75,15703.68,15525.29,64.50,129.00,14.25,116.75,ORB2 TIME
2021-09-07,1,09:40,09:53,15656,15620.8928571429,15621.14,15795.43,-35.86,-71.71,35.11,8.75,ORB2 STOP
2021-09-08,-1,09:40,15:56,15626.25,15613.5,15659.92,15491.55,12.00,24.00,32.75,102.75,ORB2 TIME
2021-09-09,1,09:40,11:23,15664.25,15631.2410714286,15631.49,15795.29,-33.76,-67.52,33.01,12.25,ORB2 STOP
2021-09-10,1,09:40,10:03,15662.25,15631.28125,15631.53,15785.13,-31.72,-63.44,30.97,1.75,ORB2 STOP
2021-09-13,-1,09:40,11:16,15485.5,15355.9642857143,15517.88,15355.96,128.79,257.57,11.75,129.54,ORB2 TARGET
2021-09-14,-1,09:40,15:56,15475.25,15377,15507.66,15345.63,97.50,195.00,20.25,123.00,ORB2 TIME
2021-09-15,-1,09:40,12:26,15361.75,15396.3883928571,15396.14,15224.20,-35.39,-70.78,34.64,47.25,ORB2 STOP
2021-09-16,-1,09:40,13:58,15446.75,15483.9508928571,15483.70,15298.95,-37.95,-75.90,37.20,78.00,ORB2 STOP
2021-09-20,1,09:40,09:57,15122.5,15084.15625,15084.41,15274.88,-39.09,-78.19,38.34,29.00,ORB2 STOP
2021-09-21,-1,09:40,09:46,15072.25,15113.7633928571,15113.51,14907.20,-42.26,-84.53,41.51,20.50,ORB2 STOP
2021-09-23,1,09:40,15:56,15239.75,15306.75,15196.49,15412.80,66.25,132.50,2.00,107.00,ORB2 TIME
2021-09-24,1,09:40,15:56,15222.5,15315.5,15178.00,15400.52,92.25,184.50,24.75,111.50,ORB2 TIME
2021-09-27,-1,09:40,10:21,15119.5,15164.4910714286,15164.24,14940.54,-45.74,-91.48,44.99,35.50,ORB2 STOP
2021-09-28,-1,09:40,11:09,14969.5,14788.3392857143,15014.79,14788.34,180.41,360.82,3.00,181.16,ORB2 TARGET
2021-09-29,1,09:40,11:37,14820,14770.9598214286,14771.21,15015.16,-49.79,-99.58,49.04,86.75,ORB2 STOP
2021-09-30,1,09:40,10:56,14833.75,14783.7767857143,14784.03,15032.64,-50.72,-101.45,49.97,45.00,ORB2 STOP
2021-10-01,-1,09:40,11:45,14653,14704.4419642857,14704.19,14448.23,-52.19,-104.38,51.44,116.00,ORB2 STOP
2021-10-04,-1,09:40,10:38,14649.75,14441.625,14701.78,14441.63,207.38,414.75,5.50,208.13,ORB2 TARGET
2021-10-05,1,09:40,13:45,14523.75,14741.7142857143,14469.26,14741.71,217.21,434.43,2.25,217.96,ORB2 TARGET
2021-10-06,1,09:40,09:56,14610,14553.8392857143,14554.09,14833.64,-56.91,-113.82,56.16,29.00,ORB2 STOP
2021-10-07,1,09:40,15:56,14917,14881,14859.77,15145.93,-36.75,-73.50,36.25,84.25,ORB2 TIME
2021-10-11,1,09:40,15:41,14794.5,14741,14741.25,15007.50,-54.25,-108.50,53.50,102.25,ORB2 STOP
2021-10-12,-1,09:40,15:56,14734.75,14651.5,14788.77,14518.68,82.50,165.00,17.00,113.75,ORB2 TIME
2021-10-13,1,09:40,09:50,14775.5,14722.2053571429,14722.46,14987.68,-54.04,-108.09,53.29,1.25,ORB2 STOP
2021-10-14,-1,09:40,10:02,14912.5,14965.2589285714,14965.01,14702.46,-53.51,-107.02,52.76,0.75,ORB2 STOP
2021-10-15,-1,09:40,15:56,15076.75,15128.75,15129.50,14865.73,-52.75,-105.50,52.75,32.25,ORB2 TIME
2021-10-18,1,09:40,15:24,15083.25,15290.5,15031.44,15290.50,206.50,413.00,8.50,207.25,ORB2 TARGET
2021-10-19,1,09:40,15:56,15342,15391,15291.03,15545.89,48.25,96.50,30.50,61.75,ORB2 TIME
2021-10-20,1,09:40,13:06,15425.25,15375.7098214286,15375.96,15622.41,-50.29,-100.58,49.54,21.50,ORB2 STOP
2021-10-21,1,09:40,15:56,15361.25,15470.5,15313.32,15552.98,108.50,217.00,5.00,111.00,ORB2 TIME
2021-10-22,1,09:40,09:49,15452.25,15406.4151785714,15406.67,15634.59,-46.58,-93.17,45.83,4.25,ORB2 STOP
2021-10-25,-1,09:40,10:04,15357.25,15400.1875,15399.94,15186.50,-43.69,-87.38,42.94,35.00,ORB2 STOP
2021-10-26,1,09:40,11:35,15647.75,15605.4821428571,15605.73,15815.82,-43.02,-86.04,42.27,53.25,ORB2 STOP
2021-10-27,1,09:40,15:56,15586,15596.5,15545.47,15748.13,9.75,19.50,24.00,131.25,ORB2 TIME
2021-10-28,-1,09:40,09:47,15650.5,15691.5848214286,15691.33,15487.16,-41.83,-83.67,41.08,14.00,ORB2 STOP
2021-10-29,1,09:40,15:55,15674,15836.1964285714,15633.45,15836.20,161.45,322.89,14.75,162.20,ORB2 TARGET
2021-11-01,-1,09:40,12:41,15823.25,15864.5982142857,15864.35,15658.86,-42.10,-84.20,41.35,54.50,ORB2 STOP
2021-11-02,1,09:40,15:56,15933,15952.25,15892.40,16095.41,18.50,37.00,38.75,47.25,ORB2 TIME
2021-11-04,1,09:40,13:48,16181.25,16346.1071428571,16140.04,16346.11,164.11,328.21,6.50,164.86,ORB2 TARGET
2021-11-08,1,09:40,10:41,16358.5,16316.3169642857,16316.57,16526.23,-42.93,-85.87,42.18,15.50,ORB2 STOP
2021-11-09,-1,09:40,10:00,16370.25,16203.2142857143,16412.01,16203.21,166.29,332.57,10.75,167.04,ORB2 TARGET
2021-11-10,-1,09:40,09:47,16097.25,16141.1205357143,16140.87,15922.77,-44.62,-89.24,43.87,8.50,ORB2 STOP
2021-11-11,-1,09:40,15:56,16061,16024.75,16107.70,15874.21,35.50,71.00,46.00,54.75,ORB2 TIME
2021-11-12,-1,09:40,10:10,16011.25,16056.6651785714,16056.42,15830.59,-46.17,-92.33,45.42,9.50,ORB2 STOP
2021-11-15,1,09:40,09:51,16248,16202.7410714286,16202.99,16428.04,-46.01,-92.02,45.26,4.25,ORB2 STOP
2021-11-16,1,09:40,15:56,16238.5,16308.75,16193.98,16416.59,69.50,139.00,44.00,85.25,ORB2 TIME
2021-11-17,-1,09:40,10:40,16300.25,16345.3035714286,16345.05,16121.04,-45.80,-91.61,45.05,30.50,ORB2 STOP
2021-11-18,-1,09:40,11:35,16382.5,16427.4241071429,16427.17,16203.80,-45.67,-91.35,44.92,78.75,ORB2 STOP
2021-11-19,1,09:40,15:56,16556.75,16567.5,16512.63,16733.21,10.00,20.00,23.00,71.75,ORB2 TIME
2021-11-22,1,09:40,11:12,16696.5,16652.4508928571,16652.70,16871.70,-44.80,-89.60,44.05,71.00,ORB2 STOP
2021-11-23,1,09:40,10:09,16346.25,16297.2901785714,16297.54,16541.09,-49.71,-99.42,48.96,72.50,ORB2 STOP
2021-11-24,-1,09:40,10:00,16132.25,16182.8035714286,16182.55,15931.04,-51.30,-102.61,50.55,30.25,ORB2 STOP
2021-11-29,1,09:40,09:47,16261.75,16210.3928571429,16210.64,16466.18,-52.11,-104.21,51.36,13.50,ORB2 STOP
2021-11-30,-1,09:40,09:57,16349,16401.6696428571,16401.42,16139.32,-53.42,-106.84,52.67,20.75,ORB2 STOP
2021-12-01,-1,09:40,10:02,16287.25,16345.2142857143,16344.96,16056.39,-58.71,-117.43,57.96,6.50,ORB2 STOP
2021-12-02,1,09:40,10:16,15949.75,15885.75,15886.00,16204.75,-64.75,-129.50,64.00,77.25,ORB2 STOP
2021-12-06,-1,09:40,09:44,15578,15649.6785714286,15649.43,15292.29,-72.43,-144.86,71.68,14.00,ORB2 STOP
2021-12-07,1,09:40,15:56,16141.75,16295.5,16068.07,16436.46,153.00,306.00,11.75,202.50,ORB2 TIME
2021-12-08,-1,09:40,09:46,16254.5,16329.3973214286,16329.15,15955.91,-75.65,-151.29,74.90,1.25,ORB2 STOP
2021-12-09,1,09:40,09:57,16402,16327.6160714286,16327.87,16698.54,-75.13,-150.27,74.38,12.25,ORB2 STOP
2021-12-10,1,09:40,09:46,16313.75,16236.7589285714,16237.01,16620.71,-77.74,-155.48,76.99,9.00,ORB2 STOP
2021-12-13,-1,09:40,15:56,16282,16106,16358.79,15974.84,175.25,350.50,46.75,193.75,ORB2 TIME
2021-12-14,1,09:40,10:14,15952.5,15872.7410714286,15872.99,16270.54,-80.51,-161.02,79.76,47.50,ORB2 STOP
2021-12-16,-1,09:40,12:27,16270,15943.0357142857,16351.74,15943.04,326.21,652.43,14.50,326.96,ORB2 TARGET
2021-12-20,1,09:40,10:59,15630.5,15543.5267857143,15543.78,15977.39,-87.72,-175.45,86.97,28.00,ORB2 STOP
2021-12-21,-1,09:40,12:33,15760.25,15846.0982142857,15845.85,15417.86,-86.60,-173.20,85.85,155.00,ORB2 STOP
2021-12-22,1,09:40,15:56,15974.25,16157,15888.77,16316.18,182.00,364.00,30.75,184.00,ORB2 TIME
2021-12-23,1,09:40,15:56,16222.25,16324.75,16142.59,16540.89,101.75,203.50,35.75,133.50,ORB2 TIME
2021-12-27,1,09:40,15:56,16433.5,16559.25,16356.05,16743.29,125.00,250.00,28.50,129.00,ORB2 TIME
2021-12-28,-1,09:40,15:56,16525,16479.75,16596.49,16239.05,44.50,89.00,70.75,71.75,ORB2 TIME
2021-12-29,1,09:40,10:13,16519.75,16451.21875,16451.47,16792.88,-69.28,-138.56,68.53,29.50,ORB2 STOP
2021-12-30,1,09:40,15:51,16498.75,16431.3571428571,16431.61,16767.32,-68.14,-136.29,67.39,68.75,ORB2 STOP
2021-12-31,1,09:40,09:50,16451.75,16384.1741071429,16384.42,16721.05,-68.33,-136.65,67.58,8.75,ORB2 STOP
2022-01-03,1,09:40,09:48,16465.5,16400.1428571429,16400.39,16725.93,-66.11,-132.21,65.36,8.25,ORB2 STOP
2022-01-04,-1,09:40,10:57,16490.25,16229.5357142857,16555.43,16229.54,259.96,519.93,13.00,260.71,ORB2 TARGET
2022-01-05,-1,09:40,09:53,16155.25,16222.6071428571,16222.36,15886.82,-68.11,-136.21,67.36,6.00,ORB2 STOP
2022-01-06,1,09:40,09:55,15816.75,15745.3348214286,15745.58,16101.41,-72.17,-144.33,71.42,33.75,ORB2 STOP
2022-01-10,-1,09:40,13:45,15325.75,15388.4955357143,15388.25,15075.77,-63.50,-126.99,62.75,173.25,ORB2 STOP
2022-01-11,1,09:40,09:42,15568.5,15500.4419642857,15500.69,15839.73,-68.81,-137.62,68.06,3.50,ORB2 STOP
2022-01-12,1,09:40,09:45,15964.5,15896.7321428571,15896.98,16234.57,-68.52,-137.04,67.77,9.25,ORB2 STOP
2022-01-13,1,09:40,10:06,15965.75,15898.5446428571,15898.79,16233.57,-67.96,-135.91,67.21,13.50,ORB2 STOP
2022-01-14,1,09:40,11:15,15505.5,15432.1919642857,15432.44,15797.73,-74.06,-148.12,73.31,95.50,ORB2 STOP
2022-01-18,-1,09:40,09:43,15293.75,15367.2098214286,15366.96,15000.91,-74.21,-148.42,73.46,18.00,ORB2 STOP
2022-01-19,1,09:40,10:33,15321.25,15245.8973214286,15246.15,15621.66,-76.10,-152.21,75.35,51.00,ORB2 STOP
2022-01-20,1,09:40,14:32,15199.75,15121.0758928571,15121.33,15513.45,-79.42,-158.85,78.67,140.75,ORB2 STOP
2022-01-21,1,09:40,09:54,14749,14663.7678571429,14664.02,15088.93,-85.98,-171.96,85.23,16.75,ORB2 STOP
2022-01-24,1,09:40,09:44,14243.5,14153.0401785714,14153.29,14604.34,-91.21,-182.42,90.46,20.25,ORB2 STOP
2022-01-25,1,09:40,09:46,14259.75,14158.4151785714,14158.67,14664.09,-102.08,-204.17,101.33,41.00,ORB2 STOP
2022-01-27,-1,09:40,09:49,14259,14363.7455357143,14363.50,13841.02,-105.50,-210.99,104.75,0.25,ORB2 STOP
2022-01-28,-1,09:40,10:22,13940,14047.6964285714,14047.45,13510.21,-108.45,-216.89,107.70,79.50,ORB2 STOP
2022-01-31,1,09:40,15:56,14552.25,14886.75,14440.17,15000.59,333.75,667.50,40.50,359.50,ORB2 TIME
2022-02-01,-1,09:40,15:32,14857,14969.9419642857,14969.69,14406.23,-113.69,-227.38,112.94,127.75,ORB2 STOP
2022-02-02,-1,09:40,15:56,15155.5,15133.5,15266.87,14710.04,21.25,42.50,13.25,214.25,ORB2 TIME
2022-02-03,1,09:40,10:02,14796,14683.9464285714,14684.20,15243.21,-112.80,-225.61,112.05,3.25,ORB2 STOP
2022-02-07,1,09:40,11:34,14749,14636.5044642857,14636.75,15197.98,-113.25,-226.49,112.50,57.50,ORB2 STOP
2022-02-08,1,09:40,15:56,14566.25,14771.75,14453.45,15017.45,204.75,409.50,98.50,209.50,ORB2 TIME
2022-02-09,1,09:40,15:56,14936,15019.25,14823.91,15384.38,82.50,165.00,83.50,107.25,ORB2 TIME
2022-02-10,1,09:40,14:22,14827,14720.59375,14720.84,15251.63,-107.16,-214.31,106.41,202.00,ORB2 STOP
2022-02-11,-1,09:40,14:47,14683,14260.9821428571,14788.50,14260.98,421.27,842.54,83.75,422.02,ORB2 TARGET
2022-02-14,1,09:40,14:00,14247.25,14145.5982142857,14145.85,14652.86,-102.40,-204.80,101.65,146.75,ORB2 STOP
2022-02-15,1,09:40,15:56,14497.25,14598,14397.54,14896.09,100.00,200.00,69.25,117.00,ORB2 TIME
2022-02-16,-1,09:40,14:24,14456.25,14547.6651785714,14547.42,14091.59,-92.17,-184.33,91.42,75.25,ORB2 STOP
2022-02-17,1,09:40,09:52,14488.75,14400.8794642857,14401.13,14839.23,-88.62,-177.24,87.87,7.25,ORB2 STOP
2022-02-18,-1,09:40,09:56,14132.25,14216.1071428571,14215.86,13797.82,-84.61,-169.21,83.86,44.25,ORB2 STOP
2022-02-22,1,09:40,12:48,13905.75,13825.1607142857,13825.41,14227.11,-81.34,-162.68,80.59,203.00,ORB2 STOP
2022-02-23,1,09:40,09:51,14016.75,13934.25,13934.50,14345.75,-83.25,-166.50,82.50,14.50,ORB2 STOP
2022-02-24,1,09:40,09:43,13303.25,13215.4017857143,13215.65,13653.64,-88.60,-177.20,87.85,0.00,ORB2 STOP
2022-02-25,-1,09:40,10:44,13922,14019.4598214286,14019.21,13533.16,-98.21,-196.42,97.46,90.00,ORB2 STOP
2022-02-28,1,09:40,15:56,14064.75,14197.5,13968.12,14451.29,132.00,264.00,69.50,227.75,ORB2 TIME
2022-03-01,1,09:40,10:53,14240,14143.0803571429,14143.33,14626.68,-97.67,-195.34,96.92,33.00,ORB2 STOP
2022-03-02,-1,09:40,09:49,14023,14121.0803571429,14120.83,13631.68,-98.83,-197.66,98.08,9.75,ORB2 STOP
2022-03-03,-1,09:40,15:56,14303,14018.25,14403.54,13900.86,284.00,568.00,14.75,348.00,ORB2 TIME
2022-03-07,1,09:40,09:47,13836.5,13741.6294642857,13741.88,14214.98,-95.62,-191.24,94.87,2.75,ORB2 STOP
2022-03-08,-1,09:40,09:44,13246.75,13346.5178571429,13346.27,12848.68,-100.52,-201.04,99.77,25.25,ORB2 STOP
2022-03-09,-1,09:40,12:31,13585.5,13691.7008928571,13691.45,13161.70,-106.95,-213.90,106.20,89.00,ORB2 STOP
2022-03-10,-1,09:40,10:19,13493,13599.8303571429,13599.58,13066.68,-107.58,-215.16,106.83,4.25,ORB2 STOP
2022-03-11,-1,09:40,15:56,13627.25,13321.5,13731.80,13209.04,305.00,610.00,36.25,321.75,ORB2 TIME
2022-03-14,-1,09:40,09:49,13232.25,13339.3169642857,13339.07,12804.98,-107.82,-215.63,107.07,25.75,ORB2 STOP
2022-03-15,-1,09:40,10:29,13145.25,13251.9910714286,13251.74,12719.29,-107.49,-214.98,106.74,54.25,ORB2 STOP
2022-03-17,1,09:40,15:56,13898.5,14093,13802.18,14283.79,193.75,387.50,52.25,218.25,ORB2 TIME
2022-03-21,1,09:40,09:53,14425.5,14329.84375,14330.09,14807.13,-96.41,-192.81,95.66,41.25,ORB2 STOP
2022-03-22,1,09:40,15:56,14486,14638.5,14390.85,14866.61,151.75,303.50,84.50,206.00,ORB2 TIME
2022-03-23,-1,09:40,10:16,14482,14576.4107142857,14576.16,14105.36,-95.16,-190.32,94.41,21.25,ORB2 STOP
2022-03-24,-1,09:40,11:25,14495.5,14588.1026785714,14587.85,14126.09,-93.35,-186.71,92.60,62.25,ORB2 STOP
2022-03-25,-1,09:40,15:56,14720.5,14729,14811.70,14355.70,-9.25,-18.50,87.00,148.00,ORB2 TIME
2022-03-28,1,09:40,11:36,14857.5,14766.53125,14766.78,15220.38,-91.72,-183.44,90.97,54.75,ORB2 STOP
2022-03-29,1,09:40,10:13,15161.5,15075.5133928571,15075.76,15504.45,-86.74,-173.47,85.99,24.50,ORB2 STOP
2022-03-30,-1,09:40,10:37,15151.25,15231.6785714286,15231.43,14830.54,-81.18,-162.36,80.43,2.00,ORB2 STOP
2022-03-31,-1,09:40,15:56,15025,14906.75,15103.82,14709.73,117.50,235.00,70.75,141.75,ORB2 TIME
2022-04-04,1,09:40,15:56,14957.75,15145.5,14883.12,15256.27,187.00,374.00,0.25,201.75,ORB2 TIME
2022-04-05,1,09:40,10:06,15115.25,15042.1026785714,15042.35,15406.84,-73.90,-147.79,73.15,6.50,ORB2 STOP
2022-04-06,-1,09:40,15:56,14584,14512.75,14656.14,14295.45,70.50,141.00,68.50,188.50,ORB2 TIME
2022-04-07,1,09:40,09:48,14559.5,14491.3348214286,14491.58,14831.16,-68.92,-137.83,68.17,13.50,ORB2 STOP
2022-04-08,-1,09:40,11:00,14391.75,14460.1383928571,14459.89,14119.20,-69.14,-138.28,68.39,79.50,ORB2 STOP
2022-04-11,-1,09:40,09:47,14109.75,14176.4330357143,14176.18,13844.02,-67.43,-134.87,66.68,10.25,ORB2 STOP
2022-04-12,-1,09:40,09:51,14157.5,14222.3080357143,14222.06,13899.27,-65.56,-131.12,64.81,42.50,ORB2 STOP
2022-04-13,1,09:40,15:34,13993,14262.4107142857,13925.65,14262.41,268.66,537.32,15.25,269.41,ORB2 TARGET
2022-04-14,-1,09:40,15:51,14177,13906.8571428571,14244.54,13906.86,269.39,538.79,11.25,270.14,ORB2 TARGET
2022-04-18,1,09:40,12:15,13885.25,13815.2098214286,13815.46,14164.41,-70.79,-141.58,70.04,117.00,ORB2 STOP
2022-04-19,-1,09:40,09:44,13848,13916.7767857143,13916.53,13573.89,-69.53,-139.05,68.78,14.25,ORB2 STOP
2022-04-20,-1,09:40,15:56,14193.75,14002.75,14265.33,13907.43,190.25,380.50,3.00,235.50,ORB2 TIME
2022-04-21,1,09:40,10:07,14260,14186.5892857143,14186.84,14552.64,-74.16,-148.32,73.41,21.50,ORB2 STOP
2022-04-22,-1,09:40,10:09,13671.5,13751.3839285714,13751.13,13352.96,-80.63,-161.27,79.88,56.00,ORB2 STOP
2022-04-25,1,09:40,15:56,13306.75,13519.75,13222.99,13641.79,212.25,424.50,71.25,226.25,ORB2 TIME
2022-04-26,-1,09:40,15:56,13344.5,13053,13428.71,13007.68,290.75,581.50,18.00,313.50,ORB2 TIME
2022-04-27,1,09:40,10:12,13131.25,13045.21875,13045.47,13474.38,-86.78,-173.56,86.03,123.75,ORB2 STOP
2022-04-28,-1,09:40,12:32,13177.25,13264.4866071429,13264.24,12829.30,-87.99,-175.97,87.24,143.75,ORB2 STOP
2022-04-29,1,09:40,10:29,13314.75,13224.0669642857,13224.32,13676.48,-91.43,-182.87,90.68,118.75,ORB2 STOP
2022-05-02,-1,09:40,09:44,12808.25,12906.3303571429,12906.08,12416.93,-98.83,-197.66,98.08,45.50,ORB2 STOP
2022-05-03,-1,09:40,10:01,13014,13114.9464285714,13114.70,12611.21,-101.70,-203.39,100.95,46.00,ORB2 STOP
2022-05-05,-1,09:40,11:53,13285.5,12872.2678571429,13388.81,12872.27,412.48,824.96,21.75,413.23,ORB2 TARGET
2022-05-09,1,09:40,10:08,12512.75,12400.7098214286,12400.96,12959.91,-112.79,-225.58,112.04,28.00,ORB2 STOP
2022-05-10,-1,09:40,15:56,12453.25,12334.75,12565.34,12004.88,117.75,235.50,83.50,283.25,ORB2 TIME
2022-05-11,-1,09:40,09:45,12186.75,12300.2678571429,12300.02,11733.68,-114.27,-228.54,113.52,24.00,ORB2 STOP
2022-05-12,-1,09:40,09:47,11707,11819.3973214286,11819.15,11258.41,-113.15,-226.29,112.40,14.25,ORB2 STOP
2022-05-13,-1,09:40,09:52,12123.75,12236.2544642857,12236.00,11674.73,-113.25,-226.51,112.50,27.00,ORB2 STOP
2022-05-16,1,09:40,10:02,12327.75,12214.1875,12214.44,12781.00,-114.31,-228.63,113.56,30.75,ORB2 STOP
2022-05-17,1,09:40,10:36,12500.75,12391.34375,12391.59,12937.38,-110.16,-220.31,109.41,34.50,ORB2 STOP
2022-05-18,-1,09:40,15:00,12352.5,11921.4285714286,12460.27,11921.43,430.32,860.64,8.00,431.07,ORB2 TARGET
2022-05-19,1,09:40,09:48,11950,11841.9285714286,11842.18,12381.29,-108.82,-217.64,108.07,10.25,ORB2 STOP
2022-05-20,-1,09:40,12:41,11996.25,11587.8392857143,12098.35,11587.84,407.66,815.32,49.50,408.41,ORB2 TARGET
2022-05-23,-1,09:40,09:48,11834,11939.7276785714,11939.48,11412.09,-106.48,-212.96,105.73,14.75,ORB2 STOP
2022-05-24,-1,09:40,15:56,11763.5,11758.25,11869.95,11337.71,4.50,9.00,68.25,187.25,ORB2 TIME
2022-05-25,1,09:40,15:56,11820.75,11940.5,11721.48,12217.84,119.00,238.00,67.75,212.50,ORB2 TIME
2022-05-26,1,09:40,15:56,12030,12281,11936.39,12404.43,250.25,500.50,14.75,313.50,ORB2 TIME
2022-05-27,1,09:40,15:56,12491.25,12653.5,12397.03,12868.14,161.50,323.00,43.75,168.75,ORB2 TIME
2022-05-31,-1,09:40,11:06,12561.5,12653.4241071429,12653.17,12194.80,-92.67,-185.35,91.92,81.50,ORB2 STOP
2022-06-01,1,09:40,10:16,12766.25,12675.9151785714,12676.17,13126.59,-91.08,-182.17,90.33,57.00,ORB2 STOP
2022-06-02,1,09:40,14:11,12509.5,12857.5892857143,12422.48,12857.59,347.34,694.68,30.50,348.09,ORB2 TARGET
2022-06-06,-1,09:40,10:07,12717.5,12802.5401785714,12802.29,12378.34,-85.79,-171.58,85.04,44.25,ORB2 STOP
2022-06-07,1,09:40,15:56,12488,12729,12402.02,12831.91,240.25,480.50,8.75,252.50,ORB2 TIME
2022-06-08,1,09:40,12:40,12713.5,12625.8125,12626.06,13063.25,-88.44,-176.88,87.69,70.00,ORB2 STOP
2022-06-09,-1,09:40,09:52,12529.75,12611.9508928571,12611.70,12201.95,-82.95,-165.90,82.20,23.50,ORB2 STOP
2022-06-10,-1,09:40,15:56,11994.25,11864.25,12078.37,11657.77,129.25,258.50,70.00,171.50,ORB2 TIME
2022-06-13,1,09:40,10:18,11499,11419.8928571429,11420.14,11814.43,-79.86,-159.71,79.11,56.75,ORB2 STOP
2022-06-14,-1,09:40,13:23,11334.75,11414.7544642857,11414.50,11015.73,-80.75,-161.51,80.00,95.75,ORB2 STOP
2022-06-16,-1,09:40,15:56,11252,11099.5,11332.51,10929.96,151.75,303.50,62.00,215.00,ORB2 TIME
2022-06-21,1,09:40,15:56,11579,11583,11501.45,11889.21,3.25,6.50,21.75,99.50,ORB2 TIME
2022-06-22,1,09:40,15:56,11494,11597.75,11417.85,11798.61,103.00,206.00,27.00,252.50,ORB2 TIME
2022-06-23,-1,09:40,09:59,11567.75,11644.3616071429,11644.11,11262.30,-77.36,-154.72,76.61,24.75,ORB2 STOP
2022-06-24,1,09:40,15:56,11916.5,12115,11842.71,12211.64,197.75,395.50,13.25,202.00,ORB2 TIME
2022-06-27,-1,09:40,15:56,12106.75,12016.25,12177.92,11822.09,89.75,179.50,45.00,112.50,ORB2 TIME
2022-06-28,1,09:40,09:59,12157,12085.75,12086.00,12441.00,-72.00,-144.00,71.25,11.00,ORB2 STOP
2022-06-29,-1,09:40,09:52,11595,11670.3482142857,11670.10,11294.61,-76.10,-152.20,75.35,31.00,ORB2 STOP
2022-06-30,-1,09:40,11:21,11461,11533.7857142857,11533.54,11170.86,-73.54,-147.07,72.79,110.25,ORB2 STOP
2022-07-01,-1,09:40,09:43,11442.25,11517.3571428571,11517.11,11142.82,-75.86,-151.71,75.11,2.25,ORB2 STOP
2022-07-05,-1,09:40,09:48,11395.75,11467.7410714286,11467.49,11108.79,-72.74,-145.48,71.99,5.25,ORB2 STOP
2022-07-06,-1,09:40,09:59,11775.5,11850.3169642857,11850.07,11477.23,-75.57,-151.13,74.82,21.75,ORB2 STOP
2022-07-07,1,09:40,15:56,11996,12134.5,11923.21,12287.14,137.75,275.50,11.50,172.75,ORB2 TIME
2022-07-11,-1,09:40,13:32,11918,11988.25,11988.00,11638.00,-71.00,-142.00,70.25,65.00,ORB2 STOP
2022-07-12,1,09:40,09:47,12010.75,11941.7410714286,11941.99,12285.79,-69.76,-139.52,69.01,9.25,ORB2 STOP
2022-07-13,1,09:40,15:56,11656,11777,11585.26,11938.95,120.25,240.50,65.75,198.50,ORB2 TIME
2022-07-14,-1,09:40,11:11,11565,11636.5580357143,11636.31,11279.77,-72.31,-144.62,71.56,54.00,ORB2 STOP
2022-07-15,1,09:40,09:53,11939,11865.6651785714,11865.92,12231.34,-74.08,-148.17,73.33,8.25,ORB2 STOP
2022-07-18,-1,09:40,15:56,12116.5,11905,12186.89,11834.93,210.75,421.50,70.25,258.75,ORB2 TIME
2022-07-19,-1,09:40,10:44,12030.5,12103.1026785714,12102.85,11741.09,-73.35,-146.71,72.60,38.00,ORB2 STOP
2022-07-20,1,09:40,15:56,12312.5,12467.75,12243.97,12586.63,154.50,309.00,40.50,205.00,ORB2 TIME
2022-07-21,-1,09:40,12:03,12479.75,12549.8973214286,12549.65,12200.16,-70.90,-141.79,70.15,106.25,ORB2 STOP
2022-07-22,1,09:40,10:01,12639.75,12570.7142857143,12570.96,12914.89,-69.79,-139.57,69.04,57.25,ORB2 STOP
2022-07-25,-1,09:40,15:56,12369.5,12339.5,12440.50,12085.50,29.25,58.50,60.50,103.00,ORB2 TIME
2022-07-26,-1,09:40,15:56,12239,12125,12305.58,11972.70,113.25,226.50,21.00,164.25,ORB2 TIME
2022-07-28,-1,09:40,11:27,12585,12654.6651785714,12654.42,12307.34,-70.42,-140.83,69.67,135.75,ORB2 STOP
2022-07-29,-1,09:40,09:46,12800,12871.1473214286,12870.90,12516.41,-71.90,-143.79,71.15,4.25,ORB2 STOP
2022-08-01,1,09:40,15:56,12920.5,12951.5,12848.55,13208.29,30.25,60.50,23.00,188.00,ORB2 TIME
2022-08-02,1,09:40,10:10,12922.5,12851.3080357143,12851.56,13206.27,-71.94,-143.88,71.19,34.25,ORB2 STOP
2022-08-03,1,09:40,15:56,13079,13287.5,13009.04,13358.84,207.75,415.50,38.75,231.50,ORB2 TIME
2022-08-04,-1,09:40,09:45,13257,13327.1651785714,13326.92,12977.34,-70.92,-141.83,70.17,1.25,ORB2 STOP
2022-08-08,1,09:40,11:39,13334,13265.6517857143,13265.90,13606.39,-69.10,-138.20,68.35,85.50,ORB2 STOP
2022-08-09,-1,09:40,15:56,13046.5,13030.75,13114.71,12773.68,15.00,30.00,46.75,83.25,ORB2 TIME
2022-08-10,-1,09:40,09:50,13274.75,13341.1964285714,13340.95,13009.96,-67.20,-134.39,66.45,6.50,ORB2 STOP
2022-08-11,-1,09:40,10:06,13478.25,13542.8794642857,13542.63,13220.73,-65.38,-130.76,64.63,12.50,ORB2 STOP
2022-08-12,-1,09:40,10:19,13388.5,13452.03125,13451.78,13135.38,-64.28,-128.56,63.53,23.75,ORB2 STOP
2022-08-15,1,09:40,15:56,13587.75,13679.5,13523.64,13844.18,91.00,182.00,49.75,118.00,ORB2 TIME
2022-08-16,-1,09:40,13:37,13627,13690.5446428571,13690.29,13373.82,-64.29,-128.59,63.54,104.25,ORB2 STOP
2022-08-17,1,09:40,10:16,13528.5,13468.4553571429,13468.71,13767.68,-60.79,-121.59,60.04,32.00,ORB2 STOP
2022-08-18,-1,09:40,11:16,13480.25,13538.4107142857,13538.16,13248.61,-58.91,-117.82,58.16,57.75,ORB2 STOP
2022-08-19,-1,09:40,15:56,13379.25,13265,13435.10,13155.84,113.50,227.00,4.00,152.25,ORB2 TIME
2022-08-22,-1,09:40,15:56,13033,12908.25,13087.80,12813.80,124.00,248.00,41.00,157.50,ORB2 TIME
2022-08-23,1,09:40,15:56,12910.25,12898,12856.53,13125.13,-13.00,-26.00,44.25,108.75,ORB2 TIME
2022-08-24,1,09:40,15:56,12902,12940.5,12851.29,13104.86,37.75,75.50,33.25,110.00,ORB2 TIME
2022-08-25,-1,09:40,09:59,12988.25,13039.1651785714,13038.92,12785.59,-51.67,-103.33,50.92,26.25,ORB2 STOP
2022-08-26,-1,09:40,10:11,13136.5,13186.96875,13186.72,12935.63,-51.22,-102.44,50.47,144.50,ORB2 STOP
2022-08-29,1,09:40,10:38,12564.25,12508.71875,12508.97,12785.38,-56.28,-112.56,55.53,45.75,ORB2 STOP
2022-08-30,-1,09:40,10:36,12552,12329.9464285714,12607.51,12329.95,221.30,442.61,7.50,222.05,ORB2 TARGET
2022-08-31,-1,09:40,09:45,12422.75,12481.5357142857,12481.29,12188.61,-59.54,-119.07,58.79,0.50,ORB2 STOP
2022-09-01,1,09:40,10:03,12180.75,12122.9330357143,12123.18,12411.02,-58.57,-117.13,57.82,43.25,ORB2 STOP
2022-09-06,-1,09:40,15:56,12083.75,12003.75,12146.82,11831.46,79.25,158.50,60.00,153.75,ORB2 TIME
2022-09-07,1,09:40,10:15,12107,12043.2991071429,12043.55,12360.80,-64.45,-128.90,63.70,20.75,ORB2 STOP
2022-09-08,-1,09:40,09:46,12159.25,12224.1428571429,12223.89,11900.68,-65.64,-131.29,64.89,26.25,ORB2 STOP
2022-09-09,1,09:40,15:56,12465,12598.25,12398.40,12731.39,132.50,265.00,37.00,149.25,ORB2 TIME
2022-09-12,1,09:40,15:56,12668.25,12730.75,12601.65,12934.66,61.75,123.50,30.75,87.75,ORB2 TIME
2022-09-13,-1,09:40,15:24,12351,12091.5892857143,12415.85,12091.59,258.66,517.32,22.25,259.41,ORB2 TARGET
2022-09-14,-1,09:40,09:46,12046.25,12116.1830357143,12115.93,11767.52,-70.68,-141.37,69.93,19.50,ORB2 STOP
2022-09-15,-1,09:40,09:50,12051.75,12121.6785714286,12121.43,11773.04,-70.68,-141.36,69.93,2.50,ORB2 STOP
2022-09-19,1,09:40,15:56,11871.5,12011.75,11800.22,12156.61,139.50,279.00,23.25,159.75,ORB2 TIME
2022-09-20,-1,09:40,11:08,11910,11974.9776785714,11974.73,11651.09,-65.73,-131.46,64.98,23.50,ORB2 STOP
2022-09-22,-1,09:40,15:56,11624.5,11579,11691.52,11356.41,44.75,89.50,60.50,114.50,ORB2 TIME
2022-09-23,-1,09:40,15:56,11410.25,11350.5,11476.17,11146.57,59.00,118.00,23.25,181.50,ORB2 TIME
2022-09-26,1,09:40,11:27,11443.25,11377.78125,11378.03,11704.13,-66.22,-132.44,65.47,94.50,ORB2 STOP
2022-09-27,1,09:40,09:50,11551.25,11488.9419642857,11489.19,11799.48,-63.06,-126.12,62.31,16.75,ORB2 STOP
2022-09-28,-1,09:40,10:01,11289.75,11353.7633928571,11353.51,11034.70,-64.76,-129.53,64.01,9.00,ORB2 STOP
2022-09-29,-1,09:40,15:56,11333.5,11214,11398.51,11073.46,118.75,237.50,6.75,242.00,ORB2 TIME
2022-09-30,-1,09:40,09:54,11167,11233.1116071429,11232.86,10903.55,-66.86,-133.72,66.11,21.00,ORB2 STOP
2022-10-03,-1,09:40,09:48,11061.75,11130.2544642857,11130.00,10788.73,-69.25,-138.51,68.50,21.75,ORB2 STOP
2022-10-04,1,09:40,15:56,11572.25,11635,11500.44,11859.50,62.00,124.00,48.25,104.00,ORB2 TIME
2022-10-05,1,09:40,10:06,11493,11425.6071428571,11425.86,11761.57,-68.14,-136.29,67.39,20.25,ORB2 STOP
2022-10-06,1,09:40,10:01,11687.25,11616.5803571429,11616.83,11968.93,-71.42,-142.84,70.67,34.50,ORB2 STOP
2022-10-10,-1,09:40,15:56,11032.75,11003.75,11103.13,10751.23,28.25,56.50,44.25,156.00,ORB2 TIME
2022-10-11,-1,09:40,11:38,10881.25,10952.8526785714,10952.60,10595.84,-72.35,-144.71,71.60,92.75,ORB2 STOP
2022-10-12,1,09:40,10:13,10906.25,10837.5625,10837.81,11180.00,-69.44,-138.88,68.69,39.25,ORB2 STOP
2022-10-13,-1,09:40,09:50,10515,10583.0580357143,10582.81,10243.77,-68.81,-137.62,68.06,23.50,ORB2 STOP
2022-10-14,1,09:40,09:44,11191.25,11115.7767857143,11116.03,11492.14,-76.22,-152.45,75.47,4.25,ORB2 STOP
2022-10-17,1,09:40,15:56,11082.25,11106.75,11002.80,11400.04,23.75,47.50,59.75,63.25,ORB2 TIME
2022-10-18,-1,09:40,15:56,11360.25,11169,11436.34,11055.89,190.50,381.00,19.50,278.75,ORB2 TIME
2022-10-19,1,09:40,13:03,11173.5,11097.09375,11097.34,11478.13,-77.16,-154.31,76.41,111.00,ORB2 STOP
2022-10-20,-1,09:40,09:46,11107.75,11182.7991071429,11182.55,10808.55,-75.80,-151.60,75.05,16.25,ORB2 STOP
2022-10-21,1,09:40,15:26,11060,11356.0178571429,10986.00,11356.02,295.27,590.54,53.50,296.02,ORB2 TARGET
2022-10-24,1,09:40,10:03,11368,11292.6294642857,11292.88,11668.48,-76.12,-152.24,75.37,59.50,ORB2 STOP
2022-10-25,1,09:40,15:56,11539.25,11702,11461.53,11850.14,162.00,324.00,17.25,188.25,ORB2 TIME
2022-10-26,1,09:40,15:56,11507.75,11457.25,11432.35,11809.34,-51.25,-102.50,64.25,195.75,ORB2 TIME
2022-10-27,-1,09:40,15:56,11394.5,11224,11471.24,11087.54,169.75,339.50,58.50,173.75,ORB2 TIME
2022-10-28,1,09:40,15:56,11323.25,11596,11247.63,11625.71,272.00,544.00,66.00,282.00,ORB2 TIME
2022-10-31,-1,09:40,15:56,11488,11442.75,11566.29,11174.82,44.50,89.00,25.25,121.00,ORB2 TIME
2022-11-01,-1,09:40,15:56,11591.25,11340.75,11667.46,11286.41,249.75,499.50,5.75,275.75,ORB2 TIME
2022-11-03,-1,09:40,15:56,10827,10733.5,10903.72,10520.13,92.75,185.50,61.50,119.00,ORB2 TIME
2022-11-08,-1,09:40,10:22,11035.5,11110.0491071429,11109.80,10738.30,-75.30,-150.60,74.55,29.00,ORB2 STOP
2022-11-09,-1,09:40,15:56,10991.5,10832,11064.96,10697.66,158.75,317.50,57.75,169.50,ORB2 TIME
2022-11-10,-1,09:40,09:56,11328.75,11402.3348214286,11402.08,11035.41,-74.33,-148.67,73.58,59.75,ORB2 STOP
2022-11-11,-1,09:40,09:47,11590.75,11665.90625,11665.66,11291.13,-75.91,-151.81,75.16,5.50,ORB2 STOP
2022-11-14,1,09:40,15:56,11768.5,11742,11694.90,12062.91,-27.25,-54.50,66.50,130.00,ORB2 TIME
2022-11-15,-1,09:40,15:56,12013.75,11889.5,12085.37,11727.29,123.50,247.00,40.75,249.75,ORB2 TIME
2022-11-16,-1,09:40,15:56,11817.25,11752.25,11890.41,11524.63,64.25,128.50,13.00,111.25,ORB2 TIME
2022-11-17,1,09:40,15:56,11582.5,11689.25,11511.84,11865.14,106.00,212.00,12.25,192.50,ORB2 TIME
2022-11-18,-1,09:40,15:56,11749,11688.25,11819.43,11467.27,60.00,120.00,35.75,142.50,ORB2 TIME
2022-11-21,-1,09:40,15:56,11642.75,11595.25,11710.28,11372.64,46.75,93.50,57.00,89.50,ORB2 TIME
2022-11-22,-1,09:40,10:16,11551.25,11618.8616071429,11618.61,11281.80,-68.36,-136.72,67.61,23.75,ORB2 STOP
2022-11-23,1,09:40,15:56,11800.25,11846,11734.17,12064.57,45.00,90.00,58.50,92.50,ORB2 TIME
2022-11-28,1,09:40,10:26,11760.5,11700.8035714286,11701.05,11998.29,-60.45,-120.89,59.70,27.75,ORB2 STOP
2022-11-29,-1,09:40,15:56,11590.5,11521.75,11650.54,11350.36,68.00,136.00,48.25,125.50,ORB2 TIME
2022-11-30,1,09:40,14:01,11540.25,11770.5535714286,11482.67,11770.55,229.55,459.11,42.25,230.30,ORB2 TARGET
2022-12-01,1,09:40,10:14,12067.75,12005.4375,12005.69,12316.00,-63.06,-126.13,62.31,77.00,ORB2 STOP
2022-12-05,1,09:40,10:01,11960.75,11901.8616071429,11902.11,12195.30,-59.64,-119.28,58.89,10.75,ORB2 STOP
2022-12-06,-1,09:40,14:23,11763,11534.1785714286,11820.21,11534.18,228.07,456.14,5.25,228.82,ORB2 TARGET
2022-12-07,1,09:40,09:47,11569.25,11509.8794642857,11510.13,11805.73,-60.12,-120.24,59.37,12.00,ORB2 STOP
2022-12-08,-1,09:40,09:57,11511.5,11568.3125,11568.06,11285.25,-57.56,-115.13,56.81,34.50,ORB2 STOP
2022-12-09,1,09:40,15:56,11611.5,11578,11553.55,11843.30,-34.25,-68.50,41.25,107.00,ORB2 TIME
2022-12-12,-1,09:40,09:51,11546.75,11603.8258928571,11603.58,11319.45,-57.83,-115.65,57.08,3.75,ORB2 STOP
2022-12-13,-1,09:40,09:48,12099.25,12155.40625,12155.16,11875.63,-56.91,-113.81,56.16,1.00,ORB2 STOP
2022-12-15,-1,09:40,15:56,11537.5,11334,11600.73,11284.57,202.75,405.50,9.00,239.25,ORB2 TIME
2022-12-19,-1,09:40,15:56,11314.75,11187.25,11380.71,11050.89,126.75,253.50,13.25,183.25,ORB2 TIME
2022-12-20,1,09:40,09:47,11141,11074.53125,11074.78,11405.88,-67.22,-134.44,66.47,7.00,ORB2 STOP
2022-12-21,1,09:40,15:56,11225,11331.75,11158.65,11490.39,106.00,212.00,23.25,164.75,ORB2 TIME
2022-12-22,-1,09:40,13:34,11116.25,10875.5535714286,11176.42,10875.55,239.95,479.89,8.50,240.70,ORB2 TARGET
2022-12-23,-1,09:40,09:43,10932.75,10995.6116071429,10995.36,10682.30,-63.61,-127.22,62.86,4.25,ORB2 STOP
2022-12-27,-1,09:40,15:56,10983.75,10927.75,11045.95,10734.95,55.25,110.50,33.75,88.00,ORB2 TIME
2022-12-28,1,09:40,10:27,10968.25,10906.9910714286,10907.24,11212.29,-62.01,-124.02,61.26,20.50,ORB2 STOP
2022-12-29,1,09:40,15:56,10922.25,11048.75,10862.41,11161.61,125.75,251.50,0.25,149.25,ORB2 TIME
2022-12-30,1,09:40,09:50,10922.75,10861.6026785714,10861.85,11166.34,-61.90,-123.79,61.15,15.50,ORB2 STOP
2023-01-03,1,09:40,09:49,11150.25,11089.7901785714,11090.04,11391.09,-61.21,-122.42,60.46,31.50,ORB2 STOP
2023-01-04,-1,09:40,11:41,11003.5,11066.9776785714,11066.73,10750.59,-64.23,-128.46,63.48,140.25,ORB2 STOP
2023-01-05,-1,09:40,10:09,10856.75,10920.5848214286,10920.33,10602.41,-64.58,-129.17,63.83,42.00,ORB2 STOP
2023-01-09,1,09:40,15:56,11221.25,11167.75,11162.42,11456.55,-54.25,-108.50,55.25,164.25,ORB2 TIME
2023-01-10,1,09:40,09:47,11212,11154.34375,11154.59,11441.63,-58.41,-116.81,57.66,6.25,ORB2 STOP
2023-01-11,1,09:40,15:56,11342.25,11473,11285.96,11567.41,130.00,260.00,29.00,131.75,ORB2 TIME
2023-01-12,-1,09:40,10:20,11449.75,11506.4285714286,11506.18,11224.04,-57.43,-114.86,56.68,138.75,ORB2 STOP
2023-01-13,1,09:40,15:56,11437.5,11611,11380.08,11667.18,172.75,345.50,29.00,181.75,ORB2 TIME
2023-01-17,-1,09:40,10:01,11572.75,11628.15625,11627.91,11352.13,-56.16,-112.31,55.41,23.50,ORB2 STOP
2023-01-18,-1,09:40,10:02,11691.25,11745.7321428571,11745.48,11474.32,-55.23,-110.46,54.48,18.50,ORB2 STOP
2023-01-19,1,09:40,09:46,11441,11384.2232142857,11384.47,11667.11,-57.53,-115.05,56.78,5.75,ORB2 STOP
2023-01-20,-1,09:40,09:53,11411.5,11466.6294642857,11466.38,11191.98,-55.88,-111.76,55.13,0.00,ORB2 STOP
2023-01-23,1,09:40,11:20,11723.25,11949.0535714286,11666.80,11949.05,225.05,450.11,1.50,225.80,ORB2 TARGET
2023-01-24,1,09:40,15:56,11875.75,11907.75,11816.78,12111.64,31.25,62.50,37.75,76.00,ORB2 TIME
2023-01-25,-1,09:40,11:52,11698.75,11753.9776785714,11753.73,11478.84,-55.98,-111.96,55.23,94.25,ORB2 STOP
2023-01-26,1,09:40,09:50,12053.75,11996.8571428571,11997.11,12280.32,-57.64,-115.29,56.89,14.00,ORB2 STOP
2023-01-27,1,09:40,15:56,12090.25,12231.75,12032.09,12322.89,140.75,281.50,9.25,217.75,ORB2 TIME
2023-01-30,1,09:40,10:28,12094,12037.96875,12038.22,12317.13,-56.78,-113.56,56.03,49.50,ORB2 STOP
2023-01-31,1,09:40,15:56,12007.5,12126,11952.45,12227.70,117.75,235.50,30.50,129.25,ORB2 TIME
2023-02-02,1,09:40,15:56,12707.5,12821.75,12647.21,12948.68,113.50,227.00,60.00,227.25,ORB2 TIME
2023-02-06,1,09:40,10:32,12532.5,12469.6026785714,12469.85,12783.09,-63.65,-127.29,62.90,59.75,ORB2 STOP
2023-02-07,1,09:40,12:58,12523.25,12775.0178571429,12460.31,12775.02,251.02,502.04,46.25,251.77,ORB2 TARGET
2023-02-08,1,09:40,09:55,12731.75,12667.2946428571,12667.54,12988.57,-65.21,-130.41,64.46,20.50,ORB2 STOP
2023-02-09,-1,09:40,15:25,12684.25,12420.7321428571,12750.13,12420.73,262.77,525.54,23.25,263.52,ORB2 TARGET
2023-02-10,1,09:40,10:04,12359.5,12292.2901785714,12292.54,12627.34,-67.96,-135.92,67.21,27.25,ORB2 STOP
2023-02-13,-1,09:40,09:59,12393.5,12458.34375,12458.09,12135.13,-65.59,-131.19,64.84,6.25,ORB2 STOP
2023-02-14,1,09:40,15:56,12481.75,12656.5,12415.33,12747.41,174.00,348.00,64.25,191.50,ORB2 TIME
2023-02-15,1,09:40,15:56,12580.5,12702.25,12514.36,12845.07,121.00,242.00,56.25,141.25,ORB2 TIME
2023-02-16,1,09:40,15:42,12549.75,12483.3080357143,12483.56,12814.52,-67.19,-134.38,66.44,144.75,ORB2 STOP
2023-02-17,-1,09:40,15:56,12362,12396,12427.34,12100.64,-34.75,-69.50,46.75,96.50,ORB2 TIME
2023-02-21,1,09:40,10:12,12267.25,12202.1160714286,12202.37,12526.79,-65.88,-131.77,65.13,24.00,ORB2 STOP
2023-02-22,1,09:40,10:11,12148.25,12082.8839285714,12083.13,12408.71,-66.12,-132.23,65.37,26.25,ORB2 STOP
2023-02-23,-1,09:40,15:56,12212.75,12205.5,12272.43,11974.04,6.50,13.00,43.00,184.75,ORB2 TIME
2023-02-24,1,09:40,09:46,12038,11979.0535714286,11979.30,12272.79,-59.70,-119.39,58.95,5.00,ORB2 STOP
2023-02-27,-1,09:40,10:09,12116.25,12171.6383928571,12171.39,11895.70,-56.14,-112.28,55.39,9.75,ORB2 STOP
2023-02-28,1,09:40,15:56,12073.75,12085.5,12018.99,12292.79,11.00,22.00,28.00,100.00,ORB2 TIME
2023-03-01,-1,09:40,15:56,12039.25,11954.25,12089.96,11836.43,84.25,168.50,40.75,114.25,ORB2 TIME
2023-03-02,1,09:40,15:33,11868.75,12065.5178571429,11819.56,12065.52,196.02,392.04,11.75,196.77,ORB2 TARGET
2023-03-03,-1,09:40,09:47,12127,12174.4151785714,12174.17,11938.34,-48.17,-96.33,47.42,2.00,ORB2 STOP
2023-03-06,1,09:40,15:18,12373.25,12325.2589285714,12325.51,12564.21,-48.74,-97.48,47.99,112.50,ORB2 STOP
2023-03-07,1,09:40,10:01,12349,12301.7991071429,12302.05,12536.80,-47.95,-95.90,47.20,18.50,ORB2 STOP
2023-03-08,-1,09:40,11:07,12179.75,12225.9241071429,12225.67,11996.05,-46.92,-93.85,46.17,71.25,ORB2 STOP
2023-03-09,1,09:40,12:06,12288.25,12243.2232142857,12243.47,12467.36,-45.78,-91.55,45.03,65.50,ORB2 STOP
2023-03-13,-1,09:40,09:48,11742.25,11792.3348214286,11792.08,11542.91,-50.83,-101.67,50.08,31.50,ORB2 STOP
2023-03-14,1,09:40,14:09,12125,12071.6651785714,12071.92,12337.34,-54.08,-108.17,53.33,98.00,ORB2 STOP
2023-03-15,1,09:40,10:45,12099.5,12045.6607142857,12045.91,12313.86,-54.59,-109.18,53.84,49.75,ORB2 STOP
2023-03-16,1,09:40,11:26,12233.75,12449.4642857143,12179.82,12449.46,214.96,429.93,25.75,215.71,ORB2 TARGET
2023-03-20,-1,09:40,11:03,12594.25,12653.6205357143,12653.37,12357.77,-60.12,-120.24,59.37,65.00,ORB2 STOP
2023-03-21,1,09:40,10:53,12785.5,12725.2767857143,12725.53,13025.39,-60.97,-121.95,60.22,52.00,ORB2 STOP
2023-03-23,1,09:40,14:39,12862.75,12797.4553571429,12797.71,13122.93,-66.04,-132.09,65.29,168.75,ORB2 STOP
2023-03-24,-1,09:40,12:02,12783.25,12849.4017857143,12849.15,12519.64,-66.90,-133.80,66.15,57.25,ORB2 STOP
2023-03-27,-1,09:40,09:51,12889,12954.4196428571,12954.17,12628.32,-66.17,-132.34,65.42,0.00,ORB2 STOP
2023-03-28,-1,09:40,15:56,12703.5,12716.25,12769.17,12440.82,-13.50,-27.00,28.00,68.75,ORB2 TIME
2023-03-29,1,09:40,15:56,12906.5,12964.5,12842.31,13163.25,57.25,114.50,52.50,86.50,ORB2 TIME
2023-03-30,-1,09:40,10:33,13043.75,13108.0625,13107.81,12787.50,-65.06,-130.13,64.31,15.50,ORB2 STOP
2023-03-31,1,09:40,15:56,13122.75,13297.5,13063.62,13359.29,174.00,348.00,2.75,181.50,ORB2 TIME
2023-04-03,1,09:40,10:53,13243.25,13184.75,13185.00,13476.25,-59.25,-118.50,58.50,25.00,ORB2 STOP
2023-04-04,-1,09:40,10:02,13267.25,13321.15625,13320.91,13052.63,-54.66,-109.31,53.91,37.25,ORB2 STOP
2023-04-05,-1,09:40,15:56,13152.25,13087.25,13205.43,12939.54,64.25,128.50,12.50,146.25,ORB2 TIME
2023-04-06,-1,09:40,10:03,12964.75,13016.84375,13016.59,12757.38,-52.84,-105.69,52.09,12.25,ORB2 STOP
2023-04-10,-1,09:40,11:11,13007.5,13056.5178571429,13056.27,12812.43,-49.77,-99.54,49.02,40.00,ORB2 STOP
2023-04-11,-1,09:40,15:56,13129.75,13065.5,13178.85,12933.36,63.50,127.00,3.75,78.00,ORB2 TIME
2023-04-12,-1,09:40,15:28,13135,12944.0892857143,13182.73,12944.09,190.16,380.32,7.50,190.91,ORB2 TARGET
2023-04-13,1,09:40,15:56,13068.25,13208.25,13023.07,13248.96,139.25,278.50,23.75,160.25,ORB2 TIME
2023-04-14,1,09:40,10:20,13196.5,13152.6651785714,13152.92,13370.84,-44.58,-89.17,43.83,58.50,ORB2 STOP
2023-04-17,1,09:40,09:47,13193.25,13148.8973214286,13149.15,13369.66,-45.10,-90.21,44.35,7.75,ORB2 STOP
2023-04-18,-1,09:40,15:56,13267.25,13194.25,13310.09,13095.88,72.25,144.50,30.50,129.00,ORB2 TIME
2023-04-19,1,09:40,15:56,13112.5,13183,13069.35,13285.11,69.75,139.50,24.00,114.50,ORB2 TIME
2023-04-20,1,09:40,15:17,13087.25,13043.6741071429,13043.92,13260.55,-44.33,-88.65,43.58,112.50,ORB2 STOP
2023-04-21,-1,09:40,11:42,13050,13094.9508928571,13094.70,12871.20,-45.70,-91.40,44.95,67.25,ORB2 STOP
2023-04-24,1,09:40,10:36,13108.25,13064.9866071429,13065.24,13280.30,-44.01,-88.03,43.26,25.75,ORB2 STOP
2023-04-25,1,09:40,10:12,12995.25,12951.2321428571,12951.48,13170.32,-44.77,-89.54,44.02,20.25,ORB2 STOP
2023-04-26,-1,09:40,11:21,12939.75,12984.6875,12984.44,12761.00,-45.69,-91.38,44.94,43.50,ORB2 STOP
2023-04-27,1,09:40,14:20,13043.75,13220.5714285714,12999.54,13220.57,176.07,352.14,29.00,176.82,ORB2 TARGET
2023-04-28,-1,09:40,10:10,13203.25,13247.7276785714,13247.48,13026.34,-45.23,-90.46,44.48,30.75,ORB2 STOP
2023-05-01,1,09:40,11:17,13308,13264.3303571429,13264.58,13481.68,-44.42,-88.84,43.67,24.50,ORB2 STOP
2023-05-02,-1,09:40,15:56,13282.25,13193.25,13325.58,13108.91,88.25,176.50,22.75,171.25,ORB2 TIME
2023-05-04,-1,09:40,13:18,13065.75,13108.7723214286,13108.52,12894.66,-43.77,-87.54,43.02,64.00,ORB2 STOP
2023-05-08,-1,09:40,13:11,13288.75,13332.4151785714,13332.17,13115.09,-44.42,-88.83,43.67,34.25,ORB2 STOP
2023-05-09,1,09:40,15:56,13284.5,13264.75,13241.91,13454.88,-20.50,-41.00,35.25,33.00,ORB2 TIME
2023-05-10,1,09:40,09:42,13380.75,13339.34375,13339.59,13545.38,-42.16,-84.31,41.41,3.50,ORB2 STOP
2023-05-11,-1,09:40,11:29,13392.5,13434.0401785714,13433.79,13227.34,-42.29,-84.58,41.54,31.00,ORB2 STOP
2023-05-12,-1,09:40,15:56,13466,13399.5,13506.78,13302.88,65.75,131.50,12.50,156.00,ORB2 TIME
2023-05-15,-1,09:40,11:37,13396.75,13437.96875,13437.72,13232.88,-41.97,-83.94,41.22,45.50,ORB2 STOP
2023-05-16,1,09:40,15:56,13465.75,13487,13426.24,13623.79,20.50,41.00,14.00,88.50,ORB2 TIME
2023-05-17,-1,09:40,12:33,13524.5,13563.7276785714,13563.48,13368.59,-39.98,-79.96,39.23,49.50,ORB2 STOP
2023-05-18,1,09:40,15:41,13705.25,13857.8928571429,13667.09,13857.89,151.89,303.79,13.25,152.64,ORB2 TARGET
2023-05-19,1,09:40,10:04,13905.75,13865.6205357143,13865.87,14065.27,-40.88,-81.76,40.13,23.25,ORB2 STOP
2023-05-22,1,09:40,15:56,13897.25,13895.75,13857.18,14057.52,-2.25,-4.50,35.25,49.50,ORB2 TIME
2023-05-23,1,09:40,12:36,13852.75,13814.2633928571,13814.51,14005.70,-39.24,-78.47,38.49,27.25,ORB2 STOP
2023-05-24,1,09:40,10:05,13658,13620.3883928571,13620.64,13807.45,-38.36,-76.72,37.61,17.00,ORB2 STOP
2023-05-25,-1,09:40,10:06,13872.5,13910.28125,13910.03,13722.38,-38.53,-77.06,37.78,21.25,ORB2 STOP
2023-05-26,1,09:40,10:31,14066.25,14212.5,14029.69,14212.50,145.50,291.00,0.75,146.25,ORB2 TARGET
2023-05-30,1,09:40,09:48,14541,14499.8928571429,14500.14,14704.43,-41.86,-83.71,41.11,18.75,ORB2 STOP
2023-05-31,1,09:40,10:14,14377,14333.1205357143,14333.37,14551.52,-44.63,-89.26,43.88,35.25,ORB2 STOP
2023-06-01,-1,09:40,10:01,14287.5,14330.9241071429,14330.67,14114.80,-44.17,-88.35,43.42,15.50,ORB2 STOP
2023-06-05,1,09:40,14:34,14613,14566.9642857143,14567.21,14796.14,-46.79,-93.57,46.04,82.25,ORB2 STOP
2023-06-06,-1,09:40,10:25,14528.5,14574.9598214286,14574.71,14343.66,-47.21,-94.42,46.46,8.75,ORB2 STOP
2023-06-07,1,09:40,10:04,14648.25,14601.8035714286,14602.05,14833.04,-47.20,-94.39,46.45,23.50,ORB2 STOP
2023-06-08,1,09:40,15:56,14364,14496.75,14314.67,14561.34,132.00,264.00,22.50,159.50,ORB2 TIME
2023-06-09,1,09:40,11:30,14601.75,14553.1071428571,14553.36,14795.32,-49.39,-98.79,48.64,86.25,ORB2 STOP
2023-06-12,1,09:40,15:56,14627,14782.25,14577.23,14826.09,154.50,309.00,44.00,171.25,ORB2 TIME
2023-06-13,1,09:40,09:47,14915,14862.7946428571,14863.04,15122.82,-52.96,-105.91,52.21,30.00,ORB2 STOP
2023-06-15,1,09:40,14:37,14968.5,15183.3928571429,14914.78,15183.39,214.14,428.29,6.75,215.00,ORB2 TARGET
2023-06-20,1,09:40,09:59,15285.25,15228.7589285714,15229.01,15510.21,-57.24,-114.48,56.49,25.00,ORB2 STOP
2023-06-21,1,09:40,09:53,15202.75,15149.2946428571,15149.54,15415.57,-54.21,-108.41,53.46,9.75,ORB2 STOP
2023-06-22,1,09:40,15:56,15020.5,15198.5,14967.42,15232.84,177.25,354.50,12.25,195.25,ORB2 TIME
2023-06-23,1,09:40,09:46,15059.75,15004.7321428571,15004.98,15278.82,-55.77,-111.54,55.02,1.75,ORB2 STOP
2023-06-26,1,09:40,11:07,15076,15022.8660714286,15023.12,15287.54,-53.88,-107.77,53.13,76.25,ORB2 STOP
2023-06-27,1,09:40,15:56,14935.25,15106.5,14879.85,15156.86,170.50,341.00,47.00,204.50,ORB2 TIME
2023-06-28,1,09:40,15:56,15076.75,15105.75,15019.56,15305.50,28.25,56.50,39.00,142.00,ORB2 TIME
2023-06-29,1,09:40,10:08,15127.5,15068.7366071429,15068.99,15361.55,-59.51,-119.03,58.76,7.75,ORB2 STOP
2023-06-30,1,09:40,15:56,15269,15351,15215.02,15484.93,81.25,162.50,8.25,107.50,ORB2 TIME
2023-07-05,1,09:40,15:56,15344.75,15368,15291.79,15556.59,22.50,45.00,20.50,87.00,ORB2 TIME
2023-07-06,-1,09:40,13:58,15180.25,15232.5178571429,15232.27,14972.18,-53.02,-106.04,52.27,68.25,ORB2 STOP
2023-07-10,1,09:40,09:47,15201.5,15150.2946428571,15150.54,15405.32,-51.96,-103.91,51.21,10.00,ORB2 STOP
2023-07-11,1,09:40,09:42,15227,15177.4107142857,15177.66,15424.36,-50.34,-100.68,49.59,2.75,ORB2 STOP
2023-07-12,-1,09:40,09:58,15420.75,15467.6517857143,15467.40,15234.14,-47.65,-95.30,46.90,12.75,ORB2 STOP
2023-07-13,1,09:40,15:56,15602.5,15713.5,15556.21,15787.66,110.25,220.50,45.00,138.75,ORB2 TIME
2023-07-14,1,09:40,13:03,15789.5,15743.4553571429,15743.71,15972.68,-46.79,-93.59,46.04,68.00,ORB2 STOP
2023-07-17,1,09:40,09:46,15766.5,15721.4285714286,15721.68,15945.79,-45.82,-91.64,45.07,9.00,ORB2 STOP
2023-07-18,-1,09:40,11:12,15758,15803.2008928571,15802.95,15578.20,-45.95,-91.90,45.20,24.50,ORB2 STOP
2023-07-19,1,09:40,10:16,16018.25,15973.0892857143,15973.34,16197.89,-45.91,-91.82,45.16,20.00,ORB2 STOP
2023-07-20,1,09:40,10:04,15868,15824.625,15824.88,16040.50,-44.13,-88.25,43.38,27.00,ORB2 STOP
2023-07-21,-1,09:40,15:56,15658.75,15543.5,15704.63,15475.23,114.50,229.00,45.50,136.50,ORB2 TIME
2023-07-24,1,09:40,09:48,15591.75,15544.1741071429,15544.42,15781.05,-48.33,-96.65,47.58,20.25,ORB2 STOP
2023-07-25,1,09:40,15:56,15609.25,15674.75,15562.00,15798.23,64.75,129.50,6.50,126.75,ORB2 TIME
2023-07-27,1,09:40,10:22,15875.5,15827.3348214286,15827.58,16067.16,-48.92,-97.83,48.17,28.50,ORB2 STOP
2023-07-28,1,09:40,15:56,15764.75,15847,15713.20,15970.96,81.50,163.00,8.25,131.00,ORB2 TIME
2023-07-31,1,09:40,09:56,15876.5,15824.1741071429,15824.42,16084.80,-53.08,-106.15,52.33,28.50,ORB2 STOP
2023-08-01,-1,09:40,13:07,15790.5,15841.6473214286,15841.40,15586.91,-51.90,-103.79,51.15,62.50,ORB2 STOP
2023-08-02,-1,09:40,15:56,15613,15461.75,15663.14,15412.45,150.50,301.00,18.75,199.75,ORB2 TIME
2023-08-03,1,09:40,15:56,15403.25,15449.75,15351.92,15608.55,45.75,91.50,50.00,120.50,ORB2 TIME
2023-08-07,-1,09:40,15:51,15419.75,15472.5580357143,15472.31,15209.52,-53.56,-107.12,52.81,85.25,ORB2 STOP
2023-08-08,-1,09:40,15:56,15365.75,15356.25,15415.80,15165.54,8.75,17.50,4.25,149.50,ORB2 TIME
2023-08-09,-1,09:40,15:56,15310.25,15175.25,15360.51,15109.20,134.25,268.50,13.50,165.25,ORB2 TIME
2023-08-10,1,09:40,11:06,15336.25,15287.9419642857,15288.19,15528.48,-49.06,-98.12,48.31,105.50,ORB2 STOP
2023-08-11,1,09:40,11:34,15100,15049.7544642857,15050.00,15299.98,-51.00,-101.99,50.25,74.25,ORB2 STOP
2023-08-14,1,09:40,15:56,15080.25,15246.75,15030.20,15280.46,165.75,331.50,7.00,174.25,ORB2 TIME
2023-08-15,1,09:40,09:45,15258,15206.0982142857,15206.35,15464.61,-52.65,-105.30,51.90,0.75,ORB2 STOP
2023-08-16,1,09:40,11:58,15096.75,15044.5982142857,15044.85,15304.36,-52.90,-105.80,52.15,47.75,ORB2 STOP
2023-08-17,-1,09:40,15:16,14958.5,14764.125,15007.09,14764.13,193.63,387.25,16.75,194.38,ORB2 TARGET
2023-08-18,1,09:40,10:04,14669.5,14619.3392857143,14619.59,14869.14,-50.91,-101.82,50.16,27.50,ORB2 STOP
2023-08-21,1,09:40,10:31,14876.75,14825.0044642857,14825.25,15082.73,-52.50,-104.99,51.75,55.50,ORB2 STOP
2023-08-22,-1,09:40,15:56,15036.5,14966.25,15089.86,14823.07,69.50,139.00,21.00,105.50,ORB2 TIME
2023-08-24,-1,09:40,11:01,15237.75,15026.0178571429,15290.68,15026.02,210.98,421.96,10.50,211.73,ORB2 TARGET
2023-08-25,1,09:40,10:35,14925.25,14868.3080357143,14868.56,15152.02,-57.69,-115.38,56.94,123.75,ORB2 STOP
2023-08-28,-1,09:40,15:56,15068.75,15090.5,15127.94,14831.98,-22.50,-45.00,41.50,85.25,ORB2 TIME
2023-08-29,1,09:40,10:37,15092,15327.3392857143,15033.17,15327.34,234.59,469.18,6.00,235.34,ORB2 TARGET
2023-08-30,1,09:40,15:56,15424.25,15493.5,15362.85,15669.86,68.50,137.00,50.00,100.25,ORB2 TIME
2023-08-31,1,09:40,15:56,15543.25,15548.75,15484.63,15777.75,4.75,9.50,49.50,63.50,ORB2 TIME
2023-09-05,1,09:40,15:56,15487,15538.25,15429.41,15717.38,50.50,101.00,43.75,100.00,ORB2 TIME
2023-09-06,-1,09:40,15:56,15472.5,15385.75,15529.39,15244.95,86.00,172.00,41.75,162.00,ORB2 TIME
2023-09-07,1,09:40,15:56,15207,15272.5,15150.16,15434.38,64.75,129.50,45.00,103.75,ORB2 TIME
2023-09-08,1,09:40,11:01,15345.75,15290.4553571429,15290.71,15565.93,-56.04,-112.09,55.29,44.75,ORB2 STOP
2023-09-11,-1,09:40,13:31,15387.75,15442,15441.75,15171.75,-55.00,-110.00,54.25,49.00,ORB2 STOP
2023-09-12,1,09:40,10:31,15425.5,15372.4330357143,15372.68,15636.77,-53.82,-107.63,53.07,35.75,ORB2 STOP
2023-09-13,1,09:40,10:07,15342.75,15289.4955357143,15289.75,15554.77,-54.00,-108.01,53.25,24.25,ORB2 STOP
2023-09-14,-1,09:40,10:47,15414,15465.8169642857,15465.57,15207.73,-52.57,-105.13,51.82,77.25,ORB2 STOP
2023-09-18,1,09:40,15:56,15410,15410,15363.85,15594.61,-0.75,-1.50,45.75,50.75,ORB2 TIME
2023-09-19,-1,09:40,14:36,15345.75,15388.9598214286,15388.71,15173.91,-43.96,-87.92,43.21,97.25,ORB2 STOP
2023-09-21,1,09:40,09:51,14992.25,14950.1919642857,14950.44,15159.48,-42.81,-85.62,42.06,24.00,ORB2 STOP
2023-09-22,-1,09:40,09:47,14898.5,14940.7455357143,14940.50,14730.52,-43.00,-85.99,42.25,10.50,ORB2 STOP
2023-09-25,1,09:40,15:56,14841.5,14916.25,14798.50,15013.52,74.00,148.00,27.75,94.50,ORB2 TIME
2023-09-26,1,09:40,09:51,14837.5,14794.9955357143,14795.25,15006.52,-43.25,-86.51,42.50,6.25,ORB2 STOP
2023-09-27,1,09:40,10:07,14770,14726.8526785714,14727.10,14941.59,-43.90,-87.79,43.15,36.25,ORB2 STOP
2023-09-28,-1,09:40,09:54,14689,14732.6875,14732.44,14515.25,-44.44,-88.88,43.69,32.75,ORB2 STOP
2023-09-29,-1,09:40,09:59,14996.5,15042.6607142857,15042.41,14812.86,-46.91,-93.82,46.16,19.75,ORB2 STOP
2023-10-02,1,09:40,09:54,14952.5,14904.2901785714,14904.54,15144.34,-48.96,-97.92,48.21,8.50,ORB2 STOP
2023-10-03,1,09:40,10:05,14905,14856.0803571429,14856.33,15099.68,-49.67,-99.34,48.92,69.00,ORB2 STOP
2023-10-04,1,09:40,10:03,14828.5,14776.8883928571,14777.14,15033.95,-52.36,-104.72,51.61,2.75,ORB2 STOP
2023-10-05,-1,09:40,15:56,14882.25,14861.5,14934.66,14672.61,20.00,40.00,24.50,166.25,ORB2 TIME
2023-10-09,-1,09:40,09:49,14987,15046.2767857143,15046.03,14750.89,-60.03,-120.05,59.28,13.50,ORB2 STOP
2023-10-10,-1,09:40,10:01,15195,15256.1339285714,15255.88,14951.46,-61.88,-123.77,61.13,10.50,ORB2 STOP
2023-10-11,1,09:40,10:01,15373.25,15313.6071428571,15313.86,15610.82,-60.39,-120.79,59.64,2.25,ORB2 STOP
2023-10-12,1,09:40,13:15,15395.25,15336.0758928571,15336.33,15630.95,-59.92,-119.85,59.17,74.25,ORB2 STOP
2023-10-13,-1,09:40,13:27,15337.25,15095.9285714286,15397.58,15095.93,240.57,481.14,25.25,241.32,ORB2 TARGET
2023-10-16,1,09:40,15:56,15236.75,15316.5,15173.77,15488.68,79.00,158.00,53.75,101.25,ORB2 TIME
2023-10-17,-1,09:40,10:24,15129.5,15192.5446428571,15192.29,14878.32,-63.79,-127.59,63.04,79.50,ORB2 STOP
2023-10-18,1,09:40,12:51,15153.25,15089.7544642857,15090.00,15406.23,-64.25,-128.49,63.50,70.75,ORB2 STOP
2023-10-19,-1,09:40,12:03,15048,15110.6607142857,15110.41,14798.36,-63.41,-126.82,62.66,81.75,ORB2 STOP
2023-10-20,-1,09:40,15:56,14850.75,14670.25,14913.81,14598.52,179.75,359.50,35.00,199.25,ORB2 TIME
2023-10-23,-1,09:40,09:53,14547.25,14611.1875,14610.94,14292.50,-64.69,-129.38,63.94,33.00,ORB2 STOP
2023-10-24,1,09:40,12:29,14813.25,14749,14749.25,15069.25,-65.00,-130.00,64.25,64.50,ORB2 STOP
2023-10-25,-1,09:40,15:56,14660,14472.75,14723.12,14407.54,186.50,373.00,25.00,208.25,ORB2 TIME
2023-10-26,-1,09:40,15:56,14370,14208.25,14434.67,14111.34,161.00,322.00,59.50,233.50,ORB2 TIME
2023-10-27,1,09:40,13:19,14314.25,14251.7589285714,14252.01,14563.21,-63.24,-126.48,62.49,93.25,ORB2 STOP
2023-10-30,1,09:40,10:19,14426.75,14365.4285714286,14365.68,14671.04,-62.07,-124.14,61.32,49.50,ORB2 STOP
2023-10-31,-1,09:40,10:23,14349.25,14409.9732142857,14409.72,14107.36,-61.47,-122.95,60.72,38.00,ORB2 STOP
2023-11-02,1,09:40,10:11,14945.75,14884.1116071429,14884.36,15191.30,-62.39,-124.78,61.64,6.75,ORB2 STOP
2023-11-06,1,09:40,10:15,15247,15187.9732142857,15188.22,15482.11,-59.78,-119.55,59.03,4.50,ORB2 STOP
2023-11-07,-1,09:40,09:56,15235.75,15292.28125,15292.03,15010.63,-57.28,-114.56,56.53,2.00,ORB2 STOP
2023-11-08,1,09:40,10:04,15408.5,15352.9821428571,15353.23,15629.57,-56.27,-112.54,55.52,9.25,ORB2 STOP
2023-11-09,-1,09:40,10:00,15368.75,15421.5044642857,15421.25,15158.73,-53.50,-107.01,52.75,3.00,ORB2 STOP
2023-11-10,1,09:40,13:37,15344.75,15553.5,15292.56,15553.50,208.00,416.00,22.75,208.75,ORB2 TARGET
2023-11-13,-1,09:40,10:48,15493.25,15544.9642857143,15544.71,15287.39,-52.46,-104.93,51.71,28.00,ORB2 STOP
2023-11-14,1,09:40,15:56,15835.25,15866.25,15784.64,16037.70,30.25,60.50,13.25,83.50,ORB2 TIME
2023-11-15,-1,09:40,15:56,15954,15883,16001.60,15763.59,70.25,140.50,23.25,121.50,ORB2 TIME
2023-11-16,-1,09:40,09:56,15847.25,15891.9241071429,15891.67,15669.55,-45.42,-90.85,44.67,10.00,ORB2 STOP
2023-11-17,-1,09:40,12:06,15845.5,15888.59375,15888.34,15674.13,-43.84,-87.69,43.09,21.00,ORB2 STOP
2023-11-20,1,09:40,15:56,15969.5,16078.25,15927.63,16136.98,108.00,216.00,32.00,147.25,ORB2 TIME
2023-11-21,-1,09:40,15:56,16006.5,15983.25,16048.90,15836.89,22.50,45.00,9.50,89.50,ORB2 TIME
2023-11-22,1,09:40,09:52,16150,16109.8928571429,16110.14,16309.43,-40.86,-81.71,40.11,5.75,ORB2 STOP
2023-11-27,1,09:40,15:56,16002.5,16007.5,15962.14,16163.95,4.25,8.50,18.75,86.50,ORB2 TIME
2023-11-28,1,09:40,15:56,15988.75,16042,15949.63,16145.23,52.50,105.00,30.50,82.75,ORB2 TIME
2023-11-29,1,09:40,10:06,16193,16153.7410714286,16153.99,16349.04,-40.01,-80.02,39.26,14.00,ORB2 STOP
2023-11-30,-1,09:40,15:56,15992.5,15972.5,16031.62,15836.04,19.25,38.50,6.50,136.75,ORB2 TIME
2023-12-01,-1,09:40,10:03,15915.25,15955.7678571429,15955.52,15754.18,-41.27,-82.54,40.52,10.50,ORB2 STOP
2023-12-04,-1,09:40,15:56,15858.75,15874.75,15898.46,15699.89,-16.75,-33.50,26.50,137.50,ORB2 TIME
2023-12-05,1,09:40,10:53,15808.5,15957.6785714286,15771.21,15957.68,148.43,296.86,9.50,149.18,ORB2 TARGET
2023-12-06,-1,09:40,15:56,15942.5,15808,15980.76,15789.45,133.75,267.50,30.00,136.50,ORB2 TIME
2023-12-07,1,09:40,09:48,15960,15919.5535714286,15919.80,16120.79,-41.20,-82.39,40.45,3.00,ORB2 STOP
2023-12-11,1,09:40,15:56,16134.75,16227,16092.84,16302.38,91.50,183.00,13.75,111.50,ORB2 TIME
2023-12-12,-1,09:40,09:59,16202.75,16246.0178571429,16245.77,16030.68,-44.02,-88.04,43.27,17.75,ORB2 STOP
2023-12-14,1,09:40,10:18,16623.25,16578.4642857143,16578.71,16801.39,-45.54,-91.07,44.79,41.00,ORB2 STOP
2023-12-18,1,09:40,15:56,16860.5,16950.75,16814.58,17044.20,89.50,179.00,16.75,113.75,ORB2 TIME
2023-12-19,1,09:40,15:56,16985.5,17016.5,16939.16,17170.88,30.25,60.50,31.25,31.50,ORB2 TIME
2023-12-20,1,09:40,14:41,17003.25,16957.1964285714,16957.45,17186.46,-46.80,-93.61,46.05,70.25,ORB2 STOP
2023-12-21,1,09:40,10:06,16929.25,16881.0758928571,16881.33,17120.95,-48.92,-97.85,48.17,3.50,ORB2 STOP
2023-12-22,1,09:40,14:06,17006.5,16959.1160714286,16959.37,17195.04,-48.13,-96.27,47.38,34.75,ORB2 STOP
2023-12-26,1,09:40,15:56,17029,17077.25,16982.58,17214.66,47.50,95.00,6.25,82.50,ORB2 TIME
2023-12-27,1,09:40,10:15,17105.75,17060.1160714286,17060.37,17287.29,-46.38,-92.77,45.63,18.75,ORB2 STOP
2023-12-28,-1,09:40,15:56,17129.75,17084.5,17173.23,16955.82,44.50,89.00,14.75,48.00,ORB2 TIME
2023-12-29,1,09:40,10:42,17090.25,17049.3035714286,17049.55,17253.04,-41.70,-83.39,40.95,17.25,ORB2 STOP
2024-01-02,-1,09:40,15:04,16800.25,16638.0357142857,16840.80,16638.04,161.46,322.93,1.75,162.21,ORB2 TARGET
2024-01-03,1,09:40,10:13,16613.75,16571.53125,16571.78,16781.63,-42.97,-85.94,42.22,40.00,ORB2 STOP
2024-01-04,1,09:40,15:56,16483.75,16442.3571428571,16442.61,16648.32,-42.14,-84.29,41.39,100.25,ORB2 STOP
2024-01-08,1,09:40,13:47,16568,16726.1785714286,16528.46,16726.18,157.43,314.86,8.00,158.18,ORB2 TARGET
2024-01-09,1,09:40,13:01,16687,16849.5,16646.38,16849.50,161.75,323.50,26.25,162.50,ORB2 TARGET
2024-01-10,1,09:40,09:52,16864.25,16822.2053571429,16822.46,17031.43,-42.79,-85.59,42.04,7.50,ORB2 STOP
2024-01-11,1,09:40,09:46,17014,16970.1964285714,16970.45,17188.21,-44.55,-89.11,43.80,9.50,ORB2 STOP
2024-01-12,-1,09:40,15:56,17007,16977.5,17050.14,16834.43,28.75,57.50,35.50,93.75,ORB2 TIME
2024-01-16,-1,09:40,10:18,16914,16956.9955357143,16956.75,16743.02,-43.75,-87.49,43.00,59.00,ORB2 STOP
2024-01-17,-1,09:40,11:07,16769,16812.5982142857,16812.35,16595.61,-44.35,-88.70,43.60,80.00,ORB2 STOP
2024-01-18,1,09:40,10:04,17034,16988.7946428571,16989.04,17213.82,-45.96,-91.91,45.21,20.75,ORB2 STOP
2024-01-19,-1,09:40,10:56,17189.75,17236.9464285714,17236.70,17001.96,-47.95,-95.89,47.20,21.00,ORB2 STOP
2024-01-22,1,09:40,09:44,17549,17498.2142857143,17498.46,17751.14,-51.54,-103.07,50.79,0.50,ORB2 STOP
2024-01-23,-1,09:40,15:08,17455,17505.4419642857,17505.19,17254.23,-51.19,-102.38,50.44,28.25,ORB2 STOP
2024-01-24,-1,09:40,10:11,17638.25,17686.5178571429,17686.27,17446.18,-49.02,-98.04,48.27,1.00,ORB2 STOP
2024-01-25,-1,09:40,11:51,17691.75,17741.0580357143,17740.81,17495.52,-50.06,-100.12,49.31,42.00,ORB2 STOP
2024-01-26,-1,09:40,10:34,17551.25,17601.6651785714,17601.42,17350.59,-51.17,-102.33,50.42,47.25,ORB2 STOP
2024-01-29,1,09:40,11:01,17573.75,17524.1071428571,17524.36,17771.32,-50.39,-100.79,49.64,11.00,ORB2 STOP
2024-01-30,1,09:40,10:02,17680.75,17633.0714285714,17633.32,17870.46,-48.43,-96.86,47.68,0.50,ORB2 STOP
2024-02-01,1,09:40,11:01,17316.75,17269.0758928571,17269.33,17506.45,-48.42,-96.85,47.67,54.50,ORB2 STOP
2024-02-05,-1,09:40,15:56,17712.5,17726.5,17761.35,17517.09,-14.75,-29.50,32.50,158.75,ORB2 TIME
2024-02-06,-1,09:40,15:56,17715,17650.75,17764.07,17518.71,63.50,127.00,17.50,154.25,ORB2 TIME
2024-02-07,-1,09:40,10:14,17728.25,17777.7589285714,17777.51,17531.21,-50.26,-100.52,49.51,10.00,ORB2 STOP
2024-02-08,1,09:40,15:56,17840.75,17858,17791.95,18035.95,16.50,33.00,33.25,55.75,ORB2 TIME
2024-02-09,-1,09:40,10:00,17889.5,17935.1026785714,17934.85,17708.09,-46.35,-92.71,45.60,12.75,ORB2 STOP
2024-02-12,1,09:40,14:16,18036.5,17990.0892857143,17990.34,18221.14,-47.16,-94.32,46.41,85.00,ORB2 STOP
2024-02-13,1,09:40,14:13,17657.75,17610.3482142857,17610.60,17846.36,-48.15,-96.30,47.40,134.25,ORB2 STOP
2024-02-14,-1,09:40,10:01,17752.25,17800.6517857143,17800.40,17559.64,-49.15,-98.30,48.40,9.25,ORB2 STOP
2024-02-15,-1,09:40,13:19,17860.75,17908.90625,17908.66,17669.13,-48.91,-97.81,48.16,80.50,ORB2 STOP
2024-02-16,-1,09:40,15:56,17898.5,17746.5,17946.80,17705.29,151.25,302.50,9.75,184.75,ORB2 TIME
2024-02-20,-1,09:40,15:56,17628.75,17582,17677.42,17434.07,46.00,92.00,2.25,176.25,ORB2 TIME
2024-02-21,1,09:40,09:48,17500.25,17448.9241071429,17449.17,17704.55,-52.08,-104.15,51.33,4.50,ORB2 STOP
2024-02-22,-1,09:40,09:49,17892.75,17942.5982142857,17942.35,17694.36,-50.60,-101.20,49.85,7.75,ORB2 STOP
2024-02-23,1,09:40,09:58,18129.25,18078.8035714286,18079.05,18330.04,-51.20,-102.39,50.45,14.50,ORB2 STOP
2024-02-26,1,09:40,09:48,18026.5,17978.03125,17978.28,18219.38,-49.22,-98.44,48.47,6.00,ORB2 STOP
2024-02-27,-1,09:40,10:20,17981.25,18027.9776785714,18027.73,17795.34,-47.48,-94.96,46.73,43.25,ORB2 STOP
2024-02-28,1,09:40,09:51,17936.5,17891.25,17891.50,18116.50,-46.00,-92.00,45.25,10.00,ORB2 STOP
2024-02-29,1,09:40,10:12,18045.75,18001.5535714286,18001.80,18221.54,-44.95,-89.89,44.20,24.50,ORB2 STOP
2024-03-01,1,09:40,13:25,18128.5,18313,18082.38,18313.00,183.75,367.50,33.25,184.50,ORB2 TARGET
2024-03-04,-1,09:40,15:56,18320.5,18259,18368.11,18130.05,60.75,121.50,26.25,68.50,ORB2 TIME
2024-03-05,-1,09:40,13:44,18080.25,17896.2678571429,18126.25,17896.27,183.23,366.46,5.25,183.98,ORB2 TARGET
2024-03-06,-1,09:40,12:09,18094.25,18141.5089285714,18141.26,17906.21,-48.01,-96.02,47.26,130.75,ORB2 STOP
2024-03-07,1,09:40,09:45,18211.5,18163.9866071429,18164.24,18400.55,-48.26,-96.53,47.51,3.00,ORB2 STOP
2024-03-11,1,09:40,09:55,17983.75,17930.9553571429,17931.21,18193.93,-53.54,-107.09,52.79,18.00,ORB2 STOP
2024-03-12,-1,09:40,09:59,17985.75,18036.1071428571,18035.86,17785.32,-51.11,-102.21,50.36,56.00,ORB2 STOP
2024-03-13,-1,09:40,15:56,18142.75,18065.75,18195.41,17932.13,76.25,152.50,10.75,109.00,ORB2 TIME
2024-03-14,1,09:40,09:47,18137,18085.4241071429,18085.67,18342.30,-52.33,-104.65,51.58,6.00,ORB2 STOP
2024-03-18,1,09:40,12:04,18326.25,18274.0491071429,18274.30,18534.05,-52.95,-105.90,52.20,54.50,ORB2 STOP
2024-03-19,-1,09:40,10:44,18077.75,18131.1651785714,18130.92,17865.09,-54.17,-108.33,53.42,24.50,ORB2 STOP
2024-03-21,-1,09:40,15:56,18681.75,18565.75,18739.69,18450.00,115.25,230.50,26.75,129.25,ORB2 TIME
2024-03-22,-1,09:40,13:05,18530.5,18587.7098214286,18587.46,18302.66,-57.96,-115.92,57.21,30.25,ORB2 STOP
2024-03-25,-1,09:40,10:11,18448,18502.4732142857,18502.22,18231.11,-55.22,-110.45,54.47,33.00,ORB2 STOP
2024-03-26,1,09:40,15:26,18575,18519.4196428571,18519.67,18796.32,-56.33,-112.66,55.58,34.25,ORB2 STOP
2024-03-27,-1,09:40,15:56,18499.75,18492.75,18552.71,18287.89,6.25,12.50,14.25,121.25,ORB2 TIME
2024-03-28,-1,09:40,15:56,18492.75,18488.25,18545.41,18282.13,3.75,7.50,46.50,45.00,ORB2 TIME
2024-04-01,1,09:40,10:19,18595.25,18545.0133928571,18545.26,18795.20,-50.99,-101.97,50.24,12.00,ORB2 STOP
2024-04-02,-1,09:40,13:04,18248,18294.1071428571,18293.86,18064.57,-46.86,-93.71,46.11,47.00,ORB2 STOP
2024-04-03,1,09:40,15:56,18273,18356.75,18226.97,18457.13,83.00,166.00,20.50,179.00,ORB2 TIME
2024-04-04,-1,09:40,14:28,18534.75,18357.7142857143,18579.01,18357.71,176.29,352.57,31.75,177.04,ORB2 TARGET
2024-04-08,-1,09:40,09:49,18244.25,18296.4107142857,18296.16,18036.61,-52.91,-105.82,52.16,6.50,ORB2 STOP
2024-04-09,-1,09:40,10:43,18390.25,18184.1785714286,18441.77,18184.18,205.32,410.64,12.75,206.07,ORB2 TARGET
2024-04-10,1,09:40,09:46,18184,18132.0803571429,18132.33,18390.68,-52.67,-105.34,51.92,12.25,ORB2 STOP
2024-04-11,-1,09:40,11:57,18239.75,18289.3705357143,18289.12,18042.27,-50.37,-100.74,49.62,70.75,ORB2 STOP
2024-04-12,1,09:40,10:37,18306.25,18253.1651785714,18253.42,18517.59,-53.83,-107.67,53.08,37.00,ORB2 STOP
2024-04-15,-1,09:40,13:19,18290.5,18072.1964285714,18345.08,18072.20,217.55,435.11,35.50,218.30,ORB2 TARGET
2024-04-16,-1,09:40,10:16,17862.5,17923.4107142857,17923.16,17619.86,-61.66,-123.32,60.91,40.50,ORB2 STOP
2024-04-17,-1,09:40,12:06,17936.25,17693.6071428571,17996.91,17693.61,241.89,483.79,6.75,242.64,ORB2 TARGET
2024-04-18,-1,09:40,09:48,17563.25,17626.8392857143,17626.59,17309.89,-64.34,-128.68,63.59,3.25,ORB2 STOP
2024-04-19,-1,09:40,09:47,17442.25,17508.2053571429,17507.96,17179.43,-66.71,-133.41,65.96,8.00,ORB2 STOP
2024-04-22,-1,09:40,13:32,17284,17353.7008928571,17353.45,17006.20,-70.45,-140.90,69.70,135.25,ORB2 STOP
2024-04-23,1,09:40,15:56,17441.25,17607,17369.04,17730.09,165.00,330.00,7.25,215.25,ORB2 TIME
2024-04-24,1,09:40,10:46,17766.75,17693.7544642857,17694.00,18057.73,-73.75,-147.49,73.00,29.00,ORB2 STOP
2024-04-25,-1,09:40,10:12,17334.5,17402.5446428571,17402.29,17063.32,-68.79,-137.59,68.04,14.00,ORB2 STOP
2024-04-26,1,09:40,15:56,17754.75,17845.25,17687.09,18025.38,89.75,179.50,45.50,146.50,ORB2 TIME
2024-04-29,-1,09:40,15:56,17895.75,17896,17965.07,17618.46,-1.00,-2.00,35.75,104.50,ORB2 TIME
2024-04-30,1,09:40,11:12,17846.75,17778.7321428571,17778.98,18117.82,-68.77,-137.54,68.02,48.25,ORB2 STOP
2024-05-02,-1,09:40,13:29,17531,17603.4642857143,17603.21,17242.14,-73.21,-146.43,72.46,145.00,ORB2 STOP
2024-05-06,1,09:40,15:56,18084.5,18186.25,18017.01,18354.46,101.00,202.00,17.25,105.25,ORB2 TIME
2024-05-07,1,09:40,15:56,18213.25,18205,18146.01,18482.20,-9.00,-18.00,47.50,54.50,ORB2 TIME
2024-05-08,1,09:40,15:56,18122.25,18186.25,18059.33,18373.95,63.25,126.50,11.25,120.00,ORB2 TIME
2024-05-09,-1,09:40,10:55,18158.5,18220.5892857143,18220.34,17911.14,-62.84,-125.68,62.09,50.50,ORB2 STOP
2024-05-10,1,09:40,10:20,18312,18254.7589285714,18255.01,18539.96,-57.99,-115.98,57.24,36.00,ORB2 STOP
2024-05-13,-1,09:40,15:56,18288.25,18291,18342.75,18070.25,-3.50,-7.00,23.50,53.50,ORB2 TIME
2024-05-14,1,09:40,15:56,18296,18428.25,18244.02,18503.93,131.50,263.00,23.75,137.75,ORB2 TIME
2024-05-15,-1,09:40,10:38,18505,18556.1607142857,18555.91,18301.36,-51.91,-103.82,51.16,57.75,ORB2 STOP
2024-05-16,1,09:40,15:56,18694.5,18665.25,18644.27,18895.43,-30.00,-60.00,43.00,66.25,ORB2 TIME
2024-05-17,1,09:40,12:46,18662.25,18613.8392857143,18614.09,18854.89,-49.16,-98.32,48.41,14.75,ORB2 STOP
2024-05-20,1,09:40,15:56,18699.75,18743,18652.05,18890.55,42.50,85.00,12.25,94.75,ORB2 TIME
2024-05-21,1,09:40,15:56,18704.75,18801.75,18660.13,18883.25,96.25,192.50,24.25,99.00,ORB2 TIME
2024-05-22,1,09:40,13:38,18811,18770.8035714286,18771.05,18970.79,-40.95,-81.89,40.20,27.50,ORB2 STOP
2024-05-23,-1,09:40,13:38,18943.75,18794.3392857143,18981.10,18794.34,148.66,297.32,1.75,149.41,ORB2 TARGET
2024-05-24,-1,09:40,09:47,18744,18785.2544642857,18785.00,18579.98,-42.00,-84.01,41.25,5.00,ORB2 STOP
2024-05-28,-1,09:40,15:56,18909.75,18913.75,18951.44,18742.98,-4.75,-9.50,36.00,90.25,ORB2 TIME
2024-05-29,1,09:40,15:56,18804.25,18792.25,18762.13,18972.75,-12.75,-25.50,25.25,75.75,ORB2 TIME
2024-05-30,-1,09:40,15:49,18735.25,18569.9107142857,18776.58,18569.91,164.59,329.18,20.25,165.34,ORB2 TARGET
2024-05-31,1,09:40,09:48,18615.25,18572.0535714286,18572.30,18787.04,-43.95,-87.89,43.20,15.50,ORB2 STOP
2024-06-03,1,09:40,09:52,18725.25,18677.9508928571,18678.20,18913.45,-48.05,-96.10,47.30,30.25,ORB2 STOP
2024-06-04,-1,09:40,14:16,18626.5,18677.6830357143,18677.43,18422.77,-51.93,-103.87,51.18,58.75,ORB2 STOP
2024-06-05,-1,09:40,10:25,18820,18871.4866071429,18871.24,18615.05,-52.24,-104.47,51.49,20.00,ORB2 STOP
2024-06-06,1,09:40,09:50,19113.25,19061.3973214286,19061.65,19319.66,-52.60,-105.21,51.85,2.50,ORB2 STOP
2024-06-10,1,09:40,15:56,19017,19097.75,18965.18,19224.27,80.00,160.00,32.75,112.75,ORB2 TIME
2024-06-13,1,09:40,10:12,19658.25,19603.0714285714,19603.32,19877.96,-55.93,-111.86,55.18,5.50,ORB2 STOP
2024-06-14,1,09:40,15:56,19599.5,19660.5,19548.09,19805.13,60.25,120.50,36.25,79.75,ORB2 TIME
2024-06-17,-1,09:40,11:06,19689,19739.5848214286,19739.33,19487.66,-51.33,-102.67,50.58,48.75,ORB2 STOP
2024-06-18,-1,09:40,15:56,19913,19925.5,19967.52,19694.91,-13.25,-26.50,40.00,61.25,ORB2 TIME
2024-06-20,-1,09:40,13:07,19958.25,19741.4285714286,20012.46,19741.43,216.07,432.14,30.50,216.82,ORB2 TARGET
2024-06-24,1,09:40,09:49,19937.75,19881.9776785714,19882.23,20159.84,-56.52,-113.04,55.77,1.00,ORB2 STOP
2024-06-25,-1,09:40,10:02,19805,19858.3705357143,19858.12,19592.52,-54.12,-108.24,53.37,7.00,ORB2 STOP
2024-06-26,1,09:40,15:56,19938,20015,19887.21,20141.14,76.25,152.50,26.00,90.00,ORB2 TIME
2024-06-27,1,09:40,09:51,20093.25,20043.4553571429,20043.71,20291.43,-50.54,-101.09,49.79,3.50,ORB2 STOP
2024-06-28,1,09:40,12:17,20087.75,20040.0580357143,20040.31,20277.52,-48.44,-96.88,47.69,185.50,ORB2 STOP
2024-07-01,-1,09:40,12:13,19954,20006.5,20006.25,19745.00,-53.25,-106.50,52.50,142.50,ORB2 STOP
2024-07-02,1,09:40,15:56,20039.25,20236.75,19985.22,20255.36,196.75,393.50,24.25,200.75,ORB2 TIME
2024-07-08,-1,09:40,11:32,20612.5,20668.3839285714,20668.13,20389.96,-56.63,-113.27,55.88,24.50,ORB2 STOP
2024-07-09,1,09:40,11:25,20732.5,20678.6473214286,20678.90,20946.91,-54.60,-109.21,53.85,39.25,ORB2 STOP
2024-07-10,-1,09:40,10:10,20736,20789.7098214286,20789.46,20522.16,-54.46,-108.92,53.71,2.25,ORB2 STOP
2024-07-11,-1,09:40,10:44,20874.75,20655.1785714286,20929.64,20655.18,218.82,437.64,22.75,219.57,ORB2 TARGET
2024-07-12,1,09:40,13:36,20457.5,20688.875,20399.66,20688.88,230.63,461.25,24.25,231.38,ORB2 TARGET
2024-07-15,1,09:40,13:34,20641.75,20579.8258928571,20580.08,20888.45,-62.67,-125.35,61.92,154.75,ORB2 STOP
2024-07-16,1,09:40,09:50,20680.25,20618.4107142857,20618.66,20926.61,-62.59,-125.18,61.84,0.75,ORB2 STOP
2024-07-17,-1,09:40,15:56,20236.25,20021.25,20297.21,19992.39,214.25,428.50,13.00,238.50,ORB2 TIME
2024-07-18,-1,09:40,11:17,20106.25,19854.9107142857,20169.08,19854.91,250.59,501.18,3.50,251.34,ORB2 TARGET
2024-07-19,1,09:40,09:49,19927.75,19859.7633928571,19860.01,20198.70,-68.74,-137.47,67.99,49.00,ORB2 STOP
2024-07-22,-1,09:40,09:48,19950.25,20021.1026785714,20020.85,19667.84,-71.60,-143.21,70.85,18.25,ORB2 STOP
2024-07-23,1,09:40,10:52,20001,19932.5044642857,19932.75,20273.98,-69.25,-138.49,68.50,46.75,ORB2 STOP
2024-07-24,-1,09:40,14:44,19536,19268.8392857143,19602.79,19268.84,266.41,532.82,25.25,267.16,ORB2 TARGET
2024-07-25,-1,09:40,09:43,19135.25,19205.9598214286,19205.71,18853.41,-71.46,-142.92,70.71,16.00,ORB2 STOP
2024-07-26,-1,09:40,12:04,19130,19205.9821428571,19205.73,18827.07,-76.73,-153.46,75.98,89.25,ORB2 STOP
2024-07-29,1,09:40,10:56,19313.25,19234.4464285714,19234.70,19627.46,-79.55,-159.11,78.80,64.00,ORB2 STOP
2024-07-30,-1,09:40,11:39,19285.25,18963.2857142857,19365.74,18963.29,321.21,642.43,34.00,321.96,ORB2 TARGET
2024-08-01,1,09:40,10:23,19563.5,19482.0580357143,19482.31,19888.27,-82.19,-164.38,81.44,118.25,ORB2 STOP
2024-08-05,1,09:40,09:41,17860.25,17768.3928571429,17768.64,18226.68,-92.61,-185.21,91.86,0.00,ORB2 STOP
2024-08-06,1,09:40,09:43,18084.25,17982.3928571429,17982.64,18490.68,-102.61,-205.21,101.86,19.25,ORB2 STOP
2024-08-07,1,09:40,10:29,18514,18408.0669642857,18408.32,18936.73,-106.68,-213.37,105.93,44.50,ORB2 STOP
2024-08-08,-1,09:40,10:05,18170,18279.8080357143,18279.56,17731.77,-110.56,-221.12,109.81,105.25,ORB2 STOP
2024-08-09,1,09:40,10:01,18519,18406.1875,18406.44,18969.25,-113.56,-227.13,112.81,1.00,ORB2 STOP
2024-08-12,-1,09:40,10:38,18624,18737.4419642857,18737.19,18171.23,-114.19,-228.38,113.44,100.00,ORB2 STOP
2024-08-13,1,09:40,15:56,18850.25,19088.25,18735.98,19307.34,237.25,474.50,24.25,258.50,ORB2 TIME
2024-08-14,-1,09:40,15:56,19121.25,19138.25,19232.10,18677.84,-17.75,-35.50,82.50,195.75,ORB2 TIME
2024-08-15,1,09:40,15:56,19387.25,19570.25,19280.48,19814.32,182.25,364.50,41.25,216.25,ORB2 TIME
2024-08-16,1,09:40,15:56,19504.75,19606.25,19397.82,19932.46,100.75,201.50,31.50,157.75,ORB2 TIME
2024-08-19,-1,09:40,12:51,19575.25,19681.28125,19681.03,19152.13,-106.78,-213.56,106.03,46.00,ORB2 STOP
2024-08-20,1,09:40,10:43,19850.75,19748.0133928571,19748.26,20260.70,-103.49,-206.97,102.74,74.00,ORB2 STOP
2024-08-21,1,09:40,15:56,19848.25,19910.5,19747.21,20252.39,61.50,123.00,77.00,133.75,ORB2 TIME
2024-08-22,-1,09:40,13:53,19983.25,19622.1785714286,20073.52,19622.18,360.32,720.64,25.75,361.07,ORB2 TARGET
2024-08-23,-1,09:40,10:02,19734.25,19826.7008928571,19826.45,19365.45,-93.20,-186.40,92.45,26.00,ORB2 STOP
2024-08-26,1,09:40,10:02,19783.25,19699.1696428571,19699.42,20118.57,-84.83,-169.66,84.08,2.75,ORB2 STOP
2024-08-27,-1,09:40,09:54,19470.75,19550.78125,19550.53,19151.63,-80.78,-161.56,80.03,29.00,ORB2 STOP
2024-08-28,-1,09:40,14:00,19586,19292.2142857143,19659.45,19292.21,293.04,586.07,40.50,293.79,ORB2 TARGET
2024-08-29,1,09:40,14:29,19576.5,19504.8035714286,19505.05,19862.29,-72.45,-144.89,71.70,115.50,ORB2 STOP
2024-08-30,-1,09:40,10:01,19531,19604.2053571429,19603.96,19239.18,-73.96,-147.91,73.21,2.00,ORB2 STOP
2024-09-03,-1,09:40,14:02,19393.5,19100.1428571429,19466.84,19100.14,292.61,585.21,26.75,293.36,ORB2 TARGET
2024-09-04,1,09:40,15:56,18884.5,18974.5,18806.25,19197.52,89.25,178.50,48.50,230.50,ORB2 TIME
2024-09-05,1,09:40,11:02,18999,18920.4821428571,18920.73,19312.07,-79.27,-158.54,78.52,151.25,ORB2 STOP
2024-09-09,1,09:40,10:34,18659.75,18574.4553571429,18574.71,18999.93,-86.04,-172.09,85.29,60.75,ORB2 STOP
2024-09-10,-1,09:40,10:09,18729,18812.5178571429,18812.27,18395.93,-84.27,-168.54,83.52,7.50,ORB2 STOP
2024-09-11,-1,09:40,12:31,18832.75,18918.1473214286,18917.90,18492.16,-86.15,-172.29,85.40,285.00,ORB2 STOP
2024-09-12,-1,09:40,10:34,19256.5,19351.4508928571,19351.20,18877.70,-95.70,-191.40,94.95,71.25,ORB2 STOP
2024-09-13,1,09:40,15:56,19471,19543,19379.62,19836.54,71.25,142.50,58.75,106.00,ORB2 TIME
2024-09-16,-1,09:40,09:57,19361.75,19451.0580357143,19450.81,19005.52,-90.06,-180.12,89.31,8.75,ORB2 STOP
2024-09-17,-1,09:40,15:56,19545,19433.5,19631.74,19198.05,110.75,221.50,70.50,203.75,ORB2 TIME
2024-09-19,-1,09:40,10:28,19812.5,19899.0580357143,19898.81,19467.27,-87.31,-174.62,86.56,85.75,ORB2 STOP
2024-09-23,-1,09:40,15:56,20051.25,20073.25,20135.48,19714.32,-22.75,-45.50,75.50,32.75,ORB2 TIME
2024-09-24,-1,09:40,11:55,20119,20200.71875,20200.47,19793.13,-82.47,-164.94,81.72,167.00,ORB2 STOP
2024-09-25,1,09:40,15:56,20187.5,20184.25,20111.56,20491.27,-4.00,-8.00,52.00,85.25,ORB2 TIME
2024-09-26,-1,09:40,15:56,20445.25,20334.25,20518.66,20151.61,110.25,220.50,6.25,257.25,ORB2 TIME
2024-09-27,-1,09:40,15:56,20328.5,20235.75,20402.30,20033.30,92.00,184.00,47.25,155.50,ORB2 TIME
2024-09-30,1,09:40,10:10,20243,20174.8169642857,20175.07,20514.73,-68.93,-137.87,68.18,21.00,ORB2 STOP
2024-10-01,-1,09:40,11:17,20103.75,19832.2678571429,20171.62,19832.27,270.73,541.46,6.25,271.48,ORB2 TARGET
2024-10-02,-1,09:40,10:04,19897.25,19968.25,19968.00,19614.25,-71.75,-143.50,71.00,63.75,ORB2 STOP
2024-10-03,1,09:40,12:55,19965,19902.7455357143,19903.00,20213.02,-63.00,-126.01,62.25,150.00,ORB2 STOP
2024-10-07,1,09:40,14:31,20148,20085.9375,20086.19,20395.25,-62.81,-125.63,62.06,39.75,ORB2 STOP
2024-10-08,-1,09:40,09:57,20085,20148.3973214286,20148.15,19832.41,-64.15,-128.29,63.40,12.75,ORB2 STOP
2024-10-09,-1,09:40,10:21,20269.5,20332.6428571429,20332.39,20017.93,-63.89,-127.79,63.14,31.25,ORB2 STOP
2024-10-10,1,09:40,09:50,20370.25,20308.7053571429,20308.96,20615.43,-62.29,-124.59,61.54,13.75,ORB2 STOP
2024-10-11,-1,09:40,10:03,20318.5,20379.4732142857,20379.22,20075.61,-61.72,-123.45,60.97,5.25,ORB2 STOP
2024-10-14,1,09:40,15:56,20583.25,20634,20521.22,20831.36,50.00,100.00,58.25,96.75,ORB2 TIME
2024-10-15,-1,09:40,10:38,20621.25,20380.8392857143,20681.35,20380.84,239.66,479.32,35.75,240.41,ORB2 TARGET
2024-10-16,-1,09:40,10:26,20270,20335.1383928571,20334.89,20010.45,-65.89,-131.78,65.14,64.75,ORB2 STOP
2024-10-17,-1,09:40,09:53,20433,20495.3571428571,20495.11,20184.57,-63.11,-126.21,62.36,7.50,ORB2 STOP
2024-10-18,-1,09:40,10:09,20451,20513.5758928571,20513.33,20201.70,-63.33,-126.65,62.58,8.50,ORB2 STOP
2024-10-21,1,09:40,10:46,20468.5,20408.25,20408.50,20708.50,-61.00,-122.00,60.25,85.75,ORB2 STOP
2024-10-22,1,09:40,15:56,20426.5,20570,20370.77,20649.43,142.75,285.50,9.75,175.50,ORB2 TIME
2024-10-23,1,09:40,10:05,20442,20386.4241071429,20386.67,20663.30,-56.33,-112.65,55.58,9.75,ORB2 STOP
2024-10-24,-1,09:40,15:33,20347.25,20405.4642857143,20405.21,20115.39,-58.96,-117.93,58.21,86.75,ORB2 STOP
2024-10-25,1,09:40,13:44,20557.5,20500.7857142857,20501.04,20783.36,-57.46,-114.93,56.71,150.00,ORB2 STOP
2024-10-28,-1,09:40,15:56,20590.75,20489.75,20647.35,20364.34,100.25,200.50,27.00,103.25,ORB2 TIME
2024-10-29,-1,09:40,09:46,20451.5,20506.2276785714,20505.98,20233.59,-55.48,-110.96,54.73,16.50,ORB2 STOP
2024-10-30,-1,09:40,10:07,20611,20666.9866071429,20666.74,20388.05,-56.74,-113.47,55.99,68.00,ORB2 STOP
2024-10-31,-1,09:40,11:43,20269.75,20048.3928571429,20325.09,20048.39,220.61,441.21,25.75,221.36,ORB2 TARGET
2024-11-04,-1,09:40,09:44,20041,20101.1428571429,20100.89,19801.43,-60.89,-121.79,60.14,3.00,ORB2 STOP
2024-11-05,1,09:40,15:56,20233,20324.5,20176.53,20458.88,90.75,181.50,40.50,140.00,ORB2 TIME
2024-11-06,1,09:40,09:45,20793.25,20735.6071428571,20735.86,21022.82,-58.39,-116.79,57.64,13.50,ORB2 STOP
2024-11-08,1,09:40,15:56,21220.25,21218.25,21158.92,21465.59,-2.75,-5.50,58.75,46.25,ORB2 TIME
2024-11-11,-1,09:40,15:56,21241.75,21191.75,21301.22,21003.86,49.25,98.50,20.25,143.50,ORB2 TIME
2024-11-12,1,09:40,11:14,21226.25,21167.2232142857,21167.47,21461.36,-59.78,-119.55,59.03,26.00,ORB2 STOP
2024-11-13,-1,09:40,12:16,21146.75,21202.4508928571,21202.20,20924.95,-56.45,-112.90,55.70,89.25,ORB2 STOP
2024-11-14,1,09:40,09:45,21143.75,21086.9241071429,21087.17,21370.05,-57.58,-115.15,56.83,3.75,ORB2 STOP
2024-11-15,-1,09:40,12:07,20699.5,20476.3392857143,20755.29,20476.34,222.41,444.82,46.50,223.16,ORB2 TARGET
2024-11-18,1,09:40,09:51,20566,20505.8928571429,20506.14,20805.43,-60.86,-121.71,60.11,5.50,ORB2 STOP
2024-11-19,1,09:40,13:55,20558.5,20791.4642857143,20500.26,20791.46,232.21,464.43,46.50,233.00,ORB2 TARGET
2024-11-20,-1,09:40,15:36,20664.5,20724.7767857143,20724.53,20424.39,-61.03,-122.05,60.28,187.25,ORB2 STOP
2024-11-21,-1,09:40,09:46,20653,20711.9508928571,20711.70,20418.20,-59.70,-119.40,58.95,24.75,ORB2 STOP
2024-11-22,1,09:40,10:11,20821,20759.1383928571,20759.39,21067.45,-62.61,-125.22,61.86,52.25,ORB2 STOP
2024-11-25,1,09:40,09:52,21054,20993.1205357143,20993.37,21296.52,-61.63,-123.26,60.88,27.25,ORB2 STOP
2024-11-26,1,09:40,14:20,20980.25,20918.03125,20918.28,21228.13,-62.97,-125.94,62.22,44.75,ORB2 STOP
2024-11-27,-1,09:40,15:56,20867.25,20810.75,20926.17,20631.59,55.75,111.50,32.50,192.25,ORB2 TIME
2024-12-02,1,09:40,15:56,21119.5,21217.75,21060.32,21356.23,97.50,195.00,23.75,140.00,ORB2 TIME
2024-12-03,1,09:40,15:56,21193.75,21276,21132.28,21439.63,81.50,163.00,31.75,84.00,ORB2 TIME
2024-12-04,-1,09:40,10:11,21388.5,21449.5044642857,21449.25,21145.48,-61.75,-123.51,61.00,0.00,ORB2 STOP
2024-12-05,-1,09:40,15:56,21527.5,21465,21587.62,21287.04,61.75,123.50,40.25,67.25,ORB2 TIME
2024-12-09,-1,09:40,15:56,21611,21462.25,21668.94,21379.23,148.00,296.00,38.00,174.00,ORB2 TIME
2024-12-10,1,09:40,11:09,21540.75,21485.3571428571,21485.61,21761.32,-56.14,-112.29,55.39,66.00,ORB2 STOP
2024-12-11,1,09:40,15:56,21606.25,21793,21550.57,21828.96,186.00,372.00,2.75,213.50,ORB2 TIME
2024-12-12,-1,09:40,11:06,21683,21738.2544642857,21738.00,21462.98,-56.00,-112.01,55.25,58.25,ORB2 STOP
2024-12-13,1,09:40,10:41,21833.25,21780.9821428571,21781.23,22041.32,-53.02,-106.04,52.27,74.75,ORB2 STOP
2024-12-16,1,09:40,14:13,21932.5,22129.7321428571,21883.19,22129.73,196.48,392.96,29.50,197.23,ORB2 TARGET
2024-12-17,-1,09:40,09:46,22011,22062.3080357143,22062.06,21806.77,-52.06,-104.12,51.31,17.00,ORB2 STOP
2024-12-19,-1,09:40,09:43,21339.5,21401.7857142857,21401.54,21091.36,-63.04,-126.07,62.29,29.25,ORB2 STOP
2024-12-23,1,09:40,09:47,21660.75,21597.3482142857,21597.60,21913.36,-64.15,-128.30,63.40,5.00,ORB2 STOP
2024-12-26,1,09:40,09:54,21985.25,21920.6339285714,21920.88,22242.71,-65.37,-130.73,64.62,13.50,ORB2 STOP
2024-12-27,-1,09:40,15:56,21723,21679,21788.26,21461.95,43.25,86.50,23.25,224.75,ORB2 TIME
2024-12-30,-1,09:40,11:37,21362.75,21431.8883928571,21431.64,21087.20,-69.89,-139.78,69.14,110.00,ORB2 STOP
2024-12-31,-1,09:40,09:50,21381,21453.8571428571,21453.61,21090.57,-73.61,-147.21,72.86,13.25,ORB2 STOP
2025-01-02,-1,09:40,09:47,21176.5,21251.5580357143,21251.31,20877.27,-75.81,-151.62,75.06,10.00,ORB2 STOP
2025-01-06,1,09:40,14:01,21773,21692.7053571429,21692.96,22093.18,-81.04,-162.09,80.29,124.00,ORB2 STOP
2025-01-07,-1,09:40,09:46,21701.75,21782.1116071429,21781.86,21381.30,-81.11,-162.22,80.36,6.25,ORB2 STOP
2025-01-08,-1,09:40,10:03,21301.25,21388.8794642857,21388.63,20951.73,-88.38,-176.76,87.63,16.25,ORB2 STOP
2025-01-10,-1,09:40,15:56,21096,21026.25,21183.81,20744.75,69.00,138.00,79.75,221.25,ORB2 TIME
2025-01-13,-1,09:40,09:55,20725.5,20814.7410714286,20814.49,20369.54,-89.99,-179.98,89.24,24.00,ORB2 STOP
2025-01-14,1,09:40,09:54,21112.5,21021.0223214286,21021.27,21477.41,-92.23,-184.46,91.48,16.75,ORB2 STOP
2025-01-15,-1,09:40,09:49,21252,21333.78125,21333.53,20925.88,-82.53,-165.06,81.78,0.00,ORB2 STOP
2025-01-16,-1,09:40,15:56,21445.5,21272.5,21525.94,21123.73,172.25,344.50,29.00,183.25,ORB2 TIME
2025-01-17,-1,09:40,11:23,21524.5,21604.3482142857,21604.10,21206.11,-80.60,-161.20,79.85,43.50,ORB2 STOP
2025-01-21,-1,09:40,12:43,21635.75,21715.3660714286,21715.12,21318.29,-80.37,-160.73,79.62,110.25,ORB2 STOP
2025-01-22,1,09:40,15:56,21957.5,22011.25,21880.25,22266.52,53.00,106.00,27.00,136.50,ORB2 TIME
2025-01-23,1,09:40,15:56,21909.5,22022,21834.48,22209.57,111.75,223.50,42.25,114.25,ORB2 TIME
2025-01-24,-1,09:40,15:56,22022.75,21908.5,22095.45,21731.95,113.50,227.00,55.25,179.50,ORB2 TIME
2025-01-27,1,09:40,11:26,21284.25,21215.3348214286,21215.58,21558.91,-69.67,-139.33,68.92,133.75,ORB2 STOP
2025-01-28,-1,09:40,10:00,21219.25,21288.5714285714,21288.32,20942.96,-70.07,-140.14,69.32,58.50,ORB2 STOP
2025-01-30,1,09:40,10:04,21652.5,21584.4955357143,21584.75,21923.52,-68.75,-137.51,68.00,96.25,ORB2 STOP
2025-01-31,1,09:40,13:38,21799.5,21730.3482142857,21730.60,22075.11,-69.90,-139.80,69.15,166.25,ORB2 STOP
2025-02-03,1,09:40,09:46,21307.75,21236.6875,21236.94,21591.00,-71.81,-143.63,71.06,0.00,ORB2 STOP
2025-02-04,1,09:40,15:56,21507.75,21674,21434.38,21801.25,165.50,331.00,24.50,187.00,ORB2 TIME
2025-02-05,1,09:40,15:56,21569,21742.75,21496.81,21857.77,173.00,346.00,68.00,184.25,ORB2 TIME
2025-02-06,-1,09:40,10:13,21763.5,21835.9776785714,21835.73,21474.59,-73.23,-146.46,72.48,5.50,ORB2 STOP
2025-02-10,1,09:40,15:56,21776.75,21855.75,21702.03,22075.64,78.25,156.50,25.25,117.00,ORB2 TIME
2025-02-11,1,09:40,15:56,21782.25,21774.5,21709.22,22074.36,-8.50,-17.00,66.50,89.00,ORB2 TIME
2025-02-12,1,09:40,15:56,21613.5,21803.75,21540.84,21904.14,189.50,379.00,33.00,225.50,ORB2 TIME
2025-02-13,-1,09:40,10:00,21854.5,21929.6473214286,21929.40,21554.91,-75.90,-151.79,75.15,16.50,ORB2 STOP
2025-02-14,-1,09:40,13:34,22102.5,22178.6116071429,22178.36,21799.05,-76.86,-153.72,76.11,11.50,ORB2 STOP
2025-02-18,-1,09:40,15:56,22244.75,22209.25,22317.30,21954.54,34.75,69.50,12.75,141.75,ORB2 TIME
2025-02-19,-1,09:40,12:55,22187.5,22254.9419642857,22254.69,21918.73,-68.19,-136.38,67.44,69.50,ORB2 STOP
2025-02-20,-1,09:40,15:56,22198.75,22133.5,22264.93,21934.02,64.50,129.00,14.75,248.00,ORB2 TIME
2025-02-21,-1,09:40,12:52,22120.25,21859.3392857143,22185.48,21859.34,260.16,520.32,32.00,260.91,ORB2 TARGET
2025-02-24,-1,09:40,15:56,21701.75,21433.9464285714,21768.70,21433.95,267.05,534.11,28.00,267.80,ORB2 TARGET
2025-02-25,-1,09:40,10:19,21376.5,21109.6607142857,21443.21,21109.66,266.09,532.18,1.50,266.84,ORB2 TARGET
2025-02-26,1,09:40,09:43,21265.75,21196.6964285714,21196.95,21540.96,-69.80,-139.61,69.05,4.25,ORB2 STOP
2025-02-27,-1,09:40,09:57,21308.25,21027.5535714286,21378.42,21027.55,279.95,559.89,0.25,280.70,ORB2 TARGET
2025-02-28,-1,09:40,10:11,20577.75,20659.125,20658.88,20253.25,-82.13,-164.25,81.38,57.00,ORB2 STOP
2025-03-03,-1,09:40,14:52,20982,20652.5535714286,21064.36,20652.55,328.70,657.39,26.50,329.45,ORB2 TARGET
2025-03-04,1,09:40,09:44,20357.75,20263.5,20263.75,20733.75,-95.00,-190.00,94.25,45.00,ORB2 STOP
2025-03-05,-1,09:40,10:01,20376.25,20479.1830357143,20478.93,19965.52,-103.68,-207.37,102.93,106.00,ORB2 STOP
2025-03-06,-1,09:40,10:08,20300.25,20406.8839285714,20406.63,19874.71,-107.38,-214.77,106.63,60.25,ORB2 STOP
2025-03-10,-1,09:40,14:56,19840.5,19371.6428571429,19957.71,19371.64,468.11,936.21,61.50,468.86,ORB2 TARGET
2025-03-11,1,09:40,10:05,19538,19412.2276785714,19412.48,20040.09,-126.52,-253.04,125.77,75.50,ORB2 STOP
2025-03-12,1,09:40,09:56,19765.75,19634.5357142857,19634.79,20289.61,-131.96,-263.93,131.21,11.00,ORB2 STOP
2025-03-13,-1,09:40,15:56,19539.75,19226,19672.60,19008.36,313.00,626.00,30.75,374.25,ORB2 TIME
2025-03-14,1,09:40,10:01,19582,19450.9464285714,19451.20,20105.21,-131.80,-263.61,131.05,38.75,ORB2 STOP
2025-03-17,1,09:40,10:31,19824.25,19694.5669642857,19694.82,20341.98,-130.43,-260.87,129.68,23.75,ORB2 STOP
2025-03-18,-1,09:40,15:56,19576.25,19488.75,19704.32,19063.96,86.75,173.50,22.00,175.25,ORB2 TIME
2025-03-20,1,09:40,15:56,19688.75,19701.75,19567.88,20172.21,12.25,24.50,91.50,209.75,ORB2 TIME
2025-03-24,1,09:40,15:56,20283,20388.25,20164.62,20756.52,104.50,209.00,44.75,126.25,ORB2 TIME
2025-03-25,-1,09:40,15:56,20397.25,20483.75,20504.51,19968.21,-87.25,-174.50,99.25,34.75,ORB2 TIME
2025-03-26,1,09:40,09:54,20458.25,20360.0848214286,20360.33,20849.91,-98.92,-197.83,98.17,14.25,ORB2 STOP
2025-03-27,-1,09:40,09:55,19950.75,20047.5446428571,20047.29,19564.57,-97.54,-195.09,96.79,13.00,ORB2 STOP
2025-03-28,-1,09:40,12:16,19908.75,19540.375,20000.84,19540.38,367.63,735.25,32.50,368.38,ORB2 TARGET
2025-03-31,-1,09:40,10:09,19069.75,19162.0758928571,19161.83,18701.45,-93.08,-186.15,92.33,93.00,ORB2 STOP
2025-04-01,1,09:40,10:14,19384.5,19294.2723214286,19294.52,19744.41,-90.98,-181.96,90.23,77.75,ORB2 STOP
2025-04-02,1,09:40,13:08,19499.5,19851.9464285714,19411.39,19851.95,351.70,703.39,26.00,352.45,ORB2 TARGET
2025-04-03,1,09:40,09:43,19058.5,18966.7232142857,18966.97,19424.61,-92.53,-185.05,91.78,1.75,ORB2 STOP
2025-04-07,-1,09:40,09:50,16843.25,16942.2008928571,16941.95,16448.45,-99.70,-199.40,98.95,169.75,ORB2 STOP
2025-04-08,-1,09:40,09:54,18101.75,18224.9151785714,18224.67,17610.09,-123.92,-247.83,123.17,28.50,ORB2 STOP
2025-04-09,1,09:40,10:53,17434.75,17292.0714285714,17292.32,18004.46,-143.43,-286.86,142.68,162.50,ORB2 STOP
2025-04-10,1,09:40,10:02,18796.75,18622.65625,18622.91,19492.13,-174.84,-349.69,174.09,53.50,ORB2 STOP
2025-04-11,1,09:40,10:23,18507.5,18322.5357142857,18322.79,19246.36,-185.71,-371.43,184.96,140.50,ORB2 STOP
2025-04-14,-1,09:40,15:56,19099.5,18941.25,19291.76,18330.45,157.50,315.00,93.50,361.00,ORB2 TIME
2025-04-15,1,09:40,15:56,19059.5,18967.25,18860.40,19855.89,-93.00,-186.00,175.00,85.25,ORB2 TIME
2025-04-16,1,09:40,13:40,18655,18458.75,18459.00,19439.00,-197.00,-394.00,196.25,80.25,ORB2 STOP
2025-04-17,-1,09:40,15:56,18405.5,18365.75,18607.89,17595.95,39.00,78.00,120.50,144.25,ORB2 TIME
2025-04-21,-1,09:40,15:56,18112.75,17910,18310.58,17321.41,202.00,404.00,8.75,412.75,ORB2 TIME
2025-04-22,1,09:40,15:56,18153.25,18354.25,17956.25,18941.23,200.25,400.50,7.00,360.25,ORB2 TIME
2025-04-23,1,09:40,12:19,18993,18795.1964285714,18795.45,19783.21,-198.55,-397.11,197.80,172.75,ORB2 STOP
2025-04-24,1,09:40,15:56,18902,19321.25,18706.89,19682.43,418.50,837.00,4.50,436.50,ORB2 TIME
2025-04-25,1,09:40,15:56,19337.5,19527.25,19140.92,20123.84,189.00,378.00,103.00,217.00,ORB2 TIME
2025-04-28,-1,09:40,15:56,19494.5,19555,19683.93,18736.77,-61.25,-122.50,128.25,236.75,ORB2 TIME
2025-04-29,-1,09:40,10:07,19423.5,19589.5803571429,19589.33,18760.18,-166.83,-333.66,166.08,6.75,ORB2 STOP
2025-04-30,-1,09:40,10:32,19192.75,19339.2455357143,19339.00,18607.77,-147.25,-294.49,146.50,90.50,ORB2 STOP
2025-05-01,-1,09:40,10:38,19910.75,20029.0625,20028.81,19438.50,-119.06,-238.13,118.31,52.75,ORB2 STOP
2025-05-05,1,09:40,15:56,20020.75,20057.75,19921.09,20419.39,36.25,72.50,35.50,170.50,ORB2 TIME
2025-05-06,1,09:40,09:52,19862,19767.6383928571,19767.89,20238.45,-95.11,-190.22,94.36,2.00,ORB2 STOP
2025-05-08,-1,09:40,11:29,20103.25,20193.7901785714,20193.54,19742.09,-91.29,-182.58,90.54,125.25,ORB2 STOP
2025-05-09,1,09:40,10:27,20257,20164.7678571429,20165.02,20624.93,-92.98,-185.96,92.23,18.00,ORB2 STOP
2025-05-12,-1,09:40,12:50,20786,20873.8839285714,20873.63,20435.46,-88.63,-177.27,87.88,96.00,ORB2 STOP
2025-05-13,1,09:40,15:56,21065.25,21276.75,20980.28,21405.14,210.75,421.50,20.00,281.75,ORB2 TIME
2025-05-14,1,09:40,09:49,21374,21289.8883928571,21290.14,21709.45,-84.86,-169.72,84.11,7.50,ORB2 STOP
2025-05-15,-1,09:40,11:06,21295,21372.9508928571,21372.70,20984.20,-78.70,-157.40,77.95,46.75,ORB2 STOP
2025-05-16,-1,09:40,15:56,21438,21496.25,21515.01,21129.95,-59.00,-118.00,68.00,118.00,ORB2 TIME
2025-05-19,1,09:40,15:56,21304.75,21507.5,21230.81,21600.52,202.00,404.00,13.50,240.75,ORB2 TIME
2025-05-20,1,09:40,14:29,21428.5,21353.3169642857,21353.57,21728.23,-75.93,-151.87,75.18,45.25,ORB2 STOP
2025-05-21,1,09:40,13:25,21342.25,21274.8839285714,21275.13,21610.71,-68.12,-136.23,67.37,216.25,ORB2 STOP
2025-05-22,-1,09:40,09:53,21156,21227.2589285714,21227.01,20871.96,-72.01,-144.02,71.26,14.00,ORB2 STOP
2025-05-23,1,09:40,09:49,20918.75,20848.0892857143,20848.34,21200.39,-71.41,-142.82,70.66,17.50,ORB2 STOP
2025-05-27,-1,09:40,10:01,21225.75,21297.4151785714,21297.17,20940.09,-72.42,-144.83,71.67,13.25,ORB2 STOP
2025-05-28,1,09:40,09:50,21556.5,21484.7232142857,21484.97,21842.61,-72.53,-145.05,71.78,8.25,ORB2 STOP
2025-05-29,-1,09:40,15:56,21561.75,21397,21630.41,21287.13,164.00,328.00,18.50,260.75,ORB2 TIME
2025-05-30,-1,09:40,10:22,21317.75,21386.9910714286,21386.74,21041.79,-69.99,-139.98,69.24,83.00,ORB2 STOP
2025-06-02,1,09:40,09:47,21456.5,21384.7678571429,21385.02,21742.43,-72.48,-144.96,71.73,0.00,ORB2 STOP
2025-06-03,-1,09:40,09:49,21524.25,21596.7857142857,21596.54,21235.11,-73.29,-146.57,72.54,5.75,ORB2 STOP
2025-06-04,1,09:40,10:01,21780.5,21710.1785714286,21710.43,22060.79,-71.07,-142.14,70.32,13.00,ORB2 STOP
2025-06-05,-1,09:40,10:42,21748,21818.5848214286,21818.33,21466.66,-71.33,-142.67,70.58,56.25,ORB2 STOP
2025-06-09,-1,09:40,10:11,21760.5,21833.1696428571,21832.92,21470.82,-73.42,-146.84,72.67,3.00,ORB2 STOP
2025-06-10,1,09:40,11:33,21880.75,21811.6830357143,21811.93,22156.02,-69.82,-139.63,69.07,12.50,ORB2 STOP
2025-06-11,-1,09:40,11:05,21995.5,22065.8794642857,22065.63,21714.98,-71.13,-142.26,70.38,80.50,ORB2 STOP
2025-06-12,1,09:40,15:56,21868.75,21914.5,21802.38,22134.25,45.00,90.00,29.00,108.75,ORB2 TIME
2025-06-13,1,09:40,09:59,21782.5,21716.9910714286,21717.24,22043.54,-66.26,-132.52,65.51,13.75,ORB2 STOP
2025-06-16,1,09:40,15:56,21866.25,21947,21801.13,22126.73,80.00,160.00,26.75,130.25,ORB2 TIME
2025-06-17,1,09:40,13:01,21861,21797.25,21797.50,22115.00,-64.50,-129.00,63.75,46.75,ORB2 STOP
2025-06-23,-1,09:40,10:00,21867.75,21928.6919642857,21928.44,21624.98,-61.69,-123.38,60.94,27.00,ORB2 STOP
2025-06-24,1,09:40,15:56,22301,22413,22240.44,22543.25,111.25,222.50,35.25,146.75,ORB2 TIME
2025-06-25,1,09:40,10:12,22541,22482.3571428571,22482.61,22774.57,-59.39,-118.79,58.64,7.25,ORB2 STOP
2025-06-26,-1,09:40,10:06,22515.25,22572.2901785714,22572.04,22288.09,-57.79,-115.58,57.04,39.00,ORB2 STOP
2025-06-27,1,09:40,14:20,22737.75,22679.7321428571,22679.98,22968.82,-58.77,-117.54,58.02,86.00,ORB2 STOP
2025-06-30,-1,09:40,15:27,22833,22887.2857142857,22887.04,22616.86,-55.04,-110.07,54.29,53.00,ORB2 STOP
2025-07-01,1,09:40,10:29,22811.25,22757.0446428571,22757.29,23027.07,-54.96,-109.91,54.21,33.75,ORB2 STOP
2025-07-02,1,09:40,15:56,22703.25,22845.75,22647.35,22926.86,141.75,283.50,24.75,155.50,ORB2 TIME
2025-07-07,-1,09:40,09:53,22922.75,22978.1651785714,22977.92,22702.09,-56.17,-112.33,55.42,8.50,ORB2 STOP
2025-07-08,-1,09:40,12:26,22894.25,22948.2589285714,22948.01,22679.21,-54.76,-109.52,54.01,53.25,ORB2 STOP
2025-07-09,1,09:40,10:32,23048.75,22995.4508928571,22995.70,23260.95,-54.05,-108.10,53.30,62.50,ORB2 STOP
2025-07-10,-1,09:40,15:56,23035.25,23010.5,23087.22,22827.36,24.00,48.00,14.75,134.25,ORB2 TIME
2025-07-11,-1,09:40,09:52,22893,22944.9464285714,22944.70,22686.21,-52.70,-105.39,51.95,30.00,ORB2 STOP
2025-07-14,-1,09:40,10:22,22932.75,22983.53125,22983.28,22730.63,-51.53,-103.06,50.78,90.25,ORB2 STOP
2025-07-15,-1,09:40,15:56,23155,23088.5,23205.75,22951.98,65.75,131.50,43.25,79.50,ORB2 TIME
2025-07-16,-1,09:40,11:37,23042.75,22852.7142857143,23090.26,22852.71,189.29,378.57,2.25,190.04,ORB2 TARGET
2025-07-17,-1,09:40,09:44,23079.25,23128.375,23128.13,22883.75,-49.88,-99.75,49.13,7.75,ORB2 STOP
2025-07-18,-1,09:40,15:56,23274.75,23223,23324.61,23075.30,51.00,102.00,23.00,104.75,ORB2 TIME
2025-07-21,1,09:40,15:56,23328.5,23337.75,23280.00,23522.48,8.50,17.00,4.25,96.50,ORB2 TIME
2025-07-22,-1,09:40,09:55,23305,23114.8571428571,23352.54,23114.86,189.39,378.79,1.00,190.14,ORB2 TARGET
2025-07-23,-1,09:40,11:55,23224,23273.40625,23273.16,23027.38,-50.16,-100.31,49.41,81.50,ORB2 STOP
2025-07-24,-1,09:40,09:48,23347,23395.1785714286,23394.93,23155.29,-48.93,-97.86,48.18,13.50,ORB2 STOP
2025-07-25,-1,09:40,09:54,23351.75,23398.4732142857,23398.22,23165.86,-47.47,-94.95,46.72,8.75,ORB2 STOP
2025-07-28,1,09:40,11:21,23487.5,23441.6875,23441.94,23669.75,-46.56,-93.13,45.81,40.25,ORB2 STOP
2025-07-29,1,09:40,09:49,23646,23600.7410714286,23600.99,23826.04,-46.01,-92.02,45.26,3.50,ORB2 STOP
2025-07-31,-1,09:40,13:27,23658.75,23472.8571428571,23705.22,23472.86,185.14,370.29,46.25,185.89,ORB2 TARGET
2025-08-04,1,09:40,15:56,23159.5,23288.75,23106.42,23371.80,128.50,257.00,10.00,139.50,ORB2 TIME
2025-08-05,1,09:40,10:18,23352,23297.84375,23298.09,23567.63,-54.91,-109.81,54.16,45.25,ORB2 STOP
2025-08-06,-1,09:40,09:46,23159.5,23214.0044642857,23213.75,22942.48,-55.25,-110.51,54.50,10.75,ORB2 STOP
2025-08-07,1,09:40,09:46,23633.75,23577.8035714286,23578.05,23856.54,-56.70,-113.39,55.95,14.25,ORB2 STOP
2025-08-08,1,09:40,15:56,23578.25,23705,23518.96,23815.41,126.00,252.00,9.00,146.25,ORB2 TIME
2025-08-11,-1,09:40,12:07,23711.75,23771.7276785714,23771.48,23472.84,-60.73,-121.46,59.98,7.00,ORB2 STOP
2025-08-12,1,09:40,09:45,23794.25,23734.7589285714,23735.01,24031.21,-60.24,-120.48,59.49,14.25,ORB2 STOP
2025-08-13,1,09:40,10:06,24051,23988.9241071429,23989.17,24298.30,-62.83,-125.65,62.08,10.00,ORB2 STOP
2025-08-14,1,09:40,15:56,23915,23950.25,23852.17,24166.34,34.50,69.00,52.25,90.50,ORB2 TIME
2025-08-15,-1,09:40,15:56,23852.5,23799.5,23915.65,23599.91,52.25,104.50,30.75,117.75,ORB2 TIME
2025-08-18,1,09:40,09:59,23805.75,23740.8303571429,23741.08,24064.43,-65.67,-131.34,64.92,4.00,ORB2 STOP
2025-08-19,-1,09:40,15:02,23692.5,23442.7142857143,23754.95,23442.71,249.04,498.07,38.50,249.79,ORB2 TARGET
2025-08-20,-1,09:40,10:09,23358.75,23101.0535714286,23423.17,23101.05,256.95,513.89,14.75,257.70,ORB2 TARGET
2025-08-21,1,09:40,09:46,23276.75,23212.9642857143,23213.21,23530.89,-64.54,-129.07,63.79,1.00,ORB2 STOP
2025-08-22,1,09:40,10:04,23277.5,23526.0357142857,23215.37,23526.04,247.79,495.57,37.50,248.75,ORB2 TARGET
2025-08-25,1,09:40,15:56,23500.25,23533.75,23434.11,23764.82,32.75,65.50,51.75,116.50,ORB2 TIME
2025-08-26,1,09:40,15:56,23485.25,23588.5,23421.11,23741.82,102.50,205.00,58.50,114.75,ORB2 TIME
2025-08-27,1,09:40,09:50,23553.5,23491.2991071429,23491.55,23801.30,-62.95,-125.90,62.20,1.75,ORB2 STOP
2025-08-28,1,09:40,09:50,23719.25,23660.125,23660.38,23954.75,-59.88,-119.75,59.13,17.50,ORB2 STOP
2025-08-29,-1,09:40,15:56,23595.75,23438.5,23655.28,23357.63,156.50,313.00,30.00,194.25,ORB2 TIME
2025-09-02,1,09:40,11:36,23133.5,23072.84375,23073.09,23375.13,-61.41,-122.81,60.66,146.75,ORB2 STOP
2025-09-03,-1,09:40,10:08,23392.75,23452.2946428571,23452.04,23155.57,-60.29,-120.59,59.54,23.00,ORB2 STOP
2025-09-04,1,09:40,10:05,23491.75,23431.7633928571,23432.01,23730.70,-60.74,-121.47,59.99,21.25,ORB2 STOP
2025-09-08,1,09:40,15:56,23803,23793.25,23737.41,24065.36,-10.50,-21.00,44.50,85.00,ORB2 TIME
2025-09-09,-1,09:40,15:56,23834.25,23885.75,23900.26,23570.20,-52.25,-104.50,53.50,107.75,ORB2 TIME
2025-09-10,-1,09:40,15:56,23940.5,23880.5,24003.22,23689.61,59.25,118.50,50.25,155.50,ORB2 TIME
2025-09-11,-1,09:40,10:07,23934.75,23994.4910714286,23994.24,23696.79,-60.49,-120.98,59.74,25.00,ORB2 STOP
2025-09-12,-1,09:40,10:22,24013,24071.1383928571,24070.89,23781.45,-58.89,-117.78,58.14,5.75,ORB2 STOP
2025-09-15,1,09:40,15:56,24214,24292,24161.23,24425.07,77.25,154.50,16.25,80.25,ORB2 TIME
2025-09-16,-1,09:40,15:56,24313.25,24308.25,24365.52,24104.18,4.25,8.50,15.75,55.75,ORB2 TIME
2025-09-18,-1,09:40,10:04,24424.75,24478.3482142857,24478.10,24211.36,-54.35,-108.70,53.60,69.00,ORB2 STOP
2025-09-22,1,09:40,15:56,24834.75,25005.25,24781.72,25046.88,169.75,339.50,13.25,192.50,ORB2 TIME
2025-09-23,-1,09:40,15:56,24979.5,24835.5,25031.58,24771.20,143.25,286.50,5.50,200.25,ORB2 TIME
2025-09-24,-1,09:40,12:13,24836,24630.1607142857,24887.46,24630.16,205.09,410.18,15.25,205.84,ORB2 TARGET
2025-09-25,-1,09:40,10:06,24475.25,24528.09375,24527.84,24264.88,-53.59,-107.19,52.84,53.25,ORB2 STOP
2025-09-26,1,09:40,10:07,24694,24641.0758928571,24641.33,24904.70,-53.67,-107.35,52.92,39.25,ORB2 STOP
2025-09-29,1,09:40,12:58,24873.5,24823.7901785714,24824.04,25071.34,-50.46,-100.92,49.71,101.50,ORB2 STOP
2025-09-30,-1,09:40,09:46,24752.25,24803.1205357143,24802.87,24549.77,-51.62,-103.24,50.87,4.25,ORB2 STOP
2025-10-01,1,09:40,09:49,24828.5,24777.09375,24777.34,25033.13,-52.16,-104.31,51.41,9.75,ORB2 STOP
2025-10-02,-1,09:40,15:56,25080.75,25096,25133.61,24869.32,-16.00,-32.00,46.00,87.00,ORB2 TIME
2025-10-06,-1,09:40,13:24,25163.25,25218.6294642857,25218.38,24942.73,-56.13,-112.26,55.38,53.00,ORB2 STOP
2025-10-07,1,09:40,10:38,25246.75,25191.3883928571,25191.64,25467.20,-56.11,-112.22,55.36,18.75,ORB2 STOP
2025-10-08,1,09:40,15:56,25148.75,25333.75,25090.39,25382.20,184.25,368.50,33.75,185.50,ORB2 TIME
2025-10-09,-1,09:40,15:56,25299.75,25282.75,25357.50,25068.73,16.25,32.50,17.25,139.00,ORB2 TIME
2025-10-10,1,09:40,10:02,25372.5,25315.2008928571,25315.45,25600.70,-58.05,-116.10,57.30,15.50,ORB2 STOP
2025-10-13,-1,09:40,09:48,24758,24829.4196428571,24829.17,24473.32,-72.17,-144.34,71.42,27.75,ORB2 STOP
2025-10-14,-1,09:40,09:58,24509,24580.5982142857,24580.35,24223.61,-72.35,-144.70,71.60,85.75,ORB2 STOP
2025-10-15,-1,09:40,09:58,24934,25010.1116071429,25009.86,24630.55,-76.86,-153.72,76.11,37.00,ORB2 STOP
2025-10-16,1,09:40,11:44,25061,24981.6875,24981.94,25377.25,-80.06,-160.13,79.31,118.75,ORB2 STOP
2025-10-17,-1,09:40,09:54,24736.5,24821.5089285714,24821.26,24397.46,-85.76,-171.52,85.01,64.25,ORB2 STOP
2025-10-20,1,09:40,15:56,25209.25,25318.75,25121.14,25561.68,108.75,217.50,28.00,145.75,ORB2 TIME
2025-10-21,-1,09:40,15:56,25278.25,25320,25367.23,24922.32,-42.50,-85.00,69.25,75.25,ORB2 TIME
2025-10-22,-1,09:40,12:33,25225.5,24881.4642857143,25311.51,24881.46,343.29,686.57,64.00,344.04,ORB2 TARGET
2025-10-23,1,09:40,15:56,25068.75,25248.25,24977.22,25434.86,178.75,357.50,12.25,219.50,ORB2 TIME
2025-10-24,1,09:40,15:56,25506.5,25526.5,25414.23,25875.57,19.25,38.50,74.00,62.50,ORB2 TIME
2025-10-27,1,09:40,15:56,25839.5,25968.25,25747.30,26208.30,128.00,256.00,31.25,142.00,ORB2 TIME
2025-10-28,1,09:40,15:56,26061,26173.25,25970.50,26423.02,111.50,223.00,55.00,171.00,ORB2 TIME
2025-10-30,-1,09:40,09:49,25960.5,26052.3348214286,26052.08,25594.16,-92.58,-185.17,91.83,19.00,ORB2 STOP
2025-10-31,-1,09:40,15:56,26144.25,26029,26223.47,25827.38,114.50,229.00,38.75,256.50,ORB2 TIME
2025-11-03,-1,09:40,15:56,26175.75,26092.5,26256.24,25853.79,82.50,165.00,12.25,163.00,ORB2 TIME
2025-11-04,-1,09:40,09:42,25688.5,25764.4017857143,25764.15,25385.89,-76.65,-153.30,75.90,8.00,ORB2 STOP
2025-11-05,1,09:40,13:37,25554,25849.0714285714,25480.23,25849.07,294.32,588.64,45.25,295.07,ORB2 TARGET
2025-11-06,-1,09:40,10:38,25644.25,25359.5892857143,25715.42,25359.59,283.91,567.82,28.75,284.66,ORB2 TARGET
2025-11-10,1,09:40,10:57,25611.5,25534.2053571429,25534.46,25919.68,-78.04,-156.09,77.29,55.00,ORB2 STOP
2025-11-11,1,09:40,10:20,25620,25539.7901785714,25540.04,25939.84,-80.96,-161.92,80.21,15.50,ORB2 STOP
2025-11-12,-1,09:40,15:56,25682.25,25613.75,25757.44,25381.48,67.75,135.50,8.50,193.50,ORB2 TIME
2025-11-13,-1,09:40,10:09,25360.25,25435.7321428571,25435.48,25059.32,-76.23,-152.46,75.48,79.50,ORB2 STOP
2025-11-14,1,09:40,10:46,24800.5,25127.1785714286,24718.83,25127.18,325.93,651.86,23.25,326.68,ORB2 TARGET
2025-11-17,1,09:40,10:09,25171.25,25080.71875,25080.97,25532.38,-91.28,-182.56,90.53,83.50,ORB2 STOP
2025-11-18,1,09:40,09:46,24738,24642.1696428571,24642.42,25120.32,-96.58,-193.16,95.83,26.50,ORB2 STOP
2025-11-19,1,09:40,12:34,24678.25,24579.3303571429,24579.58,25072.93,-99.67,-199.34,98.92,309.75,ORB2 STOP
2025-11-20,-1,09:40,11:39,25208.75,24802.0178571429,25310.43,24802.02,405.98,811.96,101.25,406.73,ORB2 TARGET
2025-11-21,-1,09:40,09:55,24175.25,24293.2321428571,24292.98,23704.32,-118.73,-237.46,117.98,74.25,ORB2 STOP
2025-11-24,1,09:40,15:56,25718.25,26040.75,25593.08,26218.91,321.75,643.50,76.00,338.00,ORB2 TIME
2025-11-25,-1,09:40,12:20,25899.5,26027.2544642857,26027.00,25389.48,-128.50,-257.01,127.75,234.50,ORB2 STOP
2025-11-26,1,09:40,15:56,26287.75,26372.5,26157.69,26807.98,84.00,168.00,90.00,150.75,ORB2 TIME
2025-12-01,1,09:40,15:56,26323,26451,26197.35,26825.61,127.25,254.50,51.00,235.75,ORB2 TIME
2025-12-02,1,09:40,11:24,26660.5,26537.7633928571,26538.01,27150.45,-123.49,-246.97,122.74,72.50,ORB2 STOP
2025-12-03,-1,09:40,10:36,26525.25,26647.0669642857,26646.82,26038.98,-122.57,-245.13,121.82,32.25,ORB2 STOP
2025-12-04,-1,09:40,15:56,26680,26669.25,26802.25,26190.98,10.00,20.00,37.25,130.00,ORB2 TIME
2025-12-08,1,09:40,10:26,26867.75,26751.4642857143,26751.71,27331.89,-117.04,-234.07,116.29,22.25,ORB2 STOP
2025-12-09,1,09:40,15:56,26703.5,26762.5,26594.08,27141.18,58.25,116.50,44.75,98.00,ORB2 TIME
2025-12-11,-1,09:40,14:19,26648.75,26750.2991071429,26750.05,26243.55,-102.30,-204.60,101.55,195.50,ORB2 STOP
2025-12-12,1,09:40,09:49,26672.25,26573.3303571429,26573.58,27066.93,-99.67,-199.34,98.92,4.25,ORB2 STOP
2025-12-15,-1,09:40,15:56,26361,26151.25,26447.03,26016.88,209.00,418.00,41.25,264.75,ORB2 TIME
2025-12-16,1,09:40,09:46,26117.5,26036.3214285714,26036.57,26441.21,-81.93,-163.86,81.18,12.00,ORB2 STOP
2025-12-17,-1,09:40,11:15,26146.75,25837.7321428571,26224.00,25837.73,308.27,616.54,16.75,309.02,ORB2 TARGET
2025-12-18,-1,09:40,10:01,26023.75,26101.75,26101.50,25712.75,-78.75,-157.50,78.00,53.25,ORB2 STOP
2025-12-19,1,09:40,15:56,26263.5,26375.5,26185.47,26575.61,111.25,222.50,26.75,147.25,ORB2 TIME
2025-12-22,-1,09:40,15:56,26510,26503,26587.28,26200.89,6.25,12.50,58.25,70.75,ORB2 TIME
2025-12-23,1,09:40,10:04,26525.25,26449.34375,26449.59,26827.88,-76.66,-153.31,75.91,35.75,ORB2 STOP
2025-12-26,1,09:40,10:03,26727,26652.2142857143,26652.46,27025.14,-75.54,-151.07,74.79,17.75,ORB2 STOP
2025-12-29,1,09:40,09:52,26606.5,26533.9553571429,26534.21,26895.68,-73.29,-146.59,72.54,10.00,ORB2 STOP
2025-12-30,1,09:40,15:56,26502.75,26503.25,26431.27,26788.66,-0.25,-0.50,19.50,101.00,ORB2 TIME
2025-12-31,-1,09:40,15:56,26441,26306.5,26509.42,26167.32,133.75,267.50,4.25,170.00,ORB2 TIME
2026-01-05,-1,09:40,10:05,26378.25,26451.6696428571,26451.42,26085.57,-74.17,-148.34,73.42,30.00,ORB2 STOP
2026-01-06,1,09:40,15:56,26451,26639,26380.75,26732.02,187.25,374.50,32.50,195.75,ORB2 TIME
2026-01-07,1,09:40,15:56,26645,26634.25,26579.63,26906.46,-11.50,-23.00,26.25,162.75,ORB2 TIME
2026-01-08,-1,09:40,15:56,26488,26501.75,26550.58,26237.70,-14.50,-29.00,35.25,108.75,ORB2 TIME
2026-01-09,1,09:40,09:49,26565.75,26503.6517857143,26503.90,26813.14,-62.85,-125.70,62.10,21.25,ORB2 STOP
2026-01-12,1,09:40,15:56,26692.75,26775.75,26634.32,26926.48,82.25,164.50,48.75,137.50,ORB2 TIME
2026-01-13,1,09:40,09:52,26819,26759.9508928571,26760.20,27054.20,-59.80,-119.60,59.05,33.75,ORB2 STOP
2026-01-14,-1,09:40,11:52,26506,26271.1607142857,26564.71,26271.16,234.09,468.18,16.50,234.84,ORB2 TARGET
2026-01-15,-1,09:40,09:46,26694.5,26757.1116071429,26756.86,26445.05,-63.36,-126.72,62.61,24.50,ORB2 STOP
2026-01-16,-1,09:40,10:43,26668.25,26413.0535714286,26732.05,26413.05,254.45,508.89,7.25,255.20,ORB2 TARGET
2026-01-21,-1,09:40,09:51,25995.75,26063.375,26063.13,25726.25,-68.38,-136.75,67.63,57.50,ORB2 STOP
2026-01-22,-1,09:40,15:56,26482.5,26457.5,26556.19,26187.73,24.25,48.50,48.50,138.00,ORB2 TIME
2026-01-23,-1,09:40,09:57,26386.75,26461.9732142857,26461.72,26086.86,-75.97,-151.95,75.22,12.75,ORB2 STOP
2026-01-26,1,09:40,15:56,26602.75,26659.25,26527.15,26905.16,55.75,111.50,25.00,139.75,ORB2 TIME
2026-01-27,-1,09:40,09:52,26739,26809.3214285714,26809.07,26458.71,-71.07,-142.14,70.32,0.75,ORB2 STOP
2026-01-29,-1,09:40,10:15,26838.5,26557.9821428571,26908.63,26557.98,279.77,559.54,9.75,280.52,ORB2 TARGET
2026-01-30,1,09:40,09:47,26728.5,26650.7276785714,26650.98,27038.59,-78.52,-157.04,77.77,20.50,ORB2 STOP
2026-02-02,1,09:40,15:56,26507.5,26664.5,26427.53,26827.39,156.25,312.50,15.50,251.25,ORB2 TIME
2026-02-03,-1,09:40,10:25,26630,26307.3571428571,26710.66,26307.36,321.89,643.79,19.25,322.64,ORB2 TARGET
2026-02-04,-1,09:40,11:44,26162,25806.6607142857,26250.83,25806.66,354.59,709.18,34.00,355.34,ORB2 TARGET
2026-02-05,1,09:40,09:57,25711.25,25615.6875,25615.94,26092.50,-96.31,-192.63,95.56,59.75,ORB2 STOP
2026-02-09,1,09:40,15:56,25935.5,26167.5,25834.80,26338.30,231.25,462.50,33.50,303.25,ORB2 TIME
2026-02-10,-1,09:40,10:07,26136.75,26240.78125,26240.53,25721.63,-104.78,-209.56,104.03,75.75,ORB2 STOP
2026-02-11,-1,09:40,15:56,26162,26109,26260.87,25766.54,52.25,104.50,84.00,294.25,ORB2 TIME
2026-02-12,1,09:40,09:49,26170,26067.1339285714,26067.38,26580.46,-103.62,-207.23,102.87,29.00,ORB2 STOP
2026-02-13,-1,09:40,09:46,25482.25,25592.0669642857,25591.82,25043.98,-110.57,-221.13,109.82,93.75,ORB2 STOP
2026-02-17,1,09:40,09:46,25606.75,25493.5714285714,25493.82,26058.46,-113.93,-227.86,113.18,12.50,ORB2 STOP
2026-02-18,-1,09:40,09:57,25613.75,25731.2678571429,25731.02,25144.68,-118.27,-236.54,117.52,18.25,ORB2 STOP
2026-02-19,-1,09:40,10:04,25623.75,25744.3392857143,25744.09,25142.39,-121.34,-242.68,120.59,40.50,ORB2 STOP
2026-02-20,1,09:40,15:56,25658.25,25866.5,25545.54,26109.07,207.50,415.00,4.50,291.25,ORB2 TIME
2026-02-23,1,09:40,09:45,25806.75,25692.1473214286,25692.40,26264.16,-115.35,-230.71,114.60,0.00,ORB2 STOP
2026-02-24,-1,09:40,09:46,25613,25726.9508928571,25726.70,25158.20,-114.70,-229.40,113.95,2.75,ORB2 STOP
2026-02-25,1,09:40,15:56,26055.75,26190.75,25948.26,26485.71,134.25,268.50,12.75,150.75,ORB2 TIME
2026-02-26,-1,09:40,10:35,26085.5,25681.4285714286,26186.52,25681.43,403.32,806.64,18.25,404.07,ORB2 TARGET
2026-02-27,1,09:40,09:44,25711.25,25608.9866071429,25609.24,26119.30,-103.01,-206.03,102.26,1.25,ORB2 STOP
2026-03-02,1,09:40,15:56,25615.25,25854,25517.96,26004.43,238.00,476.00,4.75,294.50,ORB2 TIME
2026-03-03,1,09:40,09:50,25402.75,25304.8258928571,25305.08,25793.45,-98.67,-197.35,97.92,20.25,ORB2 STOP
2026-03-04,1,09:40,15:56,25696.5,25950,25594.36,26105.05,252.75,505.50,73.25,330.25,ORB2 TIME
2026-03-05,1,09:40,10:30,25903.25,25800.9330357143,25801.18,26311.52,-103.07,-206.13,102.32,114.75,ORB2 STOP
2026-03-09,-1,09:40,10:39,25208.25,25304.5178571429,25304.27,24824.18,-97.02,-194.04,96.27,85.25,ORB2 STOP
2026-03-10,1,09:40,10:09,25824.25,25722.5982142857,25722.85,26229.86,-102.40,-204.80,101.65,42.25,ORB2 STOP
2026-03-11,1,09:40,10:26,25912.5,25811.7633928571,25812.01,26314.45,-101.49,-202.97,100.74,77.25,ORB2 STOP
2026-03-12,1,09:40,09:47,25626.25,25523.8616071429,25524.11,26034.80,-103.14,-206.28,102.39,11.75,ORB2 STOP
2026-03-13,1,09:40,10:47,25486.75,25387.4151785714,25387.67,25883.09,-100.08,-200.17,99.33,128.00,ORB2 STOP
2026-03-16,1,09:40,15:56,25494.5,25476,25393.95,25896.70,-19.25,-38.50,67.00,133.75,ORB2 TIME
2026-03-17,1,09:40,11:37,25667.5,25570.0223214286,25570.27,26056.41,-98.23,-196.46,97.48,42.50,ORB2 STOP
2026-03-19,-1,09:40,09:51,24979.25,25073.2633928571,25073.01,24604.20,-94.76,-189.53,94.01,9.00,ORB2 STOP
2026-03-20,-1,09:40,15:37,24983.75,24600.8035714286,25079.49,24600.80,382.20,764.39,81.50,382.95,ORB2 TARGET
2026-03-23,1,09:40,11:53,25135.25,25038.8080357143,25039.06,25520.02,-97.19,-194.38,96.44,150.25,ORB2 STOP
2026-03-24,-1,09:40,10:53,24805,24899.3973214286,24899.15,24428.41,-95.15,-190.29,94.40,74.75,ORB2 STOP
2026-03-25,1,09:40,09:51,25078.5,24986.84375,24987.09,25444.13,-92.41,-184.81,91.66,39.50,ORB2 STOP
2026-03-26,-1,09:40,09:45,24664,24752.1651785714,24751.92,24312.34,-88.92,-177.83,88.17,2.50,ORB2 STOP
2026-03-27,-1,09:40,15:56,24189.5,23930,24280.10,23827.11,258.75,517.50,52.75,325.00,ORB2 TIME
2026-03-30,-1,09:40,15:08,24019,23681.3571428571,24103.41,23681.36,336.89,673.79,14.25,337.64,ORB2 TARGET
2026-03-31,1,09:40,12:42,24039.5,24390.6071428571,23951.72,24390.61,350.36,700.71,66.50,351.11,ORB2 TARGET
2026-04-01,1,09:40,09:44,24783,24689.7901785714,24690.04,25154.84,-93.96,-187.92,93.21,0.00,ORB2 STOP
2026-04-02,-1,09:40,09:48,24285,24378.4553571429,24378.21,23912.18,-94.21,-188.41,93.46,11.50,ORB2 STOP
2026-04-06,1,09:40,15:56,24890.25,24936.25,24794.63,25272.75,45.25,90.50,92.25,158.25,ORB2 TIME
2026-04-07,-1,09:40,15:46,24806.25,24903.0133928571,24902.76,24420.20,-97.51,-195.03,96.76,269.25,ORB2 STOP
2026-04-08,-1,09:40,15:56,25718.5,25632.25,25819.85,25313.11,85.50,171.00,38.25,196.50,ORB2 TIME
2026-04-09,-1,09:40,11:49,25657,25758.0223214286,25757.77,25253.91,-101.77,-203.54,101.02,101.25,ORB2 STOP
2026-04-10,-1,09:40,15:56,25903.25,25865.75,26003.05,25504.04,36.75,73.50,85.75,85.75,ORB2 TIME
2026-04-13,-1,09:40,09:51,25793,25886.8258928571,25886.58,25418.70,-94.58,-189.15,93.83,37.50,ORB2 STOP
2026-04-14,1,09:40,15:56,26304,26577.25,26210.33,26678.68,272.50,545.00,2.50,287.25,ORB2 TIME
2026-04-15,1,09:40,15:56,26647.75,26959,26552.35,27029.36,310.50,621.00,69.50,318.25,ORB2 TIME
2026-04-16,-1,09:40,11:10,26958.5,27056.9330357143,27056.68,26565.77,-99.18,-198.37,98.43,87.25,ORB2 STOP
2026-04-17,1,09:40,15:56,27292.5,27415.25,27197.52,27672.43,122.00,244.00,64.75,186.00,ORB2 TIME
2026-04-20,-1,09:40,15:56,27342.75,27320.75,27435.20,26972.95,21.25,42.50,57.00,178.25,ORB2 TIME
2026-04-21,-1,09:40,10:00,27337.75,27425.8660714286,27425.62,26986.29,-88.87,-177.73,88.12,9.25,ORB2 STOP
2026-04-22,-1,09:40,10:15,27429,27512.4151785714,27512.17,27096.34,-84.17,-168.33,83.42,25.75,ORB2 STOP
2026-04-23,1,09:40,13:10,27642.25,27559.1964285714,27559.45,27973.46,-83.80,-167.61,83.05,109.25,ORB2 STOP
2026-04-24,1,09:40,09:55,27843,27761.9776785714,27762.23,28166.09,-81.77,-163.54,81.02,12.75,ORB2 STOP
2026-04-27,-1,09:40,15:56,27988,28036,28070.24,27659.04,-48.75,-97.50,59.75,94.50,ORB2 TIME
2026-04-28,1,09:40,10:38,27761.75,27684.3482142857,27684.60,28070.36,-78.15,-156.30,77.40,84.50,ORB2 STOP
2026-04-30,-1,09:40,10:58,27891,27965.1919642857,27964.94,27595.23,-74.94,-149.88,74.19,132.50,ORB2 STOP
2026-05-01,1,09:40,15:56,28365.25,28425.75,28286.13,28681.73,59.75,119.50,18.25,147.75,ORB2 TIME
2026-05-04,-1,09:40,10:40,28431.75,28509.5535714286,28509.30,28121.54,-78.55,-157.11,77.80,12.00,ORB2 STOP
2026-05-05,1,09:40,15:56,28641.75,28710.75,28564.56,28950.52,68.25,136.50,14.00,142.75,ORB2 TIME
2026-05-06,1,09:40,15:56,29025.75,29301.25,28951.70,29321.95,274.75,549.50,45.50,276.75,ORB2 TIME
2026-05-07,1,09:40,12:13,29369.25,29293.125,29293.38,29672.75,-76.88,-153.75,76.13,171.25,ORB2 STOP
2026-05-11,1,09:40,10:30,29968.75,29886.2276785714,29886.48,30297.84,-83.27,-166.54,82.52,45.25,ORB2 STOP
2026-05-12,1,09:40,09:58,29822.25,29741.5089285714,29741.76,30144.21,-81.49,-162.98,80.74,69.00,ORB2 STOP
2026-05-13,-1,09:40,10:53,29799.75,29885.2991071429,29885.05,29458.55,-86.30,-172.60,85.55,129.00,ORB2 STOP
2026-05-14,1,09:40,15:56,30182,30291.5,30096.45,30524.20,108.75,217.50,60.50,197.25,ORB2 TIME
2026-05-15,-1,09:40,09:55,29762.25,29847.9955357143,29847.75,29420.27,-86.50,-172.99,85.75,77.25,ORB2 STOP
2026-05-18,-1,09:40,12:28,29858.5,29499.1428571429,29948.34,29499.14,358.61,717.21,45.75,359.36,ORB2 TARGET
2026-05-19,1,09:40,09:42,29631.75,29536.3348214286,29536.58,30012.41,-96.17,-192.33,95.42,8.25,ORB2 STOP
2026-05-20,-1,09:40,09:47,29662,29761.8660714286,29761.62,29263.54,-100.62,-201.23,99.87,28.00,ORB2 STOP
2026-05-21,-1,09:40,09:56,29807.5,29906.0535714286,29905.80,29414.29,-99.30,-198.61,98.55,32.00,ORB2 STOP
2026-05-22,1,09:40,09:52,30286.5,30185.7321428571,30185.98,30688.57,-101.52,-203.04,100.77,27.25,ORB2 STOP
2026-05-26,-1,09:40,09:46,30455.5,30555.03125,30554.78,30058.38,-100.28,-200.56,99.53,8.25,ORB2 STOP
2026-05-27,-1,09:40,15:56,30661,30637.5,30761.60,30258.59,22.75,45.50,33.75,189.50,ORB2 TIME
2026-05-28,-1,09:40,10:13,30577,30676.5491071429,30676.30,30179.80,-100.30,-200.60,99.55,61.25,ORB2 STOP
2026-05-29,1,09:40,10:43,31024.5,30924.4107142857,30924.66,31423.86,-100.84,-201.68,100.09,106.75,ORB2 STOP
2026-06-01,1,09:40,09:59,31031.75,30935.4330357143,30935.68,31416.02,-97.07,-194.13,96.32,31.00,ORB2 STOP
2026-06-02,-1,09:40,09:51,31060,31159.2366071429,31158.99,30664.05,-99.99,-199.97,99.24,40.75,ORB2 STOP
2026-06-03,-1,09:40,15:56,31330,31243.5,31424.38,30952.46,85.75,171.50,5.00,239.00,ORB2 TIME
2026-06-04,1,09:40,09:44,30927.75,30836.2901785714,30836.54,31292.59,-92.21,-184.42,91.46,9.25,ORB2 STOP
2026-06-08,-1,09:40,09:44,30022.75,30129.4017857143,30129.15,29597.14,-107.40,-214.80,106.65,3.00,ORB2 STOP
2026-06-09,-1,09:40,09:47,30281.5,30385.8125,30385.56,29865.25,-105.06,-210.13,104.31,26.75,ORB2 STOP
2026-06-10,1,09:40,11:01,29556.25,29431.2857142857,29431.54,30055.11,-125.71,-251.43,124.96,290.25,ORB2 STOP
2026-06-11,-1,09:40,09:47,29296,29427.5625,29427.31,28770.75,-132.31,-264.63,131.56,49.50,ORB2 STOP
2026-06-12,-1,09:40,10:11,30037,30178.1741071429,30177.92,29473.30,-141.92,-283.85,141.17,219.00,ORB2 STOP
2026-06-15,1,09:40,15:56,30969.75,31134.25,30823.88,31553.25,163.75,327.50,19.00,248.50,ORB2 TIME
2026-06-16,-1,09:40,15:56,31081.25,30667,31227.56,30496.02,413.50,827.00,107.50,440.25,ORB2 TIME
2026-06-18,-1,09:40,10:19,30751.75,30906.7321428571,30906.48,30132.82,-155.73,-311.46,154.98,60.00,ORB2 STOP
2026-06-22,1,09:40,09:44,31220.5,31063.28125,31063.53,31848.38,-157.97,-315.94,157.22,6.25,ORB2 STOP
2026-06-23,1,09:40,14:46,30079.75,29921.3169642857,29921.57,30712.48,-159.18,-318.37,158.43,266.75,ORB2 STOP
2026-06-24,1,09:40,09:49,30027.75,29866.2321428571,29866.48,30672.82,-162.27,-324.54,161.52,13.50,ORB2 STOP
2026-06-25,-1,09:40,10:00,30296,29627.1964285714,30463.20,29627.20,668.05,1336.11,15.50,668.80,ORB2 TARGET
2026-06-26,-1,09:40,09:57,29539.75,29715.2544642857,29715.00,28838.73,-176.25,-352.51,175.50,20.75,ORB2 STOP
2026-06-29,1,09:40,10:01,30010.5,29845.5625,29845.81,30669.25,-165.69,-331.38,164.94,127.75,ORB2 STOP
2026-06-30,1,09:40,15:56,30487,30875.5,30315.47,31173.13,387.75,775.50,34.50,412.75,ORB2 TIME
2026-07-01,-1,09:40,10:00,30414,30566.9598214286,30566.71,29803.16,-153.71,-307.42,152.96,18.25,ORB2 STOP
2026-07-06,1,09:40,15:56,30197.5,30254,30052.90,30775.91,55.75,111.50,51.75,196.25,ORB2 TIME
2026-07-07,-1,09:40,15:56,29843.5,29684.5,29984.23,29280.57,158.25,316.50,62.75,334.00,ORB2 TIME
2026-07-08,1,09:40,10:50,29619.5,29475.6651785714,29475.92,30193.84,-144.58,-289.17,143.83,79.25,ORB2 STOP
2026-07-09,1,09:40,10:17,30151.5,30009.8258928571,30010.08,30717.20,-142.42,-284.85,141.67,78.75,ORB2 STOP
2026-07-10,1,09:40,10:34,30164.5,30027.1696428571,30027.42,30712.82,-138.08,-276.16,137.33,103.75,ORB2 STOP
2026-07-13,-1,09:40,15:56,29921.75,29785.5,30058.97,29372.86,135.50,271.00,130.25,227.00,ORB2 TIME
2026-07-14,-1,09:40,15:56,30069.5,30106.75,30204.80,29528.30,-38.00,-76.00,126.25,202.50,ORB2 TIME
2026-07-15,-1,09:40,15:56,30182.75,30001.75,30315.54,29651.61,180.25,360.50,9.25,486.25,ORB2 TIME
2026-07-16,-1,09:40,15:56,29684.5,29501,29816.16,29157.86,182.75,365.50,124.25,305.75,ORB2 TIME
2026-07-17,-1,09:40,09:54,28763,28886.8928571429,28886.64,28268.43,-124.64,-249.29,123.89,55.00,ORB2 STOP
2026-07-20,1,09:40,09:58,29425.75,29300.0089285714,29300.26,29927.71,-126.49,-252.98,125.74,66.50,ORB2 STOP
2026-07-21,-1,09:40,11:22,29489.25,29608.3794642857,29608.13,29013.73,-119.88,-239.76,119.13,126.50,ORB2 STOP
2026-07-22,1,09:40,15:56,29455.5,29480.75,29341.36,29912.07,24.50,49.00,23.25,186.75,ORB2 TIME
2026-07-23,1,09:40,10:10,29097.5,28984,28984.25,29550.50,-114.25,-228.50,113.50,86.00,ORB2 STOP
2026-07-24,-1,09:40,15:56,28828,28549.5,28932.08,28411.66,277.75,555.50,103.00,315.75,ORB2 TIME
2026-07-27,-1,09:40,10:29,28844.5,28420.9642857143,28950.38,28420.96,422.79,845.57,9.50,423.54,ORB2 TARGET
2026-07-28,-1,09:40,11:19,28091,28200.7410714286,28200.49,27653.04,-110.49,-220.98,109.74,188.00,ORB2 STOP
2026-07-30,1,09:40,15:56,28188,28513.25,28071.13,28655.48,324.50,649.00,38.75,409.75,ORB2 TIME
2026-07-31,-1,09:40,10:17,28861.25,28387.6607142857,28979.65,28387.66,472.84,945.68,27.25,473.59,ORB2 TARGET
2026-08-03,1,09:40,15:56,28801.5,29181.25,28677.95,29295.71,379.00,758.00,85.75,463.25,ORB2 TIME
2026-08-04,1,09:40,15:02,29692.75,30210.0535714286,29563.42,30210.05,516.55,1033.11,8.50,517.30,ORB2 TARGET
2026-08-05,1,09:40,10:31,30305.75,30173.1919642857,30173.44,30834.98,-133.31,-266.62,132.56,67.25,ORB2 STOP
2026-08-06,1,09:40,15:56,29684.75,29822.25,29551.96,30215.93,136.75,273.50,9.00,301.25,ORB2 TIME
2026-08-10,-1,09:40,10:12,30062.75,30190.0446428571,30189.79,29554.57,-128.04,-256.09,127.29,44.00,ORB2 STOP
2026-08-11,-1,09:40,15:56,30001.5,29941,30126.41,29501.86,59.75,119.50,103.25,168.25,ORB2 TIME
2026-08-12,-1,09:40,15:56,30189.5,30129.5,30315.40,29685.89,59.25,118.50,80.25,71.00,ORB2 TIME
2026-08-13,1,09:40,15:56,30337.75,30480,30216.64,30822.18,141.50,283.00,42.50,235.25,ORB2 TIME
2026-08-14,-1,09:40,15:56,30520.5,30418.25,30641.46,30036.66,101.50,203.00,60.00,195.75,ORB2 TIME
2026-08-17,-1,09:40,15:56,30478,30373.5,30591.41,30024.36,103.75,207.50,108.50,106.75,ORB2 TIME
2026-08-18,1,09:40,09:56,30034,29924.9151785714,29925.17,30469.34,-109.83,-219.67,109.08,35.75,ORB2 STOP
2026-08-19,-1,09:40,15:56,29889.25,29789,29988.69,29491.50,99.50,199.00,77.75,213.75,ORB2 TIME
2026-08-20,1,09:40,09:52,29739.5,29641.9285714286,29642.18,30128.79,-98.32,-196.64,97.57,20.25,ORB2 STOP
2026-08-21,-1,09:40,11:40,29648.75,29739.5669642857,29739.32,29286.48,-91.57,-183.13,90.82,128.75,ORB2 STOP
2026-08-24,-1,09:40,11:40,29379.25,29463.2142857143,29462.96,29044.39,-84.71,-169.43,83.96,131.75,ORB2 STOP
2026-08-25,1,09:40,10:15,29615.75,29539.8660714286,29540.12,29918.29,-76.63,-153.27,75.88,100.00,ORB2 STOP
2026-08-26,1,09:40,10:28,29536.5,29464.3616071429,29464.61,29824.05,-72.89,-145.78,72.14,96.50,ORB2 STOP
2026-08-27,-1,09:40,09:45,29789.25,29857.2321428571,29856.98,29518.32,-68.73,-137.46,67.98,5.50,ORB2 STOP
2026-08-28,1,09:40,10:07,29950.75,29883.0580357143,29883.31,30220.52,-68.44,-136.88,67.69,56.50,ORB2 STOP
2026-08-31,-1,09:40,09:48,29698.25,29769.4017857143,29769.15,29414.64,-71.90,-143.80,71.15,5.75,ORB2 STOP
2026-09-01,-1,09:40,09:48,29370.75,29439.6651785714,29439.42,29096.09,-69.67,-139.33,68.92,31.00,ORB2 STOP
2026-09-02,-1,09:40,10:20,29386.5,29457.7857142857,29457.54,29102.36,-72.04,-144.07,71.29,69.50,ORB2 STOP
2026-09-03,1,09:40,10:02,29629,29561.5714285714,29561.82,29897.71,-68.18,-136.36,67.43,46.00,ORB2 STOP
2026-09-08,-1,09:40,11:26,29867.25,29937.0625,29936.81,29589.00,-70.56,-141.13,69.81,143.00,ORB2 STOP
2026-09-09,1,09:40,11:12,29783,29713.0758928571,29713.33,30061.70,-70.67,-141.35,69.92,110.75,ORB2 STOP
2026-09-10,1,09:40,09:53,29478.75,29411.15625,29411.41,29748.13,-68.34,-136.69,67.59,24.75,ORB2 STOP
2026-09-11,-1,09:40,09:47,29700,29766.6964285714,29766.45,29434.21,-67.45,-134.89,66.70,46.25,ORB2 STOP
2026-09-14,-1,09:40,09:45,29175.5,29240.3616071429,29240.11,28917.05,-65.61,-131.22,64.86,5.00,ORB2 STOP
2026-09-15,1,09:40,10:11,29430.25,29362.875,29363.13,29698.75,-68.13,-136.25,67.38,22.50,ORB2 STOP
2026-09-17,-1,09:40,09:55,29620.25,29692.28125,29692.03,29333.13,-72.78,-145.56,72.03,7.25,ORB2 STOP
2026-09-18,1,09:40,10:00,29836.25,29765.8705357143,29766.12,30116.77,-71.13,-142.26,70.38,9.00,ORB2 STOP
2026-09-21,1,09:40,11:04,30297.25,30570.9107142857,30228.83,30570.91,272.91,545.82,0.50,273.66,ORB2 TARGET
2026-09-22,1,09:40,15:56,30893.25,31026.75,30816.58,31199.95,132.75,265.50,12.25,172.75,ORB2 TIME
2026-09-23,-1,09:40,15:56,30914.25,30746.5,30990.70,30608.46,167.00,334.00,11.50,274.00,ORB2 TIME
2026-09-24,1,09:40,11:10,30595.75,30515.8705357143,30516.12,30914.27,-80.63,-161.26,79.88,48.50,ORB2 STOP
2026-09-25,1,09:40,10:06,30868.25,30789.2366071429,30789.49,31183.30,-79.76,-159.53,79.01,58.00,ORB2 STOP
2026-09-28,-1,09:40,15:56,30643.25,30544.75,30722.81,30325.00,97.75,195.50,78.75,286.75,ORB2 TIME
2026-09-29,-1,09:40,10:55,30618.5,30700.8214285714,30700.57,30290.21,-83.07,-166.14,82.32,73.25,ORB2 STOP
2026-09-30,1,09:40,15:56,30765.75,30725.25,30683.94,31093.00,-41.25,-82.50,65.50,140.25,ORB2 TIME
2026-10-01,1,09:40,09:48,30803.5,30721.2857142857,30721.54,31131.36,-82.96,-165.93,82.21,25.75,ORB2 STOP
