day,dir,entry_time,exit_time,entry,exit,stop,target,pts,usd,mae_pts,mfe_pts,how
2020-10-19,-1,10:16,10:21,11702.5,11671.5,11733.50,11671.50,30.25,60.50,11.50,31.00,ORB TARGET
2020-10-20,-1,10:20,10:35,11713.75,11731.75,11731.50,11696.00,-18.75,-37.50,18.00,7.00,ORB STOP
2020-10-21,-1,10:14,11:09,11620,11603.75,11636.25,11603.75,15.50,31.00,14.50,16.25,ORB TARGET
2020-10-22,-1,11:02,11:37,11625.5,11659.75,11659.50,11591.50,-35.00,-70.00,34.25,2.25,ORB STOP
2020-10-26,1,10:00,10:50,11679.25,11566.5,11566.75,11791.75,-113.50,-227.00,112.75,16.50,ORB STOP
2020-10-27,-1,10:22,11:13,11498,11577.5,11577.25,11418.75,-80.25,-160.50,79.50,11.75,ORB STOP
2020-10-28,-1,10:05,15:56,11266,11145.75,11422.75,11109.25,119.50,239.00,34.25,124.75,ORB TIME
2020-10-29,1,10:02,13:35,11272.25,11374,11170.50,11374.00,101.00,202.00,26.00,101.75,ORB TARGET
2020-10-30,-1,10:13,13:37,11131,10981,11281.00,10981.00,149.25,298.50,16.00,150.00,ORB TARGET
2020-11-02,-1,10:43,12:49,11108.25,11004.75,11211.75,11004.75,102.75,205.50,36.50,103.50,ORB TARGET
2020-11-03,1,10:00,10:20,11201.25,11301,11101.50,11301.00,99.00,198.00,5.50,99.75,ORB TARGET
2020-11-04,1,10:04,10:23,11670.75,11784.5,11557.00,11784.50,113.00,226.00,22.50,113.75,ORB TARGET
2020-11-05,1,10:01,15:56,12087.75,12063.75,11973.00,12202.50,-24.75,-49.50,112.75,24.25,ORB TIME
2020-11-09,1,10:04,14:15,12212.25,12042.75,12043.00,12381.50,-170.25,-340.50,169.50,48.50,ORB STOP
2020-11-10,-1,10:21,15:56,11612,11603,11749.25,11474.75,8.25,16.50,132.00,109.00,ORB TIME
2020-11-11,1,10:30,15:56,11828.25,11879.75,11702.50,11954.00,50.75,101.50,53.25,70.75,ORB TIME
2020-11-12,1,10:41,11:41,11964.25,11881,11881.25,12047.25,-84.00,-168.00,83.25,10.75,ORB STOP
2020-11-13,-1,10:00,10:57,11870.75,11818,11923.50,11818.00,52.00,104.00,16.75,52.75,ORB TARGET
2020-11-16,1,10:22,15:56,11989.25,11983.5,11887.75,12090.75,-6.50,-13.00,60.25,44.25,ORB TIME
2020-11-18,-1,10:01,11:56,11913.25,11988.5,11988.25,11838.25,-76.00,-152.00,75.25,3.00,ORB STOP
2020-11-19,1,10:00,15:56,11924,11980,11841.75,12006.25,55.25,110.50,41.00,76.00,ORB TIME
2020-11-20,1,10:23,15:19,11985.5,11945.75,11946.00,12025.00,-40.50,-81.00,39.75,29.75,ORB STOP
2020-11-23,-1,10:06,10:26,11945.25,11889,12001.50,11889.00,55.50,111.00,14.50,56.25,ORB TARGET
2020-11-24,1,10:41,12:35,11956.5,12040.25,11872.75,12040.25,83.00,166.00,5.75,83.75,ORB TARGET
2020-11-25,-1,10:04,13:03,12098.75,12145.5,12145.25,12052.25,-47.50,-95.00,46.75,20.25,ORB STOP
2020-11-30,-1,10:23,10:41,12223.5,12147.5,12299.50,12147.50,75.25,150.50,13.50,76.00,ORB TARGET
2020-12-01,1,10:00,12:03,12395.25,12456.25,12334.25,12456.25,60.25,120.50,45.25,61.00,ORB TARGET
2020-12-02,1,10:12,15:56,12398,12444.75,12314.00,12482.00,46.00,92.00,4.75,73.50,ORB TIME
2020-12-03,1,10:03,11:10,12504,12463.5,12463.75,12544.25,-41.25,-82.50,40.50,36.25,ORB STOP
2020-12-04,1,10:00,15:56,12509.5,12515.75,12448.75,12570.25,5.50,11.00,35.50,23.25,ORB TIME
2020-12-07,1,10:00,15:56,12588.75,12582.5,12526.25,12651.25,-7.00,-14.00,41.75,23.50,ORB TIME
2020-12-08,-1,10:18,12:01,12524,12587.5,12587.25,12460.75,-64.25,-128.50,63.50,21.50,ORB STOP
2020-12-09,-1,10:11,12:23,12587.75,12534.5,12641.00,12534.50,52.50,105.00,35.00,53.25,ORB TARGET
2020-12-10,1,10:08,15:56,12385,12412.5,12218.25,12551.75,26.75,53.50,32.75,64.00,ORB TIME
2020-12-11,1,10:12,11:38,12354.75,12274.5,12274.75,12434.75,-81.00,-162.00,80.25,5.00,ORB STOP
2020-12-14,1,10:00,15:56,12518,12482.25,12419.25,12616.75,-36.50,-73.00,72.75,31.25,ORB TIME
2020-12-15,-1,10:38,11:06,12533.25,12490,12576.50,12490.00,42.50,85.00,15.25,43.25,ORB TARGET
2020-12-16,1,10:34,14:53,12621.75,12676.25,12567.25,12676.25,53.75,107.50,14.75,54.50,ORB TARGET
2020-12-17,-1,10:03,11:52,12724.25,12689.5,12759.00,12689.50,34.00,68.00,15.50,34.75,ORB TARGET
2020-12-21,-1,10:03,10:20,12564.5,12480.25,12648.75,12480.25,83.50,167.00,4.00,84.25,ORB TARGET
2020-12-22,-1,11:01,11:44,12678.5,12603.25,12753.75,12603.25,74.50,149.00,25.75,75.25,ORB TARGET
2020-12-28,-1,10:05,10:19,12782.25,12744.75,12819.75,12744.75,36.75,73.50,7.50,37.50,ORB TARGET
2020-12-29,-1,10:01,15:56,12848,12828.5,12918.00,12778.00,18.75,37.50,41.00,40.25,ORB TIME
2020-12-30,-1,10:08,15:56,12849.5,12845.75,12909.50,12789.50,3.00,6.00,23.25,29.00,ORB TIME
2021-01-04,-1,10:11,11:00,12858.25,12775.5,12941.00,12775.50,82.00,164.00,29.75,82.75,ORB TARGET
2021-01-05,1,10:00,15:56,12769,12793.5,12650.75,12887.25,23.75,47.50,80.75,33.00,ORB TIME
2021-01-06,1,10:09,11:21,12667.75,12783.5,12552.00,12783.50,115.00,230.00,19.75,115.75,ORB TARGET
2021-01-07,1,10:00,15:51,12839,12951.25,12726.75,12951.25,111.50,223.00,7.25,112.25,ORB TARGET
2021-01-08,1,10:05,10:27,13052.75,12985.75,12986.00,13119.50,-67.75,-135.50,67.00,3.00,ORB STOP
2021-01-11,1,10:06,15:22,12975.25,12892.25,12892.50,13058.00,-83.75,-167.50,83.00,37.75,ORB STOP
2021-01-13,1,10:34,15:56,12945.5,12971.5,12864.25,13026.75,25.25,50.50,7.25,57.50,ORB TIME
2021-01-14,1,10:41,11:58,13015.25,12968.5,12968.75,13061.75,-47.50,-95.00,46.75,13.50,ORB STOP
2021-01-15,-1,10:03,10:08,12879.25,12828,12930.50,12828.00,50.50,101.00,13.50,51.25,ORB TARGET
2021-01-19,-1,10:02,12:37,12860,12930.5,12930.25,12789.75,-71.25,-142.50,70.50,11.25,ORB STOP
2021-01-20,1,10:07,12:40,13195.5,13269.75,13121.25,13269.75,73.50,147.00,7.00,74.25,ORB TARGET
2021-01-21,1,10:10,15:00,13344,13404.75,13283.25,13404.75,60.00,120.00,28.00,60.75,ORB TARGET
2021-01-22,1,10:00,10:39,13390.25,13327.75,13328.00,13452.50,-63.25,-126.50,62.50,1.75,ORB STOP
2021-01-25,-1,10:36,10:52,13496,13437.25,13554.75,13437.25,58.00,116.00,19.25,58.75,ORB TARGET
2021-01-26,1,10:48,15:56,13509.5,13478.5,13426.75,13592.25,-31.75,-63.50,54.25,23.50,ORB TIME
2021-01-28,1,10:15,12:45,13249,13369.5,13128.50,13369.50,119.75,239.50,45.00,120.50,ORB TARGET
2021-01-29,1,10:23,11:23,13135.5,12998.25,12998.50,13272.50,-138.00,-276.00,137.25,21.50,ORB STOP
2021-02-01,1,10:35,12:21,13103,13235.5,12970.50,13235.50,131.75,263.50,61.75,132.50,ORB TARGET
2021-02-02,1,10:18,15:56,13423.75,13445.75,13345.25,13502.25,21.25,42.50,41.00,69.75,ORB TIME
2021-02-03,-1,10:10,15:56,13461.5,13408,13547.75,13375.25,52.75,105.50,35.00,70.50,ORB TIME
2021-02-04,-1,10:02,12:38,13411.75,13480.25,13480.00,13343.50,-69.25,-138.50,68.50,20.00,ORB STOP
2021-02-05,-1,10:00,12:18,13535.75,13593,13592.75,13478.75,-58.00,-116.00,57.25,16.50,ORB STOP
2021-02-08,1,10:04,11:30,13674.25,13632.5,13632.75,13715.75,-42.50,-85.00,41.75,18.25,ORB STOP
2021-02-09,1,10:00,15:56,13708.75,13670.5,13645.25,13772.25,-39.00,-78.00,46.75,26.50,ORB TIME
2021-02-10,-1,10:12,10:21,13713.75,13665.75,13761.75,13665.75,47.25,94.50,13.75,48.00,ORB TARGET
2021-02-11,1,10:50,12:20,13739,13682,13682.25,13795.75,-57.75,-115.50,57.00,5.00,ORB STOP
2021-02-12,1,10:02,15:38,13706,13765.75,13646.25,13765.75,59.00,118.00,41.75,59.75,ORB TARGET
2021-02-16,1,10:31,11:09,13868.75,13811.5,13811.75,13925.75,-58.00,-116.00,57.25,6.75,ORB STOP
2021-02-17,-1,10:21,15:35,13609.75,13692.75,13692.50,13527.00,-83.75,-167.50,83.00,66.75,ORB STOP
2021-02-18,-1,10:05,13:19,13523.25,13583,13582.75,13463.75,-60.50,-121.00,59.75,54.50,ORB STOP
2021-02-19,-1,10:11,12:40,13641,13581.5,13700.50,13581.50,58.75,117.50,58.75,59.50,ORB TARGET
2021-02-22,1,10:00,10:23,13439.25,13358.5,13358.75,13519.75,-81.50,-163.00,80.75,7.00,ORB STOP
2021-02-23,1,10:25,15:56,13016.5,13187.75,12757.75,13275.25,170.50,341.00,131.75,240.50,ORB TIME
2021-02-24,-1,10:01,11:06,13001.5,13120.25,13120.00,12883.00,-119.50,-239.00,118.75,43.50,ORB STOP
2021-02-25,-1,10:03,10:51,13178.5,13067.25,13289.75,13067.25,110.50,221.00,28.75,111.25,ORB TARGET
2021-02-26,-1,10:00,12:09,12859,13031.75,13031.50,12686.50,-173.50,-347.00,172.75,107.50,ORB STOP
2021-03-01,1,10:00,11:09,13116,13191.5,13040.50,13191.50,74.75,149.50,45.00,75.50,ORB TARGET
2021-03-02,-1,10:26,15:56,13178.75,13072,13303.00,13054.50,106.00,212.00,34.00,114.00,ORB TIME
2021-03-03,-1,10:03,14:06,12892,12732.25,13051.75,12732.25,159.00,318.00,78.25,159.75,ORB TARGET
2021-03-04,-1,10:00,11:03,12568.5,12765,12764.75,12372.25,-197.25,-394.50,196.50,59.50,ORB STOP
2021-03-05,-1,10:21,13:28,12358.5,12606,12605.75,12111.25,-248.25,-496.50,247.50,151.00,ORB STOP
2021-03-08,1,10:30,11:51,12698.75,12526.5,12526.75,12870.75,-173.00,-346.00,172.25,17.00,ORB STOP
2021-03-09,1,10:01,13:33,12716.5,12845.75,12587.25,12845.75,128.50,257.00,32.75,129.25,ORB TARGET
2021-03-10,-1,10:21,10:41,12870,12760.75,12979.25,12760.75,108.50,217.00,2.50,109.25,ORB TARGET
2021-03-11,-1,10:18,10:50,12931.5,13006.75,13006.50,12856.50,-76.00,-152.00,75.25,19.00,ORB STOP
2021-03-12,1,10:00,10:28,12895,12798,12798.25,12991.75,-97.75,-195.50,97.00,11.00,ORB STOP
2021-03-15,1,10:03,11:35,12983,12896.5,12896.75,13069.25,-87.25,-174.50,86.50,13.00,ORB STOP
2021-03-16,1,10:00,14:26,13238.75,13142.25,13142.50,13335.00,-97.25,-194.50,96.50,58.00,ORB STOP
2021-03-17,1,10:01,14:13,13055.5,13164.5,12946.50,13164.50,108.25,216.50,104.00,109.00,ORB TARGET
2021-03-18,-1,10:09,14:41,12948.75,12860.75,13036.75,12860.75,87.25,174.50,75.50,88.00,ORB TARGET
2021-03-22,1,10:00,12:15,13021.25,13114.5,12928.00,13114.50,92.50,185.00,38.50,93.25,ORB TARGET
2021-03-23,1,10:09,15:00,13119.75,13050.5,13050.75,13188.75,-70.00,-140.00,69.25,52.25,ORB STOP
2021-03-24,-1,10:00,15:55,12946,12819.75,13072.25,12819.75,125.50,251.00,102.50,126.25,ORB TARGET
2021-03-25,1,10:01,10:50,12803.25,12688.25,12688.50,12918.00,-115.75,-231.50,115.00,33.75,ORB STOP
2021-03-26,1,10:02,14:10,12830.25,12754,12754.25,12906.25,-77.00,-154.00,76.25,42.00,ORB STOP
2021-03-29,-1,10:00,13:03,12852.25,12977.5,12977.25,12727.25,-126.00,-252.00,125.25,36.00,ORB STOP
2021-03-30,-1,10:18,11:33,12805,12888,12887.75,12722.25,-83.75,-167.50,83.00,28.25,ORB STOP
2021-03-31,1,10:00,15:56,13056,13076,12953.25,13158.75,19.25,38.50,4.75,102.25,ORB TIME
2021-04-01,1,10:09,15:56,13302,13308.75,13241.75,13362.25,6.00,12.00,42.00,19.50,ORB TIME
2021-04-05,1,10:09,12:20,13485.75,13562,13409.50,13562.00,75.50,151.00,3.75,76.25,ORB TARGET
2021-04-06,1,10:00,15:56,13597.75,13552.25,13539.00,13656.50,-46.25,-92.50,52.00,56.50,ORB TIME
2021-04-07,1,10:01,15:56,13584.75,13601.75,13513.25,13656.25,16.25,32.50,25.00,56.50,ORB TIME
2021-04-08,1,10:00,10:13,13753.75,13704.5,13704.75,13802.75,-50.00,-100.00,49.25,1.50,ORB STOP
2021-04-09,1,10:00,15:31,13728.25,13798,13658.50,13798.00,69.00,138.00,33.50,69.75,ORB TARGET
2021-04-12,-1,10:42,12:35,13742.25,13809.5,13809.25,13675.25,-68.00,-136.00,67.25,10.50,ORB STOP
2021-04-13,1,10:00,15:56,13947.5,13973.75,13866.75,14028.25,25.50,51.00,63.50,46.25,ORB TIME
2021-04-14,-1,10:02,11:06,13943,13897.75,13988.25,13897.75,44.50,89.00,26.25,45.25,ORB TARGET
2021-04-15,1,10:15,15:54,13978,14032.5,13923.50,14032.50,53.75,107.50,34.75,54.50,ORB TARGET
2021-04-19,-1,10:05,10:46,13950.5,13888,14013.00,13888.00,61.75,123.50,11.25,62.50,ORB TARGET
2021-04-20,-1,10:40,11:17,13851.75,13774,13929.50,13774.00,77.00,154.00,13.25,77.75,ORB TARGET
2021-04-21,1,10:25,15:48,13805,13909.5,13700.50,13909.50,103.75,207.50,36.75,104.50,ORB TARGET
2021-04-22,1,10:27,13:11,13912.25,13855.25,13855.50,13969.00,-57.75,-115.50,57.00,31.75,ORB STOP
2021-04-23,1,10:03,11:20,13834.5,13893,13776.00,13893.00,57.75,115.50,9.50,58.50,ORB TARGET
2021-04-26,1,10:04,14:02,13951,13999.5,13902.50,13999.50,47.75,95.50,9.75,48.50,ORB TARGET
2021-04-27,-1,10:00,15:56,13947.75,13963.75,14034.50,13861.00,-16.75,-33.50,36.00,35.00,ORB TIME
2021-04-28,1,10:00,12:01,13973.75,13885.5,13885.75,14061.75,-89.00,-178.00,88.25,7.00,ORB STOP
2021-04-29,-1,10:00,12:08,13948.5,13836.25,14060.75,13836.25,111.50,223.00,20.25,112.25,ORB TARGET
2021-04-30,1,10:00,13:54,13908.5,13840.25,13840.50,13976.50,-69.00,-138.00,68.25,48.50,ORB STOP
2021-05-03,1,10:07,10:54,13916.5,13851,13851.25,13981.75,-66.25,-132.50,65.50,31.00,ORB STOP
2021-05-04,-1,10:00,15:56,13534.75,13509.5,13696.25,13373.25,24.50,49.00,17.75,154.00,ORB TIME
2021-05-05,-1,10:00,15:11,13588,13510.75,13665.25,13510.75,76.50,153.00,43.50,77.25,ORB TARGET
2021-05-06,-1,10:00,11:35,13424,13509,13508.75,13339.25,-85.75,-171.50,85.00,35.00,ORB STOP
2021-05-07,1,10:07,14:02,13754.75,13661.75,13662.00,13847.50,-93.75,-187.50,93.00,55.75,ORB STOP
2021-05-10,-1,10:01,14:51,13512.75,13368,13657.50,13368.00,144.00,288.00,41.75,144.75,ORB TARGET
2021-05-11,1,10:00,15:56,13272,13336.25,13084.00,13460.00,63.50,127.00,145.75,103.75,ORB TIME
2021-05-12,-1,10:02,11:58,13120.25,13009.5,13231.00,13009.50,110.00,220.00,41.75,110.75,ORB TARGET
2021-05-13,1,10:00,11:44,13169,13086,13086.25,13251.75,-83.75,-167.50,83.00,56.00,ORB STOP
2021-05-14,1,10:00,11:13,13269.25,13330,13208.50,13330.00,60.00,120.00,37.00,60.75,ORB TARGET
2021-05-17,-1,10:01,13:42,13263,13183.25,13342.75,13183.25,79.00,158.00,65.25,79.75,ORB TARGET
2021-05-18,1,10:17,14:34,13362,13300.25,13300.50,13423.50,-62.50,-125.00,61.75,34.50,ORB STOP
2021-05-19,1,10:25,13:08,13077.75,13185.75,12969.75,13185.75,107.25,214.50,33.75,108.00,ORB TARGET
2021-05-20,1,10:01,15:25,13398.75,13515.75,13281.75,13515.75,116.25,232.50,12.00,117.00,ORB TARGET
2021-05-21,-1,10:18,12:56,13484.25,13399,13569.50,13399.00,84.50,169.00,23.75,85.25,ORB TARGET
2021-05-24,1,10:00,14:33,13583.75,13674.25,13493.25,13674.25,89.75,179.50,4.75,90.50,ORB TARGET
2021-05-25,-1,10:00,15:56,13650.75,13644.25,13732.00,13569.50,5.75,11.50,35.75,44.25,ORB TIME
2021-05-26,-1,10:01,10:54,13661.5,13708.75,13708.50,13614.50,-48.00,-96.00,47.25,5.50,ORB STOP
2021-05-27,1,10:17,15:56,13695.5,13664.75,13644.00,13747.00,-31.50,-63.00,48.75,25.25,ORB TIME
2021-05-28,-1,10:28,11:42,13695.5,13739.75,13739.50,13651.50,-45.00,-90.00,44.25,1.00,ORB STOP
2021-06-01,-1,10:03,10:16,13705.25,13637.75,13772.75,13637.75,66.75,133.50,7.75,67.50,ORB TARGET
2021-06-02,1,10:40,13:23,13709.25,13651.25,13651.50,13767.00,-58.75,-117.50,58.00,3.25,ORB STOP
2021-06-03,1,10:59,15:56,13571,13528.5,13462.50,13679.50,-43.25,-86.50,51.50,38.75,ORB TIME
2021-06-04,1,10:00,15:56,13705.25,13771.75,13605.75,13804.75,65.75,131.50,6.50,78.75,ORB TIME
2021-06-07,-1,10:16,13:02,13720.5,13764.75,13764.50,13676.50,-45.00,-90.00,44.25,7.75,ORB STOP
2021-06-08,-1,10:00,11:22,13831.25,13746,13916.50,13746.00,84.50,169.00,23.50,85.25,ORB TARGET
2021-06-09,-1,10:09,15:56,13843,13819.75,13903.75,13782.25,22.50,45.00,33.00,36.50,ORB TIME
2021-06-11,-1,10:47,15:55,13941,13985.5,13985.25,13896.75,-45.25,-90.50,44.50,9.25,ORB STOP
2021-06-15,-1,10:25,15:05,14071.5,14013,14130.00,14013.00,57.75,115.50,15.25,58.50,ORB TARGET
2021-06-16,1,10:06,11:09,14096.25,14051,14051.25,14141.25,-46.00,-92.00,45.25,7.75,ORB STOP
2021-06-17,1,10:02,11:17,14043.5,14144.25,13942.75,14144.25,100.00,200.00,17.75,100.75,ORB TARGET
2021-06-21,1,10:08,15:56,14072.5,14124.25,13959.00,14186.00,51.00,102.00,59.50,71.50,ORB TIME
2021-06-22,1,10:31,15:08,14177,14246.5,14107.50,14246.50,68.75,137.50,30.50,69.50,ORB TARGET
2021-06-23,1,10:00,11:05,14311.75,14253.75,14254.00,14369.50,-58.75,-117.50,58.00,5.00,ORB STOP
2021-06-24,1,10:05,13:21,14386.5,14344,14344.25,14428.75,-43.25,-86.50,42.50,35.50,ORB STOP
2021-06-25,-1,10:01,15:56,14329.25,14329.5,14390.50,14268.00,-1.00,-2.00,43.75,16.00,ORB TIME
2021-06-28,1,10:00,15:56,14458.75,14510.75,14391.25,14526.25,51.25,102.50,7.75,60.75,ORB TIME
2021-06-29,1,10:47,15:56,14529.75,14563,14470.25,14589.25,32.50,65.00,37.25,37.00,ORB TIME
2021-06-30,1,11:00,12:31,14572.75,14519.25,14519.50,14626.00,-54.25,-108.50,53.50,3.50,ORB STOP
2021-07-01,-1,10:20,15:56,14515.25,14544.25,14569.75,14460.75,-29.75,-59.50,38.00,44.50,ORB TIME
2021-07-06,1,10:05,10:34,14774,14738.75,14739.00,14809.00,-36.00,-72.00,35.25,15.75,ORB STOP
2021-07-07,-1,10:03,10:43,14816.75,14750,14883.50,14750.00,66.00,132.00,29.25,66.75,ORB TARGET
2021-07-08,1,10:00,13:31,14642,14743.75,14540.25,14743.75,101.00,202.00,76.25,101.75,ORB TARGET
2021-07-09,1,10:08,11:03,14725.25,14782,14668.50,14782.00,56.00,112.00,21.75,56.75,ORB TARGET
2021-07-12,-1,10:01,15:56,14814.25,14866.25,14888.50,14740.00,-52.75,-105.50,59.25,12.00,ORB TIME
2021-07-13,1,10:00,14:04,14919.25,14842,14842.25,14996.25,-78.00,-156.00,77.25,75.25,ORB STOP
2021-07-14,1,10:04,11:29,14991.5,14934.75,14935.00,15048.00,-57.50,-115.00,56.75,4.50,ORB STOP
2021-07-15,-1,10:28,15:56,14795.75,14783.25,14901.75,14689.75,11.75,23.50,47.25,87.50,ORB TIME
2021-07-16,-1,10:01,11:05,14802.75,14736.25,14869.25,14736.25,65.75,131.50,14.50,66.50,ORB TARGET
2021-07-19,-1,10:00,11:33,14470.75,14573.75,14573.50,14368.00,-103.75,-207.50,103.00,26.50,ORB STOP
2021-07-20,1,10:20,11:42,14601.5,14686,14517.00,14686.00,83.75,167.50,20.25,84.50,ORB TARGET
2021-07-21,1,10:23,15:56,14757.75,14823.25,14692.25,14823.25,64.75,129.50,22.50,65.50,ORB TARGET
2021-07-22,1,10:00,15:56,14895,14926.5,14840.00,14950.00,30.75,61.50,44.50,34.00,ORB TIME
2021-07-23,1,10:16,11:28,14994.5,15054.5,14934.50,15054.50,59.25,118.50,10.75,60.00,ORB TARGET
2021-07-26,1,10:00,15:56,15101.5,15111,15040.50,15162.50,8.75,17.50,19.25,32.75,ORB TIME
2021-07-27,-1,10:00,10:15,15036.5,14966.25,15106.75,14966.25,69.50,139.00,22.50,70.25,ORB TARGET
2021-07-28,1,10:10,15:56,15022.75,15012,14901.75,15143.75,-11.50,-23.00,101.00,52.00,ORB TIME
2021-07-29,1,10:54,15:56,15079.75,15042,14982.50,15177.00,-38.50,-77.00,49.75,4.25,ORB TIME
2021-07-30,1,10:00,15:56,14953,14945.5,14866.25,15039.75,-8.25,-16.50,42.75,26.75,ORB TIME
2021-08-02,1,11:19,15:50,15044.5,14936,14936.25,15152.75,-109.25,-218.50,108.50,6.75,ORB STOP
2021-08-03,-1,10:00,11:58,14902.5,15008.75,15008.50,14796.50,-107.00,-214.00,106.25,53.75,ORB STOP
2021-08-04,-1,10:14,12:14,15018.25,15069.25,15069.00,14967.50,-51.75,-103.50,51.00,21.50,ORB STOP
2021-08-05,1,10:00,15:56,15129,15160.75,15073.00,15185.00,31.00,62.00,26.00,37.50,ORB TIME
2021-08-06,-1,10:00,15:56,15098.5,15095.75,15149.75,15047.25,2.00,4.00,32.25,51.00,ORB TIME
2021-08-10,1,10:00,10:19,15154,15117,15117.25,15190.75,-37.75,-75.50,37.00,3.25,ORB STOP
2021-08-11,-1,10:11,11:12,15047.25,14975.75,15118.75,14975.75,70.75,141.50,15.25,71.50,ORB TARGET
2021-08-12,-1,10:03,10:20,14946,15005.25,15005.00,14887.00,-60.00,-120.00,59.25,5.00,ORB STOP
2021-08-13,1,10:00,15:56,15108.5,15115.5,15068.25,15148.75,6.25,12.50,26.00,33.00,ORB TIME
2021-08-16,-1,10:06,10:31,15021.5,14931.25,15111.75,14931.25,89.50,179.00,6.50,90.25,ORB TARGET
2021-08-17,-1,10:00,10:44,14954.5,15042.5,15042.25,14866.75,-88.75,-177.50,88.00,5.75,ORB STOP
2021-08-18,1,10:19,11:37,15036.25,14964.25,14964.50,15108.00,-72.75,-145.50,72.00,0.75,ORB STOP
2021-08-19,1,10:01,11:05,14836,14908.25,14763.75,14908.25,71.50,143.00,12.75,72.25,ORB TARGET
2021-08-20,1,10:01,15:56,15045.75,15091,14959.50,15132.00,44.50,89.00,44.00,52.25,ORB TIME
2021-08-23,1,10:01,11:40,15209.25,15293.5,15125.00,15293.50,83.50,167.00,14.50,84.25,ORB TARGET
2021-08-24,1,10:08,15:56,15353.75,15347.25,15313.00,15394.50,-7.25,-14.50,23.50,26.50,ORB TIME
2021-08-25,-1,10:07,15:56,15360.5,15372.25,15396.75,15324.25,-12.50,-25.00,25.25,27.50,ORB TIME
2021-08-26,-1,10:00,10:07,15334.25,15362.25,15362.00,15306.50,-28.75,-57.50,28.00,3.25,ORB STOP
2021-08-27,1,10:00,10:01,15332.5,15284.25,15284.50,15380.50,-49.00,-98.00,48.25,0.00,ORB STOP
2021-08-30,1,10:00,13:38,15530.25,15605,15455.50,15605.00,74.00,148.00,11.00,74.75,ORB TARGET
2021-08-31,-1,10:00,15:56,15523,15580.25,15608.75,15437.25,-58.00,-116.00,80.75,9.00,ORB TIME
2021-09-02,-1,10:03,12:40,15642.75,15603.5,15682.00,15603.50,38.50,77.00,14.00,39.25,ORB TARGET
2021-09-03,1,10:00,15:56,15645.25,15642.75,15554.75,15735.75,-3.25,-6.50,40.75,25.25,ORB TIME
2021-09-07,-1,10:12,10:50,15613.25,15669,15668.75,15557.75,-56.50,-113.00,55.75,6.25,ORB STOP
2021-09-08,-1,10:32,10:54,15611,15555.25,15666.75,15555.25,55.00,110.00,12.50,55.75,ORB TARGET
2021-09-09,1,10:08,11:27,15676.25,15621.75,15622.00,15730.50,-55.25,-110.50,54.50,0.25,ORB STOP
2021-09-10,-1,10:02,10:24,15636.75,15606.25,15667.25,15606.25,29.75,59.50,15.00,30.50,ORB TARGET
2021-09-13,-1,10:01,15:56,15435.75,15430.5,15564.75,15306.75,4.50,9.00,15.75,85.25,ORB TIME
2021-09-14,-1,10:00,15:56,15434.5,15377,15530.50,15338.50,56.75,113.50,61.00,82.25,ORB TIME
2021-09-15,-1,10:12,12:56,15338.5,15441,15440.75,15236.25,-103.25,-206.50,102.50,24.00,ORB STOP
2021-09-16,-1,10:03,13:57,15397,15482.5,15482.25,15311.75,-86.25,-172.50,85.50,28.25,ORB STOP
2021-09-20,-1,10:18,12:22,15035,14918.75,15151.25,14918.75,115.50,231.00,17.50,116.25,ORB TARGET
2021-09-21,-1,10:06,15:56,15027.75,15041.5,15131.50,14924.00,-14.50,-29.00,91.75,53.25,ORB TIME
2021-09-22,1,10:00,11:01,15076.75,15138.5,15015.00,15138.50,61.00,122.00,2.50,61.75,ORB TARGET
2021-09-23,1,10:02,15:56,15297,15306.75,15182.25,15411.75,9.00,18.00,31.25,49.75,ORB TIME
2021-09-24,1,10:00,15:25,15252.75,15315.5,15190.00,15315.50,62.00,124.00,47.75,62.75,ORB TARGET
2021-09-27,1,11:04,15:56,15215,15179.25,15084.25,15345.75,-36.50,-73.00,95.00,15.75,ORB TIME
2021-09-28,-1,10:01,11:15,14906.5,14782,15031.00,14782.00,123.75,247.50,25.00,124.50,ORB TARGET
2021-09-29,1,10:00,11:36,14903.25,14787.75,14788.00,15018.50,-116.25,-232.50,115.50,3.50,ORB STOP
2021-09-30,-1,10:07,11:49,14806.5,14734.5,14878.50,14734.50,71.25,142.50,62.00,72.00,ORB TARGET
2021-10-01,-1,10:00,13:49,14606.5,14735.25,14735.00,14478.00,-129.50,-259.00,128.75,69.50,ORB STOP
2021-10-04,-1,10:02,10:54,14567.5,14415.25,14719.75,14415.25,151.50,303.00,12.25,152.25,ORB TARGET
2021-10-05,1,10:01,11:07,14597.75,14698.75,14496.75,14698.75,100.25,200.50,12.75,101.00,ORB TARGET
2021-10-06,-1,10:01,10:23,14511,14639,14638.75,14383.25,-128.75,-257.50,128.00,27.50,ORB STOP
2021-10-07,1,10:00,15:56,14956.25,14881,14859.50,15053.00,-76.00,-152.00,75.50,45.00,ORB TIME
2021-10-08,-1,10:40,15:56,14845.75,14808,14943.00,14748.50,37.00,74.00,30.25,54.75,ORB TIME
2021-10-11,1,10:00,15:52,14861,14721.5,14721.75,15000.25,-140.25,-280.50,139.50,35.75,ORB STOP
2021-10-12,-1,10:17,15:56,14657.25,14651.5,14778.50,14536.00,5.00,10.00,75.50,36.25,ORB TIME
2021-10-13,-1,10:11,14:02,14692.75,14778.75,14778.50,14607.00,-86.75,-173.50,86.00,31.50,ORB STOP
2021-10-14,1,10:01,12:06,14957.75,15024.75,14890.75,15024.75,66.25,132.50,3.00,67.00,ORB TARGET
2021-10-15,-1,10:29,10:58,15049,15100,15099.75,14998.25,-51.75,-103.50,51.00,4.50,ORB STOP
2021-10-18,1,10:05,13:18,15148,15244,15052.00,15244.00,95.25,190.50,22.25,96.00,ORB TARGET
2021-10-19,1,10:16,15:56,15358.25,15391,15302.50,15414.00,32.00,64.00,30.50,45.50,ORB TIME
2021-10-20,-1,10:00,10:32,15396.5,15441,15440.75,15352.25,-45.25,-90.50,44.50,16.50,ORB STOP
2021-10-21,1,10:08,15:04,15394.5,15454.5,15334.50,15454.50,59.25,118.50,6.00,60.00,ORB TARGET
2021-10-22,1,10:29,11:16,15458.5,15385.5,15385.75,15531.25,-73.75,-147.50,73.00,5.25,ORB STOP
2021-10-26,1,10:01,12:01,15658.5,15580.25,15580.50,15736.50,-79.00,-158.00,78.25,42.50,ORB STOP
2021-10-27,1,10:00,15:56,15646,15596.5,15558.50,15733.50,-50.25,-100.50,84.00,71.25,ORB TIME
2021-10-28,1,10:08,11:45,15693.5,15751,15636.00,15751.00,56.75,113.50,37.50,57.50,ORB TARGET
2021-10-29,1,10:08,12:25,15699.75,15783.25,15616.25,15783.25,82.75,165.50,31.50,83.50,ORB TARGET
2021-11-01,-1,10:00,13:04,15797.5,15868.5,15868.25,15726.75,-71.75,-143.50,71.00,28.75,ORB STOP
2021-11-03,-1,10:04,14:01,15943,15997.5,15997.25,15888.75,-55.25,-110.50,54.50,8.00,ORB STOP
2021-11-04,1,10:02,13:57,16252.25,16347.25,16157.25,16347.25,94.25,188.50,11.50,95.00,ORB TARGET
2021-11-08,-1,10:40,15:56,16316.75,16334.25,16394.00,16239.50,-18.25,-36.50,66.00,14.25,ORB TIME
2021-11-09,-1,10:03,15:56,16197.25,16216.75,16391.50,16003.00,-20.25,-40.50,89.25,37.25,ORB TIME
2021-11-10,1,10:00,13:16,16180,16041.5,16041.75,16318.25,-139.25,-278.50,138.50,39.50,ORB STOP
2021-11-11,-1,10:16,15:56,16053.25,16024.75,16110.25,15996.25,27.75,55.50,43.75,47.00,ORB TIME
2021-11-12,1,10:46,11:17,16078.25,16154.5,16002.00,16154.50,75.50,151.00,0.75,76.25,ORB TARGET
2021-11-15,-1,10:10,11:43,16188,16122.5,16253.50,16122.50,64.75,129.50,8.00,65.50,ORB TARGET
2021-11-16,1,10:16,15:56,16252.25,16308.75,16149.25,16355.25,55.75,111.50,57.75,71.50,ORB TIME
2021-11-17,1,10:11,11:50,16322.75,16375.5,16270.00,16375.50,52.00,104.00,23.00,52.75,ORB TARGET
2021-11-18,-1,10:10,11:35,16353.25,16421.75,16421.50,16285.00,-69.25,-138.50,68.50,49.50,ORB STOP
2021-11-19,1,10:00,15:56,16617,16567.5,16516.50,16717.50,-50.25,-100.50,83.25,11.50,ORB TIME
2021-11-22,1,10:00,11:13,16739.75,16638.25,16638.50,16841.00,-102.25,-204.50,101.50,27.75,ORB STOP
2021-11-23,-1,10:09,11:03,16282.5,16146.5,16418.50,16146.50,135.25,270.50,32.25,136.00,ORB TARGET
2021-11-24,1,10:00,11:23,16208.25,16314.25,16102.25,16314.25,105.25,210.50,56.75,106.00,ORB TARGET
2021-11-29,1,10:02,12:47,16306.75,16405.25,16208.25,16405.25,97.75,195.50,80.75,98.50,ORB TARGET
2021-11-30,1,10:00,10:47,16419.25,16318.75,16319.00,16519.50,-101.25,-202.50,100.50,37.25,ORB STOP
2021-12-01,1,10:01,12:56,16354.25,16270.75,16271.00,16437.50,-84.25,-168.50,83.50,73.50,ORB STOP
2021-12-02,1,10:03,10:44,16004.25,15787,15787.25,16221.25,-218.00,-436.00,217.25,22.75,ORB STOP
2021-12-03,-1,10:01,14:21,15824.75,15559,16090.50,15559.00,265.00,530.00,19.75,265.75,ORB TARGET
2021-12-06,1,10:15,15:56,15761,15849.25,15559.50,15962.50,87.50,175.00,105.00,136.00,ORB TIME
2021-12-07,1,10:00,13:51,16228.75,16338.25,16119.25,16338.25,108.75,217.50,16.25,109.50,ORB TARGET
2021-12-09,-1,10:07,13:48,16321.25,16228.5,16414.00,16228.50,92.00,184.00,27.00,92.75,ORB TARGET
2021-12-10,-1,10:46,15:56,16199.75,16319,16328.75,16070.75,-120.00,-240.00,120.25,66.25,ORB TIME
2021-12-13,-1,10:02,11:19,16253.75,16170.25,16337.25,16170.25,82.75,165.50,58.25,83.50,ORB TARGET
2021-12-14,-1,10:16,15:56,15858,15909.25,15999.75,15716.25,-52.00,-104.00,111.75,119.25,ORB TIME
2021-12-15,-1,10:00,14:06,15827.25,15932,15931.75,15722.75,-105.50,-211.00,104.75,82.75,ORB STOP
2021-12-16,-1,10:00,11:57,16169.75,15994,16345.50,15994.00,175.00,350.00,28.25,175.75,ORB TARGET
2021-12-20,-1,10:58,15:56,15542.5,15624.5,15658.25,15426.75,-82.75,-165.50,108.75,50.75,ORB TIME
2021-12-21,-1,10:03,11:56,15663,15798.75,15798.50,15527.50,-136.50,-273.00,135.75,57.75,ORB STOP
2021-12-22,1,10:37,15:55,16044.75,16155.5,15934.00,16155.50,110.00,220.00,22.25,110.75,ORB TARGET
2021-12-23,1,10:00,11:12,16242.5,16308.25,16176.75,16308.25,65.00,130.00,17.25,65.75,ORB TARGET
2021-12-27,1,10:01,14:19,16448.5,16552.25,16344.75,16552.25,103.00,206.00,7.50,103.75,ORB TARGET
2021-12-28,-1,10:09,15:56,16520.5,16479.75,16611.25,16429.75,40.00,80.00,64.25,67.25,ORB TIME
2021-12-29,-1,10:05,10:17,16477.25,16405.5,16549.00,16405.50,71.00,142.00,24.75,71.75,ORB TARGET
2021-12-30,1,10:05,15:46,16518.25,16449.5,16449.75,16586.75,-69.50,-139.00,68.75,49.25,ORB STOP
2021-12-31,-1,10:01,15:56,16383.5,16317.75,16463.75,16303.25,65.00,130.00,37.00,68.25,ORB TIME
2022-01-04,-1,10:00,10:18,16443.5,16375,16512.00,16375.00,67.75,135.50,21.75,68.50,ORB TARGET
2022-01-05,1,10:00,12:33,16225.25,16103,16103.25,16347.25,-123.00,-246.00,122.25,22.50,ORB STOP
2022-01-06,-1,10:03,10:58,15671.75,15850.5,15850.25,15493.25,-179.50,-359.00,178.75,73.25,ORB STOP
2022-01-07,-1,10:20,10:53,15673.5,15519.25,15827.75,15519.25,153.50,307.00,14.00,154.25,ORB TARGET
2022-01-10,-1,10:02,13:52,15240.5,15415,15414.75,15066.25,-175.25,-350.50,174.50,88.00,ORB STOP
2022-01-11,1,10:03,11:16,15594.25,15713.75,15474.75,15713.75,118.75,237.50,90.00,119.50,ORB TARGET
2022-01-12,1,10:09,10:40,15992.75,15884.5,15884.75,16100.75,-109.00,-218.00,108.25,16.75,ORB STOP
2022-01-13,-1,10:01,10:17,15914,15849,15979.00,15849.00,64.25,128.50,13.00,65.00,ORB TARGET
2022-01-14,1,10:19,15:56,15595.5,15586.5,15380.00,15811.00,-9.75,-19.50,191.50,11.75,ORB TIME
2022-01-18,1,10:06,11:32,15374.5,15272.5,15272.75,15476.25,-102.75,-205.50,102.00,60.50,ORB STOP
2022-01-19,1,10:04,10:33,15368.25,15251.5,15251.75,15484.75,-117.50,-235.00,116.75,4.00,ORB STOP
2022-01-20,1,10:01,14:13,15285.75,15160.5,15160.75,15410.75,-126.00,-252.00,125.25,54.75,ORB STOP
2022-01-21,-1,10:01,11:22,14630.5,14818.75,14818.50,14442.50,-189.00,-378.00,188.25,98.25,ORB STOP
2022-01-24,-1,10:09,11:50,14050,13836.5,14263.50,13836.50,212.75,425.50,116.50,213.50,ORB TARGET
2022-01-25,-1,10:01,14:19,14062.25,14304.75,14304.50,13820.00,-243.25,-486.50,242.50,47.50,ORB STOP
2022-01-26,1,10:03,10:45,14500,14350,14350.25,14649.75,-150.75,-301.50,150.00,15.00,ORB STOP
2022-01-27,1,10:09,10:32,14396,14231.75,14232.00,14560.00,-165.00,-330.00,164.25,13.75,ORB STOP
2022-01-28,-1,10:01,10:55,13866.75,14102.25,14102.00,13631.50,-236.25,-472.50,235.50,6.25,ORB STOP
2022-01-31,1,10:00,15:49,14634.25,14852,14416.50,14852.00,217.00,434.00,8.00,217.75,ORB TARGET
2022-02-01,-1,10:00,15:31,14786.75,14952,14951.75,14621.75,-166.00,-332.00,165.25,57.50,ORB STOP
2022-02-02,-1,10:35,15:56,15025.5,15133.5,15177.75,14873.25,-108.75,-217.50,127.25,84.25,ORB TIME
2022-02-03,1,10:19,12:00,14799.5,14677.25,14677.50,14921.50,-123.00,-246.00,122.25,43.50,ORB STOP
2022-02-04,1,10:00,15:02,14607,14780.75,14433.25,14780.75,173.00,346.00,165.00,173.75,ORB TARGET
2022-02-07,-1,11:09,15:53,14670,14533.75,14806.25,14533.75,135.50,271.00,57.00,136.25,ORB TARGET
2022-02-08,-1,10:00,10:47,14500.75,14588.25,14588.00,14413.50,-88.25,-176.50,87.50,33.00,ORB STOP
2022-02-09,-1,10:19,11:01,14863.5,14951.5,14951.25,14775.75,-88.75,-177.50,88.00,11.00,ORB STOP
2022-02-10,1,10:01,13:39,14934,14735.25,14735.50,15132.50,-199.50,-399.00,198.75,95.00,ORB STOP
2022-02-11,-1,10:12,13:30,14624.75,14483,14766.50,14483.00,141.00,282.00,71.75,141.75,ORB TARGET
2022-02-14,1,11:19,13:54,14336.25,14182.25,14182.50,14490.00,-154.75,-309.50,154.00,57.75,ORB STOP
2022-02-15,1,10:41,12:48,14522.5,14445,14445.25,14599.75,-78.25,-156.50,77.50,41.50,ORB STOP
2022-02-17,-1,10:19,14:36,14375.25,14254.75,14495.75,14254.75,119.75,239.50,33.50,120.50,ORB TARGET
2022-02-18,-1,10:26,12:38,14087.75,13954.5,14221.00,13954.50,132.50,265.00,28.50,133.25,ORB TARGET
2022-02-22,1,10:29,11:54,14096,13862,13862.25,14329.75,-234.75,-469.50,234.00,12.75,ORB STOP
2022-02-23,-1,10:00,11:05,13890.25,13749.5,14031.00,13749.50,140.00,280.00,14.00,140.75,ORB TARGET
2022-02-24,1,10:13,13:50,13364.25,13669.5,13059.00,13669.50,304.50,609.00,56.25,305.25,ORB TARGET
2022-02-25,-1,10:00,10:32,13859,14014.75,14014.50,13703.50,-156.50,-313.00,155.75,27.00,ORB STOP
2022-02-28,1,10:00,11:29,14148,14268.75,14027.25,14268.75,120.00,240.00,115.50,120.75,ORB TARGET
2022-03-01,1,10:00,10:11,14253.75,14153.5,14153.75,14353.75,-101.00,-202.00,100.25,6.25,ORB STOP
2022-03-02,-1,10:08,11:05,14010.5,14129.75,14129.50,13891.50,-120.00,-240.00,119.25,59.75,ORB STOP
2022-03-03,-1,10:06,10:38,14233.25,14112.25,14354.25,14112.25,120.25,240.50,18.00,121.00,ORB TARGET
2022-03-04,-1,10:11,15:56,13833.75,13832.75,13995.25,13672.25,0.25,0.50,100.75,100.25,ORB TIME
2022-03-07,-1,10:00,13:23,13673.25,13467,13879.50,13467.00,205.50,411.00,20.50,206.25,ORB TARGET
2022-03-08,-1,10:00,12:11,13221.25,13373.75,13373.50,13069.00,-153.25,-306.50,152.50,102.25,ORB STOP
2022-03-09,1,10:02,12:39,13621.5,13746.25,13496.75,13746.25,124.00,248.00,55.25,124.75,ORB TARGET
2022-03-10,1,10:17,10:34,13594.75,13487.25,13487.50,13702.00,-108.25,-216.50,107.50,16.75,ORB STOP
2022-03-11,-1,10:00,11:43,13572.25,13420.75,13723.75,13420.75,150.75,301.50,22.25,151.50,ORB TARGET
2022-03-14,1,10:08,11:44,13341.25,13205,13205.25,13477.25,-137.00,-274.00,136.25,51.75,ORB STOP
2022-03-15,1,10:04,11:11,13213.5,13335.75,13091.25,13335.75,121.50,243.00,49.50,122.25,ORB TARGET
2022-03-16,1,10:01,14:06,13749,13614,13614.25,13883.75,-135.75,-271.50,135.00,119.00,ORB STOP
2022-03-17,1,10:00,15:56,13986.25,14093,13822.50,14150.00,106.00,212.00,140.00,130.50,ORB TIME
2022-03-21,-1,10:04,15:56,14292.75,14356.25,14466.50,14119.00,-64.25,-128.50,162.50,109.00,ORB TIME
2022-03-22,1,10:00,10:33,14489.25,14603.75,14374.75,14603.75,113.75,227.50,21.25,114.50,ORB TARGET
2022-03-23,1,10:13,11:22,14546.75,14632.5,14461.00,14632.50,85.00,170.00,19.00,85.75,ORB TARGET
2022-03-24,1,10:05,10:19,14551.75,14469,14469.25,14634.25,-83.50,-167.00,82.75,4.00,ORB STOP
2022-03-25,-1,10:00,10:36,14707.75,14788.5,14788.25,14627.25,-81.50,-163.00,80.75,13.25,ORB STOP
2022-03-29,-1,10:07,14:49,15105.25,15219.5,15219.25,14991.25,-115.00,-230.00,114.25,72.25,ORB STOP
2022-03-30,1,10:14,11:05,15209.25,15141.5,15141.75,15276.75,-68.50,-137.00,67.75,25.75,ORB STOP
2022-03-31,-1,10:00,10:58,14979.75,15090,15089.75,14869.75,-111.00,-222.00,110.25,13.75,ORB STOP
2022-04-01,-1,10:03,15:56,14808,14858.25,14931.75,14684.25,-51.00,-102.00,90.75,82.50,ORB TIME
2022-04-04,1,10:00,15:56,15051.75,15145.5,14884.25,15219.25,93.00,186.00,44.00,107.75,ORB TIME
2022-04-05,-1,10:01,10:10,15052,14968.75,15135.25,14968.75,82.50,165.00,48.75,83.25,ORB TARGET
2022-04-06,-1,10:00,15:03,14500.5,14643.5,14643.25,14357.75,-143.75,-287.50,143.00,105.00,ORB STOP
2022-04-07,1,10:00,10:41,14578,14459.5,14459.75,14696.25,-119.25,-238.50,118.50,30.25,ORB STOP
2022-04-08,1,11:01,15:56,14477,14324.5,14312.50,14641.50,-153.25,-306.50,161.75,21.00,ORB TIME
2022-04-11,-1,10:26,15:53,14099.25,14001.75,14196.75,14001.75,96.75,193.50,32.25,97.50,ORB TARGET
2022-04-12,1,10:00,10:49,14263.5,14113,14113.25,14413.75,-151.25,-302.50,150.50,14.25,ORB STOP
2022-04-13,1,10:16,15:09,14073.5,14225.25,13921.75,14225.25,151.00,302.00,31.25,151.75,ORB TARGET
2022-04-14,-1,10:05,12:50,14104,13961.5,14246.50,13961.50,141.75,283.50,21.75,142.50,ORB TARGET
2022-04-18,1,10:07,12:12,13933,13827,13827.25,14038.75,-106.75,-213.50,106.00,69.25,ORB STOP
2022-04-19,1,10:00,15:14,14018,14202,13834.00,14202.00,183.25,366.50,18.25,184.00,ORB TARGET
2022-04-20,-1,10:01,15:56,14064.25,14002.75,14269.50,13859.00,60.75,121.50,84.50,106.00,ORB TIME
2022-04-21,-1,10:07,11:34,14163.25,14043.75,14282.75,14043.75,118.75,237.50,29.25,119.50,ORB TARGET
2022-04-22,-1,10:20,13:41,13615.25,13453.25,13777.25,13453.25,161.25,322.50,57.25,162.00,ORB TARGET
2022-04-25,1,10:25,15:38,13366.25,13496.75,13235.75,13496.75,129.75,259.50,125.75,130.50,ORB TARGET
2022-04-26,-1,10:01,15:32,13253.25,13056,13450.50,13056.00,196.50,393.00,13.00,197.25,ORB TARGET
2022-04-27,-1,10:14,15:56,13009,13023.25,13254.75,12763.25,-15.00,-30.00,222.25,78.50,ORB TIME
2022-04-28,-1,10:00,12:35,13095.25,13280.5,13280.25,12910.25,-186.00,-372.00,185.25,61.75,ORB STOP
2022-04-29,-1,10:28,14:11,13225.75,13018.25,13433.25,13018.25,206.75,413.50,31.50,207.50,ORB TARGET
2022-05-02,1,10:26,13:50,12974,12742.5,12742.75,13205.25,-232.25,-464.50,231.50,70.25,ORB STOP
2022-05-03,1,10:00,15:56,13114.5,13090,12968.25,13260.75,-25.25,-50.50,137.75,69.50,ORB TIME
2022-05-04,-1,10:00,10:53,13016.75,12919.5,13114.00,12919.50,96.50,193.00,11.25,97.25,ORB TARGET
2022-05-05,-1,10:00,10:37,13155.25,12964.25,13346.25,12964.25,190.25,380.50,20.50,191.00,ORB TARGET
2022-05-06,1,10:18,15:56,12792.75,12692,12519.50,13066.00,-101.50,-203.00,226.00,136.50,ORB TIME
2022-05-09,-1,10:00,11:07,12419,12282.75,12555.25,12282.75,135.50,271.00,45.50,136.25,ORB TARGET
2022-05-10,-1,10:41,15:56,12336.75,12334.75,12547.00,12126.50,1.25,2.50,182.50,166.75,ORB TIME
2022-05-12,1,10:09,11:10,11908,12123,11693.00,12123.00,214.25,428.50,36.00,215.00,ORB TARGET
2022-05-13,1,10:02,15:56,12279.25,12348.25,12065.00,12493.50,68.25,136.50,61.00,152.75,ORB TIME
2022-05-16,-1,10:01,10:23,12214.75,12358.5,12358.25,12071.25,-144.50,-289.00,143.75,11.50,ORB STOP
2022-05-17,-1,10:09,14:09,12431.25,12535.25,12535.00,12327.50,-104.75,-209.50,104.00,99.25,ORB STOP
2022-05-18,-1,10:30,11:24,12289.5,12179.5,12399.50,12179.50,109.25,218.50,27.75,110.00,ORB TARGET
2022-05-19,1,10:03,15:56,11979,11882,11795.75,12162.25,-97.75,-195.50,128.00,98.00,ORB TIME
2022-05-20,-1,10:07,10:53,11945.25,11837.5,12053.00,11837.50,107.00,214.00,20.25,107.75,ORB TARGET
2022-05-23,-1,10:01,11:33,11818,11977.25,11977.00,11659.00,-160.00,-320.00,159.25,34.25,ORB STOP
2022-05-24,-1,10:00,15:56,11675.25,11758.25,11847.50,11503.00,-83.75,-167.50,156.50,99.00,ORB TIME
2022-05-25,1,10:18,15:04,11858,12007.75,11708.25,12007.75,149.00,298.00,87.00,149.75,ORB TARGET
2022-05-26,1,10:00,15:56,12126.5,12281,11899.25,12353.75,153.75,307.50,30.25,217.00,ORB TIME
2022-05-27,1,10:02,15:56,12532.5,12653.5,12402.00,12663.00,120.25,240.50,24.75,127.50,ORB TIME
2022-05-31,-1,10:01,11:52,12520,12688.75,12688.50,12351.50,-169.50,-339.00,168.75,40.00,ORB STOP
2022-06-01,-1,10:06,10:17,12730.75,12638.5,12823.00,12638.50,91.50,183.00,24.00,92.25,ORB TARGET
2022-06-02,1,10:01,11:44,12570.75,12699,12442.50,12699.00,127.50,255.00,73.25,128.25,ORB TARGET
2022-06-03,1,10:00,10:37,12717,12609.5,12609.75,12824.25,-108.25,-216.50,107.50,14.50,ORB STOP
2022-06-06,1,10:01,11:17,12785.5,12673.25,12673.50,12897.50,-113.00,-226.00,112.25,25.00,ORB STOP
2022-06-07,1,10:28,15:56,12582,12729,12412.25,12751.75,146.25,292.50,25.00,158.50,ORB TIME
2022-06-09,1,10:30,13:45,12655,12506.25,12506.50,12803.50,-149.50,-299.00,148.75,18.25,ORB STOP
2022-06-10,-1,10:00,15:56,11939.5,11864.25,12089.75,11789.25,74.50,149.00,34.50,116.75,ORB TIME
2022-06-13,-1,10:10,10:44,11463.5,11352.25,11574.75,11352.25,110.50,221.00,30.50,111.25,ORB TARGET
2022-06-14,-1,10:20,13:23,11263.5,11412.75,11412.50,11114.50,-150.00,-300.00,149.25,24.50,ORB STOP
2022-06-15,1,10:04,14:01,11517.25,11606.25,11428.25,11606.25,88.25,176.50,85.25,89.00,ORB TARGET
2022-06-16,-1,10:00,10:45,11219.5,11123.25,11315.75,11123.25,95.50,191.00,15.75,96.25,ORB TARGET
2022-06-21,1,10:00,15:56,11631,11583,11476.00,11786.00,-48.75,-97.50,54.50,47.50,ORB TIME
2022-06-22,1,10:13,15:56,11619.25,11597.75,11446.75,11791.75,-22.25,-44.50,79.75,127.25,ORB TIME
2022-06-23,1,10:06,15:56,11684,11732.25,11543.25,11824.75,47.50,95.00,137.00,83.25,ORB TIME
2022-06-24,1,10:00,15:56,11984.5,12115,11838.75,12130.25,129.75,259.50,28.75,134.00,ORB TIME
2022-06-28,-1,10:06,11:22,12047,11920,12174.00,11920.00,126.25,252.50,13.00,127.00,ORB TARGET
2022-06-29,1,10:02,15:56,11718.5,11685.75,11564.25,11872.75,-33.50,-67.00,114.50,30.50,ORB TIME
2022-06-30,-1,10:00,11:27,11392.5,11588,11587.75,11197.25,-196.25,-392.50,195.50,41.75,ORB STOP
2022-07-01,1,10:00,10:35,11600,11417.25,11417.50,11782.50,-183.50,-367.00,182.75,18.00,ORB STOP
2022-07-05,1,10:11,10:39,11485,11581,11389.00,11581.00,95.25,190.50,26.75,96.00,ORB TARGET
2022-07-07,1,10:17,15:56,12049.25,12134.5,11918.50,12180.00,84.50,169.00,43.00,119.50,ORB TIME
2022-07-08,1,10:25,11:27,12091,12203.25,11978.75,12203.25,111.50,223.00,14.25,112.25,ORB TARGET
2022-07-11,-1,10:01,15:56,11855,11876,12062.25,11647.75,-21.75,-43.50,149.75,2.00,ORB TIME
2022-07-12,-1,10:00,15:56,11855.5,11786,12025.25,11685.75,68.75,137.50,86.75,143.50,ORB TIME
2022-07-13,1,10:31,15:56,11700.25,11777,11522.75,11877.75,76.00,152.00,49.50,154.25,ORB TIME
2022-07-14,-1,10:01,11:42,11547.5,11684.25,11684.00,11411.00,-137.50,-275.00,136.75,36.50,ORB STOP
2022-07-15,1,10:00,15:56,11985.25,11991.25,11853.75,12116.75,5.25,10.50,93.00,14.75,ORB TIME
2022-07-19,1,10:27,11:09,12081,12169.25,11992.75,12169.25,87.50,175.00,4.00,88.25,ORB TARGET
2022-07-20,1,10:22,10:48,12351.25,12446.25,12256.25,12446.25,94.25,188.50,18.25,95.00,ORB TARGET
2022-07-21,1,10:00,10:15,12517.75,12410.75,12411.00,12624.50,-107.75,-215.50,107.00,23.50,ORB STOP
2022-07-22,-1,10:00,11:38,12565.5,12434.25,12696.75,12434.25,130.50,261.00,47.00,131.25,ORB TARGET
2022-07-25,-1,10:06,15:07,12356.75,12269.5,12444.00,12269.50,86.50,173.00,50.00,87.25,ORB TARGET
2022-07-26,-1,10:20,14:28,12195.75,12100.5,12291.00,12100.50,94.50,189.00,16.00,95.25,ORB TARGET
2022-07-27,1,10:05,14:40,12401.25,12526,12276.50,12526.00,124.00,248.00,13.50,124.75,ORB TARGET
2022-07-28,-1,10:26,11:27,12454,12654.25,12654.00,12254.00,-201.00,-402.00,200.25,4.75,ORB STOP
2022-07-29,1,10:00,15:56,12885.75,12975.75,12744.50,13027.00,89.25,178.50,99.50,126.75,ORB TIME
2022-08-01,1,10:00,15:56,13023.75,12951.5,12851.50,13196.00,-73.00,-146.00,126.25,84.75,ORB TIME
2022-08-02,-1,10:09,10:51,12852.75,12956.75,12956.50,12749.00,-104.75,-209.50,104.00,32.75,ORB STOP
2022-08-03,1,10:03,12:51,13128.5,13267.5,12989.50,13267.50,138.25,276.50,67.75,139.00,ORB TARGET
2022-08-04,-1,10:17,15:14,13244.75,13339,13338.75,13150.75,-95.00,-190.00,94.25,60.25,ORB STOP
2022-08-05,1,10:02,10:23,13211.5,13308.5,13114.50,13308.50,96.25,192.50,26.75,97.00,ORB TARGET
2022-08-08,1,10:02,11:43,13412,13231.75,13232.00,13592.00,-181.00,-362.00,180.25,7.50,ORB STOP
2022-08-09,-1,10:00,15:56,12993.25,13030.75,13112.00,12874.50,-38.25,-76.50,74.25,30.00,ORB TIME
2022-08-10,-1,10:19,11:02,13268,13355,13354.75,13181.25,-87.75,-175.50,87.00,30.50,ORB STOP
2022-08-11,1,10:00,10:19,13513.75,13571.25,13456.25,13571.25,56.75,113.50,19.75,57.50,ORB TARGET
2022-08-12,1,10:10,14:15,13436.25,13513.25,13359.25,13513.25,76.25,152.50,51.00,77.00,ORB TARGET
2022-08-16,-1,10:01,11:48,13582.75,13659.75,13659.50,13506.00,-77.75,-155.50,77.00,60.00,ORB STOP
2022-08-17,-1,10:14,14:10,13484.25,13566.25,13566.00,13402.50,-82.75,-165.50,82.00,78.00,ORB STOP
2022-08-18,-1,10:00,10:41,13435.75,13502.5,13502.25,13369.25,-67.50,-135.00,66.75,13.25,ORB STOP
2022-08-19,-1,10:00,15:56,13299.75,13265,13425.00,13174.50,34.00,68.00,27.25,72.75,ORB TIME
2022-08-22,-1,10:09,14:03,13005.75,12919.75,13091.75,12919.75,85.25,170.50,15.00,86.00,ORB TARGET
2022-08-23,1,10:08,15:56,12984.5,12898,12866.25,13102.75,-87.25,-174.50,109.75,34.50,ORB TIME
2022-08-24,1,10:00,11:16,12914.75,12977,12852.50,12977.00,61.50,123.00,38.50,62.25,ORB TARGET
2022-08-25,1,10:00,15:54,13050,13137.75,12962.25,13137.75,87.00,174.00,53.00,87.75,ORB TARGET
2022-08-26,-1,10:01,10:03,13084.5,13008,13161.00,13008.00,75.75,151.50,27.75,76.50,ORB TARGET
2022-08-29,1,10:17,10:53,12606,12479,12479.25,12732.75,-127.75,-255.50,127.00,4.00,ORB STOP
2022-08-30,-1,10:00,10:35,12463,12339,12587.00,12339.00,123.25,246.50,33.75,124.00,ORB TARGET
2022-08-31,-1,10:18,15:56,12390.25,12317,12512.75,12267.75,72.50,145.00,49.25,114.00,ORB TIME
2022-09-01,-1,10:02,11:00,12140,12056.25,12223.75,12056.25,83.00,166.00,33.00,83.75,ORB TARGET
2022-09-02,-1,10:00,10:31,12291,12415.5,12415.25,12166.75,-125.25,-250.50,124.50,18.75,ORB STOP
2022-09-06,-1,10:00,15:56,12019.25,12003.75,12168.75,11869.75,14.75,29.50,124.50,89.25,ORB TIME
2022-09-07,-1,10:15,11:12,12035.5,12127.75,12127.50,11943.50,-93.00,-186.00,92.25,6.00,ORB STOP
2022-09-08,1,10:19,15:56,12271.5,12307.5,12117.25,12425.75,35.25,70.50,133.75,108.00,ORB TIME
2022-09-09,1,10:00,13:17,12504.25,12592.5,12416.00,12592.50,87.50,175.00,17.00,88.25,ORB TARGET
2022-09-12,1,10:00,12:11,12738.25,12641,12641.25,12835.25,-98.00,-196.00,97.25,17.75,ORB STOP
2022-09-13,-1,10:00,11:25,12304.75,12183.5,12426.00,12183.50,120.50,241.00,24.50,121.25,ORB TARGET
2022-09-14,-1,10:30,10:55,12019.25,12134.75,12134.50,11904.00,-116.25,-232.50,115.50,5.00,ORB STOP
2022-09-15,1,10:00,10:30,12142.5,12033,12033.25,12251.75,-110.25,-220.50,109.50,13.00,ORB STOP
2022-09-19,1,10:13,15:56,11930.75,12011.75,11815.75,12045.75,80.25,160.50,82.50,100.50,ORB TIME
2022-09-20,1,10:08,11:56,11947.5,12008.25,11886.75,12008.25,60.00,120.00,57.25,60.75,ORB TARGET
2022-09-21,1,10:29,11:04,11997.75,11938.25,11938.50,12057.00,-60.25,-120.50,59.50,2.00,ORB STOP
2022-09-22,-1,10:01,15:48,11571.25,11682.25,11682.00,11460.50,-111.75,-223.50,111.00,61.25,ORB STOP
2022-09-23,-1,10:00,14:59,11350.5,11230,11471.00,11230.00,119.75,239.50,76.00,120.50,ORB TARGET
2022-09-26,1,10:00,12:26,11496.75,11342.5,11342.75,11650.75,-155.00,-310.00,154.25,41.00,ORB STOP
2022-09-27,-1,10:00,11:55,11460.75,11353.75,11567.75,11353.75,106.25,212.50,43.25,107.00,ORB TARGET
2022-09-28,1,10:00,11:21,11353.25,11440.25,11266.25,11440.25,86.25,172.50,81.50,87.00,ORB TARGET
2022-09-29,-1,10:01,15:56,11242.5,11214,11401.50,11083.50,27.75,55.50,32.25,151.00,ORB TIME
2022-09-30,1,10:26,14:44,11266,11143,11143.25,11388.75,-123.75,-247.50,123.00,91.00,ORB STOP
2022-10-03,1,10:00,10:46,11132.5,11224.75,11040.25,11224.75,91.50,183.00,42.25,92.25,ORB TARGET
2022-10-04,1,10:00,15:56,11619.25,11635,11514.50,11724.00,15.00,30.00,95.25,57.00,ORB TIME
2022-10-05,-1,10:00,10:30,11464,11389.25,11538.75,11389.25,74.00,148.00,37.75,74.75,ORB TARGET
2022-10-06,-1,10:01,15:56,11589,11565.25,11721.50,11456.50,23.00,46.00,80.00,62.50,ORB TIME
2022-10-07,-1,10:01,15:24,11216.25,11082.25,11350.25,11082.25,133.25,266.50,59.75,134.00,ORB TARGET
2022-10-10,-1,10:00,13:11,11002.75,10880,11125.50,10880.00,122.00,244.00,65.50,122.75,ORB TARGET
2022-10-11,-1,10:00,11:37,10820.75,10944.5,10944.25,10697.25,-124.50,-249.00,123.75,32.25,ORB STOP
2022-10-13,1,10:04,11:10,10630,10775.25,10484.75,10775.25,144.50,289.00,29.00,145.25,ORB TARGET
2022-10-14,-1,10:00,10:51,11030.25,10853,11207.50,10853.00,176.50,353.00,24.00,177.25,ORB TARGET
2022-10-17,1,10:14,15:56,11117.75,11106.75,10999.25,11236.25,-11.75,-23.50,95.25,27.75,ORB TIME
2022-10-18,-1,10:24,11:15,11292.75,11154,11431.50,11154.00,138.00,276.00,10.25,138.75,ORB TARGET
2022-10-19,1,10:14,12:47,11213.5,11110.25,11110.50,11316.50,-104.00,-208.00,103.25,71.00,ORB STOP
2022-10-20,1,10:02,13:50,11229.5,11091.5,11091.75,11367.25,-138.75,-277.50,138.00,99.50,ORB STOP
2022-10-21,1,10:00,14:10,11156,11317,10995.00,11317.00,160.25,320.50,105.00,161.00,ORB TARGET
2022-10-24,-1,10:02,12:02,11300,11427.5,11427.25,11172.75,-128.25,-256.50,127.50,92.25,ORB STOP
2022-10-25,1,11:09,15:56,11665,11702,11515.00,11815.00,36.25,72.50,50.00,62.50,ORB TIME
2022-10-26,1,10:00,10:42,11529.75,11626.25,11433.25,11626.25,95.75,191.50,49.75,96.50,ORB TARGET
2022-10-28,1,10:25,12:33,11364.5,11522.5,11206.50,11522.50,157.25,314.50,25.25,158.00,ORB TARGET
2022-10-31,-1,10:08,15:56,11412.25,11442.75,11522.50,11302.00,-31.25,-62.50,101.00,45.25,ORB TIME
2022-11-01,-1,10:00,10:21,11499.25,11379.75,11618.75,11379.75,118.75,237.50,25.75,119.50,ORB TARGET
2022-11-02,-1,10:14,12:36,11271,11201.5,11340.50,11201.50,68.75,137.50,20.00,69.50,ORB TARGET
2022-11-03,-1,10:00,10:46,10722.75,10848.25,10848.00,10597.50,-126.25,-252.50,125.50,14.75,ORB STOP
2022-11-04,1,10:41,11:52,10964,10724.25,10724.50,11203.50,-240.50,-481.00,239.75,10.25,ORB STOP
2022-11-08,1,10:16,11:23,11086.25,11165.75,11006.75,11165.75,78.75,157.50,23.00,79.50,ORB TARGET
2022-11-09,1,10:16,10:35,11040.75,10961,10961.25,11120.25,-80.50,-161.00,79.75,8.50,ORB STOP
2022-11-10,1,10:00,15:56,11455,11640.75,11269.25,11640.75,185.00,370.00,97.25,185.75,ORB TARGET
2022-11-11,1,10:06,13:20,11691.75,11813.75,11569.75,11813.75,121.25,242.50,56.50,122.00,ORB TARGET
2022-11-14,1,10:07,13:27,11785.75,11869.25,11702.25,11869.25,82.75,165.50,57.25,83.50,ORB TARGET
2022-11-15,-1,10:50,13:24,11962.75,11862.75,12062.75,11862.75,99.25,198.50,81.25,100.00,ORB TARGET
2022-11-16,-1,10:15,15:56,11749.25,11752.25,11836.50,11662.00,-3.75,-7.50,81.00,43.25,ORB TIME
2022-11-17,1,10:16,12:51,11635,11726.25,11543.75,11726.25,90.50,181.00,37.00,91.25,ORB TARGET
2022-11-18,-1,10:00,12:17,11735,11627.5,11842.50,11627.50,106.75,213.50,23.00,107.50,ORB TARGET
2022-11-21,-1,10:06,12:58,11628,11556.5,11699.50,11556.50,70.75,141.50,12.00,71.50,ORB TARGET
2022-11-22,1,10:47,15:29,11629,11730.25,11527.75,11730.25,100.50,201.00,19.00,101.25,ORB TARGET
2022-11-23,1,10:06,12:58,11853,11744.75,11745.00,11961.00,-109.00,-218.00,108.25,35.00,ORB STOP
2022-11-28,-1,10:25,14:23,11693.5,11599,11788.00,11599.00,93.75,187.50,40.25,94.50,ORB TARGET
2022-11-29,-1,10:14,10:31,11564.75,11628,11627.75,11501.75,-64.00,-128.00,63.25,3.50,ORB STOP
2022-11-30,-1,11:04,13:31,11518.5,11581.75,11581.50,11455.50,-64.00,-128.00,63.25,20.50,ORB STOP
2022-12-01,1,10:00,10:13,12136.5,12031.5,12031.75,12241.25,-105.75,-211.50,105.00,8.25,ORB STOP
2022-12-02,1,10:12,15:03,11916,11994.5,11837.50,11994.50,77.75,155.50,37.25,78.50,ORB TARGET
2022-12-05,-1,10:00,11:37,11911.25,11850.5,11972.00,11850.50,60.00,120.00,39.75,60.75,ORB TARGET
2022-12-06,-1,10:00,14:29,11663.25,11521,11805.50,11521.00,141.50,283.00,11.50,142.25,ORB TARGET
2022-12-07,-1,10:00,15:56,11459.75,11522,11595.75,11323.75,-63.00,-126.00,121.00,19.50,ORB TIME
2022-12-08,1,10:00,15:56,11604.75,11642.5,11477.25,11732.25,37.00,74.00,27.25,80.75,ORB TIME
2022-12-09,1,10:31,15:56,11660.75,11578,11550.25,11771.25,-83.50,-167.00,90.50,57.75,ORB TIME
2022-12-12,-1,10:49,13:01,11542.75,11608.75,11608.50,11477.00,-66.75,-133.50,66.00,11.50,ORB STOP
2022-12-13,-1,10:06,10:40,12061.75,11945,12178.50,11945.00,116.00,232.00,42.00,116.75,ORB TARGET
2022-12-14,1,10:04,14:01,11897.25,11811,11811.25,11983.25,-87.00,-174.00,86.25,51.25,ORB STOP
2022-12-15,-1,10:00,15:56,11447.5,11334,11602.00,11293.00,112.75,225.50,19.75,149.25,ORB TIME
2022-12-19,-1,10:02,15:06,11254.25,11149.5,11359.00,11149.50,104.00,208.00,55.25,104.75,ORB TARGET
2022-12-20,1,10:00,15:56,11177.75,11186.75,11066.50,11289.00,8.25,16.50,76.00,69.50,ORB TIME
2022-12-21,1,10:08,11:05,11273.75,11366.25,11181.25,11366.25,91.75,183.50,2.00,92.50,ORB TARGET
2022-12-22,-1,10:01,11:41,11090.75,10973.75,11207.75,10973.75,116.25,232.50,21.00,117.00,ORB TARGET
2022-12-23,-1,10:06,10:26,10922,11050.75,11050.50,10793.50,-129.50,-259.00,128.75,6.25,ORB STOP
2022-12-27,-1,10:02,15:56,10904.75,10927.75,11055.75,10753.75,-23.75,-47.50,112.75,9.00,ORB TIME
2022-12-28,-1,10:55,15:56,10861.25,10770.25,10996.25,10726.25,90.25,180.50,30.75,103.00,ORB TIME
2022-12-29,1,10:00,15:56,10977.5,11048.75,10856.75,11098.25,70.50,141.00,33.75,94.00,ORB TIME
2022-12-30,1,10:47,15:56,10948,11007,10855.75,11040.25,58.25,116.50,73.25,65.50,ORB TIME
2023-01-03,-1,10:00,15:56,10990.75,10943.75,11181.50,10800.00,46.25,92.50,25.75,146.50,ORB TIME
2023-01-04,-1,10:00,11:36,10954,11046.75,11046.50,10861.50,-93.50,-187.00,92.75,90.75,ORB STOP
2023-01-05,1,10:08,15:51,10926.25,10814.75,10815.00,11037.50,-112.25,-224.50,111.50,1.00,ORB STOP
2023-01-06,1,10:36,14:22,10945.25,11123.75,10766.75,11123.75,177.75,355.50,14.50,178.50,ORB TARGET
2023-01-09,1,10:00,15:33,11312,11194.5,11194.75,11429.25,-118.25,-236.50,117.50,73.50,ORB STOP
2023-01-10,1,10:12,10:45,11246.5,11137.75,11138.00,11355.00,-109.50,-219.00,108.75,36.75,ORB STOP
2023-01-11,1,10:10,13:15,11364.25,11437.5,11291.00,11437.50,72.50,145.00,51.00,73.25,ORB TARGET
2023-01-13,1,10:00,13:40,11478,11547.25,11408.75,11547.25,68.50,137.00,47.00,69.25,ORB TARGET
2023-01-17,1,10:00,15:56,11627.25,11621,11549.50,11705.00,-7.00,-14.00,72.25,57.75,ORB TIME
2023-01-18,1,10:00,10:38,11727.25,11672.25,11672.50,11782.00,-55.75,-111.50,55.00,32.25,ORB STOP
2023-01-19,-1,10:46,14:37,11348.75,11446.75,11446.50,11251.00,-98.75,-197.50,98.00,40.25,ORB STOP
2023-01-20,1,10:05,13:37,11473.25,11563.25,11383.25,11563.25,89.25,178.50,22.50,90.00,ORB TARGET
2023-01-23,1,10:00,13:31,11821.75,11971.5,11672.00,11971.50,149.00,298.00,30.00,149.75,ORB TARGET
2023-01-24,-1,10:06,15:56,11839.75,11908.25,11951.50,11728.00,-69.25,-138.50,103.00,1.75,ORB TIME
2023-01-25,-1,10:00,11:20,11622,11723.75,11723.50,11520.50,-102.50,-205.00,101.75,17.50,ORB STOP
2023-01-26,-1,10:54,15:25,11946.75,12075,12074.75,11818.75,-129.00,-258.00,128.25,42.75,ORB STOP
2023-01-27,1,10:02,13:48,12147.25,12252.5,12042.00,12252.50,104.50,209.00,54.75,105.25,ORB TARGET
2023-01-30,1,10:01,10:24,12131.75,12059.25,12059.50,12204.00,-73.25,-146.50,72.50,11.75,ORB STOP
2023-01-31,1,10:29,15:56,12055.5,12126,11969.50,12141.50,69.75,139.50,14.00,81.25,ORB TIME
2023-02-01,-1,10:51,14:00,12101.25,12157.75,12157.50,12045.00,-57.25,-114.50,56.50,24.50,ORB STOP
2023-02-02,-1,10:00,10:31,12668.75,12747.5,12747.25,12590.25,-79.50,-159.00,78.75,21.25,ORB STOP
2023-02-03,1,10:14,15:56,12754.75,12640,12558.50,12951.00,-115.50,-231.00,176.00,123.00,ORB TIME
2023-02-06,1,10:01,10:21,12569.75,12502,12502.25,12637.25,-68.50,-137.00,67.75,22.50,ORB STOP
2023-02-07,-1,10:00,11:09,12488.25,12553.75,12553.50,12423.00,-66.25,-132.50,65.50,11.25,ORB STOP
2023-02-08,-1,10:06,11:14,12662.5,12573,12752.00,12573.00,88.75,177.50,71.50,89.50,ORB TARGET
2023-02-09,-1,10:27,12:37,12634,12538.75,12729.25,12538.75,94.50,189.00,29.75,95.25,ORB TARGET
2023-02-10,-1,10:00,10:12,12311.5,12394,12393.75,12229.25,-83.25,-166.50,82.50,27.00,ORB STOP
2023-02-13,1,10:00,15:56,12465.75,12526,12352.25,12579.25,59.50,119.00,49.75,102.00,ORB TIME
2023-02-14,1,10:00,15:56,12601.25,12656.5,12390.75,12811.75,54.50,109.00,183.75,72.00,ORB TIME
2023-02-15,-1,10:07,11:30,12543.5,12631.5,12631.25,12455.75,-88.75,-177.50,88.00,19.25,ORB STOP
2023-02-16,1,10:11,12:36,12592,12687.25,12496.75,12687.25,94.50,189.00,30.00,95.25,ORB TARGET
2023-02-17,-1,11:21,15:56,12295.75,12396,12423.25,12168.25,-101.00,-202.00,111.75,30.25,ORB TIME
2023-02-21,-1,10:00,13:28,12216,12141,12291.00,12141.00,74.25,148.50,26.00,75.00,ORB TARGET
2023-02-22,-1,10:00,10:13,12114,12053.75,12174.25,12053.75,59.50,119.00,12.00,60.25,ORB TARGET
2023-02-23,-1,10:06,10:48,12197,12134,12260.00,12134.00,62.25,124.50,11.50,63.00,ORB TARGET
2023-02-24,-1,10:07,15:56,11955,11989.75,12042.75,11867.25,-35.50,-71.00,66.50,32.25,ORB TIME
2023-02-27,1,10:00,10:38,12151.75,12106.5,12106.75,12196.75,-46.00,-92.00,45.25,37.75,ORB STOP
2023-02-28,1,10:01,15:56,12113,12085.5,12041.50,12184.50,-28.25,-56.50,67.25,60.75,ORB TIME
2023-03-01,-1,10:05,11:12,12003.75,11927.75,12079.75,11927.75,75.25,150.50,34.25,76.00,ORB TARGET
2023-03-02,1,10:01,13:37,11911.75,11977,11846.50,11977.00,64.50,129.00,39.50,65.25,ORB TARGET
2023-03-03,1,10:00,14:12,12200,12288.75,12111.25,12288.75,88.00,176.00,69.25,88.75,ORB TARGET
2023-03-06,1,10:08,10:33,12397.25,12447,12347.50,12447.00,49.00,98.00,10.00,49.75,ORB TARGET
2023-03-07,-1,10:00,10:02,12312.75,12258.25,12367.25,12258.25,53.75,107.50,21.50,54.50,ORB TARGET
2023-03-08,-1,10:00,10:34,12154.75,12216,12215.75,12093.75,-62.00,-124.00,61.25,46.25,ORB STOP
2023-03-09,1,10:03,12:49,12339.5,12230.25,12230.50,12448.50,-110.00,-220.00,109.25,14.25,ORB STOP
2023-03-10,1,11:10,13:26,12027.75,11865.75,11866.00,12189.50,-162.75,-325.50,162.00,51.75,ORB STOP
2023-03-13,1,10:08,15:56,11921.75,11935.75,11705.25,12138.25,13.25,26.50,79.00,165.00,ORB TIME
2023-03-14,1,10:22,14:09,12160.25,12070.25,12070.50,12250.00,-90.75,-181.50,90.00,62.75,ORB STOP
2023-03-15,-1,10:01,11:42,12069.75,12149.25,12149.00,11990.50,-80.25,-160.50,79.50,41.00,ORB STOP
2023-03-16,1,10:00,10:56,12290.5,12391.75,12189.25,12391.75,100.50,201.00,54.25,101.25,ORB TARGET
2023-03-20,1,10:49,15:56,12633.25,12683.25,12529.50,12737.00,49.25,98.50,67.75,74.75,ORB TIME
2023-03-21,1,10:00,10:16,12818.25,12763.5,12763.75,12872.75,-55.50,-111.00,54.75,19.25,ORB STOP
2023-03-22,1,10:21,11:39,12896,12940.75,12851.25,12940.75,44.00,88.00,8.50,44.75,ORB TARGET
2023-03-23,1,10:00,10:28,12896.25,12945.25,12847.25,12945.25,48.25,96.50,9.00,49.00,ORB TARGET
2023-03-24,-1,11:11,12:02,12735.75,12844.75,12844.50,12627.00,-109.75,-219.50,109.00,9.75,ORB STOP
2023-03-27,-1,10:30,11:55,12881.5,12798,12965.00,12798.00,82.75,165.50,17.25,83.50,ORB TARGET
2023-03-28,-1,10:00,15:56,12682.5,12716.25,12776.75,12588.25,-34.50,-69.00,49.00,47.75,ORB TIME
2023-03-29,1,10:00,10:35,12927.5,12881.25,12881.50,12973.50,-47.00,-94.00,46.25,5.50,ORB STOP
2023-03-30,1,10:00,10:13,13081.5,13037,13037.25,13125.75,-45.25,-90.50,44.50,12.50,ORB STOP
2023-03-31,1,10:01,12:29,13156,13233.75,13078.25,13233.75,77.00,154.00,25.75,77.75,ORB TARGET
2023-04-03,1,10:22,10:52,13262,13197.75,13198.00,13326.00,-65.00,-130.00,64.25,6.25,ORB STOP
2023-04-04,1,10:00,11:10,13296.5,13230,13230.25,13362.75,-67.25,-134.50,66.50,30.25,ORB STOP
2023-04-05,-1,10:04,10:45,13119.5,13056.75,13182.25,13056.75,62.00,124.00,17.25,62.75,ORB TARGET
2023-04-06,1,10:01,11:22,13013.75,13074.75,12952.75,13074.75,60.25,120.50,15.75,61.00,ORB TARGET
2023-04-10,1,11:06,13:27,13050.75,13133.75,12967.75,13133.75,82.25,164.50,36.75,83.00,ORB TARGET
2023-04-11,-1,10:12,15:56,13092.5,13065.5,13160.50,13024.50,26.25,52.50,41.00,40.75,ORB TIME
2023-04-12,-1,10:55,15:56,13033.25,12941,13180.75,12885.75,91.50,183.00,75.75,95.00,ORB TIME
2023-04-13,1,10:05,12:00,13080.75,13141.5,13020.00,13141.50,60.00,120.00,4.50,60.75,ORB TARGET
2023-04-14,1,10:04,10:30,13251.5,13133.25,13133.50,13369.50,-119.00,-238.00,118.25,3.50,ORB STOP
2023-04-17,-1,10:06,15:56,13139.75,13185.25,13205.75,13073.75,-46.25,-92.50,53.50,62.75,ORB TIME
2023-04-18,-1,10:00,10:26,13242,13186.5,13297.50,13186.50,54.75,109.50,12.50,55.50,ORB TARGET
2023-04-19,1,10:39,12:16,13132.75,13187,13078.50,13187.00,53.50,107.00,8.75,54.25,ORB TARGET
2023-04-20,1,10:00,15:17,13125.25,13045.75,13046.00,13204.50,-80.25,-160.50,79.50,74.50,ORB STOP
2023-04-21,-1,10:00,10:27,12994.25,13074,13073.75,12914.75,-80.50,-161.00,79.75,11.50,ORB STOP
2023-04-24,-1,10:36,11:54,13053.75,12973.75,13133.75,12973.75,79.25,158.50,8.75,80.00,ORB TARGET
2023-04-25,-1,10:07,12:02,12965.5,12915.75,13015.25,12915.75,49.00,98.00,16.00,49.75,ORB TARGET
2023-04-26,1,10:06,10:23,12965.25,12899,12899.25,13031.25,-67.00,-134.00,66.25,2.50,ORB STOP
2023-04-27,1,10:13,10:41,13062.5,13111.5,13013.50,13111.50,48.25,96.50,11.00,49.00,ORB TARGET
2023-04-28,1,10:09,15:56,13244.25,13313,13172.75,13315.75,68.00,136.00,60.50,69.75,ORB TIME
2023-05-01,-1,10:01,11:01,13285.75,13328,13327.75,13243.75,-43.00,-86.00,42.25,9.50,ORB STOP
2023-05-02,-1,10:05,10:23,13265.5,13218,13313.00,13218.00,46.75,93.50,14.00,47.50,ORB TARGET
2023-05-03,-1,11:02,14:01,13187.25,13242,13241.75,13132.75,-55.50,-111.00,54.75,10.25,ORB STOP
2023-05-04,-1,10:17,11:10,13026.5,13086.5,13086.25,12966.75,-60.75,-121.50,60.00,24.75,ORB STOP
2023-05-05,1,10:00,10:37,13193.25,13262,13124.50,13262.00,68.00,136.00,2.50,68.75,ORB TARGET
2023-05-08,-1,10:34,11:47,13260.75,13310.25,13310.00,13211.50,-50.25,-100.50,49.50,6.25,ORB STOP
2023-05-09,1,10:00,10:30,13311.75,13274,13274.25,13349.25,-38.50,-77.00,37.75,5.75,ORB STOP
2023-05-10,1,10:04,10:47,13418,13321.5,13321.75,13514.25,-97.25,-194.50,96.50,16.00,ORB STOP
2023-05-11,-1,10:33,11:29,13372,13433.5,13433.25,13310.75,-62.25,-124.50,61.50,10.50,ORB STOP
2023-05-12,-1,10:00,10:35,13439,13391,13487.00,13391.00,47.25,94.50,16.25,48.00,ORB TARGET
2023-05-15,-1,10:06,11:20,13373.5,13428.25,13428.00,13319.00,-55.50,-111.00,54.75,22.25,ORB STOP
2023-05-16,1,10:31,15:56,13516,13487,13434.75,13597.25,-29.75,-59.50,36.50,38.25,ORB TIME
2023-05-17,1,11:00,12:55,13540.25,13605.25,13475.25,13605.25,64.25,128.50,35.00,65.00,ORB TARGET
2023-05-18,1,10:06,10:31,13718.75,13784.5,13653.00,13784.50,65.00,130.00,7.00,65.75,ORB TARGET
2023-05-19,-1,10:02,11:39,13878,13827.25,13928.75,13827.25,50.00,100.00,34.75,50.75,ORB TARGET
2023-05-23,1,10:00,12:36,13877.25,13821.75,13822.00,13932.50,-56.25,-112.50,55.50,2.75,ORB STOP
2023-05-24,-1,10:04,15:21,13620.5,13675,13674.75,13566.25,-55.25,-110.50,54.50,53.75,ORB STOP
2023-05-25,1,11:12,15:56,13966.25,13977.75,13851.50,14081.00,10.75,21.50,45.00,65.25,ORB TIME
2023-05-26,1,10:00,10:42,14124.5,14234,14015.00,14234.00,108.75,217.50,11.75,109.50,ORB TARGET
2023-05-30,-1,10:00,15:56,14427.25,14380,14559.50,14295.00,46.50,93.00,57.25,91.00,ORB TIME
2023-05-31,-1,10:14,15:56,14323.75,14305.75,14412.00,14235.50,17.25,34.50,41.25,71.25,ORB TIME
2023-06-01,1,10:00,11:16,14322.75,14393.25,14252.25,14393.25,69.75,139.50,50.00,70.50,ORB TARGET
2023-06-02,-1,10:01,15:56,14474.75,14579.5,14627.50,14322.00,-105.50,-211.00,134.50,4.75,ORB TIME
2023-06-05,1,10:46,14:34,14652,14567.75,14568.00,14736.00,-85.00,-170.00,84.25,43.25,ORB STOP
2023-06-06,1,10:10,12:01,14562,14618.75,14505.25,14618.75,56.00,112.00,22.00,56.75,ORB TARGET
2023-06-07,-1,10:03,10:37,14591.75,14508.25,14675.25,14508.25,82.75,165.50,32.75,83.50,ORB TARGET
2023-06-08,1,10:05,11:03,14397.25,14466.25,14328.25,14466.25,68.25,136.50,12.00,69.00,ORB TARGET
2023-06-09,1,10:02,11:29,14669,14556.5,14556.75,14781.25,-113.25,-226.50,112.50,19.00,ORB STOP
2023-06-12,-1,10:05,10:46,14600.75,14637.5,14637.25,14564.25,-37.50,-75.00,36.75,17.75,ORB STOP
2023-06-13,-1,10:00,15:56,14826.5,14910.5,14944.75,14708.25,-84.75,-169.50,104.25,47.00,ORB TIME
2023-06-14,1,10:00,11:22,14938.5,15008.25,14868.75,15008.25,69.00,138.00,17.75,69.75,ORB TARGET
2023-06-15,1,10:05,13:44,15038.5,15146,14931.00,15146.00,106.75,213.50,13.50,107.50,ORB TARGET
2023-06-20,-1,10:15,15:56,15203.75,15255,15310.00,15097.50,-52.00,-104.00,83.75,77.50,ORB TIME
2023-06-21,-1,10:00,11:13,15115.75,15012.5,15219.00,15012.50,102.50,205.00,21.50,103.25,ORB TARGET
2023-06-22,1,10:00,15:56,15096.75,15198.5,14964.25,15229.25,101.00,202.00,40.75,119.00,ORB TIME
2023-06-26,1,10:01,11:06,15139.75,15024.25,15024.50,15255.00,-116.25,-232.50,115.50,12.50,ORB STOP
2023-06-27,1,10:00,10:13,14971,14898,14898.25,15043.75,-73.75,-147.50,73.00,8.50,ORB STOP
2023-06-28,1,10:18,10:40,15108.25,15190.75,15025.75,15190.75,81.75,163.50,22.50,82.50,ORB TARGET
2023-06-29,-1,10:07,15:56,15079.25,15081.75,15144.50,15014.00,-3.25,-6.50,60.75,50.75,ORB TIME
2023-06-30,1,10:04,15:56,15331,15351,15238.50,15423.50,19.25,38.50,48.50,45.50,ORB TIME
2023-07-05,1,10:02,15:56,15396.25,15368,15292.75,15499.75,-29.00,-58.00,72.00,35.50,ORB TIME
2023-07-06,-1,10:01,12:35,15129.25,15214,15213.75,15044.75,-85.50,-171.00,84.75,17.25,ORB STOP
2023-07-07,1,10:04,10:35,15276,15188.5,15188.75,15363.25,-88.25,-176.50,87.50,2.00,ORB STOP
2023-07-11,-1,10:04,12:00,15141.25,15233.75,15233.50,15049.00,-93.25,-186.50,92.50,32.25,ORB STOP
2023-07-12,1,10:01,11:40,15470,15408,15408.25,15531.75,-62.75,-125.50,62.00,37.75,ORB STOP
2023-07-14,1,10:03,14:26,15812,15721,15721.25,15902.75,-91.75,-183.50,91.00,45.50,ORB STOP
2023-07-17,1,11:28,15:19,15781.75,15854.5,15709.00,15854.50,72.00,144.00,21.50,72.75,ORB TARGET
2023-07-19,-1,10:15,10:44,15977.75,16038.25,16038.00,15917.50,-61.25,-122.50,60.50,6.50,ORB STOP
2023-07-20,-1,10:01,10:25,15831.25,15767.75,15894.75,15767.75,62.75,125.50,15.75,63.50,ORB TARGET
2023-07-21,-1,10:00,15:56,15620.75,15543.5,15719.25,15522.25,76.50,153.00,34.00,98.50,ORB TIME
2023-07-25,1,10:00,15:56,15669.75,15674.75,15588.50,15751.00,4.25,8.50,67.00,66.25,ORB TIME
2023-07-26,-1,10:54,14:40,15565.5,15639,15638.75,15492.25,-74.25,-148.50,73.50,50.50,ORB STOP
2023-07-27,-1,10:24,13:21,15822.5,15741.25,15903.75,15741.25,80.50,161.00,34.00,81.25,ORB TARGET
2023-07-28,1,10:02,15:56,15819.5,15847,15715.75,15923.25,26.75,53.50,44.50,76.25,ORB TIME
2023-08-01,1,10:05,10:15,15809.25,15765,15765.25,15853.25,-45.00,-90.00,44.25,6.00,ORB STOP
2023-08-02,-1,10:06,10:57,15581.25,15494,15668.50,15494.00,86.50,173.00,11.25,87.25,ORB TARGET
2023-08-03,1,10:00,15:56,15458.25,15449.75,15351.25,15565.25,-9.25,-18.50,105.00,65.50,ORB TIME
2023-08-04,-1,10:00,12:26,15439.75,15584,15583.75,15295.75,-145.00,-290.00,144.25,47.00,ORB STOP
2023-08-07,-1,10:00,15:51,15373.25,15473.25,15473.00,15273.50,-100.75,-201.50,100.00,38.75,ORB STOP
2023-08-08,-1,10:01,15:56,15273.75,15356.25,15379.25,15168.25,-83.25,-166.50,96.25,57.50,ORB TIME
2023-08-09,-1,10:21,11:23,15263,15157.25,15368.75,15157.25,105.00,210.00,27.50,105.75,ORB TARGET
2023-08-10,1,10:00,11:21,15425.75,15273.25,15273.50,15578.00,-153.25,-306.50,152.50,16.00,ORB STOP
2023-08-11,1,10:02,11:34,15117,15052,15052.25,15181.75,-65.75,-131.50,65.00,57.25,ORB STOP
2023-08-14,1,10:04,10:50,15126.25,15216,15036.50,15216.00,89.00,178.00,12.50,89.75,ORB TARGET
2023-08-15,-1,10:00,15:30,15174.75,15090.5,15259.00,15090.50,83.50,167.00,33.25,84.25,ORB TARGET
2023-08-16,1,10:11,11:51,15128,15050.75,15051.00,15205.00,-78.00,-156.00,77.25,16.50,ORB STOP
2023-08-17,-1,10:06,14:56,14907.25,14806.75,15007.75,14806.75,99.75,199.50,50.50,100.50,ORB TARGET
2023-08-18,-1,10:03,10:41,14622.5,14697,14696.75,14548.25,-75.25,-150.50,74.50,13.25,ORB STOP
2023-08-21,1,10:00,11:11,14913.75,14805.5,14805.75,15021.75,-109.00,-218.00,108.25,18.50,ORB STOP
2023-08-22,-1,10:31,15:56,14997.25,14966.25,15092.00,14902.50,30.25,60.50,58.00,66.25,ORB TIME
2023-08-23,1,10:03,13:18,15105.75,15212,14999.50,15212.00,105.50,211.00,23.25,106.25,ORB TARGET
2023-08-24,-1,10:07,10:46,15185.75,15032.25,15339.25,15032.25,152.75,305.50,15.00,153.50,ORB TARGET
2023-08-25,1,10:02,10:09,14955.5,14892,14892.25,15018.75,-64.25,-128.50,63.50,40.00,ORB STOP
2023-08-28,-1,10:53,15:56,15004,15090.5,15126.50,14881.50,-87.25,-174.50,106.25,20.50,ORB TIME
2023-08-29,1,10:00,10:29,15175.5,15288.5,15062.50,15288.50,112.25,224.50,21.00,113.00,ORB TARGET
2023-08-30,1,10:01,10:27,15477.25,15386.5,15386.75,15567.75,-91.50,-183.00,90.75,30.25,ORB STOP
2023-08-31,1,10:00,15:56,15568.25,15548.75,15489.00,15647.50,-20.25,-40.50,74.50,38.50,ORB TIME
2023-09-01,-1,10:56,15:56,15498,15524.75,15651.75,15344.25,-27.50,-55.00,29.25,44.50,ORB TIME
2023-09-05,-1,10:04,10:25,15445.5,15506.5,15506.25,15384.75,-61.75,-123.50,61.00,2.25,ORB STOP
2023-09-06,-1,10:00,10:06,15460,15406,15514.00,15406.00,53.25,106.50,23.75,54.00,ORB TARGET
2023-09-07,1,10:40,15:56,15241,15272.5,15157.75,15324.25,30.75,61.50,43.75,69.75,ORB TIME
2023-09-08,1,10:05,15:00,15371.75,15270.5,15270.75,15472.75,-102.00,-204.00,101.25,18.75,ORB STOP
2023-09-11,-1,10:12,13:32,15351.75,15448.25,15448.00,15255.50,-97.25,-194.50,96.50,13.00,ORB STOP
2023-09-12,-1,10:27,14:51,15388.5,15316,15461.00,15316.00,71.75,143.50,30.50,72.50,ORB TARGET
2023-09-13,-1,10:05,10:41,15299,15367,15366.75,15231.25,-68.75,-137.50,68.00,37.50,ORB STOP
2023-09-14,-1,10:19,10:42,15341.5,15442.75,15442.50,15240.50,-102.00,-204.00,101.25,4.75,ORB STOP
2023-09-18,1,10:12,15:56,15435.25,15410,15343.50,15527.00,-26.00,-52.00,71.00,25.50,ORB TIME
2023-09-19,-1,10:00,13:48,15302.75,15373.25,15373.00,15232.50,-71.25,-142.50,70.50,54.25,ORB STOP
2023-09-20,-1,10:14,14:01,15374.75,15314.5,15435.00,15314.50,59.50,119.00,17.25,60.25,ORB TARGET
2023-09-21,-1,10:01,15:56,14929.25,14879,15019.75,14838.75,49.50,99.00,89.50,54.25,ORB TIME
2023-09-22,1,10:00,10:59,14951,15013.75,14888.25,15013.75,62.00,124.00,39.25,62.75,ORB TARGET
2023-09-25,1,11:16,15:56,14896.75,14916.25,14782.75,15010.75,18.75,37.50,54.50,39.25,ORB TIME
2023-09-26,-1,10:00,15:19,14762.25,14678.75,14845.75,14678.75,82.75,165.50,43.50,83.50,ORB TARGET
2023-09-27,-1,10:01,10:57,14749,14692,14806.00,14692.00,56.25,112.50,24.50,57.00,ORB TARGET
2023-09-28,1,10:00,11:31,14747.5,14838.5,14656.50,14838.50,90.25,180.50,68.25,91.00,ORB TARGET
2023-09-29,1,10:00,10:25,15044.25,14976.75,14977.00,15111.50,-68.25,-136.50,67.50,16.50,ORB STOP
2023-10-02,1,10:00,15:56,14961.25,14978.25,14847.50,15075.00,16.25,32.50,96.75,85.00,ORB TIME
2023-10-03,-1,10:02,10:18,14873.5,14773.25,14973.75,14773.25,99.50,199.00,37.75,100.25,ORB TARGET
2023-10-04,-1,10:08,10:42,14747.75,14834.5,14834.25,14661.25,-87.50,-175.00,86.75,13.50,ORB STOP
2023-10-05,-1,10:00,15:56,14819.25,14861.5,14926.25,14712.25,-43.00,-86.00,87.50,103.25,ORB TIME
2023-10-06,1,10:23,10:49,14801,14899.75,14702.25,14899.75,98.00,196.00,20.75,98.75,ORB TARGET
2023-10-09,1,10:00,13:49,15062.75,15176,14949.50,15176.00,112.50,225.00,97.75,113.25,ORB TARGET
2023-10-10,1,10:00,10:34,15242,15303.75,15180.25,15303.75,61.00,122.00,4.50,61.75,ORB TARGET
2023-10-11,-1,10:00,15:56,15316.25,15374,15387.25,15245.25,-58.50,-117.00,66.75,63.25,ORB TIME
2023-10-12,1,10:06,12:22,15416.75,15467.75,15365.75,15467.75,50.25,100.50,20.00,51.00,ORB TARGET
2023-10-13,-1,10:00,10:51,15302.25,15237.75,15366.75,15237.75,63.75,127.50,50.50,64.50,ORB TARGET
2023-10-16,1,10:12,15:56,15260.25,15316.5,15169.00,15351.50,55.50,111.00,48.50,77.75,ORB TIME
2023-10-17,1,10:09,10:38,15142.25,15234.25,15050.25,15234.25,91.25,182.50,14.25,92.00,ORB TARGET
2023-10-18,1,10:19,10:37,15199.25,15121.5,15121.75,15276.75,-78.50,-157.00,77.75,24.75,ORB STOP
2023-10-19,-1,10:28,12:03,15020.75,15109.25,15109.00,14932.50,-89.25,-178.50,88.50,54.50,ORB STOP
2023-10-20,-1,10:11,10:42,14810.25,14735,14885.50,14735.00,74.50,149.00,13.50,75.25,ORB TARGET
2023-10-23,1,10:05,12:08,14643,14771.5,14514.50,14771.50,127.75,255.50,17.50,128.50,ORB TARGET
2023-10-24,1,10:10,12:25,14837.5,14759,14759.25,14915.75,-79.25,-158.50,78.50,40.25,ORB STOP
2023-10-25,-1,10:26,13:45,14605,14461.25,14748.75,14461.25,143.00,286.00,80.00,143.75,ORB TARGET
2023-10-26,-1,10:00,12:20,14313.5,14168,14459.00,14168.00,144.75,289.50,70.75,145.50,ORB TARGET
2023-10-27,1,10:07,10:42,14356.5,14291,14291.25,14421.75,-66.25,-132.50,65.50,13.75,ORB STOP
2023-10-30,-1,10:28,15:56,14334.5,14430.25,14476.00,14193.00,-96.50,-193.00,137.50,28.25,ORB TIME
2023-10-31,1,10:54,15:56,14429.25,14495.25,14311.50,14547.00,65.25,130.50,63.00,74.25,ORB TIME
2023-11-01,1,10:19,10:46,14581.75,14648,14515.50,14648.00,65.50,131.00,13.50,66.25,ORB TARGET
2023-11-02,-1,10:07,10:52,14900.5,14952.5,14952.25,14848.75,-52.75,-105.50,52.00,31.50,ORB STOP
2023-11-03,1,10:00,15:56,15140.25,15178,15040.50,15240.00,37.00,74.00,88.50,88.25,ORB TIME
2023-11-06,-1,10:03,15:56,15196.5,15211.5,15257.25,15135.75,-15.75,-31.50,49.75,58.50,ORB TIME
2023-11-07,1,10:00,10:52,15303.5,15382.25,15224.75,15382.25,78.00,156.00,30.50,78.75,ORB TARGET
2023-11-08,-1,10:02,12:01,15373.5,15329.5,15417.50,15329.50,43.25,86.50,13.50,44.00,ORB TARGET
2023-11-09,1,10:00,10:08,15423.25,15365.75,15366.00,15480.50,-58.25,-116.50,57.50,9.50,ORB STOP
2023-11-10,1,11:03,12:07,15389.25,15472.75,15305.75,15472.75,82.75,165.50,5.50,83.50,ORB TARGET
2023-11-13,1,10:46,15:56,15539.25,15546,15465.50,15613.00,6.00,12.00,17.75,50.25,ORB TIME
2023-11-14,1,10:00,15:56,15868,15866.25,15790.25,15945.75,-2.50,-5.00,46.00,50.75,ORB TIME
2023-11-15,1,10:51,11:43,15974.25,15905.75,15906.00,16042.50,-69.25,-138.50,68.50,3.00,ORB STOP
2023-11-16,1,10:01,10:42,15898.25,15825,15825.25,15971.25,-74.00,-148.00,73.25,7.50,ORB STOP
2023-11-17,-1,10:14,12:03,15831.25,15880.75,15880.50,15782.00,-50.25,-100.50,49.50,6.75,ORB STOP
2023-11-20,1,10:00,15:04,15997.25,16099.5,15895.00,16099.50,101.50,203.00,59.75,102.25,ORB TARGET
2023-11-21,-1,10:01,10:27,15980.25,15939.5,16021.00,15939.50,40.00,80.00,23.00,40.75,ORB TARGET
2023-11-22,-1,10:01,15:56,16034.5,16050.5,16173.00,15896.00,-16.75,-33.50,70.25,29.25,ORB TIME
2023-11-27,1,10:09,15:56,16037.5,16007.5,15970.50,16104.50,-30.75,-61.50,39.75,51.50,ORB TIME
2023-11-28,1,10:39,11:32,16007.5,16056.5,15958.50,16056.50,48.25,96.50,14.75,49.00,ORB TARGET
2023-11-29,-1,10:05,11:11,16146.25,16085,16207.50,16085.00,60.50,121.00,20.00,61.25,ORB TARGET
2023-11-30,-1,10:02,15:56,15947.25,15972.5,16051.25,15843.25,-26.00,-52.00,51.75,91.50,ORB TIME
2023-12-01,1,10:01,10:27,15943.75,15875.5,15875.75,16011.75,-69.00,-138.00,68.25,20.00,ORB STOP
2023-12-04,-1,10:15,10:25,15822.5,15769,15876.00,15769.00,52.75,105.50,11.50,53.50,ORB TARGET
2023-12-05,1,10:00,10:47,15864.25,15945,15783.50,15945.00,80.00,160.00,14.00,80.75,ORB TARGET
2023-12-06,-1,10:00,15:18,15936.25,15833.75,16038.75,15833.75,101.75,203.50,36.25,102.50,ORB TARGET
2023-12-07,1,10:21,15:56,15982.25,16036.75,15888.25,16076.25,53.75,107.50,51.50,83.50,ORB TIME
2023-12-08,1,10:00,10:18,16026.5,16106,15947.00,16106.00,78.75,157.50,28.00,79.50,ORB TARGET
2023-12-11,1,10:00,15:56,16164.25,16227,16068.75,16259.75,62.00,124.00,42.75,82.00,ORB TIME
2023-12-12,1,10:00,14:37,16256,16326.75,16185.25,16326.75,70.00,140.00,13.25,70.75,ORB TARGET
2023-12-14,-1,10:05,11:38,16599.25,16534.5,16664.00,16534.50,64.00,128.00,29.00,64.75,ORB TARGET
2023-12-18,1,10:00,12:17,16883.25,16934.25,16832.25,16934.25,50.25,100.50,27.50,51.00,ORB TARGET
2023-12-19,1,10:18,15:56,16995.5,17016.5,16944.75,17046.25,20.25,40.50,30.50,21.50,ORB TIME
2023-12-20,1,10:00,14:40,17024.5,16970.75,16971.00,17078.00,-54.50,-109.00,53.75,49.00,ORB STOP
2023-12-21,-1,10:04,15:52,16885.25,16958.75,16958.50,16812.00,-74.25,-148.50,73.50,70.75,ORB STOP
2023-12-22,-1,11:00,14:19,16989,16937,17041.00,16937.00,51.25,102.50,32.50,52.00,ORB TARGET
2023-12-26,1,10:21,15:26,17052.25,17099,17005.50,17099.00,46.00,92.00,29.50,46.75,ORB TARGET
2023-12-27,1,10:00,10:12,17122,17091.75,17092.00,17152.00,-31.00,-62.00,30.25,2.50,ORB STOP
2023-12-28,-1,10:05,15:56,17114.75,17084.5,17158.75,17070.75,29.50,59.00,29.75,33.00,ORB TIME
2023-12-29,-1,10:34,10:44,17071.75,17036.25,17107.25,17036.25,34.75,69.50,8.25,35.50,ORB TARGET
2024-01-02,-1,10:28,15:56,16719.25,16704.75,16873.25,16565.25,13.75,27.50,68.50,97.25,ORB TIME
2024-01-03,1,10:00,10:13,16642.25,16581.5,16581.75,16702.75,-61.50,-123.00,60.75,11.50,ORB STOP
2024-01-04,1,10:05,11:12,16500.25,16557.25,16443.25,16557.25,56.25,112.50,15.00,57.00,ORB TARGET
2024-01-05,1,10:00,10:11,16495.75,16554,16437.50,16554.00,57.50,115.00,22.75,58.25,ORB TARGET
2024-01-08,1,10:00,14:32,16633.75,16762,16505.50,16762.00,127.50,255.00,21.25,128.25,ORB TARGET
2024-01-09,1,10:09,11:17,16714.75,16768.5,16661.00,16768.50,53.00,106.00,5.00,53.75,ORB TARGET
2024-01-10,-1,10:02,10:43,16813,16874,16873.75,16752.25,-61.75,-123.50,61.00,11.25,ORB STOP
2024-01-11,-1,10:03,11:14,16926.5,16810.25,17042.75,16810.25,115.50,231.00,2.00,116.25,ORB TARGET
2024-01-12,-1,10:00,15:56,16973.75,16977.5,17042.25,16905.25,-4.50,-9.00,31.25,60.50,ORB TIME
2024-01-16,1,10:16,15:56,16946.25,16952.25,16855.25,17037.25,5.25,10.50,84.25,87.75,ORB TIME
2024-01-17,-1,10:00,14:46,16703.25,16842.75,16842.50,16564.00,-140.25,-280.50,139.50,14.25,ORB STOP
2024-01-18,-1,10:03,10:38,16995.25,17054.75,17054.50,16936.00,-60.25,-120.50,59.50,9.25,ORB STOP
2024-01-19,1,10:00,11:12,17215,17263.5,17166.50,17263.50,47.75,95.50,46.25,48.50,ORB TARGET
2024-01-22,-1,10:28,15:56,17491.5,17464.5,17584.50,17398.50,26.25,52.50,22.50,57.25,ORB TIME
2024-01-24,1,10:15,10:44,17695.75,17754,17637.50,17754.00,57.50,115.00,7.25,58.25,ORB TARGET
2024-01-25,-1,10:03,10:23,17660.25,17728,17727.75,17592.75,-68.50,-137.00,67.75,10.50,ORB STOP
2024-01-26,-1,10:05,10:28,17515,17571.5,17571.25,17458.75,-57.25,-114.50,56.50,11.00,ORB STOP
2024-01-29,-1,10:04,12:01,17529.5,17584.75,17584.50,17474.50,-56.00,-112.00,55.25,9.50,ORB STOP
2024-01-30,-1,10:00,10:02,17653.75,17622.75,17684.75,17622.75,30.25,60.50,18.25,31.00,ORB TARGET
2024-01-31,-1,10:13,14:40,17347,17426.25,17426.00,17268.00,-80.00,-160.00,79.25,63.50,ORB STOP
2024-02-01,-1,10:00,10:09,17284.75,17337.5,17337.25,17232.25,-53.50,-107.00,52.75,14.75,ORB STOP
2024-02-02,1,10:40,15:56,17624.25,17748.25,17466.00,17782.50,123.25,246.50,18.25,151.25,ORB TIME
2024-02-05,-1,10:01,10:19,17676.25,17615.5,17737.00,17615.50,60.00,120.00,14.50,60.75,ORB TARGET
2024-02-06,-1,10:00,15:56,17651.5,17650.75,17767.25,17535.75,0.00,0.00,12.00,90.75,ORB TIME
2024-02-07,1,10:13,10:26,17778.25,17838,17718.50,17838.00,59.00,118.00,3.50,59.75,ORB TARGET
2024-02-08,1,10:00,15:56,17852.75,17858,17807.75,17897.75,4.50,9.00,29.25,43.75,ORB TIME
2024-02-09,1,10:00,12:50,17944.5,18013.5,17875.50,18013.50,68.25,136.50,21.75,69.00,ORB TARGET
2024-02-12,1,10:39,11:28,18051.25,18095,18007.50,18095.00,43.00,86.00,2.75,43.75,ORB TARGET
2024-02-13,1,10:20,10:43,17684.25,17781.75,17586.75,17781.75,96.75,193.50,10.00,97.50,ORB TARGET
2024-02-14,1,10:19,11:01,17819,17743,17743.25,17894.75,-76.75,-153.50,76.00,28.00,ORB STOP
2024-02-15,-1,10:03,13:18,17810.25,17903,17902.75,17717.75,-93.50,-187.00,92.75,30.00,ORB STOP
2024-02-16,-1,10:00,15:56,17753.5,17746.5,17930.25,17576.75,6.25,12.50,150.00,39.75,ORB TIME
2024-02-20,-1,10:01,15:56,17543.25,17582,17723.75,17362.75,-39.50,-79.00,54.75,90.75,ORB TIME
2024-02-21,1,10:04,12:11,17511.75,17448.5,17448.75,17574.75,-64.00,-128.00,63.25,14.00,ORB STOP
2024-02-22,1,10:35,14:23,17970.5,18076.75,17864.25,18076.75,105.50,211.00,74.25,106.25,ORB TARGET
2024-02-23,-1,10:00,11:05,18060.5,17976.25,18144.75,17976.25,83.50,167.00,32.00,84.25,ORB TARGET
2024-02-27,1,10:19,12:53,18027,17938,17938.25,18115.75,-89.75,-179.50,89.00,5.50,ORB STOP
2024-02-28,1,11:00,15:56,17946.75,17904.75,17876.50,18017.00,-42.75,-85.50,62.75,28.25,ORB TIME
2024-02-29,-1,10:10,11:03,18020.5,17969,18072.00,17969.00,50.75,101.50,27.75,51.50,ORB TARGET
2024-03-01,1,10:00,10:16,18144.75,18195.75,18093.75,18195.75,50.25,100.50,23.00,51.00,ORB TARGET
2024-03-04,-1,10:00,14:40,18287.5,18335,18334.75,18240.25,-48.25,-96.50,47.50,17.50,ORB STOP
2024-03-05,-1,10:08,10:50,18022.75,17910.75,18134.75,17910.75,111.25,222.50,13.00,112.00,ORB TARGET
2024-03-06,-1,10:00,11:56,18036.5,18126.25,18126.00,17947.00,-90.50,-181.00,89.75,73.00,ORB STOP
2024-03-07,1,10:15,13:31,18225.5,18331.75,18119.25,18331.75,105.50,211.00,17.00,106.25,ORB TARGET
2024-03-08,1,10:00,11:09,18390.25,18288,18288.25,18492.25,-103.00,-206.00,102.25,46.00,ORB STOP
2024-03-11,-1,10:00,10:55,17897.75,18001.75,18001.50,17794.00,-104.75,-209.50,104.00,7.75,ORB STOP
2024-03-12,1,10:23,15:56,18093,18237,17930.00,18256.00,143.25,286.50,16.25,147.00,ORB TIME
2024-03-13,-1,10:00,15:56,18089.25,18065.75,18182.00,17996.50,22.75,45.50,64.25,55.50,ORB TIME
2024-03-14,-1,10:00,15:56,17983,18009.75,18149.00,17817.00,-27.50,-55.00,110.75,67.75,ORB TIME
2024-03-18,1,10:25,11:54,18361.75,18277.5,18277.75,18445.75,-85.00,-170.00,84.25,19.00,ORB STOP
2024-03-21,-1,10:30,15:56,18625.5,18565.75,18708.25,18542.75,59.00,118.00,82.00,73.00,ORB TIME
2024-03-22,1,10:02,13:12,18547.75,18595,18500.50,18595.00,46.50,93.00,46.00,47.25,ORB TARGET
2024-03-25,1,10:08,14:09,18487.5,18559.75,18415.25,18559.75,71.50,143.00,9.25,72.25,ORB TARGET
2024-03-26,1,10:00,10:30,18595,18550,18550.25,18639.75,-45.75,-91.50,45.00,14.25,ORB STOP
2024-03-27,-1,10:00,15:56,18445.75,18492.75,18571.75,18319.75,-47.75,-95.50,56.75,67.25,ORB TIME
2024-03-28,1,10:04,13:18,18537.25,18457,18457.25,18617.25,-81.00,-162.00,80.25,2.00,ORB STOP
2024-04-01,-1,10:39,15:56,18482,18505.75,18607.00,18357.00,-24.50,-49.00,32.50,67.50,ORB TIME
2024-04-02,-1,10:00,13:01,18223.25,18292.25,18292.00,18154.50,-69.75,-139.50,69.00,22.25,ORB STOP
2024-04-03,1,10:00,10:02,18285.25,18331.25,18239.25,18331.25,45.25,90.50,15.25,46.00,ORB TARGET
2024-04-04,-1,10:22,14:11,18506.25,18444.5,18568.00,18444.50,61.00,122.00,60.25,61.75,ORB TARGET
2024-04-05,1,10:06,11:56,18228.5,18354.25,18102.75,18354.25,125.00,250.00,54.00,125.75,ORB TARGET
2024-04-08,1,10:25,15:56,18337.25,18294.25,18238.00,18436.50,-43.75,-87.50,85.00,40.25,ORB TIME
2024-04-09,-1,10:06,10:31,18335,18265.25,18404.75,18265.25,69.00,138.00,35.00,69.75,ORB TARGET
2024-04-10,1,10:33,15:56,18208.5,18199.75,18107.50,18309.50,-9.50,-19.00,94.50,23.75,ORB TIME
2024-04-11,-1,10:07,10:17,18222.25,18170.5,18274.00,18170.50,51.00,102.00,21.25,51.75,ORB TARGET
2024-04-12,-1,10:07,10:44,18280.5,18218,18343.00,18218.00,61.75,123.50,29.00,62.50,ORB TARGET
2024-04-15,-1,10:08,10:54,18260.75,18182.75,18338.75,18182.75,77.25,154.50,11.75,78.00,ORB TARGET
2024-04-16,1,10:14,13:33,17911,17822,17822.25,17999.75,-89.75,-179.50,89.00,26.50,ORB STOP
2024-04-17,-1,10:00,10:53,17873.75,17788.25,17959.25,17788.25,84.75,169.50,20.50,85.50,ORB TARGET
2024-04-18,1,10:34,13:25,17679,17551,17551.25,17806.75,-128.75,-257.50,128.00,67.00,ORB STOP
2024-04-19,-1,10:10,11:21,17425.25,17334.5,17516.00,17334.50,90.00,180.00,16.00,90.75,ORB TARGET
2024-04-22,-1,10:09,10:27,17263.75,17196.25,17331.25,17196.25,66.75,133.50,29.25,67.50,ORB TARGET
2024-04-23,1,10:08,14:04,17528,17642.25,17413.75,17642.25,113.50,227.00,25.00,114.25,ORB TARGET
2024-04-24,-1,10:35,11:45,17711.5,17627.5,17795.50,17627.50,83.25,166.50,17.50,84.00,ORB TARGET
2024-04-25,1,10:06,12:22,17382,17455.75,17308.25,17455.75,73.00,146.00,40.50,73.75,ORB TARGET
2024-04-26,1,10:03,15:56,17803,17845.25,17668.50,17937.50,41.50,83.00,34.50,98.25,ORB TIME
2024-04-30,1,10:02,10:31,17887.75,17824,17824.25,17951.25,-64.50,-129.00,63.75,7.25,ORB STOP
2024-05-01,-1,10:00,14:05,17454.75,17517.5,17517.25,17392.25,-63.50,-127.00,62.75,55.75,ORB STOP
2024-05-02,-1,10:00,13:29,17482.75,17602.5,17602.25,17363.25,-120.50,-241.00,119.75,96.75,ORB STOP
2024-05-03,1,10:00,10:14,18018.75,17919.25,17919.50,18118.00,-100.25,-200.50,99.50,31.25,ORB STOP
2024-05-06,1,10:00,15:56,18110.5,18178.25,18042.75,18178.25,67.00,134.00,43.25,67.75,ORB TARGET
2024-05-07,-1,10:01,10:56,18187.75,18236.25,18236.00,18139.50,-49.25,-98.50,48.50,6.50,ORB STOP
2024-05-08,1,10:00,15:56,18175,18186.25,18079.25,18270.75,10.50,21.00,36.75,67.25,ORB TIME
2024-05-09,1,10:38,15:56,18204.25,18201.25,18108.25,18300.25,-3.75,-7.50,34.25,34.75,ORB TIME
2024-05-10,-1,10:19,15:56,18256.25,18266,18347.75,18164.75,-10.50,-21.00,16.00,68.00,ORB TIME
2024-05-14,1,10:23,14:34,18327.25,18389,18265.50,18389.00,61.00,122.00,44.00,61.75,ORB TARGET
2024-05-15,1,10:18,12:33,18532,18616.5,18447.50,18616.50,83.75,167.50,9.00,84.50,ORB TARGET
2024-05-16,1,10:23,13:26,18716.75,18672,18672.25,18761.25,-45.50,-91.00,44.75,44.00,ORB STOP
2024-05-17,1,10:31,12:44,18667.75,18620.5,18620.75,18714.75,-48.00,-96.00,47.25,9.25,ORB STOP
2024-05-20,1,10:21,15:56,18754.5,18743,18635.50,18873.50,-12.25,-24.50,47.25,40.00,ORB TIME
2024-05-21,1,10:03,11:24,18720,18761.75,18678.25,18761.75,41.00,82.00,20.00,41.75,ORB TARGET
2024-05-22,1,10:00,13:38,18830.75,18789,18789.25,18872.25,-42.50,-85.00,41.75,7.75,ORB STOP
2024-05-23,-1,10:54,14:05,18837.75,18693.25,18982.25,18693.25,143.75,287.50,96.00,144.50,ORB TARGET
2024-05-24,1,10:00,10:51,18787.75,18843.5,18732.00,18843.50,55.00,110.00,37.50,55.75,ORB TARGET
2024-05-29,1,10:24,15:56,18850,18792.25,18761.25,18938.75,-58.50,-117.00,65.00,30.00,ORB TIME
2024-05-30,-1,10:12,15:25,18696.25,18623.5,18769.00,18623.50,72.00,144.00,37.75,72.75,ORB TARGET
2024-05-31,-1,10:00,10:25,18528.25,18426,18630.50,18426.00,101.50,203.00,20.50,102.25,ORB TARGET
2024-06-03,-1,10:10,12:13,18652,18548.75,18755.25,18548.75,102.50,205.00,58.50,103.25,ORB TARGET
2024-06-04,1,10:00,10:15,18651,18579,18579.25,18722.75,-72.75,-145.50,72.00,13.25,ORB STOP
2024-06-05,-1,10:00,10:03,18813.25,18860,18859.75,18766.75,-47.50,-95.00,46.75,13.25,ORB STOP
2024-06-07,1,10:37,12:56,19064.5,19136.5,18992.50,19136.50,71.25,142.50,49.25,72.00,ORB TARGET
2024-06-10,1,10:21,11:01,19023.75,19069.75,18977.75,19069.75,45.25,90.50,9.75,46.00,ORB TARGET
2024-06-11,1,10:29,14:17,19087.75,19180.5,18995.00,19180.50,92.00,184.00,24.75,92.75,ORB TARGET
2024-06-12,1,10:14,15:56,19505,19519,19374.75,19635.25,13.25,26.50,72.00,83.50,ORB TIME
2024-06-13,-1,10:10,10:23,19615.25,19567,19663.50,19567.00,47.50,95.00,22.50,48.25,ORB TARGET
2024-06-14,1,10:24,15:56,19647.25,19660.5,19557.25,19737.25,12.50,25.00,84.00,32.00,ORB TIME
2024-06-17,1,10:10,12:25,19710,19779.5,19640.50,19779.50,68.75,137.50,44.25,69.50,ORB TARGET
2024-06-18,-1,10:45,13:46,19889.25,19943.75,19943.50,19835.00,-55.25,-110.50,54.50,37.50,ORB STOP
2024-06-20,-1,10:08,10:19,19925,19861.5,19988.50,19861.50,62.75,125.50,10.25,63.50,ORB TARGET
2024-06-24,1,10:01,10:44,19965.5,19866.75,19867.00,20064.00,-99.50,-199.00,98.75,30.00,ORB STOP
2024-06-25,1,10:00,11:14,19852.75,19913,19792.50,19913.00,59.50,119.00,24.50,60.25,ORB TARGET
2024-06-26,1,10:04,11:12,20000,19918.5,19918.75,20081.25,-82.25,-164.50,81.50,24.00,ORB STOP
2024-06-27,1,10:14,11:29,20101.5,19989.75,19990.00,20213.00,-112.50,-225.00,111.75,15.00,ORB STOP
2024-06-28,1,10:00,10:15,20149.25,20259.25,20039.25,20259.25,109.25,218.50,0.75,110.00,ORB TARGET
2024-07-01,-1,10:12,12:09,19841,19985.75,19985.50,19696.50,-145.50,-291.00,144.75,29.50,ORB STOP
2024-07-02,1,10:40,14:05,20096.75,20216.75,19976.75,20216.75,119.25,238.50,35.50,120.00,ORB TARGET
2024-07-05,1,10:00,11:53,20516.75,20605.25,20428.25,20605.25,87.75,175.50,54.50,88.50,ORB TARGET
2024-07-08,-1,10:01,11:23,20600.5,20654,20653.75,20547.25,-54.25,-108.50,53.50,12.50,ORB STOP
2024-07-09,-1,10:06,10:13,20719,20764.5,20764.25,20673.75,-46.25,-92.50,45.50,6.25,ORB STOP
2024-07-10,1,10:05,11:01,20778.5,20721.5,20721.75,20835.25,-57.75,-115.50,57.00,17.25,ORB STOP
2024-07-11,-1,10:09,10:16,20822,20742,20902.00,20742.00,79.25,158.50,20.25,80.00,ORB TARGET
2024-07-12,1,10:00,13:33,20549.75,20674,20425.50,20674.00,123.50,247.00,27.75,124.25,ORB TARGET
2024-07-15,1,10:04,11:02,20665.75,20749.75,20581.75,20749.75,83.25,166.50,18.50,84.00,ORB TARGET
2024-07-16,-1,10:01,15:56,20566.5,20601,20683.75,20449.25,-35.25,-70.50,48.00,102.50,ORB TIME
2024-07-17,-1,10:00,10:08,20206.25,20131.25,20281.25,20131.25,74.25,148.50,6.50,75.00,ORB TARGET
2024-07-18,-1,10:31,11:14,20019.5,19890,20149.00,19890.00,128.75,257.50,10.25,129.50,ORB TARGET
2024-07-19,-1,10:27,12:39,19835.75,19695,19976.50,19695.00,140.00,280.00,39.50,140.75,ORB TARGET
2024-07-22,-1,11:16,14:10,19882,20026.75,20026.50,19737.50,-145.50,-291.00,144.75,73.00,ORB STOP
2024-07-23,1,10:21,10:52,20034,19933.25,19933.50,20134.50,-101.50,-203.00,100.75,13.75,ORB STOP
2024-07-24,-1,10:00,12:01,19500.75,19346.75,19654.75,19346.75,153.25,306.50,22.75,154.00,ORB TARGET
2024-07-25,-1,10:00,11:13,19016.25,19226.5,19226.25,18806.25,-211.00,-422.00,210.25,132.75,ORB STOP
2024-07-26,1,10:00,10:09,19166.25,19060.5,19060.75,19271.75,-106.50,-213.00,105.75,7.25,ORB STOP
2024-07-29,1,10:00,11:00,19368.25,19222.5,19222.75,19513.75,-146.50,-293.00,145.75,9.00,ORB STOP
2024-07-30,-1,10:01,11:01,19206.5,19094,19319.00,19094.00,111.75,223.50,38.50,112.50,ORB TARGET
2024-07-31,1,10:01,11:33,19412.25,19513.75,19310.75,19513.75,100.75,201.50,19.75,101.50,ORB TARGET
2024-08-01,-1,10:21,11:01,19504.75,19328,19681.50,19328.00,176.00,352.00,29.00,176.75,ORB TARGET
2024-08-02,-1,10:05,15:56,18541.5,18555.5,18761.00,18322.00,-14.75,-29.50,91.75,155.75,ORB TIME
2024-08-05,1,10:00,15:56,17954.25,17962.5,17509.50,18399.00,7.50,15.00,104.00,335.00,ORB TIME
2024-08-06,1,10:02,12:53,18174,18386.5,17961.50,18386.50,211.75,423.50,50.25,212.50,ORB TARGET
2024-08-07,-1,10:19,12:04,18438.5,18318.75,18558.25,18318.75,119.00,238.00,111.00,119.75,ORB TARGET
2024-08-08,1,10:02,10:50,18244.25,18423.5,18065.00,18423.50,178.50,357.00,22.50,179.25,ORB TARGET
2024-08-09,-1,10:00,10:13,18422.75,18528.75,18528.50,18317.00,-106.75,-213.50,106.00,18.50,ORB STOP
2024-08-12,1,10:16,15:56,18673,18616.75,18524.25,18821.75,-57.00,-114.00,96.75,92.50,ORB TIME
2024-08-13,1,10:01,12:19,18913.5,19011,18816.00,19011.00,96.75,193.50,57.75,97.50,ORB TARGET
2024-08-14,-1,10:10,11:54,19010.75,19175,19174.75,18846.75,-165.00,-330.00,164.25,85.25,ORB STOP
2024-08-15,1,10:00,14:03,19462,19587.5,19336.50,19587.50,124.75,249.50,56.50,125.50,ORB TARGET
2024-08-16,1,10:02,12:14,19535,19607.25,19462.75,19607.25,71.50,143.00,42.50,72.25,ORB TARGET
2024-08-19,1,10:10,10:20,19624.75,19545,19545.25,19704.25,-80.50,-161.00,79.75,0.75,ORB STOP
2024-08-20,-1,10:17,15:56,19816.5,19818.25,19924.50,19708.50,-2.50,-5.00,51.50,73.50,ORB TIME
2024-08-21,1,10:00,10:42,19884.75,19956,19813.50,19956.00,70.50,141.00,50.50,71.25,ORB TARGET
2024-08-22,-1,10:06,10:50,19944.25,19863,20025.50,19863.00,80.50,161.00,14.25,81.25,ORB TARGET
2024-08-23,1,10:00,10:02,19764.75,19822.75,19706.75,19822.75,57.25,114.50,17.50,58.00,ORB TARGET
2024-08-26,-1,10:01,10:20,19710.75,19620.25,19801.25,19620.25,89.75,179.50,19.00,90.50,ORB TARGET
2024-08-27,1,10:10,15:56,19571,19642.5,19442.00,19700.00,70.75,141.50,18.25,123.50,ORB TIME
2024-08-28,-1,10:00,11:12,19530.25,19404,19656.50,19404.00,125.50,251.00,63.25,126.25,ORB TARGET
2024-08-29,1,10:00,14:31,19651.75,19478,19478.25,19825.25,-174.50,-349.00,173.75,40.25,ORB STOP
2024-08-30,1,10:00,10:58,19603.25,19513,19513.25,19693.25,-91.00,-182.00,90.25,24.75,ORB STOP
2024-09-03,-1,10:00,10:50,19330.25,19177.5,19483.00,19177.50,152.00,304.00,55.75,152.75,ORB TARGET
2024-09-04,-1,10:00,10:11,18859.75,18991,18990.75,18728.75,-132.00,-264.00,131.25,23.75,ORB STOP
2024-09-05,1,10:00,11:26,19062.25,18884.75,18885.00,19239.50,-178.25,-356.50,177.50,88.00,ORB STOP
2024-09-06,-1,10:00,10:55,18741.25,18515.5,18967.00,18515.50,225.00,450.00,47.75,225.75,ORB TARGET
2024-09-09,1,10:10,10:31,18697.75,18605,18605.25,18790.25,-93.50,-187.00,92.75,22.75,ORB STOP
2024-09-10,-1,10:13,12:01,18721.25,18621,18821.50,18621.00,99.50,199.00,69.25,100.25,ORB TARGET
2024-09-11,-1,10:00,10:31,18773,18639.75,18906.25,18639.75,132.50,265.00,42.75,133.25,ORB TARGET
2024-09-12,1,10:12,13:14,19289.75,19394,19185.50,19394.00,103.50,207.00,43.00,104.25,ORB TARGET
2024-09-13,1,10:00,15:56,19503.25,19543,19396.25,19610.25,39.00,78.00,91.00,73.75,ORB TIME
2024-09-16,-1,10:34,15:56,19326.5,19449,19463.75,19189.25,-123.25,-246.50,125.75,27.50,ORB TIME
2024-09-17,1,10:45,12:19,19594,19475.25,19475.50,19712.50,-119.50,-239.00,118.75,21.50,ORB STOP
2024-09-18,-1,10:11,11:47,19429.75,19361.5,19498.00,19361.50,67.50,135.00,59.00,68.25,ORB TARGET
2024-09-19,1,10:17,13:42,19835.25,19943.5,19727.00,19943.50,107.50,215.00,21.50,108.25,ORB TARGET
2024-09-23,1,10:23,13:01,20106.25,20031.75,20032.00,20180.50,-75.25,-150.50,74.50,20.50,ORB STOP
2024-09-24,-1,10:00,10:04,20081.5,20009.25,20153.75,20009.25,71.50,143.00,11.00,72.25,ORB TARGET
2024-09-25,1,10:00,13:01,20234,20138.25,20138.50,20329.50,-96.50,-193.00,95.75,38.75,ORB STOP
2024-09-26,-1,10:05,10:49,20404.75,20291.75,20517.75,20291.75,112.25,224.50,15.00,113.00,ORB TARGET
2024-09-27,-1,10:12,11:51,20310,20237.25,20382.75,20237.25,72.00,144.00,29.50,72.75,ORB TARGET
2024-09-30,-1,10:09,14:23,20168.25,20072.75,20263.75,20072.75,94.75,189.50,86.25,95.50,ORB TARGET
2024-10-01,-1,10:09,15:56,19978.25,19984.75,20266.00,19690.50,-7.25,-14.50,102.25,160.25,ORB TIME
2024-10-02,1,10:03,15:56,19967.25,20023.5,19833.75,20100.75,55.50,111.00,39.50,122.25,ORB TIME
2024-10-03,1,10:00,13:01,20048.25,19894.5,19894.75,20201.75,-154.50,-309.00,153.75,66.75,ORB STOP
2024-10-04,-1,10:00,15:56,20072,20230.25,20239.50,19904.50,-159.00,-318.00,165.00,59.00,ORB TIME
2024-10-07,1,10:16,14:31,20164,20088.75,20089.00,20239.00,-76.00,-152.00,75.25,23.75,ORB STOP
2024-10-08,1,10:00,10:43,20159.25,20248.75,20069.75,20248.75,88.75,177.50,3.75,89.50,ORB TARGET
2024-10-09,1,10:07,11:00,20299.5,20360.5,20238.50,20360.50,60.25,120.50,26.75,61.00,ORB TARGET
2024-10-10,1,10:05,12:01,20390.25,20479,20301.50,20479.00,88.00,176.00,34.25,88.75,ORB TARGET
2024-10-11,1,10:02,10:12,20371.25,20429,20313.50,20429.00,57.00,114.00,26.25,57.75,ORB TARGET
2024-10-14,1,10:00,11:02,20671.5,20540.75,20541.00,20802.00,-131.50,-263.00,130.75,8.50,ORB STOP
2024-10-15,-1,10:10,10:21,20605.5,20552,20659.00,20552.00,52.75,105.50,17.00,53.50,ORB TARGET
2024-10-16,-1,10:00,14:22,20212.75,20357.5,20357.25,20068.25,-145.50,-291.00,144.75,7.50,ORB STOP
2024-10-17,-1,10:01,15:56,20402.25,20372.25,20575.75,20228.75,29.25,58.50,126.75,48.50,ORB TIME
2024-10-18,1,10:08,15:56,20511.5,20479.5,20433.25,20589.75,-32.75,-65.50,69.25,20.50,ORB TIME
2024-10-21,1,10:03,10:41,20503,20423,20423.25,20582.75,-80.75,-161.50,80.00,51.25,ORB STOP
2024-10-22,1,10:06,14:03,20479.75,20590.5,20369.00,20590.50,110.00,220.00,54.50,110.75,ORB TARGET
2024-10-23,-1,10:01,10:08,20406.75,20351,20462.50,20351.00,55.00,110.00,15.75,55.75,ORB TARGET
2024-10-24,1,10:02,11:48,20377,20296,20296.25,20457.75,-81.75,-163.50,81.00,2.50,ORB STOP
2024-10-25,1,10:00,13:45,20658,20490,20490.25,20825.75,-168.75,-337.50,168.00,49.50,ORB STOP
2024-10-29,1,10:00,11:52,20527,20621.75,20432.25,20621.75,94.00,188.00,32.00,94.75,ORB TARGET
2024-10-30,1,10:09,15:55,20669.75,20543,20543.25,20796.25,-127.50,-255.00,126.75,29.75,ORB STOP
2024-10-31,-1,10:00,15:56,20150,20059.25,20368.75,19931.25,90.00,180.00,51.50,142.25,ORB TIME
2024-11-01,1,10:00,15:56,20175.75,20162.75,20057.50,20294.00,-13.75,-27.50,52.75,111.50,ORB TIME
2024-11-04,1,10:00,15:56,20142.25,20082,20013.50,20271.00,-61.00,-122.00,113.50,84.50,ORB TIME
2024-11-05,1,10:00,15:56,20299.75,20324.5,20147.25,20452.25,24.00,48.00,67.25,73.25,ORB TIME
2024-11-06,1,10:31,15:56,20807,20901.25,20643.75,20970.25,93.50,187.00,114.75,128.75,ORB TIME
2024-11-07,1,10:00,14:39,21111,21218,21004.00,21218.00,106.25,212.50,24.50,107.00,ORB TARGET
2024-11-08,-1,10:06,11:56,21176,21232,21231.75,21120.25,-56.75,-113.50,56.00,14.50,ORB STOP
2024-11-11,-1,10:01,15:56,21162.25,21191.75,21292.25,21032.25,-30.25,-60.50,82.00,64.00,ORB TIME
2024-11-12,-1,10:08,12:57,21181.25,21110.5,21252.00,21110.50,70.00,140.00,55.25,70.75,ORB TARGET
2024-11-13,-1,10:00,10:08,21121.5,21058.5,21184.50,21058.50,62.25,124.50,20.00,63.00,ORB TARGET
2024-11-14,-1,10:19,15:56,21064,20994.5,21174.25,20953.75,68.75,137.50,76.50,93.00,ORB TIME
2024-11-15,-1,10:01,10:23,20679,20584.25,20773.75,20584.25,94.00,188.00,18.75,94.75,ORB TARGET
2024-11-18,1,10:04,10:29,20571.75,20642.75,20500.75,20642.75,70.25,140.50,10.00,71.00,ORB TARGET
2024-11-19,1,10:29,11:06,20587.75,20667.25,20508.25,20667.25,78.75,157.50,9.75,79.50,ORB TARGET
2024-11-20,-1,10:02,15:56,20612.5,20756,20755.75,20469.25,-144.25,-288.50,143.50,135.25,ORB STOP
2024-11-21,-1,10:01,15:56,20628,20831.75,20906.75,20349.25,-204.50,-409.00,250.75,114.00,ORB TIME
2024-11-22,-1,10:10,13:12,20773,20873.25,20873.00,20673.00,-101.00,-202.00,100.25,51.00,ORB STOP
2024-11-25,-1,10:00,15:56,20917.75,20877,21081.00,20754.50,40.00,80.00,44.50,137.50,ORB TIME
2024-11-26,-1,10:00,15:56,20938.25,21005.5,21024.75,20851.75,-68.00,-136.00,68.00,34.50,ORB TIME
2024-11-27,-1,10:01,10:38,20839,20738.5,20939.50,20738.50,99.75,199.50,20.00,100.50,ORB TARGET
2024-12-02,1,10:00,15:56,21170.75,21217.75,21026.75,21314.75,46.25,92.50,29.75,88.75,ORB TIME
2024-12-03,1,10:00,15:56,21210,21276,21135.00,21285.00,65.25,130.50,48.00,67.75,ORB TIME
2024-12-04,1,10:07,11:02,21442.25,21496,21388.50,21496.00,53.00,106.00,26.75,53.75,ORB TARGET
2024-12-05,-1,10:50,12:13,21497.5,21552,21551.75,21443.25,-55.25,-110.50,54.50,10.00,ORB STOP
2024-12-06,1,10:00,15:56,21614.75,21660.25,21485.25,21744.25,44.75,89.50,42.00,54.75,ORB TIME
2024-12-09,-1,10:26,10:39,21582.5,21516.25,21648.75,21516.25,65.50,131.00,9.75,66.25,ORB TARGET
2024-12-10,1,10:07,10:59,21590,21505.25,21505.50,21674.50,-85.50,-171.00,84.75,16.75,ORB STOP
2024-12-11,1,10:00,15:56,21697.25,21793,21573.25,21821.25,95.00,190.00,23.50,122.50,ORB TIME
2024-12-12,-1,10:02,10:24,21655.5,21696.5,21696.25,21614.75,-41.75,-83.50,41.00,30.75,ORB STOP
2024-12-13,-1,10:40,11:02,21790,21672.25,21907.75,21672.25,117.00,234.00,6.50,117.75,ORB TARGET
2024-12-16,1,10:00,11:57,21972.75,22049.25,21896.25,22049.25,75.75,151.50,44.00,76.50,ORB TARGET
2024-12-17,-1,10:01,11:35,21975.5,22062.5,22062.25,21888.75,-87.75,-175.50,87.00,32.75,ORB STOP
2024-12-18,1,10:00,14:02,22002.75,21913.25,21913.50,22092.00,-90.25,-180.50,89.50,51.25,ORB STOP
2024-12-19,-1,10:01,15:37,21279.75,21135.75,21423.75,21135.75,143.25,286.50,83.25,144.00,ORB TARGET
2024-12-23,-1,10:06,11:44,21552.25,21675.5,21675.25,21429.25,-124.00,-248.00,123.25,76.25,ORB STOP
2024-12-26,1,10:38,15:56,22008.75,22028.5,21870.75,22146.75,19.00,38.00,42.00,66.25,ORB TIME
2024-12-27,-1,10:00,15:56,21675.5,21679,21862.75,21488.25,-4.25,-8.50,41.00,177.25,ORB TIME
2024-12-30,-1,10:00,11:21,21281.75,21417,21416.75,21146.75,-136.00,-272.00,135.25,29.00,ORB STOP
2024-12-31,-1,10:07,12:33,21367.5,21245.75,21489.25,21245.75,121.00,242.00,101.25,121.75,ORB TARGET
2025-01-02,1,10:00,12:30,21409.75,21166.5,21166.75,21652.75,-244.00,-488.00,243.25,34.25,ORB STOP
2025-01-03,1,10:05,10:21,21434.75,21276.75,21277.00,21592.50,-158.75,-317.50,158.00,6.00,ORB STOP
2025-01-06,1,10:14,13:46,21848.25,21723.75,21724.00,21972.50,-125.25,-250.50,124.50,48.75,ORB STOP
2025-01-07,-1,10:00,10:09,21694.75,21583.5,21806.00,21583.50,110.50,221.00,17.50,111.25,ORB TARGET
2025-01-08,1,10:02,10:13,21385,21285,21285.25,21484.75,-100.75,-201.50,100.00,21.00,ORB STOP
2025-01-10,-1,10:00,15:56,21009.75,21026.25,21197.00,20822.50,-17.25,-34.50,166.00,135.00,ORB TIME
2025-01-13,1,10:06,15:56,20841.5,20951.75,20701.75,20981.25,109.50,219.00,127.50,116.50,ORB TIME
2025-01-14,-1,10:38,12:36,20965.5,20802,21129.00,20802.00,162.75,325.50,55.00,163.50,ORB TARGET
2025-01-15,1,10:00,15:56,21346.75,21401.5,21186.75,21506.75,54.00,108.00,100.50,106.00,ORB TIME
2025-01-16,-1,10:00,15:56,21369.25,21272.5,21497.75,21240.75,96.00,192.00,105.25,107.00,ORB TIME
2025-01-17,-1,10:26,13:13,21486.75,21653.5,21653.25,21320.25,-167.50,-335.00,166.75,5.75,ORB STOP
2025-01-21,-1,10:11,12:43,21572.25,21718.5,21718.25,21426.25,-147.00,-294.00,146.25,46.75,ORB STOP
2025-01-22,1,10:11,15:56,22028,22011.25,21902.75,22153.25,-17.50,-35.00,46.25,66.00,ORB TIME
2025-01-23,1,10:34,11:46,21918.5,21970.75,21866.25,21970.75,51.50,103.00,23.75,52.25,ORB TARGET
2025-01-24,-1,10:16,13:12,21999.75,21921.75,22077.75,21921.75,77.25,154.50,36.00,78.00,ORB TARGET
2025-01-27,1,10:28,14:51,21341.25,21108.25,21108.50,21574.00,-233.75,-467.50,233.00,76.75,ORB STOP
2025-01-28,1,10:01,10:30,21320,21479,21161.00,21479.00,158.25,316.50,18.00,159.00,ORB TARGET
2025-01-29,-1,10:26,13:04,21493.75,21381.5,21606.00,21381.50,111.50,223.00,52.25,112.25,ORB TARGET
2025-01-30,-1,10:02,11:02,21597,21445.5,21748.50,21445.50,150.75,301.50,58.00,151.50,ORB TARGET
2025-01-31,1,10:00,13:35,21870.75,21764,21764.25,21977.25,-107.50,-215.00,106.75,95.00,ORB STOP
2025-02-03,-1,10:00,10:25,21172.25,21314.75,21314.50,21030.00,-143.25,-286.50,142.50,59.00,ORB STOP
2025-02-04,1,10:00,15:56,21576.5,21674,21405.25,21747.75,96.75,193.50,26.25,118.25,ORB TIME
2025-02-05,1,10:00,10:04,21591,21519,21519.25,21662.75,-72.75,-145.50,72.00,18.00,ORB STOP
2025-02-06,1,10:11,14:34,21823,21738,21738.25,21907.75,-85.75,-171.50,85.00,26.50,ORB STOP
2025-02-07,-1,10:00,10:03,21869.25,21771,21967.50,21771.00,97.50,195.00,36.25,98.25,ORB TARGET
2025-02-10,1,10:01,10:35,21809.25,21876,21742.50,21876.00,66.00,132.00,19.00,66.75,ORB TARGET
2025-02-11,1,10:00,15:56,21806.5,21774.5,21700.50,21912.50,-32.75,-65.50,90.75,64.75,ORB TIME
2025-02-12,1,10:22,15:56,21701.25,21803.75,21536.00,21866.50,101.75,203.50,54.75,137.75,ORB TIME
2025-02-13,1,10:02,14:53,21951.25,22067.25,21835.25,22067.25,115.25,230.50,82.50,116.00,ORB TARGET
2025-02-14,1,10:07,13:47,22142.25,22196.25,22088.25,22196.25,53.25,106.50,50.50,54.00,ORB TARGET
2025-02-18,-1,10:01,15:56,22164.5,22209.25,22267.75,22061.25,-45.50,-91.00,51.75,61.50,ORB TIME
2025-02-19,-1,10:02,11:12,22154.25,22221.5,22221.25,22087.25,-68.00,-136.00,67.25,36.25,ORB STOP
2025-02-20,-1,10:00,15:56,22000.25,22133.5,22226.75,21773.75,-134.00,-268.00,147.75,49.50,ORB TIME
2025-02-21,-1,10:00,10:45,22072.75,21957.75,22187.75,21957.75,114.25,228.50,38.75,115.00,ORB TARGET
2025-02-24,-1,10:01,15:56,21560.75,21441,21801.50,21320.00,119.00,238.00,100.50,137.75,ORB TIME
2025-02-25,-1,10:00,11:31,21210.75,21024.25,21397.25,21024.25,185.75,371.50,53.25,186.50,ORB TARGET
2025-02-26,1,10:01,13:30,21313.25,21188.5,21188.75,21437.75,-125.50,-251.00,124.75,96.50,ORB STOP
2025-02-27,-1,10:00,15:56,20995.75,20625.75,21380.75,20610.75,369.25,738.50,171.50,370.75,ORB TIME
2025-02-28,1,10:02,15:51,20645,20829.5,20460.50,20829.50,183.75,367.50,161.25,184.50,ORB TARGET
2025-03-03,-1,10:00,15:03,20824,20527.5,21120.50,20527.50,295.75,591.50,165.25,296.50,ORB TARGET
2025-03-04,-1,10:00,12:29,20227.5,20430,20429.75,20025.25,-203.25,-406.50,202.50,151.75,ORB STOP
2025-03-05,1,10:00,11:12,20456,20270.25,20270.50,20641.50,-186.50,-373.00,185.75,40.75,ORB STOP
2025-03-06,1,10:03,10:19,20343.75,20459,20228.50,20459.00,114.50,229.00,32.50,115.25,ORB TARGET
2025-03-07,-1,10:31,11:42,20024,19806,20242.00,19806.00,217.25,434.50,62.00,218.00,ORB TARGET
2025-03-10,-1,10:00,10:52,19744.25,19586.75,19901.75,19586.75,156.75,313.50,47.25,157.50,ORB TARGET
2025-03-11,1,10:01,10:05,19599.25,19386.5,19386.75,19811.75,-213.50,-427.00,212.75,14.25,ORB STOP
2025-03-12,-1,10:03,11:09,19589.25,19402,19776.50,19402.00,186.50,373.00,135.75,187.25,ORB TARGET
2025-03-13,-1,10:00,15:56,19338.5,19226,19576.75,19100.25,111.75,223.50,232.00,173.00,ORB TIME
2025-03-14,-1,10:00,11:01,19449.75,19620.75,19620.50,19279.00,-171.75,-343.50,171.00,23.50,ORB STOP
2025-03-17,-1,10:36,14:01,19683.75,19848,19847.75,19519.75,-165.00,-330.00,164.25,55.25,ORB STOP
2025-03-18,-1,10:00,15:56,19452.75,19488.75,19693.25,19212.25,-36.75,-73.50,126.50,51.75,ORB TIME
2025-03-19,1,10:00,14:46,19639.25,19775,19503.50,19775.00,135.00,270.00,79.25,135.75,ORB TARGET
2025-03-20,1,10:00,15:56,19735.5,19701.75,19554.00,19917.00,-34.50,-69.00,138.25,163.00,ORB TIME
2025-03-24,1,10:21,15:56,20338.75,20388.25,20229.00,20448.50,48.75,97.50,30.50,70.50,ORB TIME
2025-03-25,1,10:00,11:08,20429.25,20495.75,20362.75,20495.75,65.75,131.50,58.25,66.50,ORB TARGET
2025-03-26,-1,10:09,12:57,20305.5,20136.25,20474.75,20136.25,168.50,337.00,23.75,169.25,ORB TARGET
2025-03-27,1,10:00,15:56,20091.25,20012,19938.00,20244.50,-80.00,-160.00,116.25,107.75,ORB TIME
2025-03-28,-1,10:00,10:12,19839.25,19737.5,19941.00,19737.50,101.00,202.00,39.75,101.75,ORB TARGET
2025-03-31,1,11:22,14:42,19192.5,19408,18977.00,19408.00,214.75,429.50,30.00,215.50,ORB TARGET
2025-04-01,-1,10:07,10:44,19338,19462.25,19462.00,19214.00,-125.00,-250.00,124.25,76.75,ORB STOP
2025-04-02,1,10:01,13:08,19581,19844.75,19317.25,19844.75,263.00,526.00,89.50,263.75,ORB TARGET
2025-04-03,-1,10:04,11:07,18910.5,18747.25,19073.75,18747.25,162.50,325.00,47.50,163.25,ORB TARGET
2025-04-04,-1,10:12,10:48,18004.75,17761,18248.50,17761.00,243.00,486.00,66.00,243.75,ORB TARGET
2025-04-07,1,10:00,10:14,17297.25,17920.75,16673.75,17920.75,622.75,1245.50,132.50,623.50,ORB TARGET
2025-04-08,1,10:00,11:13,18265.5,18062.25,18062.50,18468.50,-204.00,-408.00,203.25,91.75,ORB STOP
2025-04-09,1,10:00,13:20,17554,17911.5,17196.50,17911.50,356.75,713.50,339.50,357.50,ORB TARGET
2025-04-10,-1,10:00,11:32,18658.75,18446,18871.50,18446.00,212.00,424.00,142.50,212.75,ORB TARGET
2025-04-11,-1,10:21,12:33,18353.25,18648,18647.75,18058.75,-295.50,-591.00,294.75,83.25,ORB STOP
2025-04-14,-1,11:27,15:56,18986.75,18941.25,19255.00,18718.50,44.75,89.50,108.50,248.25,ORB TIME
2025-04-15,1,10:11,10:20,19118,18968,18968.25,19267.75,-150.75,-301.50,150.00,26.75,ORB STOP
2025-04-16,-1,10:00,11:25,18522.75,18679,18678.75,18366.75,-157.00,-314.00,156.25,13.00,ORB STOP
2025-04-17,-1,10:19,14:12,18375.75,18509.5,18509.25,18242.25,-134.50,-269.00,133.75,114.50,ORB STOP
2025-04-21,-1,10:00,11:45,17993.75,17822,18165.50,17822.00,171.00,342.00,5.25,171.75,ORB TARGET
2025-04-22,1,10:00,12:01,18255,18409.5,18100.50,18409.50,153.75,307.50,14.50,154.50,ORB TARGET
2025-04-23,1,10:00,11:24,19122.5,18917,18917.25,19327.75,-206.25,-412.50,205.50,43.25,ORB STOP
2025-04-24,1,10:00,12:59,19062.5,19278.25,18846.75,19278.25,215.00,430.00,17.25,215.75,ORB TARGET
2025-04-25,1,10:09,10:32,19363.5,19236,19236.25,19490.75,-128.25,-256.50,127.50,42.25,ORB STOP
2025-04-28,-1,10:00,12:12,19453.5,19284.5,19622.50,19284.50,168.25,336.50,86.00,169.00,ORB TARGET
2025-04-29,1,10:05,15:56,19550.25,19642.25,19404.25,19696.25,91.25,182.50,79.50,142.25,ORB TIME
2025-04-30,-1,10:00,10:30,19105.75,19304.25,19304.00,18907.50,-199.25,-398.50,198.50,3.50,ORB STOP
2025-05-01,1,10:28,15:56,19998.25,19917.5,19858.25,20138.25,-81.50,-163.00,89.00,127.00,ORB TIME
2025-05-02,1,10:03,12:02,20125.25,20230.75,20019.75,20230.75,104.75,209.50,23.50,105.50,ORB TARGET
2025-05-05,1,10:00,14:03,20071.5,20157.5,19985.50,20157.50,85.25,170.50,62.50,86.00,ORB TARGET
2025-05-06,-1,10:00,10:18,19746.5,19864.5,19864.25,19628.75,-118.75,-237.50,118.00,8.25,ORB STOP
2025-05-07,1,10:07,10:55,19945,19858,19858.25,20031.75,-87.75,-175.50,87.00,32.75,ORB STOP
2025-05-08,-1,10:08,11:29,20060.75,20174.5,20174.25,19947.25,-114.50,-229.00,113.75,82.75,ORB STOP
2025-05-09,-1,10:19,10:28,20204.25,20129,20279.50,20129.00,74.50,149.00,24.50,75.25,ORB TARGET
2025-05-12,-1,10:28,13:09,20746.25,20922.25,20922.00,20570.50,-176.75,-353.50,176.00,56.25,ORB STOP
2025-05-13,1,10:01,11:27,21132.25,21291,20973.50,21291.00,158.00,316.00,9.25,158.75,ORB TARGET
2025-05-15,1,10:01,11:44,21339.75,21431,21248.50,21431.00,90.50,181.00,83.00,91.25,ORB TARGET
2025-05-16,-1,10:34,13:33,21388.5,21470.25,21470.00,21307.00,-82.50,-165.00,81.75,68.50,ORB STOP
2025-05-19,1,10:01,15:56,21375.25,21507.5,21201.75,21548.75,131.50,263.00,26.25,170.25,ORB TIME
2025-05-20,1,10:39,14:29,21440,21354,21354.25,21525.75,-86.75,-173.50,86.00,33.75,ORB STOP
2025-05-21,1,10:01,11:25,21405.25,21533.25,21277.25,21533.25,127.25,254.50,43.00,128.00,ORB TARGET
2025-05-22,1,10:00,15:56,21293.25,21191.5,21114.00,21472.50,-102.50,-205.00,126.75,44.50,ORB TIME
2025-05-23,1,10:12,15:56,20953.75,20965.25,20821.75,21085.75,10.75,21.50,70.00,130.00,ORB TIME
2025-05-27,1,10:00,11:52,21297.25,21401,21193.50,21401.00,103.00,206.00,5.25,103.75,ORB TARGET
2025-05-28,-1,10:21,15:56,21451.25,21374,21564.50,21338.00,76.50,153.00,62.75,102.25,ORB TIME
2025-05-29,-1,10:05,15:56,21485.25,21397,21679.00,21291.50,87.50,175.00,36.75,184.25,ORB TIME
2025-05-30,1,10:28,12:28,21391,21234.75,21235.00,21547.00,-157.00,-314.00,156.25,8.50,ORB STOP
2025-06-02,-1,10:00,13:02,21286.5,21458,21457.75,21115.25,-172.25,-344.50,171.50,52.00,ORB STOP
2025-06-03,1,10:00,12:18,21606.25,21702.25,21510.25,21702.25,95.25,190.50,48.75,96.00,ORB TARGET
2025-06-04,-1,10:00,13:58,21711.75,21788.75,21788.50,21635.00,-77.75,-155.50,77.00,70.75,ORB STOP
2025-06-05,1,10:42,12:53,21840.25,21691.75,21692.00,21988.50,-149.25,-298.50,148.50,96.00,ORB STOP
2025-06-06,-1,10:32,11:07,21767.75,21863.5,21863.25,21672.25,-96.50,-193.00,95.75,4.00,ORB STOP
2025-06-09,1,10:09,10:33,21820.25,21890,21750.50,21890.00,69.00,138.00,8.75,69.75,ORB TARGET
2025-06-11,1,10:22,12:22,22025,21915,21915.25,22134.75,-110.75,-221.50,110.00,41.75,ORB STOP
2025-06-12,1,10:07,11:03,21892.25,21968.25,21816.25,21968.25,75.25,150.50,30.25,76.00,ORB TARGET
2025-06-13,-1,10:20,11:23,21663.25,21796.25,21796.00,21530.50,-133.75,-267.50,133.00,45.75,ORB STOP
2025-06-16,1,10:00,15:56,21945,21947,21792.50,22097.50,1.25,2.50,34.50,51.50,ORB TIME
2025-06-17,1,10:00,13:00,21886.75,21802.5,21802.75,21970.75,-85.00,-170.00,84.25,21.00,ORB STOP
2025-06-18,1,10:03,14:57,21801.75,21703.5,21703.75,21899.75,-99.00,-198.00,98.25,71.00,ORB STOP
2025-06-23,1,10:00,12:38,21929.5,21758.5,21758.75,22100.25,-171.75,-343.50,171.00,88.50,ORB STOP
2025-06-24,1,10:41,12:40,22333.5,22406.75,22260.25,22406.75,72.50,145.00,33.50,73.25,ORB TARGET
2025-06-25,-1,10:11,12:21,22485.5,22423,22548.00,22423.00,61.75,123.50,39.00,62.50,ORB TARGET
2025-06-26,1,10:00,14:06,22566.75,22657,22476.50,22657.00,89.50,179.00,29.25,90.25,ORB TARGET
2025-06-27,1,10:00,14:20,22770.5,22682,22682.25,22858.75,-89.25,-178.50,88.50,53.25,ORB STOP
2025-07-01,1,10:15,10:23,22835.25,22779.75,22780.00,22890.50,-56.25,-112.50,55.50,9.75,ORB STOP
2025-07-02,1,10:02,10:37,22729,22807,22651.00,22807.00,77.25,154.50,12.75,78.00,ORB TARGET
2025-07-07,-1,10:53,14:20,22900,22822.25,22977.75,22822.25,77.00,154.00,62.75,77.75,ORB TARGET
2025-07-08,-1,10:00,12:24,22879.75,22944,22943.75,22815.75,-65.00,-130.00,64.25,38.75,ORB STOP
2025-07-09,1,10:00,10:37,23097.25,22977.75,22978.00,23216.50,-120.25,-240.50,119.50,14.00,ORB STOP
2025-07-10,-1,10:00,15:56,22938.75,23010.5,23089.50,22788.00,-72.50,-145.00,111.25,37.75,ORB TIME
2025-07-11,1,10:02,15:56,22968,22973.75,22863.25,23072.75,5.00,10.00,59.25,53.75,ORB TIME
2025-07-14,1,10:21,15:56,22979.25,23032,22842.75,23115.75,52.00,104.00,56.75,88.50,ORB TIME
2025-07-15,-1,10:00,15:56,23122.5,23088.5,23222.50,23022.50,33.25,66.50,75.75,47.00,ORB TIME
2025-07-16,-1,10:06,15:41,22957.25,23090,23089.75,22824.75,-133.50,-267.00,132.75,121.50,ORB STOP
2025-07-17,1,10:00,11:59,23158.75,23251.5,23066.00,23251.50,92.00,184.00,44.25,92.75,ORB TARGET
2025-07-18,-1,10:04,10:27,23251,23192.25,23309.75,23192.25,58.00,116.00,6.00,58.75,ORB TARGET
2025-07-21,1,10:00,15:56,23396.25,23337.75,23255.25,23537.25,-59.25,-118.50,58.25,28.75,ORB TIME
2025-07-22,-1,10:00,15:56,23111.75,23230.5,23349.50,22874.00,-119.50,-239.00,145.25,6.75,ORB TIME
2025-07-23,-1,10:00,11:55,23157.5,23264.25,23264.00,23051.00,-107.50,-215.00,106.75,15.00,ORB STOP
2025-07-24,-1,10:09,11:54,23333.25,23400.75,23400.50,23266.00,-68.25,-136.50,67.50,34.75,ORB STOP
2025-07-25,1,10:02,15:56,23408.25,23413.75,23330.50,23486.00,4.75,9.50,24.75,68.75,ORB TIME
2025-07-28,1,10:08,11:20,23525.25,23462.5,23462.75,23587.75,-63.50,-127.00,62.75,2.50,ORB STOP
2025-07-29,-1,10:06,11:30,23555.75,23459.5,23652.00,23459.50,95.50,191.00,30.50,96.25,ORB TARGET
2025-07-30,1,10:32,14:57,23526.75,23450.25,23450.50,23603.00,-77.25,-154.50,76.50,63.00,ORB STOP
2025-07-31,-1,10:37,13:28,23608,23464,23752.00,23464.00,143.25,286.50,21.75,144.00,ORB TARGET
2025-08-01,-1,10:00,15:56,22857.75,22903.25,23095.25,22620.25,-46.25,-92.50,187.75,69.50,ORB TIME
2025-08-04,1,10:00,15:56,23258.25,23288.75,23089.00,23427.50,29.75,59.50,70.75,40.75,ORB TIME
2025-08-05,-1,10:17,10:43,23303.25,23209.5,23397.00,23209.50,93.00,186.00,17.50,93.75,ORB TARGET
2025-08-06,1,10:02,11:33,23245.25,23341.5,23149.00,23341.50,95.50,191.00,81.00,96.25,ORB TARGET
2025-08-07,1,10:00,10:25,23659.25,23569.5,23569.75,23748.75,-90.50,-181.00,89.75,12.00,ORB STOP
2025-08-08,1,10:01,15:56,23649.25,23705,23530.25,23768.25,55.00,110.00,37.25,75.25,ORB TIME
2025-08-11,1,10:00,14:05,23745.25,23681,23681.25,23809.25,-65.00,-130.00,64.25,59.25,ORB STOP
2025-08-12,-1,10:00,11:08,23649.75,23808.5,23808.25,23491.25,-159.50,-319.00,158.75,27.75,ORB STOP
2025-08-13,-1,10:00,10:47,24004.75,23940.75,24068.75,23940.75,63.25,126.50,13.00,64.00,ORB TARGET
2025-08-14,1,10:30,15:56,23960.5,23950.25,23841.50,24079.50,-11.00,-22.00,97.75,45.00,ORB TIME
2025-08-15,-1,10:00,15:56,23770.25,23799.5,23910.50,23630.00,-30.00,-60.00,113.00,35.50,ORB TIME
2025-08-18,1,10:24,10:47,23818.5,23735,23735.25,23901.75,-84.25,-168.50,83.50,6.00,ORB STOP
2025-08-19,-1,10:28,12:40,23639,23507.5,23770.50,23507.50,130.75,261.50,20.00,131.50,ORB TARGET
2025-08-20,-1,10:05,15:56,23145.75,23347,23431.75,22859.75,-202.00,-404.00,222.75,110.50,ORB TIME
2025-08-21,-1,10:00,10:13,23174.75,23290.5,23290.25,23059.25,-116.50,-233.00,115.75,19.50,ORB STOP
2025-08-22,1,10:00,10:02,23343.25,23480,23206.50,23480.00,136.00,272.00,73.75,136.75,ORB TARGET
2025-08-25,1,10:00,11:22,23520.75,23596.25,23445.25,23596.25,74.75,149.50,16.25,75.50,ORB TARGET
2025-08-26,1,10:10,15:56,23518.75,23588.5,23427.00,23610.50,69.00,138.00,39.75,81.25,ORB TIME
2025-08-27,1,10:14,14:15,23565.5,23642.25,23488.75,23642.25,76.00,152.00,23.50,76.75,ORB TARGET
2025-08-28,1,11:16,15:56,23743.5,23779.25,23572.75,23914.25,35.00,70.00,78.75,60.25,ORB TIME
2025-08-29,-1,10:00,15:56,23506.75,23438.5,23667.75,23345.75,67.50,135.00,45.00,105.25,ORB TIME
2025-09-02,1,10:00,15:56,23261.25,23286.25,23025.25,23497.25,24.25,48.50,234.75,26.00,ORB TIME
2025-09-03,1,10:04,10:44,23438.25,23506.5,23370.00,23506.50,67.50,135.00,55.75,68.25,ORB TARGET
2025-09-04,-1,10:02,11:23,23457,23548.25,23548.00,23366.00,-92.00,-184.00,91.25,47.00,ORB STOP
2025-09-05,-1,10:00,10:17,23821.25,23740.25,23902.25,23740.25,80.25,160.50,32.75,81.00,ORB TARGET
2025-09-08,1,10:32,13:53,23876.75,23771.25,23771.50,23982.00,-106.25,-212.50,105.50,11.25,ORB STOP
2025-09-09,-1,10:00,10:36,23801,23744.5,23857.50,23744.50,55.75,111.50,49.75,56.50,ORB TARGET
2025-09-11,1,10:06,15:56,23998,24026.25,23910.00,24086.00,27.50,55.00,51.25,50.75,ORB TIME
2025-09-12,1,10:21,13:58,24063.75,24125.25,24002.25,24125.25,60.75,121.50,9.75,61.50,ORB TARGET
2025-09-15,1,10:00,15:56,24262.5,24292,24172.25,24352.75,28.75,57.50,41.50,31.75,ORB TIME
2025-09-16,-1,10:12,15:56,24280.25,24308.25,24355.50,24205.00,-28.75,-57.50,42.50,22.75,ORB TIME
2025-09-17,-1,10:01,12:40,24222.75,24144.75,24300.75,24144.75,77.25,154.50,17.25,78.00,ORB TARGET
2025-09-18,1,10:00,15:56,24469.25,24458.25,24356.00,24582.50,-11.75,-23.50,19.25,100.00,ORB TIME
2025-09-22,1,10:02,12:12,24880.75,24947,24814.50,24947.00,65.50,131.00,26.00,66.25,ORB TARGET
2025-09-23,-1,10:00,13:36,24932.25,24855,25009.50,24855.00,76.50,153.00,42.75,77.25,ORB TARGET
2025-09-24,-1,11:10,12:03,24784.75,24670.5,24899.00,24670.50,113.50,227.00,25.00,114.25,ORB TARGET
2025-09-25,1,10:10,15:56,24579,24621.75,24422.25,24735.75,42.00,84.00,125.50,118.00,ORB TIME
2025-09-26,1,10:00,10:12,24716.25,24596.75,24597.00,24835.50,-120.25,-240.50,119.50,17.00,ORB STOP
2025-09-29,1,10:00,11:37,24955.25,24848.25,24848.50,25062.00,-107.75,-215.50,107.00,19.75,ORB STOP
2025-09-30,1,10:48,15:56,24831,24900.25,24722.75,24939.25,68.50,137.00,99.75,82.75,ORB TIME
2025-10-01,1,10:18,13:00,24841.75,24957.25,24726.25,24957.25,114.75,229.50,4.75,115.50,ORB TARGET
2025-10-02,-1,11:00,15:56,25014,25096,25168.75,24859.25,-82.75,-165.50,112.75,20.25,ORB TIME
2025-10-03,-1,10:00,13:06,25099.75,25028.75,25170.75,25028.75,70.25,140.50,56.25,71.00,ORB TARGET
2025-10-06,-1,10:42,13:24,25116.75,25221.75,25221.50,25012.00,-105.75,-211.50,105.00,6.50,ORB STOP
2025-10-07,-1,10:03,11:04,25216.75,25168.25,25265.25,25168.25,47.75,95.50,40.50,48.50,ORB TARGET
2025-10-08,1,10:00,14:14,25183.75,25294,25073.50,25294.00,109.50,219.00,11.00,110.25,ORB TARGET
2025-10-09,-1,10:21,13:31,25249.75,25165,25334.50,25165.00,84.00,168.00,27.00,84.75,ORB TARGET
2025-10-10,-1,10:57,10:59,25293.5,25199.25,25387.75,25199.25,93.50,187.00,51.75,94.25,ORB TARGET
2025-10-13,1,10:00,15:56,24893.5,24933.75,24724.75,25062.25,39.50,79.00,150.00,71.50,ORB TIME
2025-10-14,1,10:20,12:21,24642.25,24861,24423.50,24861.00,218.00,436.00,17.75,218.75,ORB TARGET
2025-10-15,1,10:00,11:51,25024.5,24897,24897.25,25151.75,-128.25,-256.50,127.50,93.25,ORB STOP
2025-10-16,-1,10:12,10:37,25025.75,25125.5,25125.25,24926.25,-100.50,-201.00,99.75,12.25,ORB STOP
2025-10-17,1,10:12,15:56,24890.25,24990.25,24672.50,25108.00,99.25,198.50,215.75,164.00,ORB TIME
2025-10-20,1,10:04,15:56,25239.75,25318.75,25115.00,25364.50,78.25,156.50,24.50,115.25,ORB TIME
2025-10-21,-1,10:02,11:48,25213.5,25304.5,25304.25,25122.75,-91.75,-183.50,91.00,10.50,ORB STOP
2025-10-22,-1,10:27,10:47,25172.5,25055.75,25289.25,25055.75,116.00,232.00,8.00,116.75,ORB TARGET
2025-10-23,1,10:36,15:56,25180,25248.25,24999.00,25361.00,67.50,135.00,60.50,108.25,ORB TIME
2025-10-27,1,10:01,13:43,25860,25923.5,25796.50,25923.50,62.75,125.50,38.00,63.50,ORB TARGET
2025-10-28,-1,10:31,12:28,26028.75,26094,26093.75,25963.75,-66.00,-132.00,65.25,22.75,ORB STOP
2025-10-29,1,10:00,10:51,26319.5,26254.25,26254.50,26384.50,-66.00,-132.00,65.25,7.00,ORB STOP
2025-10-30,1,10:00,15:17,26147.5,25941.5,25941.75,26353.25,-206.75,-413.50,206.00,32.00,ORB STOP
2025-10-31,-1,10:04,12:21,26080,25960.75,26199.25,25960.75,118.50,237.00,103.00,119.25,ORB TARGET
2025-11-03,-1,10:00,15:56,26119.25,26092.5,26265.50,25973.00,26.00,52.00,46.75,106.50,ORB TIME
2025-11-04,1,10:00,12:20,25881.25,25663,25663.25,26099.25,-219.00,-438.00,218.25,12.50,ORB STOP
2025-11-05,1,10:00,15:56,25691,25775.5,25488.00,25894.00,83.75,167.50,72.50,187.50,ORB TIME
2025-11-06,-1,10:00,10:45,25509.25,25334,25684.50,25334.00,174.50,349.00,34.75,175.25,ORB TARGET
2025-11-07,-1,10:06,11:58,24917.25,24723.25,25111.25,24723.25,193.25,386.50,127.75,194.00,ORB TARGET
2025-11-10,1,10:10,11:00,25658,25524,25524.25,25791.75,-134.75,-269.50,134.00,8.50,ORB STOP
2025-11-11,-1,10:06,13:19,25560.25,25646,25645.75,25474.75,-86.50,-173.00,85.75,81.75,ORB STOP
2025-11-12,-1,10:36,15:56,25561.25,25613.75,25780.25,25342.25,-53.25,-106.50,90.25,72.50,ORB TIME
2025-11-13,-1,10:45,13:32,25280.5,25059.75,25501.25,25059.75,220.00,440.00,17.00,220.75,ORB TARGET
2025-11-14,1,10:06,15:56,24970.75,25099.5,24626.25,25315.25,128.00,256.00,108.25,322.75,ORB TIME
2025-11-17,-1,11:16,15:56,24955,24883.5,25254.50,24655.50,70.75,141.50,246.00,223.00,ORB TIME
2025-11-18,-1,10:00,15:56,24521.75,24641.25,24831.75,24211.75,-120.25,-240.50,288.50,141.75,ORB TIME
2025-11-19,1,10:00,12:34,24901.75,24572.75,24573.00,25230.50,-329.75,-659.50,329.00,86.25,ORB STOP
2025-11-20,1,10:00,11:01,25293.75,25145,25145.25,25442.25,-149.50,-299.00,148.75,16.25,ORB STOP
2025-11-21,-1,10:02,11:56,24100.75,24298.25,24298.00,23903.50,-198.25,-396.50,197.50,173.50,ORB STOP
2025-11-24,1,10:02,12:41,25785.5,25994.25,25576.75,25994.25,208.00,416.00,58.50,208.75,ORB TARGET
2025-11-25,1,11:22,15:56,25945.25,26174.25,25665.25,26225.25,228.25,456.50,55.75,253.50,ORB TIME
2025-11-26,-1,10:00,11:03,26218.5,26344.5,26344.25,26092.75,-126.75,-253.50,126.00,20.75,ORB STOP
2025-12-01,1,10:00,15:56,26443,26451,26272.25,26613.75,7.25,14.50,113.75,115.75,ORB TIME
2025-12-02,1,10:00,11:24,26676.25,26534.25,26534.50,26818.00,-142.75,-285.50,142.00,56.75,ORB STOP
2025-12-03,1,10:02,13:42,26601.25,26709.25,26493.25,26709.25,107.25,214.50,40.25,108.00,ORB TARGET
2025-12-04,-1,10:25,15:56,26602.75,26669.25,26776.00,26429.50,-67.25,-134.50,114.50,52.75,ORB TIME
2025-12-05,1,10:00,11:32,26866.5,26723.5,26723.75,27009.25,-143.75,-287.50,143.00,64.25,ORB STOP
2025-12-08,-1,10:15,13:59,26784.75,26646,26923.50,26646.00,138.00,276.00,27.00,138.75,ORB TARGET
2025-12-09,1,10:02,15:56,26716.5,26762.5,26623.25,26809.75,45.25,90.50,38.25,85.00,ORB TIME
2025-12-10,-1,10:40,12:56,26629.75,26736,26735.75,26523.75,-107.00,-214.00,106.25,38.50,ORB STOP
2025-12-11,-1,10:00,13:37,26463.25,26712.75,26712.50,26214.00,-250.25,-500.50,249.50,10.00,ORB STOP
2025-12-12,-1,10:04,10:25,26564.25,26445.25,26683.25,26445.25,118.25,236.50,11.75,119.00,ORB TARGET
2025-12-15,-1,10:00,15:56,26277.75,26151.25,26479.50,26076.00,125.75,251.50,49.00,181.50,ORB TIME
2025-12-16,1,10:00,10:26,26209,26013,26013.25,26404.75,-196.75,-393.50,196.00,9.25,ORB STOP
2025-12-17,-1,10:35,10:59,26054.75,25850.75,26258.75,25850.75,203.25,406.50,20.25,204.00,ORB TARGET
2025-12-18,1,10:28,15:56,26139.5,26094.75,25970.75,26308.25,-45.50,-91.00,145.00,87.25,ORB TIME
2025-12-19,1,10:00,15:56,26383.25,26375.5,26166.25,26600.25,-8.50,-17.00,113.75,27.50,ORB TIME
2025-12-22,-1,10:31,15:56,26480.5,26503,26604.50,26356.50,-23.25,-46.50,60.50,41.25,ORB TIME
2025-12-23,-1,10:03,11:29,26447.5,26561,26560.75,26334.25,-114.25,-228.50,113.50,10.50,ORB STOP
2025-12-26,-1,10:01,15:56,26674,26673,26744.50,26603.50,0.25,0.50,46.75,30.00,ORB TIME
2025-12-29,-1,10:14,15:56,26473.75,26552.25,26628.25,26319.25,-79.25,-158.50,110.50,16.25,ORB TIME
2025-12-30,1,11:20,15:56,26584.75,26503.25,26483.50,26686.00,-82.25,-164.50,93.00,19.00,ORB TIME
2025-12-31,-1,10:18,15:31,26391.25,26280.75,26501.75,26280.75,109.75,219.50,53.25,110.50,ORB TARGET
2026-01-02,-1,10:12,10:26,26447.5,26282,26613.00,26282.00,164.75,329.50,30.25,165.50,ORB TARGET
2026-01-05,1,10:28,15:56,26483.25,26378.75,26348.50,26618.00,-105.25,-210.50,125.00,34.50,ORB TIME
2026-01-06,1,10:00,15:56,26571.5,26639,26418.75,26724.25,66.75,133.50,122.75,75.25,ORB TIME
2026-01-07,1,10:32,12:24,26690,26799.25,26580.75,26799.25,108.50,217.00,71.25,109.25,ORB TARGET
2026-01-08,-1,10:00,15:56,26407,26501.75,26612.25,26201.75,-95.50,-191.00,116.25,27.75,ORB TIME
2026-01-09,-1,10:08,10:23,26457.75,26600.75,26600.50,26315.00,-143.75,-287.50,143.00,32.25,ORB STOP
2026-01-12,1,10:24,15:56,26734.75,26775.75,26553.75,26915.75,40.25,80.50,61.50,95.50,ORB TIME
2026-01-13,-1,10:02,10:28,26740.25,26628,26852.50,26628.00,111.50,223.00,27.25,112.25,ORB TARGET
2026-01-14,-1,10:00,15:56,26387.75,26428,26600.75,26174.75,-41.00,-82.00,117.00,156.75,ORB TIME
2026-01-15,-1,10:07,15:18,26652.25,26540.75,26763.75,26540.75,110.75,221.50,97.25,111.50,ORB TARGET
2026-01-16,-1,10:00,15:56,26535.75,26503.75,26700.75,26370.75,31.25,62.50,39.50,135.75,ORB TIME
2026-01-21,1,10:00,14:43,26149.75,26361,25938.50,26361.00,210.50,421.00,197.25,211.25,ORB TARGET
2026-01-22,-1,10:00,15:56,26363.75,26457.5,26541.75,26185.75,-94.50,-189.00,167.25,19.25,ORB TIME
2026-01-23,1,10:00,10:44,26484,26595.5,26372.50,26595.50,110.75,221.50,11.75,111.50,ORB TARGET
2026-01-26,1,10:17,15:56,26663.5,26659.25,26514.25,26812.75,-5.00,-10.00,20.75,79.00,ORB TIME
2026-01-27,1,10:00,15:56,26871,26887.5,26727.25,27014.75,15.75,31.50,39.25,53.25,ORB TIME
2026-01-28,-1,10:15,11:45,27023,26931.25,27114.75,26931.25,91.00,182.00,41.00,91.75,ORB TARGET
2026-01-29,-1,10:00,10:56,26667.75,26348.75,26986.75,26348.75,318.25,636.50,10.50,319.00,ORB TARGET
2026-01-30,-1,10:29,13:01,26616.25,26483.75,26748.75,26483.75,131.75,263.50,127.75,132.50,ORB TARGET
2026-02-02,1,10:05,15:56,26609.25,26664.5,26350.25,26868.25,54.50,109.00,9.75,149.50,ORB TIME
2026-02-03,-1,10:00,13:37,26432.5,26103,26762.00,26103.00,328.75,657.50,24.50,329.50,ORB TARGET
2026-02-04,-1,10:00,11:44,25995.5,25795,26196.00,25795.00,199.75,399.50,120.00,200.50,ORB TARGET
2026-02-05,-1,10:08,15:56,25461.25,25445.75,25770.75,25151.75,14.75,29.50,236.25,114.50,ORB TIME
2026-02-06,1,11:07,15:56,25794,25991,25510.50,26077.50,196.25,392.50,21.50,237.25,ORB TIME
2026-02-09,1,10:06,14:29,25998.5,26231.5,25765.50,26231.50,232.25,464.50,22.75,233.00,ORB TARGET
2026-02-10,1,10:06,15:13,26220.25,26061,26061.25,26379.25,-160.00,-320.00,159.25,36.50,ORB STOP
2026-02-11,-1,10:02,10:21,26099.5,25924,26275.00,25924.00,174.75,349.50,38.50,175.50,ORB TARGET
2026-02-12,-1,10:00,11:06,25995.75,25788.25,26203.25,25788.25,206.75,413.50,74.25,207.50,ORB TARGET
2026-02-13,1,10:28,15:56,25659.75,25594.75,25388.75,25930.75,-65.75,-131.50,129.75,145.50,ORB TIME
2026-02-17,-1,10:00,13:40,25285.25,25625.25,25625.00,24945.50,-340.75,-681.50,340.00,26.25,ORB STOP
2026-02-18,1,10:00,15:56,25768.75,25800,25562.00,25975.50,30.50,61.00,103.00,169.50,ORB TIME
2026-02-19,1,10:03,13:21,25730,25572.25,25572.50,25887.50,-158.50,-317.00,157.75,41.50,ORB STOP
2026-02-20,1,10:01,15:56,25768,25866.5,25487.00,26049.00,97.75,195.50,100.00,181.50,ORB TIME
2026-02-23,-1,10:05,11:09,25667,25484.5,25849.50,25484.50,181.75,363.50,72.50,182.50,ORB TARGET
2026-02-24,1,10:26,15:56,25774.25,25839.5,25504.00,26044.50,64.50,129.00,20.75,116.25,ORB TIME
2026-02-25,1,10:00,15:56,26162,26190.75,25966.75,26357.25,28.00,56.00,87.50,44.50,ORB TIME
2026-02-26,-1,10:00,10:17,25992,25832.5,26151.50,25832.50,158.75,317.50,28.75,159.50,ORB TARGET
2026-02-27,1,10:02,15:56,25748.75,25785.5,25590.00,25907.50,36.00,72.00,65.50,97.75,ORB TIME
2026-03-02,1,10:03,15:56,25709,25854,25415.25,26002.75,144.25,288.50,57.25,200.75,ORB TIME
2026-03-03,-1,10:00,11:46,25289.5,25470.75,25470.50,25108.50,-182.00,-364.00,181.25,129.00,ORB STOP
2026-03-04,1,10:00,10:28,25780.5,25937.5,25623.50,25937.50,156.25,312.50,80.50,157.00,ORB TARGET
2026-03-05,1,10:00,10:31,25998,25795,25795.25,26200.75,-203.75,-407.50,203.00,20.00,ORB STOP
2026-03-06,1,10:00,10:37,25552.5,25683.25,25421.75,25683.25,130.00,260.00,78.50,130.75,ORB TARGET
2026-03-09,1,10:44,12:44,25336,25548.75,25123.25,25548.75,212.00,424.00,32.25,212.75,ORB TARGET
2026-03-10,-1,10:00,10:40,25755,25890.75,25890.50,25619.50,-136.50,-273.00,135.75,52.75,ORB STOP
2026-03-11,1,10:00,10:26,25925.5,25824.5,25824.75,26026.25,-101.75,-203.50,101.00,64.25,ORB STOP
2026-03-12,-1,10:29,15:56,25440,25364.5,25644.25,25235.75,74.75,149.50,105.00,84.75,ORB TIME
2026-03-13,-1,10:42,11:44,25420.5,25226.5,25614.50,25226.50,193.25,386.50,21.00,194.00,ORB TARGET
2026-03-16,1,10:08,10:51,25550.5,25431.75,25432.00,25669.00,-119.50,-239.00,118.75,25.00,ORB STOP
2026-03-18,-1,10:13,13:12,25499,25403.75,25594.25,25403.75,94.50,189.00,36.25,95.25,ORB TARGET
2026-03-19,1,10:00,15:56,25117,25187.75,24920.00,25314.00,70.00,140.00,144.25,170.00,ORB TIME
2026-03-20,-1,10:00,15:12,24874.75,24663.25,25086.25,24663.25,210.75,421.50,79.75,211.50,ORB TARGET
2026-03-23,1,10:02,11:53,25204,25028,25028.25,25379.75,-176.75,-353.50,176.00,81.50,ORB STOP
2026-03-24,1,10:52,15:56,24912.75,24796.25,24730.50,25095.00,-117.25,-234.50,157.00,67.50,ORB TIME
2026-03-25,-1,10:00,15:56,24955.25,24965,25121.25,24789.25,-10.50,-21.00,159.50,72.50,ORB TIME
2026-03-26,1,10:07,10:56,24829,24661.5,24661.75,24996.25,-168.25,-336.50,167.50,7.75,ORB STOP
2026-03-27,-1,10:00,15:51,24067.25,23875,24259.50,23875.00,191.50,383.00,139.25,192.25,ORB TARGET
2026-03-30,-1,10:36,15:12,23888.25,23643.25,24133.25,23643.25,244.25,488.50,145.00,245.00,ORB TARGET
2026-03-31,1,10:00,10:57,24173.25,23974.25,23974.50,24372.00,-199.75,-399.50,199.00,10.75,ORB STOP
2026-04-01,1,10:22,13:05,24790.25,24941.25,24639.25,24941.25,150.25,300.50,63.25,151.00,ORB TARGET
2026-04-02,1,10:00,10:37,24503.5,24733.25,24273.75,24733.25,229.00,458.00,49.50,229.75,ORB TARGET
2026-04-06,1,10:00,13:13,25013.75,24840.75,24841.00,25186.50,-173.75,-347.50,173.00,34.75,ORB STOP
2026-04-07,-1,10:00,15:46,24713.25,24898.75,24898.50,24528.00,-186.25,-372.50,185.50,176.25,ORB STOP
2026-04-08,-1,10:06,15:56,25660.25,25632.25,25847.00,25473.50,27.25,54.50,92.75,138.25,ORB TIME
2026-04-09,-1,10:10,11:33,25600.75,25708.25,25708.00,25493.50,-108.25,-216.50,107.50,45.00,ORB STOP
2026-04-10,-1,10:01,10:33,25885.25,25967.5,25967.25,25803.25,-83.00,-166.00,82.25,21.00,ORB STOP
2026-04-13,1,10:00,15:32,25907,26058.25,25755.75,26058.25,150.50,301.00,66.50,151.25,ORB TARGET
2026-04-14,1,10:11,11:44,26359.5,26467.5,26251.50,26467.50,107.25,214.50,21.75,108.00,ORB TARGET
2026-04-15,1,10:00,10:51,26669.25,26760,26578.50,26760.00,90.00,180.00,26.50,90.75,ORB TARGET
2026-04-16,1,11:08,15:56,27049.25,27075.75,26871.50,27227.00,25.75,51.50,98.75,109.00,ORB TIME
2026-04-17,1,10:00,10:50,27334.75,27444.25,27225.25,27444.25,108.75,217.50,40.25,109.50,ORB TARGET
2026-04-20,-1,10:31,11:05,27311.25,27201.25,27421.25,27201.25,109.25,218.50,26.00,110.00,ORB TARGET
2026-04-21,1,10:00,11:01,27437.5,27321.75,27322.00,27553.00,-116.50,-233.00,115.75,43.00,ORB STOP
2026-04-22,1,10:01,10:26,27488.25,27573,27403.50,27573.00,84.00,168.00,40.50,84.75,ORB TARGET
2026-04-23,1,10:57,13:10,27698.25,27559.5,27559.75,27836.75,-139.50,-279.00,138.75,53.25,ORB STOP
2026-04-24,1,10:12,11:45,27856,27986.25,27725.75,27986.25,129.50,259.00,93.75,130.25,ORB TARGET
2026-04-28,-1,10:38,15:56,27664.5,27767,27846.00,27483.00,-103.25,-206.50,155.75,62.75,ORB TIME
2026-04-29,1,10:23,15:56,27833,27898,27720.00,27946.00,64.25,128.50,84.50,100.75,ORB TIME
2026-04-30,-1,10:09,13:31,27799.75,28086.75,28086.50,27513.00,-287.75,-575.50,287.00,41.25,ORB STOP
2026-05-01,1,10:00,15:56,28483.25,28425.75,28210.75,28755.75,-58.25,-116.50,136.25,29.75,ORB TIME
2026-05-04,1,10:00,11:20,28493.25,28403.75,28404.00,28582.50,-90.25,-180.50,89.50,43.25,ORB STOP
2026-05-05,1,10:24,15:56,28707.75,28710.75,28566.25,28849.25,2.25,4.50,40.75,76.75,ORB TIME
2026-05-06,1,10:40,15:14,29101.75,29271.25,28932.25,29271.25,168.75,337.50,7.25,169.50,ORB TARGET
2026-05-07,1,10:04,10:40,29398.5,29493.25,29303.75,29493.25,94.00,188.00,11.75,94.75,ORB TARGET
2026-05-08,1,10:00,15:56,29706.5,29911.25,29459.25,29953.75,204.00,408.00,38.00,221.25,ORB TIME
2026-05-11,-1,10:29,11:31,29875.5,30032.75,30032.50,29718.50,-158.00,-316.00,157.25,33.00,ORB STOP
2026-05-12,-1,10:00,11:18,29708.75,29526.5,29891.00,29526.50,181.50,363.00,114.00,182.25,ORB TARGET
2026-05-13,1,10:52,14:14,29885,30099,29671.00,30099.00,213.25,426.50,16.50,214.00,ORB TARGET
2026-05-14,1,10:40,15:56,30280.5,30291.5,30049.75,30511.25,10.25,20.50,89.75,98.75,ORB TIME
2026-05-15,1,10:13,15:56,29887.5,29817.75,29685.25,30089.75,-70.50,-141.00,84.00,195.00,ORB TIME
2026-05-18,-1,10:06,12:27,29729.75,29507.25,29952.25,29507.25,221.75,443.50,164.50,222.50,ORB TARGET
2026-05-19,-1,10:05,13:10,29439,29663.5,29663.25,29214.75,-225.25,-450.50,224.50,180.50,ORB STOP
2026-05-20,-1,10:12,10:17,29618,29790.75,29790.50,29445.50,-173.50,-347.00,172.75,14.50,ORB STOP
2026-05-21,1,10:01,10:21,29910.5,29767.75,29768.00,30053.00,-143.50,-287.00,142.75,23.75,ORB STOP
2026-05-22,-1,10:06,13:29,30126.75,30313.75,30313.50,29940.00,-187.75,-375.50,187.00,41.00,ORB STOP
2026-05-26,1,10:00,15:56,30602,30688,30422.25,30781.75,85.25,170.50,121.00,112.50,ORB TIME
2026-05-27,-1,10:25,15:56,30532.75,30637.5,30787.50,30278.00,-105.50,-211.00,133.75,61.25,ORB TIME
2026-05-28,1,10:12,12:25,30708.25,30900.5,30516.00,30900.50,191.50,383.00,91.00,192.25,ORB TARGET
2026-05-29,1,10:00,10:27,31116.25,30961,30961.25,31271.25,-156.00,-312.00,155.25,15.00,ORB STOP
2026-06-01,-1,10:00,11:18,30900.25,31062.75,31062.50,30738.00,-163.25,-326.50,162.50,9.75,ORB STOP
2026-06-02,1,10:00,15:56,31199.75,31301.5,31019.50,31380.00,101.00,202.00,77.50,108.75,ORB TIME
2026-06-04,-1,10:05,11:01,30782.75,30960,30959.75,30605.75,-178.00,-356.00,177.25,35.00,ORB STOP
2026-06-05,-1,10:00,12:44,30365.75,30035.5,30696.00,30035.50,329.50,659.00,171.75,330.25,ORB TARGET
2026-06-08,-1,10:00,10:37,29936.75,30180,30179.75,29693.75,-244.00,-488.00,243.25,10.00,ORB STOP
2026-06-09,-1,10:00,10:18,30228.5,30014.75,30442.25,30014.75,213.00,426.00,80.75,213.75,ORB TARGET
2026-06-10,1,10:12,11:12,29758,29367.25,29367.50,30148.50,-391.50,-783.00,390.75,88.50,ORB STOP
2026-06-11,1,10:01,10:59,29610.5,29246.5,29246.75,29974.25,-364.75,-729.50,364.00,33.75,ORB STOP
2026-06-12,1,10:03,15:56,30090,30271.5,29818.25,30361.75,180.75,361.50,147.50,262.75,ORB TIME
2026-06-15,1,11:03,15:56,31100,31134.25,30901.75,31298.25,33.50,67.00,16.25,118.25,ORB TIME
2026-06-16,-1,10:19,10:33,31050.25,30912,31188.50,30912.00,137.50,275.00,24.75,138.25,ORB TARGET
2026-06-17,-1,10:00,10:25,30645.5,30840.5,30840.25,30450.75,-195.75,-391.50,195.00,26.00,ORB STOP
2026-06-18,1,10:23,15:56,30915,31048,30692.00,31138.00,132.25,264.50,152.00,168.00,ORB TIME
2026-06-22,1,10:00,10:28,31237.75,31057,31057.25,31418.25,-181.50,-363.00,180.75,29.75,ORB STOP
2026-06-23,1,10:00,14:46,30234,29916.25,29916.50,30551.50,-318.50,-637.00,317.75,112.50,ORB STOP
2026-06-24,-1,10:20,10:47,29863.5,30143.25,30143.00,29584.00,-280.50,-561.00,279.75,38.50,ORB STOP
2026-06-26,1,10:00,15:56,29764.5,29736.25,29482.00,30047.00,-29.00,-58.00,75.75,252.50,ORB TIME
2026-06-29,-1,10:00,10:16,29856.5,29575,30138.00,29575.00,280.75,561.50,75.00,281.50,ORB TARGET
2026-06-30,1,10:00,15:56,30667.75,30875.5,30334.25,31001.25,207.00,414.00,93.75,232.00,ORB TIME
2026-07-01,1,10:00,15:56,30587.5,30407,30387.25,30787.75,-181.25,-362.50,193.50,70.00,ORB TIME
2026-07-02,1,10:00,10:28,30561.75,30307,30307.25,30816.25,-255.50,-511.00,254.75,31.00,ORB STOP
2026-07-06,1,10:11,15:56,30308.5,30254,30076.00,30541.00,-55.25,-110.50,127.00,85.25,ORB TIME
2026-07-07,-1,10:08,15:56,29719.75,29684.5,29985.75,29453.75,34.50,69.00,161.00,210.25,ORB TIME
2026-07-08,-1,10:47,13:22,29501.25,29698.75,29698.50,29304.00,-198.25,-396.50,197.50,167.50,ORB STOP
2026-07-09,-1,10:20,13:07,29971,30230.25,30230.00,29712.00,-260.00,-520.00,259.25,57.50,ORB STOP
2026-07-10,-1,10:32,11:26,30096,30268.25,30268.00,29924.00,-173.00,-346.00,172.25,118.75,ORB STOP
2026-07-13,-1,10:16,11:01,29817.25,30037,30036.75,29597.75,-220.50,-441.00,219.75,24.25,ORB STOP
2026-07-14,-1,10:05,11:05,29984.5,30114.75,30114.50,29854.50,-131.00,-262.00,130.25,117.50,ORB STOP
2026-07-15,-1,10:20,11:18,30054.5,29831.25,30277.75,29831.25,222.50,445.00,48.75,223.25,ORB TARGET
2026-07-17,1,10:00,12:44,28985.5,29262.75,28708.25,29262.75,276.50,553.00,20.75,277.25,ORB TARGET
2026-07-20,-1,10:00,15:56,29279.25,29077.25,29492.00,29066.50,201.25,402.50,139.00,211.50,ORB TIME
2026-07-21,-1,10:03,10:46,29392,29546.5,29546.25,29237.75,-155.25,-310.50,154.50,29.25,ORB STOP
2026-07-22,1,10:00,15:56,29578,29480.75,29388.75,29767.25,-98.00,-196.00,105.75,64.25,ORB TIME
2026-07-23,-1,10:33,15:56,28955.5,28878.25,29183.25,28727.75,76.50,153.00,117.50,223.25,ORB TIME
2026-07-24,-1,10:00,12:11,28612.75,28922,28921.75,28303.75,-310.00,-620.00,309.25,58.75,ORB STOP
2026-07-27,-1,10:00,10:31,28641,28365.5,28916.50,28365.50,274.75,549.50,31.25,275.50,ORB TARGET
2026-07-28,-1,10:14,11:27,27939.75,28292.75,28292.50,27587.00,-353.75,-707.50,353.00,36.75,ORB STOP
2026-07-29,-1,10:12,14:47,27967.25,28296.75,28296.50,27638.00,-330.25,-660.50,329.50,258.50,ORB STOP
2026-07-30,1,10:00,15:56,28455,28513.25,28113.25,28796.75,57.50,115.00,159.75,142.75,ORB TIME
2026-07-31,-1,10:01,15:56,28594.25,28771.75,29025.25,28163.25,-178.25,-356.50,230.00,214.75,ORB TIME
2026-08-03,1,10:00,14:05,28929.25,29245.5,28613.00,29245.50,315.50,631.00,104.50,316.25,ORB TARGET
2026-08-04,1,10:05,13:16,29804.5,30101,29508.00,30101.00,295.75,591.50,22.50,296.50,ORB TARGET
2026-08-05,-1,10:23,11:57,30209,30045.25,30372.75,30045.25,163.00,326.00,80.50,163.75,ORB TARGET
2026-08-06,1,10:00,15:56,29851,29822.25,29541.00,30161.00,-29.50,-59.00,102.50,135.00,ORB TIME
2026-08-07,-1,10:02,11:27,29943.75,30121.5,30121.25,29766.25,-178.50,-357.00,177.75,79.75,ORB STOP
2026-08-10,1,10:06,15:56,30141.25,30044.75,30019.00,30263.50,-97.25,-194.50,111.25,58.50,ORB TIME
2026-08-12,-1,10:05,15:56,30152.75,30129.5,30301.00,30004.50,22.50,45.00,93.25,34.25,ORB TIME
2026-08-13,1,10:00,15:56,30481,30480,30162.75,30799.25,-1.75,-3.50,77.25,92.00,ORB TIME
2026-08-14,-1,10:19,11:24,30469.5,30358.75,30580.25,30358.75,110.00,220.00,23.50,110.75,ORB TARGET
2026-08-17,-1,10:08,11:05,30464.75,30565.5,30565.25,30364.25,-101.50,-203.00,100.75,8.50,ORB STOP
2026-08-18,-1,10:10,15:56,29904.5,29881,30069.50,29739.50,22.75,45.50,86.25,90.75,ORB TIME
2026-08-19,-1,10:11,15:56,29707.25,29789,30041.50,29373.00,-82.50,-165.00,259.75,31.75,ORB TIME
2026-08-20,-1,10:20,15:56,29608.75,29596.5,29769.75,29447.75,11.50,23.00,148.25,106.50,ORB TIME
2026-08-21,-1,10:14,11:52,29556.75,29772.25,29772.00,29341.50,-216.25,-432.50,215.50,36.75,ORB STOP
2026-08-25,-1,10:01,15:56,29578.75,29571.5,29715.50,29442.00,6.50,13.00,31.00,133.50,ORB TIME
2026-08-26,-1,10:27,15:01,29473.75,29633,29632.75,29314.75,-160.00,-320.00,159.25,17.75,ORB STOP
2026-08-27,1,10:27,15:56,29905,29975.25,29724.00,30086.00,69.50,139.00,94.50,80.75,ORB TIME
2026-08-28,1,10:00,10:09,30004,29862.25,29862.50,30145.50,-142.50,-285.00,141.75,3.25,ORB STOP
2026-08-31,-1,10:06,15:51,29686.25,29816.75,29816.50,29556.00,-131.25,-262.50,130.50,32.50,ORB STOP
2026-09-01,1,10:09,11:42,29457.75,29575.5,29340.00,29575.50,117.00,234.00,42.00,117.75,ORB TARGET
2026-09-02,1,10:10,15:56,29419,29478,29317.25,29520.75,58.25,116.50,32.50,92.50,ORB TIME
2026-09-03,1,11:00,13:54,29675.25,29851.25,29499.25,29851.25,175.25,350.50,13.50,176.00,ORB TARGET
2026-09-04,-1,10:42,15:56,29853.25,29877.25,29991.50,29715.00,-24.75,-49.50,42.50,85.25,ORB TIME
2026-09-08,-1,10:02,15:56,29754.25,29817.75,29986.25,29522.25,-64.25,-128.50,190.50,30.00,ORB TIME
2026-09-09,1,10:03,11:12,29867,29716.75,29717.00,30017.00,-151.00,-302.00,150.25,26.75,ORB STOP
2026-09-10,1,10:24,15:56,29503.75,29437.75,29357.75,29649.75,-66.75,-133.50,81.00,71.25,ORB TIME
2026-09-11,-1,10:47,11:27,29646.75,29774.75,29774.50,29519.00,-128.75,-257.50,128.00,13.00,ORB STOP
2026-09-14,1,10:06,11:45,29335.75,29503.75,29167.75,29503.75,167.25,334.50,89.25,168.00,ORB TARGET
2026-09-15,-1,10:07,10:39,29371.5,29290.5,29452.50,29290.50,80.25,160.50,16.50,81.00,ORB TARGET
2026-09-16,1,10:00,14:33,29481.75,29373,29373.25,29590.25,-109.50,-219.00,108.75,70.75,ORB STOP
2026-09-17,1,10:28,15:56,29738,29768.25,29606.00,29870.00,29.50,59.00,86.00,55.25,ORB TIME
2026-09-18,-1,10:00,12:24,29765.5,29686,29845.00,29686.00,78.75,157.50,19.50,79.50,ORB TARGET
2026-09-21,1,10:00,11:48,30423,30629.25,30216.75,30629.25,205.50,411.00,26.25,206.25,ORB TARGET
2026-09-22,1,10:11,15:56,30947.5,31026.75,30763.50,31131.50,78.50,157.00,64.00,118.50,ORB TIME
2026-09-23,-1,10:02,10:23,30832.75,30652.75,31012.75,30652.75,179.25,358.50,24.50,180.00,ORB TARGET
2026-09-24,1,10:27,12:41,30623,30755.5,30490.50,30755.50,131.75,263.50,121.25,132.50,ORB TARGET
2026-09-25,-1,10:05,12:06,30767,30926.25,30926.00,30608.00,-160.00,-320.00,159.25,83.00,ORB STOP
2026-09-28,-1,10:05,10:46,30582,30405,30759.00,30405.00,176.25,352.50,19.00,177.00,ORB TARGET
2026-09-29,-1,11:26,15:56,30545,30613.25,30725.00,30365.00,-69.00,-138.00,116.00,41.00,ORB TIME
2026-09-30,1,10:00,15:56,30843.75,30725.25,30682.50,31005.00,-119.25,-238.50,143.50,62.25,ORB TIME
2026-10-01,-1,10:00,11:09,30703.25,30550.5,30856.00,30550.50,152.00,304.00,51.25,152.75,ORB TARGET
2026-10-02,1,10:01,11:13,31202,31056,31056.25,31347.75,-146.75,-293.50,146.00,80.75,ORB STOP
