day,dir,entry_time,exit_time,entry,exit,stop,target,pts,usd,mae_pts,mfe_pts,how
2020-10-19,-1,09:49,15:56,11722.25,11731.25,11770.21,11530.39,-9.75,-19.50,12.50,54.75,ORB2 TIME
2020-10-20,-1,10:20,15:56,11713.75,11696,11758.99,11532.80,17.00,34.00,30.00,29.25,ORB2 TIME
2020-10-21,-1,10:14,15:56,11620,11622.5,11662.38,11450.50,-3.25,-6.50,32.50,20.00,ORB2 TIME
2020-10-22,-1,09:52,15:56,11641.25,11631.25,11681.29,11481.09,9.25,18.50,37.25,39.25,ORB2 TIME
2020-10-26,1,09:52,10:30,11661.75,11621.9642857143,11622.21,11819.89,-40.54,-81.07,39.79,34.00,ORB2 STOP
2020-10-27,1,09:45,09:50,11559.75,11516.8035714286,11517.05,11730.54,-43.70,-87.39,42.95,17.75,ORB2 STOP
2020-10-28,-1,09:50,13:17,11329,11168.8571428571,11369.04,11168.86,159.39,318.79,8.25,160.14,ORB2 TARGET
2020-10-29,1,09:54,14:18,11245,11416.1428571429,11202.21,11416.14,170.39,340.79,18.50,171.14,ORB2 TARGET
2020-10-30,-1,09:45,11:39,11173.25,10987.9464285714,11219.58,10987.95,184.55,369.11,16.00,185.30,ORB2 TARGET
2020-11-02,1,09:51,10:36,11184.75,11134.4107142857,11134.66,11385.11,-51.09,-102.18,50.34,27.25,ORB2 STOP
2020-11-03,1,09:45,15:56,11152.75,11292.75,11103.74,11348.80,139.25,278.50,23.25,194.50,ORB2 TIME
2020-11-04,1,10:04,15:56,11670.75,11761.5,11620.26,11872.70,90.00,180.00,22.50,169.00,ORB2 TIME
2020-11-09,1,10:04,10:40,12212.25,12161.2053571429,12161.46,12415.43,-51.79,-103.59,51.04,48.50,ORB2 STOP
2020-11-10,-1,09:45,10:05,11630.5,11688.28125,11688.03,11400.38,-58.53,-117.06,57.78,18.25,ORB2 STOP
2020-11-11,1,09:45,15:56,11823.75,11879.75,11763.04,12066.61,55.25,110.50,52.50,75.25,ORB2 TIME
2020-11-12,1,10:41,11:29,11964.25,11900.7098214286,11900.96,12217.41,-64.29,-128.58,63.54,10.75,ORB2 STOP
2020-11-13,-1,10:00,15:33,11870.75,11936.4821428571,11936.23,11608.82,-66.48,-132.96,65.73,69.00,ORB2 STOP
2020-11-16,1,09:45,15:56,11981.5,11983.5,11919.62,12229.04,1.25,2.50,52.50,52.00,ORB2 TIME
2020-11-17,-1,09:45,15:56,11987.5,11978.25,12049.55,11739.30,8.50,17.00,55.00,33.25,ORB2 TIME
2020-11-18,-1,09:52,12:01,11942.75,12001.2857142857,12001.04,11709.61,-59.29,-118.57,58.54,32.50,ORB2 STOP
2020-11-19,1,09:46,15:56,11895,11980,11839.39,12117.43,84.25,168.50,18.25,105.00,ORB2 TIME
2020-11-20,-1,09:55,10:52,11952,12004.6696428571,12004.42,11742.32,-53.42,-106.84,52.67,6.25,ORB2 STOP
2020-11-23,1,09:45,10:10,11982,11932.125,11932.38,12180.50,-50.63,-101.25,49.88,19.75,ORB2 STOP
2020-11-24,-1,09:47,10:02,11878.25,11927.1875,11926.94,11683.50,-49.69,-99.38,48.94,5.75,ORB2 STOP
2020-11-25,1,09:55,10:05,12142.75,12094.9017857143,12095.15,12333.14,-48.60,-97.20,47.85,2.75,ORB2 STOP
2020-11-30,-1,09:45,14:58,12240.25,12287.3303571429,12287.08,12052.93,-47.83,-95.66,47.08,154.50,ORB2 STOP
2020-12-01,1,09:46,15:56,12385.25,12460.75,12338.63,12571.73,74.75,149.50,35.25,127.25,ORB2 TIME
2020-12-02,-1,09:50,09:56,12316.25,12358.3080357143,12358.06,12149.02,-42.81,-85.62,42.06,2.50,ORB2 STOP
2020-12-03,1,10:03,11:10,12504,12463.5267857143,12463.78,12664.89,-41.22,-82.45,40.47,36.25,ORB2 STOP
2020-12-07,1,09:47,15:56,12583,12582.5,12546.62,12728.54,-1.25,-2.50,36.00,29.25,ORB2 TIME
2020-12-08,-1,09:47,11:33,12536.25,12571.7276785714,12571.48,12395.34,-36.23,-72.46,35.48,33.75,ORB2 STOP
2020-12-09,1,09:49,10:12,12632.25,12596.7053571429,12596.96,12773.43,-36.29,-72.59,35.54,9.00,ORB2 STOP
2020-12-10,1,09:45,15:56,12329.25,12412.5,12289.55,12488.04,82.50,165.00,17.75,119.75,ORB2 TIME
2020-12-11,-1,09:45,09:53,12276,12317.6160714286,12317.37,12110.54,-42.37,-84.73,41.62,1.50,ORB2 STOP
2020-12-14,1,09:46,15:51,12496.25,12454.8839285714,12455.13,12660.71,-42.12,-84.23,41.37,53.00,ORB2 STOP
2020-12-15,-1,10:38,14:59,12533.25,12574.9196428571,12574.67,12367.57,-42.42,-84.84,41.67,67.75,ORB2 STOP
2020-12-17,-1,09:56,15:56,12729,12750.5,12767.68,12574.29,-22.25,-44.50,25.50,46.75,ORB2 TIME
2020-12-21,-1,09:49,09:56,12569.75,12608.3348214286,12608.08,12416.41,-39.33,-78.67,38.58,5.00,ORB2 STOP
2020-12-22,1,09:46,10:52,12719.75,12680.6651785714,12680.92,12875.09,-39.83,-79.67,39.08,34.25,ORB2 STOP
2020-12-23,-1,09:45,12:31,12668.5,12707.2589285714,12707.01,12514.46,-39.51,-79.02,38.76,19.25,ORB2 STOP
2020-12-28,-1,09:50,11:28,12788.5,12826.0178571429,12825.77,12639.43,-38.27,-76.54,37.52,47.50,ORB2 STOP
2020-12-29,-1,09:55,15:56,12878,12828.5,12915.59,12727.64,48.75,97.50,14.00,70.25,ORB2 TIME
2020-12-30,-1,09:45,15:56,12860.25,12845.75,12898.31,12708.02,13.75,27.50,13.50,39.75,ORB2 TIME
2020-12-31,-1,09:56,15:14,12823.5,12861.8616071429,12861.61,12671.05,-39.11,-78.22,38.36,27.25,ORB2 STOP
2021-01-04,-1,10:11,11:07,12858.25,12709.4107142857,12895.46,12709.41,148.09,296.18,29.75,148.84,ORB2 TARGET
2021-01-05,1,09:45,11:00,12753.25,12714.28125,12714.53,12908.13,-39.72,-79.44,38.97,29.00,ORB2 STOP
2021-01-06,1,09:47,11:20,12626.25,12775.4464285714,12588.95,12775.45,148.45,296.89,13.25,149.20,ORB2 TARGET
2021-01-07,1,09:55,15:56,12811,12932.75,12771.92,12967.32,121.00,242.00,2.75,147.75,ORB2 TIME
2021-01-11,1,10:06,11:13,12975.25,12933.2455357143,12933.50,13142.27,-42.75,-85.51,42.00,28.50,ORB2 STOP
2021-01-12,-1,09:47,15:56,12894.75,12894.75,12936.65,12727.16,-0.75,-1.50,32.75,127.75,ORB2 TIME
2021-01-13,1,09:50,10:06,12916.75,12872.7544642857,12873.00,13091.73,-44.75,-89.49,44.00,28.50,ORB2 STOP
2021-01-14,-1,09:46,10:33,12971.75,13013.90625,13013.66,12804.13,-42.91,-85.81,42.16,3.25,ORB2 STOP
2021-01-15,-1,10:03,15:56,12879.25,12809,12920.94,12712.50,69.50,139.00,13.50,136.00,ORB2 TIME
2021-01-19,-1,09:47,12:37,12888.25,12931.9598214286,12931.71,12714.41,-44.46,-88.92,43.71,39.50,ORB2 STOP
2021-01-20,1,09:50,15:56,13191.5,13297.5,13147.29,13368.36,105.25,210.50,30.75,135.75,ORB2 TIME
2021-01-21,1,10:10,15:56,13344,13407.25,13298.08,13527.70,62.50,125.00,28.00,79.75,ORB2 TIME
2021-01-22,1,09:45,15:56,13362.5,13372.25,13315.66,13549.88,9.00,18.00,39.25,33.50,ORB2 TIME
2021-01-25,-1,10:36,11:04,13496,13310.5178571429,13542.37,13310.52,184.73,369.46,19.25,185.48,ORB2 TARGET
2021-01-26,-1,09:45,10:00,13434.25,13479.9196428571,13479.67,13252.57,-46.42,-92.84,45.67,7.75,ORB2 STOP
2021-01-28,1,10:15,15:56,13249,13201.9107142857,13202.16,13436.36,-47.84,-95.68,47.09,145.00,ORB2 STOP
2021-01-29,1,10:23,10:43,13135.5,13087.8125,13088.06,13325.25,-48.44,-96.88,47.69,21.50,ORB2 STOP
2021-02-01,-1,09:45,10:32,13047,13097.3705357143,13097.12,12846.52,-51.12,-102.24,50.37,76.75,ORB2 STOP
2021-02-02,1,09:45,15:56,13404.5,13445.75,13351.51,13616.45,40.50,81.00,38.75,89.00,ORB2 TIME
2021-02-03,-1,10:10,15:56,13461.5,13408,13513.92,13251.84,52.75,105.50,35.00,70.50,ORB2 TIME
2021-02-04,-1,10:02,12:02,13411.75,13464.8080357143,13464.56,13200.52,-53.81,-107.62,53.06,20.00,ORB2 STOP
2021-02-08,1,10:04,11:32,13674.25,13622.2098214286,13622.46,13881.41,-52.79,-105.58,52.04,18.25,ORB2 STOP
2021-02-09,1,09:45,15:56,13684.25,13670.5,13633.54,13887.09,-14.50,-29.00,22.25,51.00,ORB2 TIME
2021-02-10,-1,10:12,10:45,13713.75,13519.1964285714,13762.39,13519.20,193.80,387.61,13.75,194.55,ORB2 TARGET
2021-02-11,-1,09:50,15:56,13702.25,13718.5,13752.75,13500.27,-17.00,-34.00,41.75,77.75,ORB2 TIME
2021-02-12,1,09:45,15:56,13696.25,13802,13644.92,13901.57,105.00,210.00,32.00,110.00,ORB2 TIME
2021-02-16,1,09:45,11:09,13859.5,13811.5178571429,13811.77,14050.43,-48.73,-97.46,47.98,16.00,ORB2 STOP
2021-02-17,1,09:46,10:14,13670.75,13621.8169642857,13622.07,13865.48,-49.68,-99.37,48.93,22.00,ORB2 STOP
2021-02-18,1,09:46,10:06,13570,13524.65625,13524.91,13750.38,-46.09,-92.19,45.34,13.00,ORB2 STOP
2021-02-19,-1,09:46,11:08,13647.75,13691.9375,13691.69,13472.00,-44.94,-89.88,44.19,18.25,ORB2 STOP
2021-02-22,1,09:47,10:18,13424.75,13383.4285714286,13383.68,13589.04,-42.07,-84.14,41.32,21.50,ORB2 STOP
2021-02-23,-1,09:45,09:55,12824.5,12864.5089285714,12864.26,12665.46,-40.76,-81.52,40.01,67.00,ORB2 STOP
2021-02-24,-1,10:01,10:24,13001.5,13047.7767857143,13047.53,12817.39,-47.03,-94.05,46.28,43.50,ORB2 STOP
2021-02-25,-1,10:03,12:01,13178.5,12980.8571428571,13227.91,12980.86,196.89,393.79,28.75,197.64,ORB2 TARGET
2021-02-26,-1,09:50,11:04,12929,12985.2098214286,12984.96,12705.16,-56.96,-113.92,56.21,177.50,ORB2 STOP
2021-03-01,1,10:00,15:56,13116,13262.25,13056.13,13355.48,145.50,291.00,45.00,167.50,ORB2 TIME
2021-03-02,-1,09:47,15:56,13207.25,13072,13269.80,12957.05,134.50,269.00,41.25,142.50,ORB2 TIME
2021-03-03,-1,09:46,15:56,12929,12701.25,12994.50,12667.02,227.00,454.00,59.75,253.25,ORB2 TIME
2021-03-04,-1,09:47,10:45,12649.25,12717.34375,12717.09,12377.88,-68.84,-137.69,68.09,140.25,ORB2 STOP
2021-03-08,1,09:45,09:51,12686.25,12605.7098214286,12605.96,13007.41,-81.29,-162.58,80.54,12.25,ORB2 STOP
2021-03-09,1,09:49,15:56,12652.5,12790.25,12567.35,12993.11,137.00,274.00,12.75,214.75,ORB2 TIME
2021-03-10,1,09:50,10:20,12969.5,12882.0892857143,12882.34,13318.14,-88.16,-176.32,87.41,10.00,ORB2 STOP
2021-03-11,-1,10:18,11:00,12931.5,13019.9508928571,13019.70,12578.70,-89.20,-178.40,88.45,19.00,ORB2 STOP
2021-03-12,1,09:50,10:28,12874.25,12785.0758928571,12785.33,13229.95,-89.92,-179.85,89.17,31.75,ORB2 STOP
2021-03-15,1,09:52,15:56,12951,13065.5,12862.98,13303.09,113.75,227.50,70.25,116.75,ORB2 TIME
2021-03-16,1,09:45,14:28,13199.75,13116.7857142857,13117.04,13530.61,-83.71,-167.43,82.96,97.00,ORB2 STOP
2021-03-18,-1,09:45,15:56,12979,12799,13055.82,12671.73,179.25,358.50,45.25,204.50,ORB2 TIME
2021-03-22,1,09:50,15:56,12992.75,13070,12917.29,13294.61,76.50,153.00,13.50,164.25,ORB2 TIME
2021-03-23,-1,09:48,11:07,13066.5,13141.90625,13141.66,12765.88,-76.16,-152.31,75.41,16.00,ORB2 STOP
2021-03-24,-1,09:48,15:56,12988.25,12799.5,13062.30,12692.05,188.00,376.00,60.25,195.00,ORB2 TIME
2021-03-25,1,10:01,10:31,12803.25,12730.5848214286,12730.83,13092.91,-73.42,-146.83,72.67,33.75,ORB2 STOP
2021-03-26,1,09:47,14:10,12821,12753.0401785714,12753.29,13091.84,-68.71,-137.42,67.96,51.25,ORB2 STOP
2021-03-29,-1,09:46,13:03,12915.25,12979.3616071429,12979.11,12659.80,-64.86,-129.72,64.11,99.00,ORB2 STOP
2021-03-30,-1,09:45,10:45,12813.5,12873.2276785714,12872.98,12575.59,-60.48,-120.96,59.73,36.75,ORB2 STOP
2021-03-31,1,09:45,15:56,13015.75,13076,12958.79,13243.61,59.50,119.00,15.00,142.50,ORB2 TIME
2021-04-01,1,09:46,15:56,13294.25,13308.75,13238.25,13518.25,13.75,27.50,34.25,27.25,ORB2 TIME
2021-04-05,1,09:45,15:56,13446.25,13595.5,13392.52,13661.18,148.50,297.00,7.00,168.50,ORB2 TIME
2021-04-06,1,09:45,15:56,13586.25,13552.25,13532.02,13803.18,-34.75,-69.50,40.50,68.00,ORB2 TIME
2021-04-07,1,09:45,15:56,13560.75,13601.75,13508.07,13771.48,40.25,80.50,4.50,80.50,ORB2 TIME
2021-04-08,-1,09:47,15:56,13711,13741.5,13762.23,13506.07,-31.25,-62.50,44.25,19.25,ORB2 TIME
2021-04-09,1,09:45,15:56,13703.25,13835.25,13656.90,13888.66,131.25,262.50,10.50,136.25,ORB2 TIME
2021-04-12,-1,09:48,13:01,13776.25,13821.4017857143,13821.15,13596.64,-45.90,-91.80,45.15,44.50,ORB2 STOP
2021-04-13,1,09:48,11:23,13939.25,13896.4598214286,13896.71,14109.41,-43.54,-87.08,42.79,9.75,ORB2 STOP
2021-04-14,-1,10:02,15:56,13943,13777.5535714286,13984.36,13777.55,164.70,329.39,26.25,165.45,ORB2 TARGET
2021-04-15,1,10:15,15:56,13978,14014.25,13937.87,14138.52,35.50,71.00,34.75,56.25,ORB2 TIME
2021-04-16,-1,09:45,10:10,13973,14011.3035714286,14011.05,13820.79,-39.05,-78.11,38.30,19.50,ORB2 STOP
2021-04-19,-1,10:05,15:56,13950.5,13881.25,13985.21,13811.66,68.50,137.00,11.25,129.50,ORB2 TIME
2021-04-20,1,09:45,10:15,13906.25,13871.1875,13871.44,14045.50,-35.81,-71.63,35.06,23.50,ORB2 STOP
2021-04-21,1,09:48,15:47,13764,13908.3392857143,13727.92,13908.34,143.59,287.18,7.50,144.34,ORB2 TARGET
2021-04-22,-1,09:47,10:28,13871,13907.7142857143,13907.46,13725.14,-37.46,-74.93,36.71,15.75,ORB2 STOP
2021-04-23,1,09:50,15:36,13822.25,13979.6964285714,13782.89,13979.70,156.70,313.39,15.00,157.45,ORB2 TARGET
2021-04-26,-1,09:50,10:14,13918.75,13958.3616071429,13958.11,13761.30,-40.36,-80.72,39.61,16.50,ORB2 STOP
2021-04-27,-1,09:45,15:56,13987,13963.75,14026.51,13828.95,22.50,45.00,4.25,74.25,ORB2 TIME
2021-04-29,-1,09:45,11:57,14011.25,13850.75,14051.38,13850.75,159.75,319.50,18.25,160.50,ORB2 TARGET
2021-04-30,1,09:48,13:53,13893,13851.5267857143,13851.78,14057.89,-42.22,-84.45,41.47,64.00,ORB2 STOP
2021-05-03,-1,09:46,10:07,13854.5,13896.59375,13896.34,13687.13,-42.84,-85.69,42.09,3.50,ORB2 STOP
2021-05-04,-1,09:45,11:19,13593.75,13422.8928571429,13636.46,13422.89,170.11,340.21,8.75,170.86,ORB2 TARGET
2021-05-05,-1,09:57,15:56,13604,13491,13648.50,13426.00,112.25,224.50,27.50,141.50,ORB2 TIME
2021-05-06,-1,10:00,10:38,13424,13470.3928571429,13470.14,13239.43,-47.14,-94.29,46.39,35.00,ORB2 STOP
2021-05-10,-1,09:53,15:56,13535.75,13377.5,13583.37,13345.27,157.50,315.00,18.75,178.25,ORB2 TIME
2021-05-11,1,09:51,10:27,13227.25,13177.6875,13177.94,13424.50,-50.31,-100.63,49.56,52.00,ORB2 STOP
2021-05-12,1,09:46,09:56,13218,13167.2678571429,13167.52,13419.93,-51.48,-102.96,50.73,13.25,ORB2 STOP
2021-05-13,-1,09:46,09:56,13110,13161.2544642857,13161.00,12905.98,-52.00,-104.01,51.25,24.00,ORB2 STOP
2021-05-14,1,09:58,15:56,13257.5,13407,13206.09,13463.14,148.75,297.50,25.25,168.50,ORB2 TIME
2021-05-17,1,09:47,09:53,13341.75,13288.4151785714,13288.67,13554.09,-54.08,-108.17,53.33,1.25,ORB2 STOP
2021-05-18,-1,09:46,10:26,13313.25,13367.2723214286,13367.02,13098.16,-54.77,-109.54,54.02,13.00,ORB2 STOP
2021-05-19,1,09:45,10:04,13065.25,13009.6428571429,13009.89,13286.68,-56.36,-112.71,55.61,12.25,ORB2 STOP
2021-05-20,1,09:47,15:56,13393.25,13501,13337.35,13616.86,107.00,214.00,17.00,130.75,ORB2 TIME
2021-05-21,-1,09:45,15:56,13498.5,13403.5,13556.38,13266.98,94.25,188.50,50.25,101.50,ORB2 TIME
2021-05-24,1,10:00,15:56,13583.75,13646.5,13525.90,13815.14,62.00,124.00,4.75,102.50,ORB2 TIME
2021-05-25,-1,09:51,15:56,13670.25,13644.25,13725.91,13447.61,25.25,50.50,16.25,63.75,ORB2 TIME
2021-05-26,-1,09:45,15:56,13671.75,13689,13726.03,13454.63,-18.00,-36.00,53.25,15.75,ORB2 TIME
2021-05-27,-1,09:47,10:31,13652.75,13704.6964285714,13704.45,13445.96,-52.70,-105.39,51.95,9.00,ORB2 STOP
2021-05-28,-1,10:28,11:43,13695.5,13746.1651785714,13745.92,13493.84,-51.42,-102.83,50.67,1.00,ORB2 STOP
2021-06-01,-1,09:48,15:56,13738.75,13658.25,13785.15,13553.14,79.75,159.50,10.50,146.00,ORB2 TIME
2021-06-02,1,09:45,13:24,13688,13643.34375,13643.59,13865.63,-45.41,-90.81,44.66,24.50,ORB2 STOP
2021-06-03,-1,09:45,10:10,13488.25,13530.0133928571,13529.76,13322.20,-42.51,-85.03,41.76,26.00,ORB2 STOP
2021-06-07,-1,10:16,12:15,13720.5,13760.1205357143,13759.87,13563.02,-40.37,-80.74,39.62,7.75,ORB2 STOP
2021-06-08,-1,09:52,15:56,13862.75,13810,13900.96,13709.91,52.00,104.00,12.00,120.75,ORB2 TIME
2021-06-09,1,09:45,09:51,13891.25,13853.1116071429,13853.36,14042.80,-38.89,-77.78,38.14,12.75,ORB2 STOP
2021-06-10,1,09:45,10:46,13922.5,13887.5,13887.75,14061.50,-35.75,-71.50,35.00,42.50,ORB2 STOP
2021-06-11,1,09:48,10:48,13973.5,13940.0848214286,13940.33,14106.16,-34.17,-68.33,33.42,12.00,ORB2 STOP
2021-06-14,1,09:45,15:56,14015.25,14110.25,13984.03,14140.14,94.25,188.50,26.75,102.25,ORB2 TIME
2021-06-15,1,09:45,10:03,14120.75,14089.7633928571,14090.01,14243.70,-31.74,-63.47,30.99,9.50,ORB2 STOP
2021-06-17,1,09:51,11:29,14029.25,14166.2142857143,13995.01,14166.21,136.21,272.43,8.50,136.96,ORB2 TARGET
2021-06-21,1,10:08,10:14,14072.5,14034.5535714286,14034.80,14223.29,-38.70,-77.39,37.95,7.00,ORB2 STOP
2021-06-22,1,10:31,15:56,14177,14266,14137.44,14335.25,88.25,176.50,30.50,102.25,ORB2 TIME
2021-06-23,1,09:45,11:04,14300,14260.3348214286,14260.58,14457.66,-40.42,-80.83,39.67,16.75,ORB2 STOP
2021-06-24,1,10:05,13:21,14386.5,14347.2723214286,14347.52,14542.41,-39.98,-79.96,39.23,35.50,ORB2 STOP
2021-06-25,-1,09:51,15:56,14361,14329.5,14399.03,14208.88,30.75,61.50,12.00,47.75,ORB2 TIME
2021-06-28,1,10:00,15:56,14458.75,14510.75,14422.52,14603.66,51.25,102.50,7.75,60.75,ORB2 TIME
2021-06-29,1,09:45,10:15,14525.5,14488.4330357143,14488.68,14672.77,-37.82,-75.63,37.07,4.00,ORB2 STOP
2021-06-30,1,09:47,09:58,14569,14533.3258928571,14533.58,14710.70,-36.42,-72.85,35.67,3.50,ORB2 STOP
2021-07-01,1,09:45,09:56,14564.75,14529.7767857143,14530.03,14703.64,-35.72,-71.45,34.97,5.25,ORB2 STOP
2021-07-06,1,10:05,10:34,14774,14739.2142857143,14739.46,14912.14,-35.54,-71.07,34.79,15.75,ORB2 STOP
2021-07-07,-1,10:03,15:56,14816.75,14803.75,14851.26,14678.71,12.25,24.50,29.25,90.50,ORB2 TIME
2021-07-08,-1,09:47,09:53,14567.75,14603.1607142857,14602.91,14427.11,-36.16,-72.32,35.41,27.75,ORB2 STOP
2021-07-09,1,09:49,15:56,14722.75,14821.75,14688.54,14859.57,98.25,196.50,32.50,109.25,ORB2 TIME
2021-07-12,-1,09:50,11:04,14823.75,14856.2991071429,14856.05,14694.55,-33.30,-66.60,32.55,21.50,ORB2 STOP
2021-07-13,1,09:46,14:03,14881.5,14850.7142857143,14850.96,15003.64,-31.54,-63.07,30.79,113.00,ORB2 STOP
2021-07-14,-1,09:49,09:58,14936,14966.5848214286,14966.33,14814.66,-31.33,-62.67,30.58,1.25,ORB2 STOP
2021-07-15,-1,10:28,10:34,14795.75,14827.2098214286,14826.96,14670.91,-32.21,-64.42,31.46,10.25,ORB2 STOP
2021-07-16,-1,09:46,15:02,14827.5,14695.5714285714,14860.48,14695.57,131.18,262.36,5.00,131.93,ORB2 TARGET
2021-07-19,1,09:46,09:50,14571.25,14535.6116071429,14535.86,14712.80,-36.39,-72.78,35.64,2.50,ORB2 STOP
2021-07-20,1,10:20,12:59,14601.5,14743.2142857143,14566.07,14743.21,140.96,281.93,20.25,141.71,ORB2 TARGET
2021-07-21,1,09:57,15:56,14747.5,14815.75,14709.06,14901.27,67.50,135.00,21.50,77.50,ORB2 TIME
2021-07-22,1,10:00,12:22,14895,14854.8482142857,14855.10,15054.61,-40.90,-81.80,40.15,28.25,ORB2 STOP
2021-07-23,1,10:16,15:56,14994.5,15100.5,14954.75,15153.52,105.25,210.50,10.75,123.00,ORB2 TIME
2021-07-26,1,09:46,15:56,15090.75,15111,15049.68,15255.04,19.50,39.00,16.00,43.50,ORB2 TIME
2021-07-27,-1,09:58,10:54,15049.75,14890.5,15089.56,14890.50,158.50,317.00,9.25,159.25,ORB2 TARGET
2021-07-29,1,09:46,10:10,15070,15027.5848214286,15027.83,15238.66,-43.17,-86.33,42.42,9.50,ORB2 STOP
2021-07-30,1,09:45,15:56,14921.75,14945.5,14880.69,15085.98,23.00,46.00,13.75,58.00,ORB2 TIME
2021-08-02,-1,09:45,10:13,14950.5,14992.2946428571,14992.04,14784.32,-42.54,-85.09,41.79,14.50,ORB2 STOP
2021-08-03,1,09:46,09:52,14998.75,14957.7053571429,14957.96,15161.93,-41.79,-83.59,41.04,10.00,ORB2 STOP
2021-08-04,1,09:46,09:53,15067,15024.7544642857,15025.00,15234.98,-43.00,-85.99,42.25,2.25,ORB2 STOP
2021-08-05,1,09:46,15:56,15115,15160.75,15074.48,15277.09,45.00,90.00,12.00,51.50,ORB2 TIME
2021-08-10,1,10:00,10:18,15154,15119.1116071429,15119.36,15292.55,-35.64,-71.28,34.89,3.25,ORB2 STOP
2021-08-11,-1,09:45,15:56,15061.25,15023,15096.29,14921.09,37.50,75.00,20.50,98.25,ORB2 TIME
2021-08-12,-1,09:45,09:52,14952,14988.4508928571,14988.20,14807.20,-37.20,-74.40,36.45,5.75,ORB2 STOP
2021-08-13,1,09:46,15:56,15095.5,15115.5,15059.90,15237.89,19.25,38.50,13.00,46.00,ORB2 TIME
2021-08-16,-1,09:47,10:31,15076.25,14935.3214285714,15111.48,14935.32,140.18,280.36,15.75,140.93,ORB2 TARGET
2021-08-17,1,09:46,09:52,15040.25,15006.7857142857,15007.04,15173.11,-34.21,-68.43,33.46,2.25,ORB2 STOP
2021-08-18,1,09:51,11:12,15011.25,14978.0089285714,14978.26,15143.21,-33.99,-67.98,33.24,25.75,ORB2 STOP
2021-08-19,1,10:01,11:48,14836,14974.6071428571,14801.35,14974.61,137.86,275.71,12.75,138.61,ORB2 TARGET
2021-08-20,1,09:45,15:56,14996.25,15091,14959.42,15143.55,94.00,188.00,8.25,101.75,ORB2 TIME
2021-08-23,1,09:46,15:56,15194.25,15304.5,15157.03,15343.13,109.50,219.00,5.25,143.75,ORB2 TIME
2021-08-24,1,10:08,15:56,15353.75,15347.25,15316.32,15503.48,-7.25,-14.50,23.50,26.50,ORB2 TIME
2021-08-25,-1,10:07,15:56,15360.5,15372.25,15397.15,15213.89,-12.50,-25.00,25.25,27.50,ORB2 TIME
2021-08-26,1,09:45,10:25,15360.25,15323.9821428571,15324.23,15504.32,-37.02,-74.04,36.27,4.50,ORB2 STOP
2021-08-27,1,10:00,10:01,15332.5,15296.1116071429,15296.36,15477.05,-37.14,-74.28,36.39,0.00,ORB2 STOP
2021-08-30,1,09:53,15:56,15516.75,15606.5,15479.01,15667.70,89.00,178.00,7.00,101.00,ORB2 TIME
2021-08-31,-1,09:54,11:18,15531,15568.9866071429,15568.74,15380.05,-38.74,-77.47,37.99,17.00,ORB2 STOP
2021-09-01,1,09:45,14:36,15673,15636.1026785714,15636.35,15819.59,-37.65,-75.29,36.90,25.00,ORB2 STOP
2021-09-02,1,09:45,10:00,15680.75,15644.8214285714,15645.07,15823.46,-36.68,-73.36,35.93,1.50,ORB2 STOP
2021-09-07,-1,09:51,10:38,15625.5,15660.6071428571,15660.36,15486.07,-35.86,-71.71,35.11,18.50,ORB2 STOP
2021-09-08,-1,09:57,10:11,15614,15647.9241071429,15647.67,15479.30,-34.67,-69.35,33.92,2.75,ORB2 STOP
2021-09-09,1,09:45,11:17,15670.25,15637.2410714286,15637.49,15801.29,-33.76,-67.52,33.01,6.25,ORB2 STOP
2021-09-10,-1,10:02,15:13,15636.75,15513.875,15667.47,15513.88,122.13,244.25,15.00,122.88,ORB2 TARGET
2021-09-13,-1,09:45,15:56,15451.25,15430.5,15483.63,15321.71,20.00,40.00,26.75,100.75,ORB2 TIME
2021-09-14,-1,09:50,15:56,15467.5,15377,15499.91,15337.88,89.75,179.50,28.00,115.25,ORB2 TIME
2021-09-15,-1,10:12,10:36,15338.5,15373.1383928571,15372.89,15200.95,-35.39,-70.78,34.64,24.00,ORB2 STOP
2021-09-16,-1,09:46,13:53,15422.5,15459.7008928571,15459.45,15274.70,-37.95,-75.90,37.20,53.75,ORB2 STOP
2021-09-20,1,09:45,09:51,15142.75,15104.40625,15104.66,15295.13,-39.09,-78.19,38.34,8.75,ORB2 STOP
2021-09-21,1,09:45,10:02,15098.25,15056.7366071429,15056.99,15263.30,-42.26,-84.53,41.51,33.50,ORB2 STOP
2021-09-23,1,09:46,15:56,15268.25,15306.75,15224.99,15441.30,37.75,75.50,8.25,78.50,ORB2 TIME
2021-09-24,1,09:59,15:56,15243,15315.5,15198.50,15421.02,71.75,143.50,38.00,91.00,ORB2 TIME
2021-09-27,1,11:04,11:27,15215,15170.0089285714,15170.26,15393.96,-45.74,-91.48,44.99,8.00,ORB2 STOP
2021-09-28,-1,09:45,13:03,14928.25,14747.0892857143,14973.54,14747.09,180.41,360.82,33.00,181.16,ORB2 TARGET
2021-09-29,1,09:49,11:30,14853,14803.9598214286,14804.21,15048.16,-49.79,-99.58,49.04,53.75,ORB2 STOP
2021-09-30,1,09:50,10:07,14872.25,14822.2767857143,14822.53,15071.14,-50.72,-101.45,49.97,6.50,ORB2 STOP
2021-10-01,-1,09:45,11:33,14630.5,14681.9419642857,14681.69,14425.73,-52.19,-104.38,51.44,93.50,ORB2 STOP
2021-10-04,-1,09:45,12:42,14589.75,14381.625,14641.78,14381.63,207.38,414.75,20.75,208.13,ORB2 TARGET
2021-10-05,1,09:49,15:56,14573.75,14661.5,14519.26,14791.71,87.00,174.00,19.50,180.75,ORB2 TIME
2021-10-06,-1,10:01,10:15,14511,14567.1607142857,14566.91,14287.36,-56.91,-113.82,56.16,27.50,ORB2 STOP
2021-10-07,1,09:59,15:52,14949.25,14891.7678571429,14892.02,15178.18,-58.23,-116.46,57.48,52.00,ORB2 STOP
2021-10-11,1,09:45,13:24,14827.25,14773.75,14774.00,15040.25,-54.25,-108.50,53.50,69.50,ORB2 STOP
2021-10-12,-1,09:45,15:56,14688.75,14651.5,14742.77,14472.68,36.50,73.00,44.00,67.75,ORB2 TIME
2021-10-13,-1,09:50,14:02,14717.5,14770.7946428571,14770.54,14505.32,-54.04,-108.09,53.29,56.25,ORB2 STOP
2021-10-14,1,09:47,15:56,14951.25,15028.25,14898.74,15161.29,76.25,152.50,17.25,97.25,ORB2 TIME
2021-10-15,-1,10:29,10:59,15049,15102.0044642857,15101.75,14837.98,-53.75,-107.51,53.00,4.50,ORB2 STOP
2021-10-18,1,09:45,15:56,15118,15289.25,15066.19,15325.25,170.50,341.00,12.75,175.50,ORB2 TIME
2021-10-19,1,09:48,15:56,15354.75,15391,15303.78,15558.64,35.50,71.00,43.25,49.00,ORB2 TIME
2021-10-20,1,09:50,10:03,15435.5,15385.9598214286,15386.21,15632.66,-50.29,-100.58,49.54,5.50,ORB2 STOP
2021-10-21,1,09:45,15:56,15379.25,15470.5,15331.32,15570.98,90.50,181.00,8.25,93.00,ORB2 TIME
2021-10-22,-1,09:48,10:29,15404.25,15450.0848214286,15449.83,15221.91,-46.58,-93.17,45.83,18.75,ORB2 STOP
2021-10-25,1,11:53,15:56,15432.75,15487.25,15390.06,15603.50,53.75,107.50,6.25,110.00,ORB2 TIME
2021-10-26,1,10:01,11:35,15658.5,15616.2321428571,15616.48,15826.57,-43.02,-86.04,42.27,42.50,ORB2 STOP
2021-10-27,1,09:45,10:05,15626.25,15585.46875,15585.72,15788.38,-41.53,-83.06,40.78,21.75,ORB2 STOP
2021-10-28,1,09:46,15:56,15687.5,15753.5,15646.67,15850.84,65.25,130.50,38.25,73.75,ORB2 TIME
2021-10-29,1,09:45,15:56,15683.5,15836.5,15642.95,15845.70,152.25,304.50,24.25,158.75,ORB2 TIME
2021-11-01,-1,09:49,11:23,15804.5,15845.8482142857,15845.60,15640.11,-42.10,-84.20,41.35,35.75,ORB2 STOP
2021-11-02,1,09:45,10:13,15950.25,15909.3973214286,15909.65,16112.66,-41.60,-83.21,40.85,18.00,ORB2 STOP
2021-11-04,1,09:45,14:46,16205.75,16370.6071428571,16164.54,16370.61,164.11,328.21,3.25,164.86,ORB2 TARGET
2021-11-08,-1,09:53,14:17,16332,16374.1830357143,16373.93,16164.27,-42.93,-85.87,42.18,29.50,ORB2 STOP
2021-11-09,-1,09:47,12:06,16353.75,16186.7142857143,16395.51,16186.71,166.29,332.57,16.75,167.04,ORB2 TARGET
2021-11-10,1,09:45,13:05,16126.25,16082.3794642857,16082.63,16300.73,-44.62,-89.24,43.87,93.25,ORB2 STOP
2021-11-11,-1,10:16,15:56,16053.25,16024.75,16099.95,15866.46,27.75,55.50,43.75,47.00,ORB2 TIME
2021-11-12,-1,09:48,10:02,16006.75,16052.1651785714,16051.92,15826.09,-46.17,-92.33,45.42,5.00,ORB2 STOP
2021-11-15,-1,09:50,15:56,16211,16172.5,16256.01,16030.96,37.75,75.50,20.75,128.25,ORB2 TIME
2021-11-16,1,10:16,10:30,16252.25,16207.4776785714,16207.73,16430.34,-45.52,-91.04,44.77,8.00,ORB2 STOP
2021-11-17,-1,09:51,10:40,16292.25,16337.3035714286,16337.05,16113.04,-45.80,-91.61,45.05,22.50,ORB2 STOP
2021-11-18,1,09:46,10:11,16402.75,16357.8258928571,16358.08,16581.45,-45.67,-91.35,44.92,19.00,ORB2 STOP
2021-11-19,1,09:45,15:56,16564.25,16567.5,16520.13,16740.71,2.50,5.00,30.50,64.25,ORB2 TIME
2021-11-22,1,09:45,11:06,16711,16666.9508928571,16667.20,16886.20,-44.80,-89.60,44.05,56.50,ORB2 STOP
2021-11-23,1,09:46,10:07,16378.25,16329.2901785714,16329.54,16573.09,-49.71,-99.42,48.96,40.50,ORB2 STOP
2021-11-24,-1,09:46,09:53,16113.75,16164.3035714286,16164.05,15912.54,-51.30,-102.61,50.55,11.75,ORB2 STOP
2021-11-29,-1,09:46,09:49,16209.75,16261.1071428571,16260.86,16005.32,-52.11,-104.21,51.36,1.75,ORB2 STOP
2021-11-30,1,09:45,10:47,16372.5,16319.8303571429,16320.08,16582.18,-53.42,-106.84,52.67,84.00,ORB2 STOP
2021-12-01,1,10:01,10:41,16354.25,16296.2857142857,16296.54,16585.11,-58.71,-117.43,57.96,23.25,ORB2 STOP
2021-12-02,1,09:48,10:11,15978.75,15914.75,15915.00,16233.75,-64.75,-129.50,64.00,48.25,ORB2 STOP
2021-12-06,1,10:15,10:44,15761,15689.3214285714,15689.57,16046.71,-72.43,-144.86,71.68,27.00,ORB2 STOP
2021-12-07,1,09:45,15:56,16179.5,16295.5,16105.82,16474.21,115.25,230.50,19.00,164.75,ORB2 TIME
2021-12-08,1,09:45,10:48,16334.25,16259.3526785714,16259.60,16632.84,-75.65,-151.29,74.90,22.75,ORB2 STOP
2021-12-09,1,09:45,09:56,16413.75,16339.3660714286,16339.62,16710.29,-75.13,-150.27,74.38,0.50,ORB2 STOP
2021-12-10,-1,09:45,15:51,16240.25,16317.2410714286,16316.99,15933.29,-77.74,-155.48,76.99,106.75,ORB2 STOP
2021-12-13,-1,09:53,15:56,16267.5,16106,16344.29,15960.34,160.75,321.50,44.50,179.25,ORB2 TIME
2021-12-14,1,09:45,10:01,15992.75,15912.9910714286,15913.24,16310.79,-80.51,-161.02,79.76,7.25,ORB2 STOP
2021-12-16,-1,09:52,14:15,16215.25,15888.2857142857,16296.99,15888.29,326.21,652.43,33.50,326.96,ORB2 TARGET
2021-12-20,1,09:55,10:32,15642.75,15555.7767857143,15556.03,15989.64,-87.72,-175.45,86.97,15.75,ORB2 STOP
2021-12-21,-1,09:45,11:43,15707.25,15793.0982142857,15792.85,15364.86,-86.60,-173.20,85.85,102.00,ORB2 STOP
2021-12-22,1,09:45,15:56,16012.5,16157,15927.02,16354.43,143.75,287.50,63.00,145.75,ORB2 TIME
2021-12-23,1,09:59,15:56,16237.25,16324.75,16157.59,16555.89,86.75,173.50,12.00,118.50,ORB2 TIME
2021-12-27,1,10:01,15:56,16448.5,16559.25,16371.05,16758.29,110.00,220.00,7.50,114.00,ORB2 TIME
2021-12-28,-1,10:09,15:56,16520.5,16479.75,16591.99,16234.55,40.00,80.00,64.25,67.25,ORB2 TIME
2021-12-29,-1,09:45,15:56,16491.75,16506.5,16560.03,16218.63,-15.50,-31.00,39.75,104.00,ORB2 TIME
2021-12-30,1,10:05,15:46,16518.25,16450.8571428571,16451.11,16786.82,-68.14,-136.29,67.39,49.25,ORB2 STOP
2021-12-31,-1,09:47,15:56,16405.75,16317.75,16473.08,16136.45,87.25,174.50,25.00,90.50,ORB2 TIME
2022-01-03,-1,09:47,11:01,16378.25,16443.6071428571,16443.36,16117.82,-66.11,-132.21,65.36,86.75,ORB2 STOP
2022-01-04,-1,09:50,11:01,16467,16206.2857142857,16532.18,16206.29,259.96,519.93,7.50,260.71,ORB2 TARGET
2022-01-05,1,09:52,10:34,16217,16149.6428571429,16149.89,16485.43,-68.11,-136.21,67.36,30.75,ORB2 STOP
2022-01-06,-1,10:03,10:26,15671.75,15743.1651785714,15742.92,15387.09,-72.17,-144.33,71.42,73.25,ORB2 STOP
2022-01-10,-1,09:45,13:24,15289.5,15352.2455357143,15352.00,15039.52,-63.50,-126.99,62.75,137.00,ORB2 STOP
2022-01-11,1,10:03,10:42,15594.25,15526.1919642857,15526.44,15865.48,-68.81,-137.62,68.06,58.25,ORB2 STOP
2022-01-12,-1,09:47,10:00,15894.25,15962.0178571429,15961.77,15624.18,-68.52,-137.04,67.77,9.75,ORB2 STOP
2022-01-13,-1,10:01,12:21,15914,15646.1785714286,15980.96,15646.18,267.07,534.14,13.00,267.82,ORB2 TARGET
2022-01-14,1,09:45,10:38,15536.25,15462.9419642857,15463.19,15828.48,-74.06,-148.12,73.31,64.75,ORB2 STOP
2022-01-18,1,10:06,11:02,15374.5,15301.0401785714,15301.29,15667.34,-74.21,-148.42,73.46,60.50,ORB2 STOP
2022-01-19,1,09:46,10:33,15340.25,15264.8973214286,15265.15,15640.66,-76.10,-152.21,75.35,32.00,ORB2 STOP
2022-01-20,1,09:45,13:34,15258.5,15179.8258928571,15180.08,15572.20,-79.42,-158.85,78.67,82.00,ORB2 STOP
2022-01-21,-1,09:53,10:37,14667.25,14752.4821428571,14752.23,14327.32,-85.98,-171.96,85.23,135.00,ORB2 STOP
2022-01-24,-1,09:45,12:14,14116.5,13755.6607142857,14206.71,13755.66,360.09,720.18,83.75,360.84,ORB2 TARGET
2022-01-25,-1,09:45,14:14,14183.75,14285.0848214286,14284.83,13779.41,-102.08,-204.17,101.33,169.00,ORB2 STOP
2022-01-27,1,09:45,10:32,14354.25,14249.5044642857,14249.75,14772.23,-105.50,-210.99,104.75,55.50,ORB2 STOP
2022-01-28,-1,09:45,10:19,13892.75,14000.4464285714,14000.20,13462.96,-108.45,-216.89,107.70,32.25,ORB2 STOP
2022-01-31,1,09:52,15:56,14584.25,14886.75,14472.17,15032.59,301.75,603.50,33.50,327.50,ORB2 TIME
2022-02-01,-1,10:00,11:14,14786.75,14899.6919642857,14899.44,14335.98,-113.69,-227.38,112.94,57.50,ORB2 STOP
2022-02-02,-1,09:46,15:56,15062.75,15133.5,15174.12,14617.29,-71.50,-143.00,106.00,121.50,ORB2 TIME
2022-02-03,1,10:19,11:57,14799.5,14687.4464285714,14687.70,15246.71,-112.80,-225.61,112.05,43.50,ORB2 STOP
2022-02-07,1,09:51,11:10,14782.5,14670.0044642857,14670.25,15231.48,-113.25,-226.49,112.50,24.00,ORB2 STOP
2022-02-08,-1,10:00,10:54,14500.75,14613.7991071429,14613.55,14049.55,-113.80,-227.60,113.05,33.00,ORB2 STOP
2022-02-09,-1,09:48,14:07,14888.25,15000.59375,15000.34,14439.88,-113.09,-226.19,112.34,35.75,ORB2 STOP
2022-02-10,1,09:50,13:36,14855.5,14749.09375,14749.34,15280.13,-107.16,-214.31,106.41,173.50,ORB2 STOP
2022-02-11,1,09:46,09:59,14750.75,14644.9955357143,14645.25,15172.77,-106.50,-213.01,105.75,16.00,ORB2 STOP
2022-02-14,1,09:49,13:54,14288.5,14186.8482142857,14187.10,14694.11,-102.40,-204.80,101.65,105.50,ORB2 STOP
2022-02-15,-1,09:50,10:50,14446,14545.9598214286,14545.71,14047.16,-100.71,-201.42,99.96,1.00,ORB2 STOP
2022-02-16,-1,09:45,14:22,14430.25,14521.6651785714,14521.42,14065.59,-92.17,-184.33,91.42,49.25,ORB2 STOP
2022-02-17,-1,09:46,15:56,14448.5,14176,14536.12,14098.02,271.75,543.50,8.00,305.25,ORB2 TIME
2022-02-18,1,09:55,10:08,14218.5,14134.6428571429,14134.89,14552.93,-84.61,-169.21,83.86,2.75,ORB2 STOP
2022-02-22,1,09:45,11:17,13987.25,13906.6607142857,13906.91,14308.61,-81.34,-162.68,80.59,121.50,ORB2 STOP
2022-02-23,-1,09:50,14:29,13941.25,13612.25,14023.50,13612.25,328.25,656.50,20.00,329.00,ORB2 TARGET
2022-02-24,1,09:49,13:50,13304.75,13655.1428571429,13217.15,13655.14,349.64,699.29,58.25,350.39,ORB2 TARGET
2022-02-25,-1,09:59,10:24,13871.25,13968.7098214286,13968.46,13482.41,-98.21,-196.42,97.46,39.25,ORB2 STOP
2022-02-28,1,09:54,14:09,14113.5,14016.6160714286,14016.87,14500.04,-97.63,-195.27,96.88,179.00,ORB2 STOP
2022-03-01,1,10:00,10:11,14253.75,14156.8303571429,14157.08,14640.43,-97.67,-195.34,96.92,6.25,ORB2 STOP
2022-03-02,1,09:47,10:09,14111.75,14013.6696428571,14013.92,14503.07,-98.83,-197.66,98.08,18.00,ORB2 STOP
2022-03-03,-1,09:48,15:56,14271.75,14018.25,14372.29,13869.61,252.75,505.50,21.50,316.75,ORB2 TIME
2022-03-07,-1,09:46,15:18,13744,13365.5178571429,13838.62,13365.52,377.73,755.46,30.75,378.48,ORB2 TARGET
2022-03-08,-1,10:00,10:59,13221.25,13321.0178571429,13320.77,12823.18,-100.52,-201.04,99.77,97.25,ORB2 STOP
2022-03-09,-1,09:52,10:03,13524.25,13630.4508928571,13630.20,13100.45,-106.95,-213.90,106.20,27.75,ORB2 STOP
2022-03-10,1,09:57,10:35,13579.25,13472.4196428571,13472.67,14005.57,-107.58,-215.16,106.83,32.25,ORB2 STOP
2022-03-11,-1,09:54,15:56,13605.5,13321.5,13710.05,13187.29,283.25,566.50,17.00,300.00,ORB2 TIME
2022-03-14,1,09:48,11:39,13329.25,13222.1830357143,13222.43,13756.52,-107.82,-215.63,107.07,63.75,ORB2 STOP
2022-03-15,-1,09:46,09:59,13093.5,13200.2410714286,13199.99,12667.54,-107.49,-214.98,106.74,2.50,ORB2 STOP
2022-03-17,1,09:45,15:56,13905.25,14093,13808.93,14290.54,187.00,374.00,59.00,211.50,ORB2 TIME
2022-03-21,-1,09:52,11:59,14358.5,14454.15625,14453.91,13976.88,-96.41,-192.81,95.66,130.50,ORB2 STOP
2022-03-22,1,10:00,15:56,14489.25,14638.5,14394.10,14869.86,148.50,297.00,21.25,202.75,ORB2 TIME
2022-03-23,-1,09:45,10:15,14470.5,14564.9107142857,14564.66,14093.86,-95.16,-190.32,94.41,9.75,ORB2 STOP
2022-03-24,-1,09:50,11:02,14471.75,14564.3526785714,14564.10,14102.34,-93.35,-186.71,92.60,38.50,ORB2 STOP
2022-03-25,-1,09:57,10:44,14713.5,14804.9508928571,14804.70,14348.70,-92.20,-184.40,91.45,19.00,ORB2 STOP
2022-03-28,1,09:55,10:21,14884.75,14793.78125,14794.03,15247.63,-91.72,-183.44,90.97,27.50,ORB2 STOP
2022-03-29,-1,09:48,14:49,15136.5,15222.4866071429,15222.24,14793.55,-86.74,-173.47,85.99,103.50,ORB2 STOP
2022-03-30,1,09:48,11:09,15198,15117.5714285714,15117.82,15518.71,-81.18,-162.36,80.43,37.00,ORB2 STOP
2022-03-31,-1,09:46,10:47,14987,15066.0669642857,15065.82,14671.73,-79.82,-159.63,79.07,21.00,ORB2 STOP
2022-04-04,1,09:45,15:56,14995.5,15145.5,14920.87,15294.02,149.25,298.50,22.25,164.00,ORB2 TIME
2022-04-05,-1,09:51,15:51,15079.25,14787.6607142857,15152.15,14787.66,290.84,581.68,21.50,291.59,ORB2 TARGET
2022-04-06,-1,09:45,14:03,14533.75,14606.1383928571,14605.89,14245.20,-73.14,-146.28,72.39,113.25,ORB2 STOP
2022-04-07,1,10:00,10:13,14578,14509.8348214286,14510.08,14849.66,-68.92,-137.83,68.17,30.25,ORB2 STOP
2022-04-08,-1,09:45,10:53,14363.5,14431.8883928571,14431.64,14090.95,-69.14,-138.28,68.39,51.25,ORB2 STOP
2022-04-11,1,09:46,10:19,14178.25,14111.5669642857,14111.82,14443.98,-67.43,-134.87,66.68,18.75,ORB2 STOP
2022-04-12,1,09:47,10:39,14202.5,14137.6919642857,14137.94,14460.73,-65.56,-131.12,64.81,75.25,ORB2 STOP
2022-04-13,1,09:45,15:56,14030,14222,13962.65,14299.41,191.25,382.50,36.50,236.75,ORB2 TIME
2022-04-14,-1,09:45,15:56,14133.5,13899,14201.04,13863.36,233.75,467.50,18.25,242.50,ORB2 TIME
2022-04-18,-1,09:53,10:04,13848.75,13918.7901785714,13918.54,13569.59,-70.79,-141.58,70.04,21.75,ORB2 STOP
2022-04-19,1,09:47,15:14,13928.75,14202.8571428571,13860.22,14202.86,273.36,546.71,26.25,274.11,ORB2 TARGET
2022-04-20,-1,09:45,15:56,14123.5,14002.75,14195.08,13837.18,120.00,240.00,25.25,165.25,ORB2 TIME
2022-04-21,-1,10:07,13:18,14163.25,13870.6071428571,14236.41,13870.61,291.89,583.79,29.25,292.64,ORB2 TARGET
2022-04-22,-1,10:20,15:56,13615.25,13362.75,13694.88,13296.71,251.75,503.50,57.25,258.50,ORB2 TIME
2022-04-25,-1,09:45,09:51,13261.5,13345.5089285714,13345.26,12926.46,-84.76,-169.52,84.01,26.00,ORB2 STOP
2022-04-26,-1,09:45,15:56,13317.5,13053,13401.71,12980.68,263.75,527.50,34.75,286.50,ORB2 TIME
2022-04-27,1,09:45,10:04,13204.75,13118.71875,13118.97,13547.88,-86.78,-173.56,86.03,50.25,ORB2 STOP
2022-04-28,-1,09:48,11:16,13116.5,13203.7366071429,13203.49,12768.55,-87.99,-175.97,87.24,83.00,ORB2 STOP
2022-04-29,1,09:55,10:18,13374.5,13283.8169642857,13284.07,13736.23,-91.43,-182.87,90.68,59.00,ORB2 STOP
2022-05-02,1,09:48,10:11,12936.25,12838.1696428571,12838.42,13327.57,-98.83,-197.66,98.08,37.50,ORB2 STOP
2022-05-03,-1,09:45,10:00,12989.25,13090.1964285714,13089.95,12586.46,-101.70,-203.39,100.95,21.25,ORB2 STOP
2022-05-05,-1,09:45,12:01,13247,12833.7678571429,13350.31,12833.77,412.48,824.96,13.75,413.23,ORB2 TARGET
2022-05-09,-1,10:00,15:56,12419,12198.25,12530.79,11971.84,220.00,440.00,45.50,287.50,ORB2 TIME
2022-05-10,-1,09:45,10:04,12393.75,12506.09375,12505.84,11945.38,-113.09,-226.19,112.34,56.75,ORB2 STOP
2022-05-11,1,09:45,11:18,12346,12232.4821428571,12232.73,12799.07,-114.27,-228.54,113.52,132.50,ORB2 STOP
2022-05-12,1,09:47,10:01,11875,11762.6026785714,11762.85,12323.59,-113.15,-226.29,112.40,32.75,ORB2 STOP
2022-05-13,1,09:45,15:56,12198,12348.25,12085.75,12647.02,149.50,299.00,33.50,234.00,ORB2 TIME
2022-05-16,-1,09:46,10:17,12236.75,12350.3125,12350.06,11783.50,-114.31,-228.63,113.56,33.50,ORB2 STOP
2022-05-17,-1,09:48,15:07,12456.75,12566.15625,12565.91,12020.13,-110.16,-220.31,109.41,124.75,ORB2 STOP
2022-05-18,-1,09:50,15:56,12307.75,11928.5,12415.52,11876.68,378.50,757.00,52.75,419.75,ORB2 TIME
2022-05-19,-1,09:45,10:03,11864.25,11972.3214285714,11972.07,11432.96,-108.82,-217.64,108.07,68.75,ORB2 STOP
2022-05-20,-1,10:07,12:47,11945.25,11536.8392857143,12047.35,11536.84,407.66,815.32,20.25,408.41,ORB2 TARGET
2022-05-23,1,09:45,10:01,11929.5,11823.7723214286,11824.02,12351.41,-106.48,-212.96,105.73,47.75,ORB2 STOP
2022-05-24,-1,09:45,15:56,11742,11758.25,11848.45,11316.21,-17.00,-34.00,89.75,165.75,ORB2 TIME
2022-05-25,1,09:45,15:56,11845,11940.5,11745.73,12242.09,94.75,189.50,92.00,188.25,ORB2 TIME
2022-05-26,1,09:47,15:56,12059.5,12281,11965.89,12433.93,220.75,441.50,34.75,284.00,ORB2 TIME
2022-05-27,1,09:54,15:56,12514.25,12653.5,12420.03,12891.14,138.50,277.00,18.25,145.75,ORB2 TIME
2022-05-31,-1,10:01,10:32,12520,12611.9241071429,12611.67,12153.30,-92.67,-185.35,91.92,40.00,ORB2 STOP
2022-06-01,1,09:53,10:08,12814.5,12724.1651785714,12724.42,13174.84,-91.08,-182.17,90.33,8.75,ORB2 STOP
2022-06-02,1,09:46,15:56,12548,12883.75,12460.98,12896.09,335.00,670.00,59.50,344.25,ORB2 TIME
2022-06-06,-1,09:48,10:01,12692.25,12777.2901785714,12777.04,12353.09,-85.79,-171.58,85.04,19.00,ORB2 STOP
2022-06-07,1,09:45,15:56,12526.75,12729,12440.77,12870.66,201.50,403.00,35.25,213.75,ORB2 TIME
2022-06-08,1,09:48,12:40,12723.5,12635.8125,12636.06,13073.25,-88.44,-176.88,87.69,60.00,ORB2 STOP
2022-06-09,1,09:51,13:44,12598.75,12516.5491071429,12516.80,12926.55,-82.95,-165.90,82.20,74.50,ORB2 STOP
2022-06-10,-1,09:52,15:56,11971,11864.25,12055.12,11634.52,106.00,212.00,17.00,148.25,ORB2 TIME
2022-06-13,-1,10:10,15:56,11463.5,11307.25,11542.36,11148.07,155.50,311.00,66.00,209.00,ORB2 TIME
2022-06-14,-1,10:20,10:51,11263.5,11343.5044642857,11343.25,10944.48,-80.75,-161.51,80.00,24.50,ORB2 STOP
2022-06-16,-1,09:54,15:56,11227.25,11099.5,11307.76,10905.21,127.00,254.00,30.75,190.25,ORB2 TIME
2022-06-21,1,09:56,15:56,11602.75,11583,11525.20,11912.96,-20.50,-41.00,26.25,75.75,ORB2 TIME
2022-06-22,1,09:45,15:56,11527.25,11597.75,11451.10,11831.86,69.75,139.50,22.25,219.25,ORB2 TIME
2022-06-23,-1,09:52,09:59,11560.5,11637.1116071429,11636.86,11255.05,-77.36,-154.72,76.61,17.50,ORB2 STOP
2022-06-24,1,09:45,15:56,11959.75,12115,11885.96,12254.89,154.50,309.00,18.50,158.75,ORB2 TIME
2022-06-27,-1,09:45,10:05,12047.5,12118.9151785714,12118.67,11762.84,-72.17,-144.33,71.42,27.25,ORB2 STOP
2022-06-28,-1,10:06,12:05,12047,11763,12118.00,11763.00,283.25,566.50,13.00,284.00,ORB2 TARGET
2022-06-29,-1,09:45,09:51,11573.25,11648.5982142857,11648.35,11272.86,-76.10,-152.20,75.35,9.25,ORB2 STOP
2022-06-30,-1,09:46,11:10,11435,11507.7857142857,11507.54,11144.86,-73.54,-147.07,72.79,84.25,ORB2 STOP
2022-07-01,1,09:46,10:19,11535.75,11460.6428571429,11460.89,11835.18,-75.86,-151.71,75.11,82.25,ORB2 STOP
2022-07-05,1,09:47,14:37,11466.25,11753.2142857143,11394.51,11753.21,286.21,572.43,61.00,287.00,ORB2 TARGET
2022-07-06,-1,09:46,09:58,11766.25,11841.0669642857,11840.82,11467.98,-75.57,-151.13,74.82,12.50,ORB2 STOP
2022-07-07,1,09:45,15:56,12023.25,12134.5,11950.46,12314.39,110.50,221.00,33.00,145.50,ORB2 TIME
2022-07-11,-1,09:49,10:42,11890,11960.25,11960.00,11610.00,-71.00,-142.00,70.25,37.00,ORB2 STOP
2022-07-12,-1,09:46,15:56,11928.25,11786,11997.01,11653.21,141.50,283.00,31.25,216.25,ORB2 TIME
2022-07-13,1,09:48,15:56,11660.75,11777,11590.01,11943.70,115.50,231.00,62.75,193.75,ORB2 TIME
2022-07-14,-1,10:01,11:01,11547.5,11619.0580357143,11618.81,11262.27,-72.31,-144.62,71.56,36.50,ORB2 STOP
2022-07-15,-1,09:45,10:01,11915,11988.3348214286,11988.08,11622.66,-74.08,-148.17,73.33,61.50,ORB2 STOP
2022-07-18,1,09:46,13:34,12158.25,12087.6071428571,12087.86,12439.82,-71.39,-142.79,70.64,28.50,ORB2 STOP
2022-07-19,-1,09:46,10:00,12000.25,12072.8526785714,12072.60,11710.84,-73.35,-146.71,72.60,7.75,ORB2 STOP
2022-07-20,1,09:45,15:56,12333,12467.75,12264.47,12607.13,134.00,268.00,61.00,184.50,ORB2 TIME
2022-07-21,1,09:54,10:07,12513.5,12443.3526785714,12443.60,12793.09,-70.90,-141.79,70.15,27.75,ORB2 STOP
2022-07-22,1,09:49,10:00,12649.25,12580.2142857143,12580.46,12924.39,-69.79,-139.57,69.04,47.75,ORB2 STOP
2022-07-25,-1,10:06,15:56,12356.75,12339.5,12427.75,12072.75,16.50,33.00,50.00,90.25,ORB2 TIME
2022-07-26,-1,09:45,15:56,12216.25,12125,12282.83,11949.95,90.50,181.00,43.75,141.50,ORB2 TIME
2022-07-28,-1,09:45,11:02,12514.5,12584.1651785714,12583.92,12236.84,-70.42,-140.83,69.67,65.25,ORB2 STOP
2022-07-29,1,09:45,11:29,12865,12793.8526785714,12794.10,13148.59,-71.90,-143.79,71.15,65.50,ORB2 STOP
2022-08-01,1,09:49,15:56,12964,12951.5,12892.05,13251.79,-13.25,-26.50,66.50,144.50,ORB2 TIME
2022-08-02,1,09:45,09:56,12943.25,12872.0580357143,12872.31,13227.02,-71.94,-143.88,71.19,13.50,ORB2 STOP
2022-08-03,1,09:51,15:56,13090.25,13287.5,13020.29,13370.09,196.50,393.00,29.50,220.25,ORB2 TIME
2022-08-04,1,09:45,10:17,13328.75,13258.5848214286,13258.83,13608.41,-70.92,-141.83,70.17,10.25,ORB2 STOP
2022-08-08,1,09:45,11:16,13376.25,13307.9017857143,13308.15,13648.64,-69.10,-138.20,68.35,43.25,ORB2 STOP
2022-08-09,-1,09:53,15:56,13036.75,13030.75,13104.96,12763.93,5.25,10.50,30.75,73.50,ORB2 TIME
2022-08-10,-1,10:19,10:52,13268,13334.4464285714,13334.20,13003.21,-67.20,-134.39,66.45,30.50,ORB2 STOP
2022-08-11,1,10:00,11:06,13513.75,13449.1205357143,13449.37,13771.27,-65.38,-130.76,64.63,62.00,ORB2 STOP
2022-08-12,1,09:45,10:01,13432.5,13368.96875,13369.22,13685.63,-64.28,-128.56,63.53,3.50,ORB2 STOP
2022-08-15,1,09:54,10:22,13606.75,13542.3928571429,13542.64,13863.18,-65.11,-130.21,64.36,28.25,ORB2 STOP
2022-08-16,-1,09:48,11:55,13607.75,13671.2946428571,13671.04,13354.57,-64.29,-128.59,63.54,85.00,ORB2 STOP
2022-08-17,-1,10:14,14:04,13484.25,13544.2946428571,13544.04,13245.07,-60.79,-121.59,60.04,78.00,ORB2 STOP
2022-08-18,1,09:45,10:01,13498.25,13440.0892857143,13440.34,13729.89,-58.91,-117.82,58.16,4.25,ORB2 STOP
2022-08-19,-1,09:45,15:56,13340.5,13265,13396.35,13117.09,74.75,149.50,8.75,113.50,ORB2 TIME
2022-08-22,-1,09:49,15:56,13021.25,12908.25,13076.05,12802.05,112.25,224.50,28.00,145.75,ORB2 TIME
2022-08-23,1,09:50,10:57,12952.25,12898.28125,12898.53,13167.13,-54.72,-109.44,53.97,66.75,ORB2 STOP
2022-08-24,1,09:51,15:56,12907.25,12940.5,12856.54,13110.11,32.50,65.00,31.00,104.75,ORB2 TIME
2022-08-25,-1,09:50,09:56,12966.25,13017.1651785714,13016.92,12763.59,-51.67,-103.33,50.92,4.25,ORB2 STOP
2022-08-26,-1,09:46,10:10,13116,13166.46875,13166.22,12915.13,-51.22,-102.44,50.47,124.00,ORB2 STOP
2022-08-29,1,10:17,10:34,12606,12550.46875,12550.72,12827.13,-56.28,-112.56,55.53,4.00,ORB2 STOP
2022-08-30,-1,09:45,10:48,12500.5,12278.4464285714,12556.01,12278.45,221.30,442.61,28.25,222.25,ORB2 TARGET
2022-08-31,1,09:45,10:05,12492,12433.2142857143,12433.46,12726.14,-59.54,-119.07,58.79,21.00,ORB2 STOP
2022-09-01,-1,10:02,14:33,12140,12197.8169642857,12197.57,11909.73,-58.57,-117.13,57.82,121.75,ORB2 STOP
2022-09-06,-1,09:46,11:43,12076.5,12139.8214285714,12139.57,11824.21,-64.07,-128.14,63.32,146.50,ORB2 STOP
2022-09-07,1,09:48,10:01,12125.75,12062.0491071429,12062.30,12379.55,-64.45,-128.90,63.70,2.00,ORB2 STOP
2022-09-08,1,09:45,12:11,12223.25,12158.3571428571,12158.61,12481.82,-65.64,-131.29,64.89,156.25,ORB2 STOP
2022-09-09,1,09:47,15:56,12481.25,12598.25,12414.65,12747.64,116.25,232.50,27.75,133.00,ORB2 TIME
2022-09-12,1,09:48,15:56,12699.5,12730.75,12632.90,12965.91,30.50,61.00,62.00,56.50,ORB2 TIME
2022-09-13,-1,09:56,15:33,12321.25,12061.8392857143,12386.10,12061.84,258.66,517.32,12.75,259.41,ORB2 TARGET
2022-09-14,1,09:45,10:28,12105.25,12035.3169642857,12035.57,12383.98,-70.68,-141.37,69.93,29.50,ORB2 STOP
2022-09-15,1,09:45,10:30,12100.75,12030.8214285714,12031.07,12379.46,-70.68,-141.36,69.93,54.75,ORB2 STOP
2022-09-19,1,09:45,15:56,11905.5,12011.75,11834.22,12190.61,105.50,211.00,57.25,125.75,ORB2 TIME
2022-09-20,1,10:08,13:30,11947.5,11882.5223214286,11882.77,12206.41,-65.73,-131.46,64.98,75.50,ORB2 STOP
2022-09-22,-1,09:51,15:15,11583.5,11650.7723214286,11650.52,11315.41,-68.02,-136.04,67.27,73.50,ORB2 STOP
2022-09-23,-1,09:45,15:56,11384.25,11350.5,11450.17,11120.57,33.00,66.00,49.25,155.50,ORB2 TIME
2022-09-26,1,09:50,11:11,11461.75,11396.28125,11396.53,11722.63,-66.22,-132.44,65.47,76.00,ORB2 STOP
2022-09-27,-1,10:00,15:56,11460.75,11348.75,11522.81,11212.52,111.25,222.50,43.25,227.25,ORB2 TIME
2022-09-28,1,09:49,10:10,11344,11279.9866071429,11280.24,11599.05,-64.76,-129.53,64.01,29.00,ORB2 STOP
2022-09-29,-1,09:45,15:56,11263.5,11214,11328.51,11003.46,48.75,97.50,24.25,172.00,ORB2 TIME
2022-09-30,1,09:53,13:38,11245.75,11179.6383928571,11179.89,11509.20,-66.86,-133.72,66.11,111.25,ORB2 STOP
2022-10-03,1,09:47,15:56,11127.75,11282,11059.50,11400.77,153.50,307.00,57.75,230.00,ORB2 TIME
2022-10-04,1,09:46,15:56,11574.75,11635,11502.94,11862.00,59.50,119.00,50.75,101.50,ORB2 TIME
2022-10-05,-1,10:00,12:18,11464,11531.3928571429,11531.14,11195.43,-68.14,-136.29,67.39,96.00,ORB2 STOP
2022-10-06,-1,10:01,11:23,11589,11659.6696428571,11659.42,11307.32,-71.42,-142.84,70.67,62.50,ORB2 STOP
2022-10-10,-1,09:53,15:56,11020.75,11003.75,11091.13,10739.23,16.25,32.50,47.50,144.00,ORB2 TIME
2022-10-11,-1,09:47,11:34,10859.25,10930.8526785714,10930.60,10573.84,-72.35,-144.71,71.60,70.75,ORB2 STOP
2022-10-12,1,09:45,10:06,10932.25,10863.5625,10863.81,11206.00,-69.44,-138.88,68.69,13.25,ORB2 STOP
2022-10-13,1,09:46,11:18,10554.5,10825.7321428571,10486.69,10825.73,270.48,540.96,28.25,271.23,ORB2 TARGET
2022-10-14,-1,09:45,12:13,11099,10798.1071428571,11174.22,10798.11,300.14,600.29,3.00,300.89,ORB2 TARGET
2022-10-17,1,09:51,10:57,11114.5,11034.8035714286,11035.05,11432.29,-80.45,-160.89,79.70,18.50,ORB2 STOP
2022-10-18,-1,09:45,15:56,11346.5,11169,11422.59,11042.14,176.75,353.50,27.50,265.00,ORB2 TIME
2022-10-19,1,10:14,12:42,11213.5,11137.09375,11137.34,11518.13,-77.16,-154.31,76.41,71.00,ORB2 STOP
2022-10-20,1,09:45,13:50,11165.25,11090.2008928571,11090.45,11464.45,-75.80,-151.60,75.05,163.75,ORB2 STOP
2022-10-21,1,09:45,15:56,11088.5,11355.5,11014.50,11384.52,266.25,532.50,37.50,286.50,ORB2 TIME
2022-10-24,1,09:45,10:01,11398.75,11323.3794642857,11323.63,11699.23,-76.12,-152.24,75.37,28.75,ORB2 STOP
2022-10-25,1,09:45,15:56,11572,11702,11494.28,11882.89,129.25,258.50,13.50,155.50,ORB2 TIME
2022-10-26,1,09:48,15:56,11509.5,11457.25,11434.10,11811.09,-53.00,-106.00,66.00,194.00,ORB2 TIME
2022-10-27,-1,09:48,10:26,11368,11444.9910714286,11444.74,11061.04,-77.74,-155.48,76.99,104.50,ORB2 STOP
2022-10-28,1,10:25,15:56,11364.5,11596,11288.88,11666.96,230.75,461.50,25.25,240.75,ORB2 TIME
2022-10-31,-1,09:45,15:56,11449.75,11442.75,11528.04,11136.57,6.25,12.50,63.50,82.75,ORB2 TIME
2022-11-01,-1,09:45,15:56,11565.25,11340.75,11641.46,11260.41,223.75,447.50,18.25,249.75,ORB2 TIME
2022-11-03,-1,09:45,10:46,10782.75,10859.71875,10859.47,10475.88,-77.72,-155.44,76.97,74.75,ORB2 STOP
2022-11-08,-1,09:45,10:17,11014.25,11088.7991071429,11088.55,10717.05,-75.30,-150.60,74.55,7.75,ORB2 STOP
2022-11-09,1,09:45,10:35,11019,10945.2901785714,10945.54,11312.84,-74.46,-148.92,73.71,30.25,ORB2 STOP
2022-11-10,1,09:51,15:56,11394.75,11625.25,11321.42,11688.09,229.75,459.50,37.00,247.00,ORB2 TIME
2022-11-11,1,09:45,15:56,11645,11854.5,11570.09,11944.63,208.75,417.50,57.25,231.75,ORB2 TIME
2022-11-14,-1,09:45,10:08,11718.75,11792.6026785714,11792.35,11424.34,-74.60,-149.21,73.85,16.75,ORB2 STOP
2022-11-15,-1,09:45,15:56,12003,11889.5,12074.62,11716.54,112.75,225.50,51.50,239.00,ORB2 TIME
2022-11-16,-1,09:46,15:56,11794.25,11752.25,11867.41,11501.63,41.25,82.50,36.00,88.25,ORB2 TIME
2022-11-17,1,09:45,15:56,11614.25,11689.25,11543.59,11896.89,74.25,148.50,44.00,160.75,ORB2 TIME
2022-11-18,-1,09:48,15:56,11747.25,11688.25,11817.68,11465.52,58.25,116.50,37.50,140.75,ORB2 TIME
2022-11-21,1,09:51,10:07,11694.5,11626.7232142857,11626.97,11964.61,-68.53,-137.05,67.78,5.25,ORB2 STOP
2022-11-22,1,10:47,15:56,11629,11745,11561.64,11898.45,115.25,230.50,19.00,120.75,ORB2 TIME
2022-11-23,1,09:45,15:56,11802.25,11846,11736.17,12066.57,43.00,86.00,60.50,90.50,ORB2 TIME
2022-11-28,1,09:45,10:21,11781,11721.3035714286,11721.55,12018.79,-60.45,-120.89,59.70,7.25,ORB2 STOP
2022-11-29,-1,09:45,15:56,11578.75,11521.75,11638.79,11338.61,56.25,112.50,60.00,113.75,ORB2 TIME
2022-11-30,-1,11:04,13:31,11518.5,11576.3258928571,11576.08,11288.20,-58.58,-117.15,57.83,20.50,ORB2 STOP
2022-12-01,1,09:45,10:13,12103.75,12041.4375,12041.69,12352.00,-63.06,-126.13,62.31,41.00,ORB2 STOP
2022-12-05,-1,10:00,15:56,11911.25,11797.25,11969.89,11676.70,113.25,226.50,39.75,166.00,ORB2 TIME
2022-12-06,-1,09:45,15:56,11722.25,11567.25,11779.46,11493.43,154.25,308.50,13.75,220.25,ORB2 TIME
2022-12-07,-1,09:47,10:52,11495.25,11554.6205357143,11554.37,11258.77,-60.12,-120.24,59.37,55.00,ORB2 STOP
2022-12-08,-1,09:45,09:52,11488.5,11545.3125,11545.06,11262.25,-57.56,-115.13,56.81,11.50,ORB2 STOP
2022-12-09,1,09:45,10:01,11643,11584.7991071429,11585.05,11874.80,-58.95,-117.90,58.20,17.50,ORB2 STOP
2022-12-12,1,09:49,10:50,11598.25,11541.1741071429,11541.42,11825.55,-57.83,-115.65,57.08,10.50,ORB2 STOP
2022-12-13,1,09:48,09:52,12176,12119.84375,12120.09,12399.63,-56.91,-113.81,56.16,2.75,ORB2 STOP
2022-12-15,-1,09:46,15:56,11507.5,11334,11570.73,11254.57,172.75,345.50,13.00,209.25,ORB2 TIME
2022-12-19,-1,09:47,15:56,11285,11187.25,11350.96,11021.14,97.00,194.00,24.50,153.50,ORB2 TIME
2022-12-20,-1,09:45,09:58,11083,11149.46875,11149.22,10818.13,-67.22,-134.44,66.47,16.75,ORB2 STOP
2022-12-21,1,09:46,15:56,11239,11331.75,11172.65,11504.39,92.00,184.00,22.00,150.75,ORB2 TIME
2022-12-22,-1,09:45,15:56,11104,11046.25,11164.17,10863.30,57.00,114.00,20.75,233.50,ORB2 TIME
2022-12-23,-1,09:55,10:01,10925.5,10988.3616071429,10988.11,10675.05,-63.61,-127.22,62.86,3.25,ORB2 STOP
2022-12-27,-1,09:45,10:22,10938.75,11001.2008928571,11000.95,10689.95,-63.20,-126.40,62.45,43.00,ORB2 STOP
2022-12-28,-1,10:55,15:56,10861.25,10770.25,10922.26,10617.21,90.25,180.50,30.75,103.00,ORB2 TIME
2022-12-29,1,09:50,15:56,10968.75,11048.75,10908.91,11208.11,79.25,158.50,27.00,102.75,ORB2 TIME
2022-12-30,-1,09:48,10:21,10884.25,10945.3973214286,10945.15,10640.66,-61.90,-123.79,61.15,28.75,ORB2 STOP
2023-01-03,-1,09:48,15:56,11072.25,10943.75,11132.46,10831.41,127.75,255.50,33.25,228.00,ORB2 TIME
2023-01-04,-1,09:46,11:32,10961.5,11024.9776785714,11024.73,10708.59,-64.23,-128.46,63.48,98.25,ORB2 STOP
2023-01-05,-1,09:46,09:59,10820,10883.8348214286,10883.58,10565.66,-64.58,-129.17,63.83,5.25,ORB2 STOP
2023-01-09,1,09:45,15:48,11246.5,11187.4241071429,11187.67,11481.80,-59.83,-119.65,59.08,139.00,ORB2 STOP
2023-01-10,1,10:12,10:31,11246.5,11188.84375,11189.09,11476.13,-58.41,-116.81,57.66,36.75,ORB2 STOP
2023-01-11,1,09:48,15:56,11358.5,11473,11302.21,11583.66,113.75,227.50,45.25,115.50,ORB2 TIME
2023-01-12,-1,09:45,10:05,11356,11412.6785714286,11412.43,11130.29,-57.43,-114.86,56.68,45.00,ORB2 STOP
2023-01-13,-1,09:45,09:52,11415.5,11473.1696428571,11472.92,11185.82,-58.42,-116.84,57.67,7.00,ORB2 STOP
2023-01-17,1,09:54,11:11,11620.75,11565.34375,11565.59,11841.38,-56.16,-112.31,55.41,64.25,ORB2 STOP
2023-01-18,1,10:00,10:38,11727.25,11672.7678571429,11673.02,11944.18,-55.23,-110.46,54.48,32.25,ORB2 STOP
2023-01-19,-1,09:45,14:37,11386.25,11443.0267857143,11442.78,11160.14,-57.53,-115.05,56.78,77.75,ORB2 STOP
2023-01-20,1,09:51,15:13,11445.75,11665.2678571429,11390.87,11665.27,218.77,437.54,21.25,219.52,ORB2 TARGET
2023-01-23,1,09:45,13:45,11752.25,11978.0535714286,11695.80,11978.05,225.05,450.11,14.75,225.80,ORB2 TARGET
2023-01-24,1,09:46,10:06,11902.5,11843.2767857143,11843.53,12138.39,-59.97,-119.95,59.22,49.25,ORB2 STOP
2023-01-25,-1,09:53,11:20,11658.5,11713.7276785714,11713.48,11438.59,-55.98,-111.96,55.23,54.00,ORB2 STOP
2023-01-26,-1,09:49,14:43,12002,12058.8928571429,12058.64,11775.43,-57.64,-115.29,56.89,98.00,ORB2 STOP
2023-01-27,1,09:45,15:56,12104.5,12231.75,12046.34,12337.14,126.50,253.00,12.00,203.50,ORB2 TIME
2023-01-30,1,09:46,10:27,12110.75,12054.71875,12054.97,12333.88,-56.78,-113.56,56.03,32.75,ORB2 STOP
2023-01-31,1,09:48,10:01,12038.25,11982.9508928571,11983.20,12258.45,-56.05,-112.10,55.30,17.00,ORB2 STOP
2023-02-02,1,09:48,10:00,12736.75,12676.2053571429,12676.46,12977.93,-61.29,-122.59,60.54,10.75,ORB2 STOP
2023-02-06,1,09:45,10:21,12565.5,12502.6026785714,12502.85,12816.09,-63.65,-127.29,62.90,26.75,ORB2 STOP
2023-02-07,1,09:50,10:11,12541,12477.8080357143,12478.06,12792.77,-63.94,-127.88,63.19,12.75,ORB2 STOP
2023-02-08,-1,09:52,15:56,12683.5,12536.75,12747.71,12426.68,146.00,292.00,50.50,171.00,ORB2 TIME
2023-02-09,-1,09:45,10:17,12637.75,12703.8794642857,12703.63,12374.23,-66.88,-133.76,66.13,3.50,ORB2 STOP
2023-02-10,-1,10:00,10:12,12311.5,12378.7098214286,12378.46,12043.66,-67.96,-135.92,67.21,27.00,ORB2 STOP
2023-02-13,1,09:46,15:56,12429,12526,12364.41,12687.38,96.25,192.50,32.50,138.75,ORB2 TIME
2023-02-14,1,09:45,10:46,12511.75,12445.0848214286,12445.33,12777.41,-67.42,-134.83,66.67,161.50,ORB2 STOP
2023-02-15,1,09:48,09:55,12617.5,12551.1071428571,12551.36,12882.07,-67.14,-134.29,66.39,14.00,ORB2 STOP
2023-02-16,1,09:47,15:32,12568,12501.5580357143,12501.81,12832.77,-67.19,-134.38,66.44,126.50,ORB2 STOP
2023-02-17,-1,09:45,15:56,12346.25,12396,12411.59,12084.89,-50.50,-101.00,62.50,80.75,ORB2 TIME
2023-02-21,1,09:45,09:59,12289,12223.8660714286,12224.12,12548.54,-65.88,-131.77,65.13,2.25,ORB2 STOP
2023-02-22,1,09:45,10:03,12163.25,12097.8839285714,12098.13,12423.71,-66.12,-132.23,65.37,11.25,ORB2 STOP
2023-02-23,-1,10:06,15:56,12197,12205.5,12256.68,11958.29,-9.25,-18.50,51.75,169.00,ORB2 TIME
2023-02-24,-1,09:45,15:56,11980.5,11989.75,12039.20,11745.71,-10.00,-20.00,41.00,57.75,ORB2 TIME
2023-02-27,-1,09:45,10:07,12109.25,12164.6383928571,12164.39,11888.70,-56.14,-112.28,55.39,2.75,ORB2 STOP
2023-02-28,1,09:45,15:56,12099.25,12085.5,12044.49,12318.29,-14.50,-29.00,53.50,74.50,ORB2 TIME
2023-03-01,1,09:47,10:06,12060.25,12009.2946428571,12009.54,12263.07,-51.71,-103.41,50.96,19.75,ORB2 STOP
2023-03-02,1,09:45,15:38,11883,12079.7678571429,11833.81,12079.77,196.02,392.04,14.25,196.77,ORB2 TARGET
2023-03-03,1,09:45,15:56,12146.5,12310,12099.33,12335.16,162.75,325.50,15.75,175.50,ORB2 TIME
2023-03-06,-1,09:47,10:09,12352,12399.9910714286,12399.74,12161.04,-48.74,-97.48,47.99,4.75,ORB2 STOP
2023-03-07,1,09:49,10:01,12361.25,12314.0491071429,12314.30,12549.05,-47.95,-95.90,47.20,6.25,ORB2 STOP
2023-03-08,-1,09:45,10:25,12156.25,12202.4241071429,12202.17,11972.55,-46.92,-93.85,46.17,47.75,ORB2 STOP
2023-03-09,1,09:45,12:03,12291.5,12246.4732142857,12246.72,12470.61,-45.78,-91.55,45.03,62.25,ORB2 STOP
2023-03-13,1,09:48,11:13,11816,12015.3392857143,11766.17,12015.34,198.59,397.18,28.00,199.34,ORB2 TARGET
2023-03-14,1,09:48,13:17,12154.5,12101.1651785714,12101.42,12366.84,-54.08,-108.17,53.33,68.50,ORB2 STOP
2023-03-15,-1,10:01,10:06,12069.75,12123.5892857143,12123.34,11855.39,-54.59,-109.18,53.84,3.00,ORB2 STOP
2023-03-16,1,09:45,11:31,12254,12469.7142857143,12200.07,12469.71,214.96,429.93,46.00,215.71,ORB2 TARGET
2023-03-20,-1,09:48,10:05,12551.75,12611.1205357143,12610.87,12315.27,-60.12,-120.24,59.37,22.50,ORB2 STOP
2023-03-21,-1,09:48,10:02,12774,12834.2232142857,12833.97,12534.11,-60.97,-121.95,60.22,10.50,ORB2 STOP
2023-03-23,1,09:58,14:29,12892.75,12827.4553571429,12827.71,13152.93,-66.04,-132.09,65.29,138.75,ORB2 STOP
2023-03-24,-1,09:47,09:54,12743.25,12809.4017857143,12809.15,12479.64,-66.90,-133.80,66.15,7.25,ORB2 STOP
2023-03-27,1,09:45,10:31,12941,12875.5803571429,12875.83,13201.68,-66.17,-132.34,65.42,24.25,ORB2 STOP
2023-03-28,-1,10:00,15:56,12682.5,12716.25,12748.17,12419.82,-34.50,-69.00,49.00,47.75,ORB2 TIME
2023-03-29,1,09:48,10:53,12919.75,12855.3125,12855.56,13176.50,-65.19,-130.38,64.44,13.25,ORB2 STOP
2023-03-30,1,09:59,13:43,13078.25,13013.9375,13014.19,13334.50,-65.06,-130.13,64.31,33.75,ORB2 STOP
2023-03-31,1,09:47,15:56,13140.75,13297.5,13081.62,13377.29,156.00,312.00,10.50,163.50,ORB2 TIME
2023-04-03,1,09:48,10:52,13248.25,13189.75,13190.00,13481.25,-59.25,-118.50,58.50,20.00,ORB2 STOP
2023-04-04,-1,09:45,09:59,13231.75,13285.65625,13285.41,13017.13,-54.66,-109.31,53.91,1.75,ORB2 STOP
2023-04-05,-1,09:45,15:56,13140,13087.25,13193.18,12927.29,52.00,104.00,24.75,134.00,ORB2 TIME
2023-04-06,-1,09:48,10:02,12957.25,13009.34375,13009.09,12749.88,-52.84,-105.69,52.09,4.75,ORB2 STOP
2023-04-10,-1,09:46,10:45,12992,13041.0178571429,13040.77,12796.93,-49.77,-99.54,49.02,24.50,ORB2 STOP
2023-04-11,-1,09:53,15:56,13099.25,13065.5,13148.35,12902.86,33.00,66.00,34.25,47.50,ORB2 TIME
2023-04-12,-1,09:45,15:56,13083.5,12941,13131.23,12892.59,141.75,283.50,45.50,145.25,ORB2 TIME
2023-04-13,1,10:05,15:56,13080.75,13208.25,13035.57,13261.46,126.75,253.50,4.50,147.75,ORB2 TIME
2023-04-14,1,09:45,10:10,13216.25,13172.4151785714,13172.67,13390.59,-44.58,-89.17,43.83,38.75,ORB2 STOP
2023-04-17,-1,09:47,10:22,13145.25,13189.6026785714,13189.35,12968.84,-45.10,-90.21,44.35,7.50,ORB2 STOP
2023-04-18,1,09:47,10:01,13284.75,13241.65625,13241.91,13456.13,-43.84,-87.69,43.09,13.00,ORB2 STOP
2023-04-19,1,10:39,15:56,13132.75,13183,13089.60,13305.36,49.50,99.00,8.75,94.25,ORB2 TIME
2023-04-20,1,09:45,14:50,13111.75,13068.1741071429,13068.42,13285.05,-44.33,-88.65,43.58,88.00,ORB2 STOP
2023-04-21,-1,09:50,11:42,13038,13082.9508928571,13082.70,12859.20,-45.70,-91.40,44.95,55.25,ORB2 STOP
2023-04-24,-1,10:36,15:56,13053.75,13044.5,13096.76,12881.70,8.50,17.00,14.25,86.50,ORB2 TIME
2023-04-25,1,09:45,09:47,13015.25,12971.2321428571,12971.48,13190.32,-44.77,-89.54,44.02,0.25,ORB2 STOP
2023-04-26,1,09:53,10:19,12958.5,12913.5625,12913.81,13137.25,-45.69,-91.38,44.94,9.25,ORB2 STOP
2023-04-27,1,09:53,14:56,13053,13229.8214285714,13008.79,13229.82,176.07,352.14,35.75,176.82,ORB2 TARGET
2023-04-28,1,10:09,10:59,13244.25,13199.7723214286,13200.02,13421.16,-45.23,-90.46,44.48,49.00,ORB2 STOP
2023-05-01,1,09:48,11:17,13316.5,13272.8303571429,13273.08,13490.18,-44.42,-88.84,43.67,16.00,ORB2 STOP
2023-05-02,-1,10:05,15:56,13265.5,13193.25,13308.83,13092.16,71.50,143.00,14.00,154.50,ORB2 TIME
2023-05-04,-1,09:45,11:09,13034.25,13077.2723214286,13077.02,12863.16,-43.77,-87.54,43.02,32.50,ORB2 STOP
2023-05-08,-1,09:47,11:47,13270.75,13314.4151785714,13314.17,13097.09,-44.42,-88.83,43.67,16.25,ORB2 STOP
2023-05-09,1,09:47,15:43,13296.75,13253.90625,13254.16,13467.13,-43.59,-87.19,42.84,20.75,ORB2 STOP
2023-05-10,1,10:04,10:20,13418,13376.59375,13376.84,13582.63,-42.16,-84.31,41.41,16.00,ORB2 STOP
2023-05-11,-1,09:50,10:27,13377.75,13419.2901785714,13419.04,13212.59,-42.29,-84.58,41.54,5.50,ORB2 STOP
2023-05-12,-1,09:48,15:56,13460.5,13399.5,13501.28,13297.38,60.25,120.50,4.25,150.50,ORB2 TIME
2023-05-15,1,09:45,09:58,13419.75,13378.53125,13378.78,13583.63,-41.97,-83.94,41.22,8.50,ORB2 STOP
2023-05-16,1,09:45,10:11,13503.5,13463.7410714286,13463.99,13661.54,-40.51,-81.02,39.76,12.25,ORB2 STOP
2023-05-17,-1,09:46,11:18,13512,13551.2276785714,13550.98,13356.09,-39.98,-79.96,39.23,37.00,ORB2 STOP
2023-05-18,1,09:48,15:43,13712.25,13864.8928571429,13674.09,13864.89,151.89,303.79,20.00,152.64,ORB2 TARGET
2023-05-19,-1,09:49,15:56,13888.5,13863.25,13928.38,13728.98,24.50,49.00,24.25,74.25,ORB2 TIME
2023-05-22,1,09:48,10:09,13924,13883.6830357143,13883.93,14084.27,-41.07,-82.13,40.32,22.75,ORB2 STOP
2023-05-23,1,09:51,12:34,13867.25,13828.7633928571,13829.01,14020.20,-39.24,-78.47,38.49,12.75,ORB2 STOP
2023-05-24,-1,10:04,15:20,13620.5,13658.1116071429,13657.86,13471.05,-38.36,-76.72,37.61,53.75,ORB2 STOP
2023-05-25,-1,09:49,10:01,13863.25,13901.03125,13900.78,13713.13,-38.53,-77.06,37.78,12.00,ORB2 STOP
2023-05-26,1,09:48,10:42,14090,14236.25,14053.44,14236.25,145.50,291.00,5.25,146.25,ORB2 TARGET
2023-05-30,-1,09:52,15:56,14475.75,14380,14516.61,14312.32,95.00,190.00,16.50,139.50,ORB2 TIME
2023-05-31,1,09:45,10:11,14394.25,14350.3705357143,14350.62,14568.77,-44.63,-89.26,43.88,18.00,ORB2 STOP
2023-06-01,1,09:57,14:00,14314,14486.6964285714,14270.83,14486.70,171.95,343.89,41.25,172.75,ORB2 TARGET
2023-06-05,1,10:46,14:13,14652,14605.9642857143,14606.21,14835.14,-46.79,-93.57,46.04,43.25,ORB2 STOP
2023-06-06,1,09:49,15:56,14561.5,14591,14515.29,14746.34,28.75,57.50,35.75,62.50,ORB2 TIME
2023-06-07,-1,10:03,12:23,14591.75,14406.9642857143,14637.95,14406.96,184.04,368.07,32.75,184.79,ORB2 TARGET
2023-06-08,1,10:05,15:56,14397.25,14496.75,14347.92,14594.59,98.75,197.50,12.00,126.25,ORB2 TIME
2023-06-09,1,09:45,10:51,14628.75,14580.1071428571,14580.36,14822.32,-49.39,-98.79,48.64,59.25,ORB2 STOP
2023-06-12,-1,10:05,10:49,14600.75,14650.7723214286,14650.52,14401.66,-50.77,-101.54,50.02,17.75,ORB2 STOP
2023-06-13,-1,09:45,15:56,14880.25,14910.5,14932.21,14672.43,-31.00,-62.00,50.50,100.75,ORB2 TIME
2023-06-15,1,09:45,14:52,15005.75,15220.6428571429,14952.03,15220.64,214.14,428.29,18.25,214.89,ORB2 TARGET
2023-06-20,1,09:47,09:57,15291.5,15235.0089285714,15235.26,15516.46,-57.24,-114.48,56.49,18.75,ORB2 STOP
2023-06-21,-1,09:45,15:56,15175,15052.5,15228.21,14962.18,121.75,243.50,9.75,172.50,ORB2 TIME
2023-06-22,1,09:45,15:56,15050,15198.5,14996.92,15262.34,147.75,295.50,5.75,165.75,ORB2 TIME
2023-06-23,-1,09:45,10:13,15012.5,15067.5178571429,15067.27,14793.43,-55.77,-111.54,55.02,27.75,ORB2 STOP
2023-06-26,1,09:45,10:42,15091,15037.8660714286,15038.12,15302.54,-53.88,-107.77,53.13,61.25,ORB2 STOP
2023-06-27,1,10:00,10:09,14971,14915.3482142857,14915.60,15192.61,-56.40,-112.80,55.65,8.50,ORB2 STOP
2023-06-28,1,09:57,10:14,15101.5,15044.0625,15044.31,15330.25,-58.19,-116.38,57.44,6.50,ORB2 STOP
2023-06-29,-1,09:45,15:56,15082.5,15081.75,15141.01,14848.45,0.00,0.00,57.50,54.00,ORB2 TIME
2023-06-30,1,09:45,15:56,15300.25,15351,15246.27,15516.18,50.00,100.00,17.75,76.25,ORB2 TIME
2023-07-05,1,09:45,14:23,15382.25,15329.0401785714,15329.29,15594.09,-53.96,-107.92,53.21,49.50,ORB2 STOP
2023-07-06,-1,09:54,12:27,15150,15202.2678571429,15202.02,14941.93,-53.02,-106.04,52.27,38.00,ORB2 STOP
2023-07-10,-1,09:46,15:56,15153.25,15176.5,15204.21,14949.43,-24.00,-48.00,50.75,89.75,ORB2 TIME
2023-07-11,-1,09:49,10:45,15150,15199.5892857143,15199.34,14952.64,-50.34,-100.68,49.59,41.00,ORB2 STOP
2023-07-12,1,09:48,11:41,15448.75,15401.8482142857,15402.10,15635.36,-47.65,-95.30,46.90,59.00,ORB2 STOP
2023-07-13,1,09:54,10:27,15615.5,15568.9598214286,15569.21,15800.66,-47.29,-94.58,46.54,6.25,ORB2 STOP
2023-07-14,1,09:51,10:51,15803.75,15757.7053571429,15757.96,15986.93,-46.79,-93.59,46.04,53.75,ORB2 STOP
2023-07-17,-1,09:45,10:37,15726,15771.0714285714,15770.82,15546.71,-45.82,-91.64,45.07,17.25,ORB2 STOP
2023-07-18,-1,09:50,10:46,15752.25,15797.4508928571,15797.20,15572.45,-45.95,-91.90,45.20,18.75,ORB2 STOP
2023-07-19,-1,10:15,10:42,15977.75,16022.9107142857,16022.66,15798.11,-45.91,-91.82,45.16,6.50,ORB2 STOP
2023-07-20,1,09:51,10:01,15892.25,15848.875,15849.13,16064.75,-44.13,-88.25,43.38,2.75,ORB2 STOP
2023-07-21,-1,09:48,15:56,15651,15543.5,15696.88,15467.48,106.75,213.50,22.00,128.75,ORB2 TIME
2023-07-24,-1,09:46,15:56,15573.5,15545.5,15620.83,15384.20,27.25,54.50,29.75,89.00,ORB2 TIME
2023-07-25,1,09:45,15:56,15636,15674.75,15588.75,15824.98,38.00,76.00,33.25,100.00,ORB2 TIME
2023-07-27,1,09:45,10:09,15894.75,15846.5848214286,15846.83,16086.41,-48.92,-97.83,48.17,9.25,ORB2 STOP
2023-07-28,1,09:48,15:56,15795.75,15847,15744.20,16001.96,50.50,101.00,20.75,100.00,ORB2 TIME
2023-07-31,1,09:45,09:56,15897.25,15844.9241071429,15845.17,16105.55,-53.08,-106.15,52.33,7.75,ORB2 STOP
2023-08-01,1,09:45,10:15,15806.25,15755.1026785714,15755.35,16009.84,-51.90,-103.79,51.15,9.00,ORB2 STOP
2023-08-02,-1,09:54,15:56,15586,15461.75,15636.14,15385.45,123.50,247.00,28.25,172.75,ORB2 TIME
2023-08-03,1,09:47,10:29,15413.75,15362.1741071429,15362.42,15619.05,-52.33,-104.65,51.58,53.00,ORB2 STOP
2023-08-07,-1,09:48,10:27,15385.75,15438.5580357143,15438.31,15175.52,-53.56,-107.12,52.81,28.75,ORB2 STOP
2023-08-08,-1,09:45,15:51,15317,15367.3035714286,15367.05,15116.79,-51.05,-102.11,50.30,100.75,ORB2 STOP
2023-08-09,-1,09:50,15:56,15281,15175.25,15331.26,15079.95,105.00,210.00,25.25,136.00,ORB2 TIME
2023-08-10,1,09:46,10:46,15356.5,15308.1919642857,15308.44,15548.73,-49.06,-98.12,48.31,85.25,ORB2 STOP
2023-08-11,-1,09:45,10:01,15057,15107.2455357143,15107.00,14857.02,-51.00,-101.99,50.25,5.00,ORB2 STOP
2023-08-14,1,09:45,15:56,15108.75,15246.75,15058.70,15308.96,137.25,274.50,35.50,145.75,ORB2 TIME
2023-08-15,-1,09:45,15:56,15200.5,15110.75,15252.15,14993.89,89.00,178.00,16.75,124.50,ORB2 TIME
2023-08-16,1,09:47,11:49,15109.25,15057.0982142857,15057.35,15316.86,-52.90,-105.80,52.15,35.25,ORB2 STOP
2023-08-17,-1,09:45,15:56,14940.5,14805,14989.09,14746.13,134.75,269.50,17.25,186.50,ORB2 TIME
2023-08-18,1,09:48,10:04,14674.25,14624.0892857143,14624.34,14873.89,-50.91,-101.82,50.16,22.75,ORB2 STOP
2023-08-21,1,09:56,10:27,14889,14837.2544642857,14837.50,15094.98,-52.50,-104.99,51.75,43.25,ORB2 STOP
2023-08-22,-1,09:54,15:56,15017.25,14966.25,15070.61,14803.82,50.25,100.50,39.50,86.25,ORB2 TIME
2023-08-23,1,09:45,15:56,15039.25,15186,14987.58,15245.95,146.00,292.00,18.50,203.25,ORB2 TIME
2023-08-24,-1,09:45,11:14,15212,15000.2678571429,15264.93,15000.27,210.98,421.96,22.75,211.73,ORB2 TARGET
2023-08-25,1,09:47,10:09,14948.25,14891.3080357143,14891.56,15175.02,-57.69,-115.38,56.94,47.25,ORB2 STOP
2023-08-28,-1,09:51,10:26,15035,15094.4419642857,15094.19,14798.23,-60.19,-120.38,59.44,30.75,ORB2 STOP
2023-08-29,1,09:45,11:36,15134.75,15370.0892857143,15075.92,15370.09,234.59,469.18,7.00,235.34,ORB2 TARGET
2023-08-30,1,09:54,10:27,15448,15386.3482142857,15386.60,15693.61,-62.40,-124.80,61.65,59.50,ORB2 STOP
2023-08-31,1,09:45,12:50,15554,15495.125,15495.38,15788.50,-59.63,-119.25,58.88,52.75,ORB2 STOP
2023-09-05,-1,09:58,10:25,15449.5,15507.34375,15507.09,15219.13,-58.59,-117.19,57.84,6.25,ORB2 STOP
2023-09-06,1,09:45,10:01,15507.5,15450.3616071429,15450.61,15735.05,-57.89,-115.78,57.14,6.75,ORB2 STOP
2023-09-07,1,10:40,15:56,15241,15272.5,15184.16,15468.38,30.75,61.50,43.75,69.75,ORB2 TIME
2023-09-08,1,09:46,11:00,15359.25,15303.9553571429,15304.21,15579.43,-56.04,-112.09,55.29,31.25,ORB2 STOP
2023-09-11,-1,09:45,13:22,15373.75,15428,15427.75,15157.75,-55.00,-110.00,54.25,35.00,ORB2 STOP
2023-09-12,1,09:55,10:26,15448.25,15395.1830357143,15395.43,15659.52,-53.82,-107.63,53.07,13.00,ORB2 STOP
2023-09-13,-1,10:05,10:37,15299,15352.2544642857,15352.00,15086.98,-54.00,-108.01,53.25,37.50,ORB2 STOP
2023-09-14,-1,09:50,10:42,15386.25,15438.0669642857,15437.82,15179.98,-52.57,-105.13,51.82,49.50,ORB2 STOP
2023-09-18,1,10:12,10:34,15435.25,15388.8482142857,15389.10,15619.86,-47.15,-94.30,46.40,6.00,ORB2 STOP
2023-09-19,-1,09:50,13:47,15323.75,15366.9598214286,15366.71,15151.91,-43.96,-87.92,43.21,75.25,ORB2 STOP
2023-09-21,-1,09:45,10:42,14974.25,15016.3080357143,15016.06,14807.02,-42.81,-85.62,42.06,55.25,ORB2 STOP
2023-09-22,1,09:47,14:11,14941.75,14899.5044642857,14899.75,15109.73,-43.00,-85.99,42.25,85.50,ORB2 STOP
2023-09-25,1,09:46,10:27,14867.5,14824.2455357143,14824.50,15039.52,-44.00,-88.01,43.25,29.00,ORB2 STOP
2023-09-26,-1,09:49,15:56,14802.5,14705.75,14844.75,14633.48,96.00,192.00,19.75,136.25,ORB2 TIME
2023-09-27,1,09:45,10:02,14793.5,14750.3526785714,14750.60,14965.09,-43.90,-87.79,43.15,12.75,ORB2 STOP
2023-09-28,1,09:51,11:50,14712,14885.75,14668.56,14885.75,173.00,346.00,32.75,173.75,ORB2 TARGET
2023-09-29,1,09:48,11:16,15015.25,14969.0892857143,14969.34,15198.89,-46.91,-93.82,46.16,45.50,ORB2 STOP
2023-10-02,1,10:00,10:01,14961.25,14913.0401785714,14913.29,15153.09,-48.96,-97.92,48.21,0.00,ORB2 STOP
2023-10-03,1,09:49,10:03,14925.75,14876.8303571429,14877.08,15120.43,-49.67,-99.34,48.92,48.25,ORB2 STOP
2023-10-04,-1,10:08,10:35,14747.75,14799.3616071429,14799.11,14542.30,-52.36,-104.72,51.61,13.50,ORB2 STOP
2023-10-05,-1,09:46,15:56,14855.25,14861.5,14907.66,14645.61,-7.00,-14.00,51.50,139.25,ORB2 TIME
2023-10-09,1,09:45,11:08,15037,14977.7232142857,14977.97,15273.11,-60.03,-120.05,59.28,30.00,ORB2 STOP
2023-10-10,1,09:55,15:56,15226,15274.5,15165.12,15469.54,47.75,95.50,13.75,157.50,ORB2 TIME
2023-10-11,-1,09:51,11:13,15323.25,15382.8928571429,15382.64,15085.68,-60.39,-120.79,59.64,23.00,ORB2 STOP
2023-10-12,-1,09:49,10:08,15365.75,15424.9241071429,15424.67,15130.05,-59.92,-119.85,59.17,0.25,ORB2 STOP
2023-10-13,-1,10:00,15:56,15302.25,15118.5,15362.58,15060.93,183.00,366.00,50.50,240.25,ORB2 TIME
2023-10-16,1,10:12,15:56,15260.25,15316.5,15197.27,15512.18,55.50,111.00,48.50,77.75,ORB2 TIME
2023-10-17,-1,09:45,10:14,15102,15165.0446428571,15164.79,14850.82,-63.79,-127.59,63.04,52.00,ORB2 STOP
2023-10-18,-1,09:45,10:08,15125.25,15188.7455357143,15188.50,14872.27,-64.25,-128.49,63.50,3.75,ORB2 STOP
2023-10-19,-1,10:28,12:02,15020.75,15083.4107142857,15083.16,14771.11,-63.41,-126.82,62.66,54.50,ORB2 STOP
2023-10-20,1,09:49,10:09,14885.75,14822.4419642857,14822.69,15137.98,-64.06,-128.12,63.31,0.00,ORB2 STOP
2023-10-23,1,09:55,15:56,14630.25,14705,14566.56,14885.00,74.00,148.00,24.00,224.00,ORB2 TIME
2023-10-24,-1,09:50,10:00,14762.25,14826.5,14826.25,14506.25,-65.00,-130.00,64.25,3.25,ORB2 STOP
2023-10-25,-1,09:45,15:56,14626.25,14472.75,14689.37,14373.79,152.75,305.50,58.75,174.50,ORB2 TIME
2023-10-26,-1,09:48,15:56,14368.5,14208.25,14433.17,14109.84,159.50,319.00,18.75,232.00,ORB2 TIME
2023-10-27,1,09:45,10:43,14349.75,14287.2589285714,14287.51,14598.71,-63.24,-126.48,62.49,20.50,ORB2 STOP
2023-10-30,1,09:45,10:18,14437.5,14376.1785714286,14376.43,14681.79,-62.07,-124.14,61.32,38.75,ORB2 STOP
2023-10-31,-1,09:52,10:12,14326.75,14387.4732142857,14387.22,14084.86,-61.47,-122.95,60.72,15.50,ORB2 STOP
2023-11-02,-1,09:47,11:04,14903.75,14965.3883928571,14965.14,14658.20,-62.39,-124.78,61.64,34.75,ORB2 STOP
2023-11-06,-1,09:48,15:56,15203,15211.5,15261.78,14967.89,-9.25,-18.50,43.25,65.00,ORB2 TIME
2023-11-07,1,09:55,15:56,15287.25,15355.5,15230.97,15512.38,67.50,135.00,14.25,125.50,ORB2 TIME
2023-11-08,1,09:55,10:04,15416.25,15360.7321428571,15360.98,15637.32,-56.27,-112.54,55.52,1.50,ORB2 STOP
2023-11-09,1,09:59,10:08,15419.5,15366.7455357143,15367.00,15629.52,-53.50,-107.01,52.75,13.25,ORB2 STOP
2023-11-10,1,09:45,10:28,15381,15328.5625,15328.81,15589.75,-53.19,-106.38,52.44,8.00,ORB2 STOP
2023-11-13,-1,09:47,10:37,15483.75,15535.4642857143,15535.21,15277.89,-52.46,-104.93,51.71,18.50,ORB2 STOP
2023-11-14,1,09:45,15:56,15857,15866.25,15806.39,16059.45,8.50,17.00,35.00,61.75,ORB2 TIME
2023-11-15,-1,09:46,15:56,15933.75,15883,15981.35,15743.34,50.00,100.00,43.50,101.25,ORB2 TIME
2023-11-16,1,09:45,11:30,15855.5,15810.8258928571,15811.08,16033.20,-45.42,-90.85,44.67,50.25,ORB2 STOP
2023-11-17,1,09:52,10:15,15873.5,15830.40625,15830.66,16044.88,-43.84,-87.69,43.09,7.25,ORB2 STOP
2023-11-20,1,09:51,10:25,15983.25,15941.1294642857,15941.38,16150.73,-42.87,-85.74,42.12,19.75,ORB2 STOP
2023-11-21,-1,10:01,15:56,15980.25,15983.25,16022.65,15810.64,-3.75,-7.50,23.00,63.25,ORB2 TIME
2023-11-22,-1,09:53,15:56,16069.25,16050.5,16109.11,15909.82,18.00,36.00,35.50,64.00,ORB2 TIME
2023-11-27,1,10:09,15:56,16037.5,16007.5,15997.14,16198.95,-30.75,-61.50,39.75,51.50,ORB2 TIME
2023-11-28,-1,09:54,10:40,15963,16002.3705357143,16002.12,15806.52,-40.12,-80.24,39.37,4.75,ORB2 STOP
2023-11-29,-1,10:05,15:56,16146.25,16025.25,16185.26,15990.21,120.25,240.50,20.00,132.75,ORB2 TIME
2023-11-30,-1,09:45,15:56,15960.75,15972.5,15999.87,15804.29,-12.50,-25.00,38.25,105.00,ORB2 TIME
2023-12-01,1,09:45,10:17,15937,15896.4821428571,15896.73,16098.07,-41.27,-82.54,40.52,26.75,ORB2 STOP
2023-12-04,-1,09:50,10:06,15831.5,15871.4642857143,15871.21,15672.64,-40.71,-81.43,39.96,8.75,ORB2 STOP
2023-12-05,1,09:50,15:56,15848.5,15895.75,15811.21,15997.68,46.50,93.00,21.00,113.25,ORB2 TIME
2023-12-06,-1,10:00,15:56,15936.25,15808,15974.51,15783.20,127.50,255.00,36.25,130.25,ORB2 TIME
2023-12-07,-1,09:50,10:12,15906.75,15947.1964285714,15946.95,15745.96,-41.20,-82.39,40.45,18.75,ORB2 STOP
2023-12-11,1,09:46,15:56,16147,16227,16105.09,16314.63,79.25,158.50,25.50,99.25,ORB2 TIME
2023-12-12,1,09:56,15:56,16237.75,16360,16194.73,16409.82,121.50,243.00,11.75,124.25,ORB2 TIME
2023-12-14,1,09:45,10:02,16651.25,16606.4642857143,16606.71,16829.39,-45.54,-91.07,44.79,13.00,ORB2 STOP
2023-12-18,1,09:57,15:56,16878.5,16950.75,16832.58,17062.20,71.50,143.00,22.75,95.75,ORB2 TIME
2023-12-19,1,10:18,15:56,16995.5,17016.5,16949.16,17180.88,20.25,40.50,30.50,21.50,ORB2 TIME
2023-12-20,1,09:55,14:38,17020.75,16974.6964285714,16974.95,17203.96,-46.80,-93.61,46.05,52.75,ORB2 STOP
2023-12-21,-1,09:57,15:38,16900.5,16948.6741071429,16948.42,16708.80,-48.92,-97.85,48.17,86.00,ORB2 STOP
2023-12-22,1,09:45,11:01,17035.25,16987.8660714286,16988.12,17223.79,-48.13,-96.27,47.38,6.00,ORB2 STOP
2023-12-26,1,10:21,15:56,17052.25,17077.25,17005.83,17237.91,24.25,48.50,29.50,59.25,ORB2 TIME
2023-12-27,1,10:00,10:14,17122,17076.3660714286,17076.62,17303.54,-46.38,-92.77,45.63,2.50,ORB2 STOP
2023-12-28,-1,09:49,15:56,17116.5,17084.5,17159.98,16942.57,31.25,62.50,28.00,34.75,ORB2 TIME
2023-12-29,1,09:49,10:41,17100.25,17059.3035714286,17059.55,17263.04,-41.70,-83.39,40.95,7.25,ORB2 STOP
2024-01-02,-1,09:45,15:56,16767.75,16704.75,16808.30,16605.54,62.25,124.50,21.00,145.75,ORB2 TIME
2024-01-03,1,10:00,10:01,16642.25,16600.03125,16600.28,16810.13,-42.97,-85.94,42.22,0.00,ORB2 STOP
2024-01-04,1,10:05,15:51,16500.25,16458.8571428571,16459.11,16664.82,-42.14,-84.29,41.39,83.75,ORB2 STOP
2024-01-08,1,09:45,13:59,16578.5,16736.6785714286,16538.96,16736.68,157.43,314.86,2.00,158.18,ORB2 TARGET
2024-01-09,1,10:09,15:56,16714.75,16838.25,16674.13,16877.25,122.75,245.50,5.00,153.75,ORB2 TIME
2024-01-10,-1,09:50,10:44,16839.25,16881.2946428571,16881.04,16672.07,-42.79,-85.59,42.04,37.50,ORB2 STOP
2024-01-11,-1,09:45,11:15,16974.5,16800.2857142857,17018.05,16800.29,173.46,346.93,16.00,174.21,ORB2 TARGET
2024-01-12,1,09:45,10:00,17039.25,16995.8571428571,16996.11,17211.82,-44.14,-88.29,43.39,3.25,ORB2 STOP
2024-01-16,-1,09:45,10:00,16870,16912.9955357143,16912.75,16699.02,-43.75,-87.49,43.00,15.00,ORB2 STOP
2024-01-17,-1,09:45,10:42,16732.75,16776.3482142857,16776.10,16559.36,-44.35,-88.70,43.60,43.75,ORB2 STOP
2024-01-18,-1,10:03,10:31,16995.25,17040.4553571429,17040.21,16815.43,-45.96,-91.91,45.21,9.25,ORB2 STOP
2024-01-19,1,09:54,14:01,17208.75,17396.5357142857,17161.80,17396.54,187.04,374.07,40.00,187.79,ORB2 TARGET
2024-01-22,-1,10:28,15:56,17491.5,17464.5,17542.04,17289.36,26.25,52.50,22.50,57.25,ORB2 TIME
2024-01-24,1,10:15,14:22,17695.75,17647.4821428571,17647.73,17887.82,-49.02,-98.04,48.27,98.25,ORB2 STOP
2024-01-25,-1,09:46,10:22,17674.5,17723.8080357143,17723.56,17478.27,-50.06,-100.12,49.31,24.75,ORB2 STOP
2024-01-26,-1,09:52,10:29,17527.75,17578.1651785714,17577.92,17327.09,-51.17,-102.33,50.42,23.75,ORB2 STOP
2024-01-29,-1,10:04,11:56,17529.5,17579.1428571429,17578.89,17331.93,-50.39,-100.79,49.64,9.50,ORB2 STOP
2024-01-30,-1,10:00,15:56,17653.75,17589,17701.18,17464.04,64.00,128.00,18.25,105.50,ORB2 TIME
2024-02-01,-1,09:57,10:09,17293.75,17341.4241071429,17341.17,17104.05,-48.42,-96.85,47.67,23.75,ORB2 STOP
2024-02-05,-1,09:49,14:42,17691,17740.1026785714,17739.85,17495.59,-49.85,-99.71,49.10,137.25,ORB2 STOP
2024-02-06,-1,09:48,15:56,17702,17650.75,17751.07,17505.71,50.50,101.00,4.00,141.25,ORB2 TIME
2024-02-07,-1,09:45,10:12,17722.5,17772.0089285714,17771.76,17525.46,-50.26,-100.52,49.51,4.25,ORB2 STOP
2024-02-08,1,10:00,15:56,17852.75,17858,17803.95,18047.95,4.50,9.00,29.25,43.75,ORB2 TIME
2024-02-09,1,09:48,15:56,17911.5,18046,17866.15,18092.91,133.75,267.50,15.25,159.50,ORB2 TIME
2024-02-12,1,10:39,13:40,18051.25,18004.8392857143,18005.09,18235.89,-47.16,-94.32,46.41,70.25,ORB2 STOP
2024-02-13,1,09:54,14:07,17665.75,17618.3482142857,17618.60,17854.36,-48.15,-96.30,47.40,126.25,ORB2 STOP
2024-02-14,1,10:19,10:55,17819,17770.5982142857,17770.85,18011.61,-49.15,-98.30,48.40,28.00,ORB2 STOP
2024-02-15,-1,09:54,13:09,17838.25,17886.40625,17886.16,17646.63,-48.91,-97.81,48.16,58.00,ORB2 STOP
2024-02-16,-1,09:45,15:56,17877.25,17746.5,17925.55,17684.04,130.00,260.00,26.25,163.50,ORB2 TIME
2024-02-20,-1,09:51,15:56,17559.25,17582,17607.92,17364.57,-23.50,-47.00,38.75,106.75,ORB2 TIME
2024-02-21,-1,09:47,10:04,17455.25,17506.5758928571,17506.33,17250.95,-52.08,-104.15,51.33,6.75,ORB2 STOP
2024-02-22,1,09:45,15:56,17919.75,18056.5,17870.15,18118.14,136.00,272.00,28.50,167.25,ORB2 TIME
2024-02-23,-1,09:56,15:56,18096.75,18001.75,18146.95,17895.96,94.25,188.50,17.50,150.75,ORB2 TIME
2024-02-26,-1,09:45,10:27,17990.5,18038.96875,18038.72,17797.63,-49.22,-98.44,48.47,24.50,ORB2 STOP
2024-02-27,1,10:19,10:46,18027,17980.2723214286,17980.52,18212.91,-47.48,-94.96,46.73,5.50,ORB2 STOP
2024-02-28,-1,09:48,11:01,17901.25,17946.5,17946.25,17721.25,-46.00,-92.00,45.25,25.00,ORB2 STOP
2024-02-29,-1,10:10,15:41,18020.5,18064.6964285714,18064.45,17844.71,-44.95,-89.89,44.20,122.50,ORB2 STOP
2024-03-01,1,10:00,13:40,18144.75,18329.25,18098.63,18329.25,183.75,367.50,23.00,184.50,ORB2 TARGET
2024-03-04,-1,10:00,14:40,18287.5,18335.3616071429,18335.11,18097.05,-48.61,-97.22,47.86,17.50,ORB2 STOP
2024-03-05,-1,09:45,14:39,18053.75,17869.7678571429,18099.75,17869.77,183.23,366.46,30.25,183.98,ORB2 TARGET
2024-03-06,-1,09:50,11:51,18069.25,18116.5089285714,18116.26,17881.21,-48.01,-96.02,47.26,105.75,ORB2 STOP
2024-03-07,-1,09:45,09:57,18161.75,18209.2633928571,18209.01,17972.70,-48.26,-96.53,47.51,42.75,ORB2 STOP
2024-03-11,1,09:46,09:53,18000,17947.2053571429,17947.46,18210.18,-53.54,-107.09,52.79,1.75,ORB2 STOP
2024-03-12,-1,09:45,09:56,17955.75,18006.1071428571,18005.86,17755.32,-51.11,-102.21,50.36,26.00,ORB2 STOP
2024-03-13,-1,09:45,15:56,18119.5,18065.75,18172.16,17908.88,53.00,106.00,34.00,85.75,ORB2 TIME
2024-03-14,-1,09:46,15:56,18087,18009.75,18138.33,17881.70,76.50,153.00,15.00,171.75,ORB2 TIME
2024-03-18,1,09:45,09:58,18347,18294.7991071429,18295.05,18554.80,-52.95,-105.90,52.20,14.50,ORB2 STOP
2024-03-19,1,11:32,15:56,18153,18277.5,18099.83,18365.66,123.75,247.50,20.50,136.50,ORB2 TIME
2024-03-21,-1,09:48,15:56,18654.75,18565.75,18712.69,18423.00,88.25,176.50,52.75,102.25,ORB2 TIME
2024-03-22,-1,09:45,10:06,18505,18562.2098214286,18561.96,18277.16,-57.96,-115.92,57.21,4.75,ORB2 STOP
2024-03-25,1,09:51,15:56,18480.75,18515.75,18426.53,18697.64,34.25,68.50,14.00,91.00,ORB2 TIME
2024-03-26,1,10:00,10:32,18595,18539.4196428571,18539.67,18816.32,-56.33,-112.66,55.58,14.25,ORB2 STOP
2024-03-27,-1,09:53,15:56,18484.75,18492.75,18537.71,18272.89,-8.75,-17.50,17.75,106.25,ORB2 TIME
2024-03-28,1,09:45,13:18,18509.75,18456.84375,18457.09,18720.38,-53.66,-107.31,52.91,29.50,ORB2 STOP
2024-04-01,1,09:46,10:05,18605.75,18555.5133928571,18555.76,18805.70,-50.99,-101.97,50.24,1.50,ORB2 STOP
2024-04-02,-1,10:00,10:05,18223.25,18269.3571428571,18269.11,18039.82,-46.86,-93.71,46.11,10.25,ORB2 STOP
2024-04-03,1,09:55,15:56,18283.75,18356.75,18237.72,18467.88,72.25,144.50,25.75,168.25,ORB2 TIME
2024-04-04,-1,09:47,14:28,18527.75,18350.7142857143,18572.01,18350.71,176.29,352.57,38.75,177.04,ORB2 TARGET
2024-04-08,1,10:25,11:46,18337.25,18285.0892857143,18285.34,18544.89,-52.91,-105.82,52.16,40.25,ORB2 STOP
2024-04-09,-1,09:50,15:56,18342.5,18333.75,18394.02,18136.43,8.00,16.00,27.50,182.25,ORB2 TIME
2024-04-10,-1,09:46,09:52,18118.75,18170.6696428571,18170.42,17912.07,-52.67,-105.34,51.92,11.50,ORB2 STOP
2024-04-11,-1,10:07,11:05,18222.25,18271.8705357143,18271.62,18024.77,-50.37,-100.74,49.62,53.25,ORB2 STOP
2024-04-12,1,09:46,10:08,18327.25,18274.1651785714,18274.42,18538.59,-53.83,-107.67,53.08,16.00,ORB2 STOP
2024-04-15,-1,10:08,13:21,18260.75,18042.4464285714,18315.33,18042.45,217.55,435.11,11.75,218.30,ORB2 TARGET
2024-04-16,-1,09:46,09:58,17834.75,17895.6607142857,17895.41,17592.11,-61.66,-123.32,60.91,12.75,ORB2 STOP
2024-04-17,-1,09:49,12:34,17912.5,17669.8571428571,17973.16,17669.86,241.89,483.79,6.00,242.64,ORB2 TARGET
2024-04-18,1,10:34,12:49,17679,17615.4107142857,17615.66,17932.36,-64.34,-128.68,63.59,67.00,ORB2 STOP
2024-04-19,1,09:46,09:53,17501.75,17435.7946428571,17436.04,17764.57,-66.71,-133.41,65.96,14.50,ORB2 STOP
2024-04-22,1,09:48,10:22,17307.75,17238.0491071429,17238.30,17585.55,-70.45,-140.90,69.70,23.75,ORB2 STOP
2024-04-23,1,09:45,15:56,17478.25,17607,17406.04,17767.09,128.00,256.00,27.50,178.25,ORB2 TIME
2024-04-24,1,09:48,09:57,17787.25,17714.2544642857,17714.50,18078.23,-73.75,-147.49,73.00,8.50,ORB2 STOP
2024-04-25,1,09:45,15:56,17376,17552,17308.21,17647.18,175.25,350.50,46.50,229.50,ORB2 TIME
2024-04-26,1,09:50,15:56,17764.75,17845.25,17697.09,18035.38,79.75,159.50,12.25,136.50,ORB2 TIME
2024-04-29,-1,09:54,10:14,17831.5,17901.0714285714,17900.82,17554.21,-70.32,-140.64,69.57,2.75,ORB2 STOP
2024-04-30,1,09:45,10:32,17886.75,17818.7321428571,17818.98,18157.82,-68.77,-137.54,68.02,8.25,ORB2 STOP
2024-05-02,-1,09:48,13:25,17515,17587.4642857143,17587.21,17226.14,-73.21,-146.43,72.46,129.00,ORB2 STOP
2024-05-06,1,09:49,15:56,18101.25,18186.25,18033.76,18371.21,84.25,168.50,34.00,88.50,ORB2 TIME
2024-05-07,-1,09:50,12:11,18197,18264.4866071429,18264.24,17928.05,-68.24,-136.47,67.49,15.75,ORB2 STOP
2024-05-08,1,09:45,15:56,18126.75,18186.25,18063.83,18378.45,58.75,117.50,5.00,115.50,ORB2 TIME
2024-05-09,-1,09:45,10:06,18122.5,18184.5892857143,18184.34,17875.14,-62.84,-125.68,62.09,14.50,ORB2 STOP
2024-05-10,1,09:48,10:12,18331.75,18274.5089285714,18274.76,18559.71,-57.99,-115.98,57.24,16.25,ORB2 STOP
2024-05-13,-1,09:45,15:56,18266,18291,18320.50,18048.00,-25.75,-51.50,45.75,31.25,ORB2 TIME
2024-05-14,1,09:45,15:56,18318.25,18428.25,18266.27,18526.18,109.25,218.50,46.00,115.50,ORB2 TIME
2024-05-15,-1,09:45,10:25,18491,18542.1607142857,18541.91,18287.36,-51.91,-103.82,51.16,43.75,ORB2 STOP
2024-05-16,1,09:46,15:56,18700.25,18665.25,18650.02,18901.18,-35.75,-71.50,48.75,60.50,ORB2 TIME
2024-05-17,-1,09:45,15:56,18638,18625.5,18686.16,18445.36,11.75,23.50,39.00,93.00,ORB2 TIME
2024-05-20,1,09:45,15:56,18711,18743,18663.30,18901.80,31.25,62.50,14.75,83.50,ORB2 TIME
2024-05-21,1,09:52,15:56,18714.25,18801.75,18669.63,18892.75,86.75,173.50,14.25,89.50,ORB2 TIME
2024-05-22,1,09:52,13:38,18826.75,18786.5535714286,18786.80,18986.54,-40.95,-81.89,40.20,11.75,ORB2 STOP
2024-05-23,-1,09:45,13:45,18911.25,18761.8392857143,18948.60,18761.84,148.66,297.32,22.50,149.50,ORB2 TARGET
2024-05-24,1,09:45,09:55,18777.5,18736.2455357143,18736.50,18941.52,-42.00,-84.01,41.25,10.00,ORB2 STOP
2024-05-28,-1,09:45,10:45,18869.25,18911.1919642857,18910.94,18702.48,-42.69,-85.38,41.94,30.50,ORB2 STOP
2024-05-29,1,09:50,15:56,18818,18792.25,18775.88,18986.50,-26.50,-53.00,33.00,62.00,ORB2 TIME
2024-05-30,-1,10:12,15:56,18696.25,18619.25,18737.58,18530.91,76.25,152.50,37.75,148.25,ORB2 TIME
2024-05-31,-1,09:46,10:31,18574.75,18402.9642857143,18617.70,18402.96,171.04,342.07,33.00,171.79,ORB2 TARGET
2024-06-03,1,09:46,09:52,18750,18702.7008928571,18702.95,18938.20,-48.05,-96.10,47.30,5.50,ORB2 STOP
2024-06-04,-1,09:57,10:01,18581.25,18632.4330357143,18632.18,18377.52,-51.93,-103.87,51.18,2.25,ORB2 STOP
2024-06-05,1,09:52,10:01,18852.75,18801.2633928571,18801.51,19057.70,-52.24,-104.47,51.49,7.25,ORB2 STOP
2024-06-06,-1,09:45,15:56,19085,19062.25,19136.60,18878.59,22.00,44.00,21.50,67.25,ORB2 TIME
2024-06-10,1,10:21,15:56,19023.75,19097.75,18971.93,19231.02,73.25,146.50,9.75,106.00,ORB2 TIME
2024-06-11,-1,09:46,10:41,19045.75,19097.6919642857,19097.44,18838.98,-52.69,-105.38,51.94,51.00,ORB2 STOP
2024-06-13,-1,09:58,15:56,19618,19617.5,19672.93,19398.29,-0.25,-0.50,33.25,118.00,ORB2 TIME
2024-06-14,1,09:45,15:56,19603.75,19660.5,19552.34,19809.38,56.00,112.00,40.50,75.50,ORB2 TIME
2024-06-17,-1,09:47,10:12,19663.75,19714.3348214286,19714.08,19462.41,-51.33,-102.67,50.58,23.50,ORB2 STOP
2024-06-18,-1,09:46,15:56,19905.5,19925.5,19960.02,19687.41,-20.75,-41.50,47.50,53.75,ORB2 TIME
2024-06-20,1,09:45,10:09,19987.5,19933.0446428571,19933.29,20204.32,-55.21,-110.41,54.46,1.25,ORB2 STOP
2024-06-24,-1,09:48,09:59,19886.5,19942.2723214286,19942.02,19664.41,-56.52,-113.04,55.77,19.75,ORB2 STOP
2024-06-25,1,09:47,15:56,19841.75,19958.5,19788.63,20054.23,116.00,232.00,26.25,139.25,ORB2 TIME
2024-06-26,1,09:45,15:56,19954.75,20015,19903.96,20157.89,59.50,119.00,42.75,73.25,ORB2 TIME
2024-06-27,1,10:14,10:46,20101.5,20051.7053571429,20051.96,20299.68,-50.54,-101.09,49.79,15.00,ORB2 STOP
2024-06-28,1,09:45,12:10,20105.75,20058.0580357143,20058.31,20295.52,-48.44,-96.88,47.69,167.50,ORB2 STOP
2024-07-01,-1,09:45,11:54,19912.5,19965,19964.75,19703.50,-53.25,-106.50,52.50,101.00,ORB2 STOP
2024-07-02,1,09:46,10:11,20083.25,20028.9732142857,20029.22,20299.36,-55.03,-110.05,54.28,13.25,ORB2 STOP
2024-07-08,1,09:50,10:37,20645.25,20589.3660714286,20589.62,20867.79,-56.63,-113.27,55.88,8.75,ORB2 STOP
2024-07-09,-1,10:06,15:56,20719,20669.75,20772.60,20504.59,48.50,97.00,52.75,103.00,ORB2 TIME
2024-07-10,1,09:49,11:02,20768.5,20714.7901785714,20715.04,20982.34,-54.46,-108.92,53.71,27.25,ORB2 STOP
2024-07-11,-1,09:51,10:58,20852,20632.4285714286,20906.89,20632.43,218.82,437.64,20.00,219.57,ORB2 TARGET
2024-07-12,1,09:47,13:44,20478,20709.375,20420.16,20709.38,230.63,461.25,6.25,231.38,ORB2 TARGET
2024-07-15,-1,09:45,10:04,20595.25,20657.1741071429,20656.92,20348.55,-62.67,-125.35,61.92,13.75,ORB2 STOP
2024-07-16,-1,09:46,15:56,20629.75,20601,20691.34,20383.39,28.00,56.00,11.50,165.75,ORB2 TIME
2024-07-17,-1,09:45,15:56,20210.25,20021.25,20271.21,19966.39,188.25,376.50,39.00,212.50,ORB2 TIME
2024-07-18,-1,09:45,10:07,20038.25,20101.3348214286,20101.08,19786.91,-63.83,-127.67,63.08,18.50,ORB2 STOP
2024-07-19,-1,10:27,15:56,19835.75,19694,19903.49,19564.80,141.00,282.00,39.50,181.75,ORB2 TIME
2024-07-22,1,09:46,10:07,19979.5,19908.6473214286,19908.90,20261.91,-71.60,-143.21,70.85,47.25,ORB2 STOP
2024-07-23,1,10:21,10:46,20034,19965.5044642857,19965.75,20306.98,-69.25,-138.49,68.50,13.75,ORB2 STOP
2024-07-24,-1,09:47,14:44,19526.75,19259.5892857143,19593.54,19259.59,266.41,532.82,34.50,267.16,ORB2 TARGET
2024-07-25,-1,09:49,10:51,19107.25,19177.9598214286,19177.71,18825.41,-71.46,-142.92,70.71,223.75,ORB2 STOP
2024-07-26,-1,09:47,10:01,19078.5,19154.4821428571,19154.23,18775.57,-76.73,-153.46,75.98,18.00,ORB2 STOP
2024-07-29,1,09:45,10:14,19343,19264.1964285714,19264.45,19657.21,-79.55,-159.11,78.80,34.25,ORB2 STOP
2024-07-30,-1,09:45,11:44,19255,18933.0357142857,19335.49,18933.04,321.21,642.43,12.00,321.96,ORB2 TARGET
2024-08-01,1,09:45,10:08,19636.75,19555.3080357143,19555.56,19961.52,-82.19,-164.38,81.44,45.00,ORB2 STOP
2024-08-05,1,09:46,12:27,17871.75,18238.1785714286,17780.14,18238.18,365.68,731.36,38.50,366.43,ORB2 TARGET
2024-08-06,-1,09:45,09:49,17970.5,18072.3571428571,18072.11,17564.07,-102.61,-205.21,101.86,9.25,ORB2 STOP
2024-08-07,1,09:50,10:20,18541,18435.0669642857,18435.32,18963.73,-106.68,-213.37,105.93,17.50,ORB2 STOP
2024-08-08,-1,09:46,10:03,18130,18239.8080357143,18239.56,17691.77,-110.56,-221.12,109.81,65.25,ORB2 STOP
2024-08-09,-1,09:46,10:14,18445.25,18558.0625,18557.81,17995.00,-113.56,-227.13,112.81,41.00,ORB2 STOP
2024-08-12,-1,09:46,10:17,18557,18670.4419642857,18670.19,18104.23,-114.19,-228.38,113.44,33.00,ORB2 STOP
2024-08-13,1,09:46,15:56,18891.5,19088.25,18777.23,19348.59,196.00,392.00,35.75,217.25,ORB2 TIME
2024-08-14,-1,09:51,11:42,19043.25,19154.3526785714,19154.10,18599.84,-111.85,-223.71,111.10,117.75,ORB2 STOP
2024-08-15,1,09:48,15:56,19396,19570.25,19289.23,19823.07,173.50,347.00,10.25,207.50,ORB2 TIME
2024-08-16,1,10:02,15:56,19535,19606.25,19428.07,19962.71,70.50,141.00,42.50,127.50,ORB2 TIME
2024-08-19,1,09:47,15:56,19617,19844.25,19511.22,20040.13,226.50,453.00,87.75,230.00,ORB2 TIME
2024-08-20,1,09:46,10:39,19878.75,19776.0133928571,19776.26,20288.70,-103.49,-206.97,102.74,46.00,ORB2 STOP
2024-08-21,1,09:45,15:56,19860.75,19910.5,19759.71,20264.89,49.00,98.00,89.50,121.25,ORB2 TIME
2024-08-22,-1,09:45,13:54,19969.75,19608.6785714286,20060.02,19608.68,360.32,720.64,39.25,361.07,ORB2 TARGET
2024-08-23,1,10:00,10:49,19764.75,19672.2991071429,19672.55,20133.55,-93.20,-186.40,92.45,138.50,ORB2 STOP
2024-08-26,-1,09:45,15:56,19742.5,19577.25,19826.33,19407.18,164.50,329.00,19.50,236.00,ORB2 TIME
2024-08-27,-1,09:45,09:53,19454.25,19534.28125,19534.03,19135.13,-80.78,-161.56,80.03,12.50,ORB2 STOP
2024-08-28,-1,09:45,14:01,19583.75,19289.9642857143,19657.20,19289.96,293.04,586.07,9.75,293.79,ORB2 TARGET
2024-08-29,1,09:49,10:19,19610.25,19538.5535714286,19538.80,19896.04,-72.45,-144.89,71.70,75.00,ORB2 STOP
2024-08-30,1,09:45,10:58,19577.25,19504.0446428571,19504.29,19869.07,-73.96,-147.91,73.21,50.75,ORB2 STOP
2024-09-03,-1,09:54,14:05,19357.25,19063.8928571429,19430.59,19063.89,292.61,585.21,28.75,293.36,ORB2 TARGET
2024-09-04,1,09:45,10:01,18966,18887.4955357143,18887.75,19279.02,-79.25,-158.51,78.50,25.00,ORB2 STOP
2024-09-05,1,09:45,11:01,19033.25,18954.7321428571,18954.98,19346.32,-79.27,-158.54,78.52,117.00,ORB2 STOP
2024-09-09,1,09:50,10:31,18675.25,18589.9553571429,18590.21,19015.43,-86.04,-172.09,85.29,45.25,ORB2 STOP
2024-09-10,-1,10:13,14:02,18721.25,18804.7678571429,18804.52,18388.18,-84.27,-168.54,83.52,131.50,ORB2 STOP
2024-09-11,-1,09:46,12:21,18808.5,18893.8973214286,18893.65,18467.91,-86.15,-172.29,85.40,260.75,ORB2 STOP
2024-09-12,-1,09:49,10:13,19209.75,19304.7008928571,19304.45,18830.95,-95.70,-191.40,94.95,24.50,ORB2 STOP
2024-09-13,1,10:00,15:56,19503.25,19543,19411.87,19868.79,39.00,78.00,91.00,73.75,ORB2 TIME
2024-09-16,1,09:55,10:32,19441.25,19351.9419642857,19352.19,19797.48,-90.06,-180.12,89.31,22.75,ORB2 STOP
2024-09-17,-1,09:49,10:46,19521.75,19608.7366071429,19608.49,19174.80,-87.74,-175.47,86.99,46.50,ORB2 STOP
2024-09-19,-1,09:50,10:21,19766,19852.5580357143,19852.31,19420.77,-87.31,-174.62,86.56,39.25,ORB2 STOP
2024-09-23,1,09:48,15:56,20086.75,20072.75,20002.52,20423.68,-14.75,-29.50,68.25,40.00,ORB2 TIME
2024-09-24,-1,09:50,11:53,20094,20175.71875,20175.47,19768.13,-82.47,-164.94,81.72,142.00,ORB2 STOP
2024-09-25,1,09:54,15:56,20206,20184.25,20130.06,20509.77,-22.50,-45.00,70.50,66.75,ORB2 TIME
2024-09-26,-1,09:48,15:56,20419,20334.25,20492.41,20125.36,84.00,168.00,19.00,231.00,ORB2 TIME
2024-09-27,-1,10:12,15:56,20310,20235.75,20383.80,20014.80,73.50,147.00,29.50,137.00,ORB2 TIME
2024-09-30,1,09:45,10:05,20260.25,20192.0669642857,20192.32,20531.98,-68.93,-137.87,68.18,3.75,ORB2 STOP
2024-10-01,-1,09:47,15:56,20069.75,19984.75,20137.62,19798.27,84.25,168.50,12.50,251.75,ORB2 TIME
2024-10-02,-1,09:45,09:49,19835.75,19906.75,19906.50,19552.75,-71.75,-143.50,71.00,2.25,ORB2 STOP
2024-10-03,1,09:53,10:23,20006.5,19944.2455357143,19944.50,20254.52,-63.00,-126.01,62.25,108.50,ORB2 STOP
2024-10-07,-1,09:45,10:17,20107,20169.0625,20168.81,19859.75,-62.81,-125.63,62.06,18.25,ORB2 STOP
2024-10-08,1,09:52,15:56,20116,20316,20052.85,20368.59,199.25,398.50,13.50,213.50,ORB2 TIME
2024-10-09,1,10:07,15:56,20299.5,20472,20236.61,20551.07,171.75,343.50,26.75,182.75,ORB2 TIME
2024-10-10,-1,09:47,10:11,20339.75,20401.2946428571,20401.04,20094.57,-62.29,-124.59,61.54,38.50,ORB2 STOP
2024-10-11,1,09:45,15:56,20352.5,20462.25,20291.78,20595.39,109.00,218.00,29.00,142.00,ORB2 TIME
2024-10-14,1,09:45,11:01,20609.25,20546.9732142857,20547.22,20857.36,-63.03,-126.05,62.28,70.75,ORB2 STOP
2024-10-15,-1,10:10,10:39,20605.5,20365.0892857143,20665.60,20365.09,239.66,479.32,17.00,240.41,ORB2 TARGET
2024-10-16,-1,09:45,10:14,20241.5,20306.6383928571,20306.39,19981.95,-65.89,-131.78,65.14,36.25,ORB2 STOP
2024-10-17,-1,10:01,11:31,20402.25,20464.6071428571,20464.36,20153.82,-63.11,-126.21,62.36,37.00,ORB2 STOP
2024-10-18,1,09:45,15:56,20502.5,20479.5,20440.17,20751.80,-23.75,-47.50,60.25,29.50,ORB2 TIME
2024-10-21,1,09:48,10:41,20488.5,20428.25,20428.50,20728.50,-61.00,-122.00,60.25,65.75,ORB2 STOP
2024-10-22,1,09:45,15:56,20458.5,20570,20402.77,20681.43,110.75,221.50,33.25,143.50,ORB2 TIME
2024-10-23,-1,10:01,13:14,20406.75,20185.4464285714,20462.08,20185.45,220.55,441.11,51.25,221.30,ORB2 TARGET
2024-10-24,-1,09:47,10:03,20311.75,20369.9642857143,20369.71,20079.89,-58.96,-117.93,58.21,15.75,ORB2 STOP
2024-10-25,1,09:45,13:36,20589,20532.2857142857,20532.54,20814.86,-57.46,-114.93,56.71,118.50,ORB2 STOP
2024-10-28,-1,09:48,10:43,20556.25,20613.1026785714,20612.85,20329.84,-57.60,-115.21,56.85,28.25,ORB2 STOP
2024-10-29,1,10:00,15:29,20527,20744.9107142857,20472.52,20744.91,217.16,434.32,32.00,217.91,ORB2 TARGET
2024-10-30,1,10:09,11:15,20669.75,20613.7633928571,20614.01,20892.70,-56.74,-113.47,55.99,29.75,ORB2 STOP
2024-10-31,-1,09:45,11:52,20252.25,20030.8928571429,20307.59,20030.89,220.61,441.21,8.00,221.36,ORB2 TARGET
2024-11-04,1,10:00,11:51,20142.25,20082.1071428571,20082.36,20381.82,-60.89,-121.79,60.14,84.50,ORB2 STOP
2024-11-05,1,09:48,15:56,20243.25,20324.5,20186.78,20469.13,80.50,161.00,32.75,129.75,ORB2 TIME
2024-11-06,-1,09:49,10:02,20668,20725.6428571429,20725.39,20438.43,-58.39,-116.79,57.64,24.50,ORB2 STOP
2024-11-08,-1,09:45,13:35,21186,21247.5848214286,21247.33,20940.66,-62.33,-124.67,61.58,24.50,ORB2 STOP
2024-11-11,-1,09:45,15:56,21206,21191.75,21265.47,20968.11,13.50,27.00,38.25,107.75,ORB2 TIME
2024-11-12,1,09:52,10:09,21241.5,21182.4732142857,21182.72,21476.61,-59.78,-119.55,59.03,10.75,ORB2 STOP
2024-11-13,-1,09:49,12:10,21138.75,21194.4508928571,21194.20,20916.95,-56.45,-112.90,55.70,81.25,ORB2 STOP
2024-11-14,-1,09:45,10:54,21078.5,21135.3258928571,21135.08,20852.20,-57.58,-115.15,56.83,38.25,ORB2 STOP
2024-11-15,-1,09:58,12:53,20686.75,20463.5892857143,20742.54,20463.59,222.41,444.82,14.50,223.16,ORB2 TARGET
2024-11-18,-1,09:46,10:05,20520,20580.1071428571,20579.86,20280.57,-60.86,-121.71,60.11,19.50,ORB2 STOP
2024-11-19,1,10:29,15:56,20587.75,20766.75,20529.51,20820.71,178.25,356.50,9.75,204.75,ORB2 TIME
2024-11-20,-1,09:50,11:55,20636,20696.2767857143,20696.03,20395.89,-61.03,-122.05,60.28,158.75,ORB2 STOP
2024-11-21,-1,10:01,10:15,20628,20686.9508928571,20686.70,20393.20,-59.70,-119.40,58.95,51.25,ORB2 STOP
2024-11-22,1,09:45,09:52,20857.25,20795.3883928571,20795.64,21103.70,-62.61,-125.22,61.86,16.00,ORB2 STOP
2024-11-25,-1,09:52,15:56,20956,20877,21016.63,20713.48,78.25,156.50,23.00,175.75,ORB2 TIME
2024-11-26,1,09:45,10:01,21003.25,20941.03125,20941.28,21251.13,-62.97,-125.94,62.22,21.75,ORB2 STOP
2024-11-27,-1,09:53,15:56,20852.5,20810.75,20911.42,20616.84,41.00,82.00,16.75,177.50,ORB2 TIME
2024-12-02,1,09:48,15:56,21139.75,21217.75,21080.57,21376.48,77.25,154.50,14.75,119.75,ORB2 TIME
2024-12-03,1,09:45,15:56,21203.5,21276,21142.03,21449.38,71.75,143.50,41.50,74.25,ORB2 TIME
2024-12-04,1,09:55,15:56,21437.25,21542,21376.50,21680.27,104.00,208.00,45.50,112.75,ORB2 TIME
2024-12-05,-1,09:49,15:56,21518.25,21465,21578.37,21277.79,52.50,105.00,49.50,58.00,ORB2 TIME
2024-12-09,1,09:49,10:27,21642.5,21584.3080357143,21584.56,21874.27,-58.94,-117.88,58.19,6.50,ORB2 STOP
2024-12-10,1,09:45,09:55,21576.75,21521.3571428571,21521.61,21797.32,-56.14,-112.29,55.39,13.00,ORB2 STOP
2024-12-11,1,09:45,15:56,21639.75,21793,21584.07,21862.46,152.50,305.00,6.50,180.00,ORB2 TIME
2024-12-12,-1,10:02,10:27,21655.5,21710.7544642857,21710.50,21435.48,-56.00,-112.01,55.25,30.75,ORB2 STOP
2024-12-13,1,09:45,10:07,21895.25,21842.9821428571,21843.23,22103.32,-53.02,-106.04,52.27,12.75,ORB2 STOP
2024-12-16,1,09:53,15:10,21951,22148.2321428571,21901.69,22148.23,196.48,392.96,22.25,197.23,ORB2 TARGET
2024-12-17,1,09:45,10:00,22061.75,22010.4419642857,22010.69,22265.98,-52.06,-104.12,51.31,0.75,ORB2 STOP
2024-12-19,-1,09:54,10:14,21295.25,21357.5357142857,21357.29,21047.11,-63.04,-126.07,62.29,53.75,ORB2 STOP
2024-12-23,-1,09:46,11:43,21605.25,21668.6517857143,21668.40,21352.64,-64.15,-128.30,63.40,129.25,ORB2 STOP
2024-12-26,-1,09:49,11:19,21955,22019.6160714286,22019.37,21697.54,-65.37,-130.73,64.62,84.50,ORB2 STOP
2024-12-27,-1,09:45,15:56,21681.75,21679,21747.01,21420.70,2.00,4.00,64.50,183.50,ORB2 TIME
2024-12-30,-1,09:46,10:41,21309.25,21378.3883928571,21378.14,21033.70,-69.89,-139.78,69.14,56.50,ORB2 STOP
2024-12-31,-1,10:07,10:26,21367.5,21440.3571428571,21440.11,21077.07,-73.61,-147.21,72.86,34.50,ORB2 STOP
2025-01-02,1,09:54,10:22,21373.25,21298.1919642857,21298.44,21672.48,-75.81,-151.62,75.06,70.75,ORB2 STOP
2025-01-06,1,09:46,13:03,21829,21748.7053571429,21748.96,22149.18,-81.04,-162.09,80.29,68.00,ORB2 STOP
2025-01-07,-1,10:00,15:11,21694.75,21374.3035714286,21774.86,21374.30,319.70,639.39,17.50,320.45,ORB2 TARGET
2025-01-08,-1,09:53,10:02,21289.5,21377.1294642857,21376.88,20939.98,-88.38,-176.76,87.63,4.50,ORB2 STOP
2025-01-10,-1,09:46,13:58,21067.5,21155.5625,21155.31,20716.25,-88.81,-177.63,88.06,192.75,ORB2 STOP
2025-01-13,1,09:53,15:56,20786.25,20951.75,20697.26,21142.21,164.75,329.50,72.25,171.75,ORB2 TIME
2025-01-14,-1,09:53,10:17,21017.75,21109.2276785714,21108.98,20652.84,-92.23,-184.46,91.48,52.00,ORB2 STOP
2025-01-15,1,09:46,15:56,21307.75,21401.5,21226.22,21633.88,93.00,186.00,61.50,145.00,ORB2 TIME
2025-01-16,-1,09:45,15:56,21404.25,21272.5,21484.69,21082.48,131.00,262.00,70.25,142.00,ORB2 TIME
2025-01-17,-1,09:59,10:07,21492,21571.8482142857,21571.60,21173.61,-80.60,-161.20,79.85,5.00,ORB2 STOP
2025-01-21,-1,09:54,11:53,21589.25,21668.8660714286,21668.62,21271.79,-80.37,-160.73,79.62,63.75,ORB2 STOP
2025-01-22,1,09:49,15:56,21982.25,22011.25,21905.00,22291.27,28.25,56.50,13.00,111.75,ORB2 TIME
2025-01-23,1,09:49,15:56,21916,22022,21840.98,22216.07,105.25,210.50,48.75,107.75,ORB2 TIME
2025-01-24,1,09:45,10:40,22053,21980.0491071429,21980.30,22343.80,-73.70,-147.40,72.95,25.00,ORB2 STOP
2025-01-27,1,09:47,10:20,21303.25,21234.3348214286,21234.58,21577.91,-69.67,-139.33,68.92,37.75,ORB2 STOP
2025-01-28,-1,09:47,09:53,21172.25,21241.5714285714,21241.32,20895.96,-70.07,-140.14,69.32,11.50,ORB2 STOP
2025-01-30,1,09:46,10:03,21669,21600.9955357143,21601.25,21940.02,-68.75,-137.51,68.00,79.75,ORB2 STOP
2025-01-31,1,09:52,13:35,21838.5,21769.3482142857,21769.60,22114.11,-69.90,-139.80,69.15,127.25,ORB2 STOP
2025-02-03,-1,09:53,09:58,21177.5,21248.5625,21248.31,20894.25,-71.81,-143.63,71.06,5.00,ORB2 STOP
2025-02-04,1,09:50,15:56,21523.75,21674,21450.38,21817.25,149.50,299.00,16.25,171.00,ORB2 TIME
2025-02-05,1,09:48,10:04,21588,21515.5580357143,21515.81,21876.77,-73.19,-146.38,72.44,21.00,ORB2 STOP
2025-02-06,1,09:45,14:34,21790.25,21717.7723214286,21718.02,22079.16,-73.23,-146.46,72.48,59.25,ORB2 STOP
2025-02-10,1,09:45,15:56,21803.25,21855.75,21728.53,22102.14,51.75,103.50,51.75,90.50,ORB2 TIME
2025-02-11,1,09:52,12:09,21797.25,21723.9732142857,21724.22,22089.36,-74.03,-148.05,73.28,74.00,ORB2 STOP
2025-02-12,1,09:46,10:08,21668,21595.0892857143,21595.34,21958.64,-73.66,-147.32,72.91,33.00,ORB2 STOP
2025-02-13,1,10:02,10:08,21951.25,21876.1026785714,21876.35,22250.84,-75.90,-151.79,75.15,10.25,ORB2 STOP
2025-02-14,1,09:51,15:56,22138.25,22205.5,22062.39,22441.70,66.50,133.00,46.50,85.75,ORB2 TIME
2025-02-18,-1,09:45,15:56,22210.75,22209.25,22283.30,21920.54,0.75,1.50,15.75,107.75,ORB2 TIME
2025-02-19,-1,09:49,11:46,22172.5,22239.9419642857,22239.69,21903.73,-68.19,-136.38,67.44,54.50,ORB2 STOP
2025-02-20,-1,09:45,15:56,22165.75,22133.5,22231.93,21901.02,31.50,63.00,8.00,215.00,ORB2 TIME
2025-02-21,-1,09:50,13:02,22096.5,21835.5892857143,22161.73,21835.59,260.16,520.32,29.25,260.91,ORB2 TARGET
2025-02-24,-1,09:49,15:56,21683.75,21441,21750.70,21415.95,242.00,484.00,22.50,260.75,ORB2 TIME
2025-02-25,-1,09:45,10:21,21310.75,21043.9107142857,21377.46,21043.91,266.09,532.18,32.75,266.84,ORB2 TARGET
2025-02-26,1,09:49,13:17,21274.5,21205.4464285714,21205.70,21549.71,-69.80,-139.61,69.05,135.25,ORB2 STOP
2025-02-27,-1,09:48,14:31,21169.75,20889.0535714286,21239.92,20889.05,279.95,559.89,39.00,280.70,ORB2 TARGET
2025-02-28,1,10:02,10:04,20645,20563.625,20563.88,20969.50,-82.13,-164.25,81.38,11.50,ORB2 STOP
2025-03-03,-1,09:45,14:55,20942,20612.5535714286,21024.36,20612.55,328.70,657.39,66.50,329.45,ORB2 TARGET
2025-03-04,-1,09:59,12:22,20258.25,20352.5,20352.25,19882.25,-95.00,-190.00,94.25,182.50,ORB2 STOP
2025-03-05,-1,09:56,10:01,20312.75,20415.6830357143,20415.43,19902.02,-103.68,-207.37,102.93,42.50,ORB2 STOP
2025-03-06,1,09:50,12:04,20320,20213.3660714286,20213.62,20745.54,-107.38,-214.77,106.63,193.25,ORB2 STOP
2025-03-10,-1,09:52,15:05,19787.5,19318.6428571429,19904.71,19318.64,468.11,936.21,40.00,468.86,ORB2 TARGET
2025-03-11,1,09:48,10:04,19553.25,19427.4776785714,19427.73,20055.34,-126.52,-253.04,125.77,60.25,ORB2 STOP
2025-03-12,-1,09:48,15:56,19667.75,19630.25,19798.71,19143.89,36.75,73.50,60.25,272.75,ORB2 TIME
2025-03-13,-1,09:45,15:56,19470,19226,19602.85,18938.61,243.25,486.50,100.50,304.50,ORB2 TIME
2025-03-14,1,09:49,10:01,19600.75,19469.6964285714,19469.95,20123.96,-131.80,-263.61,131.05,20.00,ORB2 STOP
2025-03-17,-1,10:36,13:43,19683.75,19813.4330357143,19813.18,19166.02,-130.43,-260.87,129.68,55.25,ORB2 STOP
2025-03-18,-1,09:45,15:56,19503.75,19488.75,19631.82,18991.46,14.25,28.50,75.50,102.75,ORB2 TIME
2025-03-20,1,09:45,15:56,19704,19701.75,19583.13,20187.46,-3.00,-6.00,106.75,194.50,ORB2 TIME
2025-03-24,1,09:45,15:56,20293.25,20388.25,20174.87,20766.77,94.25,188.50,33.00,116.00,ORB2 TIME
2025-03-25,-1,09:48,10:42,20368.25,20475.7589285714,20475.51,19939.21,-108.26,-216.52,107.51,5.75,ORB2 STOP
2025-03-26,-1,09:47,15:56,20412.5,20119.5,20510.42,20020.84,292.25,584.50,11.50,371.25,ORB2 TIME
2025-03-27,1,09:54,15:56,20070,20012,19973.46,20456.18,-58.75,-117.50,95.00,129.00,ORB2 TIME
2025-03-28,-1,10:00,13:02,19839.25,19470.875,19931.34,19470.88,367.63,735.25,39.75,368.38,ORB2 TARGET
2025-03-31,-1,09:45,09:56,19003,19095.3258928571,19095.08,18634.70,-93.08,-186.15,92.33,26.25,ORB2 STOP
2025-04-01,1,09:47,10:08,19433.25,19343.0223214286,19343.27,19793.16,-90.98,-181.96,90.23,29.00,ORB2 STOP
2025-04-02,1,09:45,13:13,19534,19886.4464285714,19445.89,19886.45,351.70,703.39,42.50,352.45,ORB2 TARGET
2025-04-03,-1,10:04,15:56,18910.5,18718.5,19002.03,18544.39,191.25,382.50,77.75,232.00,ORB2 TIME
2025-04-07,1,09:50,10:11,16981.5,17376.3035714286,16882.80,17376.30,394.05,788.11,76.00,394.80,ORB2 TARGET
2025-04-08,1,09:46,11:10,18202.25,18079.0848214286,18079.33,18693.91,-123.92,-247.83,123.17,155.00,ORB2 STOP
2025-04-09,1,10:00,10:07,17554,17411.3214285714,17411.57,18123.71,-143.43,-286.86,142.68,43.25,ORB2 STOP
2025-04-10,-1,09:58,12:23,18679,17983.625,18852.84,17983.63,694.63,1389.25,122.25,695.38,ORB2 TARGET
2025-04-11,1,09:46,10:21,18571.5,18386.5357142857,18386.79,19310.36,-185.71,-371.43,184.96,76.50,ORB2 STOP
2025-04-14,-1,09:47,10:52,18994,19186.5133928571,19186.26,18224.95,-193.26,-386.53,192.51,7.00,ORB2 STOP
2025-04-15,1,09:48,14:16,19087,18887.6517857143,18887.90,19883.39,-200.10,-400.20,199.35,57.75,ORB2 STOP
2025-04-16,-1,09:51,15:56,18572.25,18376,18768.25,17788.25,195.50,391.00,163.00,456.00,ORB2 TIME
2025-04-17,-1,09:46,15:56,18382,18365.75,18584.39,17572.45,15.50,31.00,144.00,120.75,ORB2 TIME
2025-04-21,-1,09:47,15:56,18060.5,17910,18258.33,17269.16,149.75,299.50,59.25,360.50,ORB2 TIME
2025-04-22,1,09:45,15:56,18211.25,18354.25,18014.25,18999.23,142.25,284.50,12.00,302.25,ORB2 TIME
2025-04-23,1,09:51,11:24,19113.25,18915.4464285714,18915.70,19903.46,-198.55,-397.11,197.80,52.50,ORB2 STOP
2025-04-24,1,09:45,15:56,18961.5,19321.25,18766.39,19741.93,359.00,718.00,9.25,377.00,ORB2 TIME
2025-04-25,-1,09:51,12:41,19256,19452.8348214286,19452.58,18469.66,-197.58,-395.17,196.83,21.50,ORB2 STOP
2025-04-28,1,09:45,11:11,19599.25,19409.5669642857,19409.82,20356.98,-190.43,-380.87,189.68,23.50,ORB2 STOP
2025-04-29,1,09:45,15:56,19477.75,19642.25,19311.92,20141.07,163.75,327.50,8.50,214.75,ORB2 TIME
2025-04-30,-1,09:56,10:25,19135,19281.4955357143,19281.25,18550.02,-147.25,-294.49,146.50,32.75,ORB2 STOP
2025-05-01,1,09:51,10:00,19990.75,19872.4375,19872.69,20463.00,-119.06,-238.13,118.31,7.25,ORB2 STOP
2025-05-05,1,09:48,15:56,20054,20057.75,19954.34,20452.64,3.00,6.00,45.75,137.25,ORB2 TIME
2025-05-06,-1,09:51,10:18,19779,19873.3616071429,19873.11,19402.55,-95.11,-190.22,94.36,40.75,ORB2 STOP
2025-05-08,-1,09:47,11:29,20097.5,20188.0401785714,20187.79,19736.34,-91.29,-182.58,90.54,119.50,ORB2 STOP
2025-05-09,-1,09:52,15:56,20219.75,20138.75,20311.73,19851.82,80.25,160.50,55.25,162.25,ORB2 TIME
2025-05-12,-1,10:28,12:25,20746.25,20834.1339285714,20833.88,20395.71,-88.63,-177.27,87.88,56.25,ORB2 STOP
2025-05-13,1,09:50,15:56,21080.75,21276.75,20995.78,21420.64,195.25,390.50,24.25,266.25,ORB2 TIME
2025-05-14,-1,09:46,12:33,21313.75,21397.8616071429,21397.61,20978.30,-84.86,-169.72,84.11,41.00,ORB2 STOP
2025-05-15,-1,09:46,11:04,21276.5,21354.4508928571,21354.20,20965.70,-78.70,-157.40,77.95,28.25,ORB2 STOP
2025-05-16,-1,10:34,13:17,21388.5,21465.7633928571,21465.51,21080.45,-78.01,-156.03,77.26,68.50,ORB2 STOP
2025-05-19,1,09:45,15:56,21335.25,21507.5,21261.31,21631.02,171.50,343.00,18.75,210.25,ORB2 TIME
2025-05-20,-1,09:47,12:45,21390.25,21465.4330357143,21465.18,21090.52,-75.93,-151.87,75.18,36.25,ORB2 STOP
2025-05-21,1,09:46,13:23,21372.5,21305.1339285714,21305.38,21640.96,-68.12,-136.23,67.37,186.00,ORB2 STOP
2025-05-22,1,09:52,15:56,21219.75,21191.5,21148.74,21503.79,-29.00,-58.00,53.25,118.00,ORB2 TIME
2025-05-23,1,10:12,15:56,20953.75,20965.25,20883.34,21235.39,10.75,21.50,70.00,130.00,ORB2 TIME
2025-05-27,1,09:55,15:56,21284.75,21456.75,21213.33,21570.41,171.25,342.50,12.25,203.50,ORB2 TIME
2025-05-28,-1,09:48,15:56,21490,21374,21561.53,21203.89,115.25,230.50,24.00,141.00,ORB2 TIME
2025-05-29,-1,09:45,15:56,21522.25,21397,21590.91,21247.63,124.50,249.00,35.50,221.25,ORB2 TIME
2025-05-30,-1,09:45,10:13,21295,21364.2410714286,21363.99,21019.04,-69.99,-139.98,69.24,60.25,ORB2 STOP
2025-06-02,-1,10:00,10:24,21286.5,21358.2321428571,21357.98,21000.57,-72.48,-144.96,71.73,52.00,ORB2 STOP
2025-06-03,1,09:48,15:56,21596,21710.5,21523.71,21885.14,113.75,227.50,49.75,163.75,ORB2 TIME
2025-06-04,-1,10:00,11:12,21711.75,21782.0714285714,21781.82,21431.46,-71.07,-142.14,70.32,70.75,ORB2 STOP
2025-06-05,-1,09:45,10:39,21734.75,21805.3348214286,21805.08,21453.41,-71.33,-142.67,70.58,43.00,ORB2 STOP
2025-06-09,1,09:52,15:56,21815.25,21833.5,21742.83,22104.93,17.50,35.00,31.75,77.25,ORB2 TIME
2025-06-10,1,09:52,11:33,21886.75,21817.6830357143,21817.93,22162.02,-69.82,-139.63,69.07,6.50,ORB2 STOP
2025-06-11,-1,09:46,10:24,21959.75,22030.1294642857,22029.88,21679.23,-71.13,-142.26,70.38,44.75,ORB2 STOP
2025-06-12,1,09:48,15:56,21885,21914.5,21818.63,22150.50,28.75,57.50,45.25,92.50,ORB2 TIME
2025-06-13,1,09:51,09:58,21788.5,21722.9910714286,21723.24,22049.54,-66.26,-132.52,65.51,7.75,ORB2 STOP
2025-06-16,1,09:45,15:56,21876.25,21947,21811.13,22136.73,70.00,140.00,36.75,120.25,ORB2 TIME
2025-06-17,-1,09:45,09:53,21805.75,21869.5,21869.25,21551.75,-64.50,-129.00,63.75,3.25,ORB2 STOP
2025-06-23,1,09:45,12:34,21885.75,21824.8080357143,21825.06,22128.52,-61.69,-123.38,60.94,132.25,ORB2 STOP
2025-06-24,1,09:46,10:09,22328,22267.1875,22267.44,22570.25,-61.56,-123.13,60.81,5.25,ORB2 STOP
2025-06-25,-1,09:50,15:56,22490,22448,22548.39,22256.43,41.25,82.50,44.25,101.75,ORB2 TIME
2025-06-26,-1,09:48,10:01,22494.75,22551.7901785714,22551.54,22267.59,-57.79,-115.58,57.04,18.50,ORB2 STOP
2025-06-27,1,09:45,14:20,22743.25,22685.2321428571,22685.48,22974.32,-58.77,-117.54,58.02,80.50,ORB2 STOP
2025-06-30,-1,09:49,11:50,22801,22855.2857142857,22855.04,22584.86,-55.04,-110.07,54.29,6.00,ORB2 STOP
2025-07-01,1,09:48,10:27,22821.5,22767.2946428571,22767.54,23037.32,-54.96,-109.91,54.21,23.50,ORB2 STOP
2025-07-02,1,09:45,15:56,22707.5,22845.75,22651.60,22931.11,137.50,275.00,14.25,151.25,ORB2 TIME
2025-07-07,1,09:52,10:03,22975.75,22920.3348214286,22920.58,23196.41,-56.17,-112.33,55.42,2.25,ORB2 STOP
2025-07-08,-1,09:59,10:41,22888.75,22942.7589285714,22942.51,22673.71,-54.76,-109.52,54.01,39.50,ORB2 STOP
2025-07-09,1,09:45,10:32,23065,23011.7008928571,23011.95,23277.20,-54.05,-108.10,53.30,46.25,ORB2 STOP
2025-07-10,-1,09:45,15:56,23021.75,23010.5,23073.72,22813.86,10.50,21.00,28.25,120.75,ORB2 TIME
2025-07-11,-1,09:45,09:49,22869.75,22921.6964285714,22921.45,22662.96,-52.70,-105.39,51.95,6.75,ORB2 STOP
2025-07-14,-1,09:45,09:49,22851.75,22902.53125,22902.28,22649.63,-51.53,-103.06,50.78,9.25,ORB2 STOP
2025-07-15,-1,10:00,10:12,23122.5,23173.5044642857,23173.25,22919.48,-51.75,-103.51,51.00,3.50,ORB2 STOP
2025-07-16,-1,09:45,13:04,23004,23051.7589285714,23051.51,22813.96,-48.51,-97.02,47.76,168.25,ORB2 STOP
2025-07-17,1,09:45,15:56,23128.5,23255.75,23079.63,23324.00,126.50,253.00,14.00,152.50,ORB2 TIME
2025-07-18,-1,09:52,15:56,23257,23223,23306.86,23057.55,33.25,66.50,36.25,87.00,ORB2 TIME
2025-07-21,1,09:45,15:56,23349,23337.75,23300.50,23542.98,-12.00,-24.00,11.25,76.00,ORB2 TIME
2025-07-22,-1,09:45,15:56,23258.5,23230.5,23306.04,23068.36,27.25,54.50,20.75,153.50,ORB2 TIME
2025-07-23,-1,09:45,11:54,23182.75,23232.15625,23231.91,22986.13,-50.16,-100.31,49.41,40.25,ORB2 STOP
2025-07-24,1,09:48,09:55,23399.75,23351.5714285714,23351.82,23591.46,-48.93,-97.86,48.18,1.00,ORB2 STOP
2025-07-25,1,09:48,15:56,23378.75,23413.75,23332.28,23564.64,34.25,68.50,6.00,98.25,ORB2 TIME
2025-07-28,1,09:45,11:20,23505.25,23459.4375,23459.69,23687.50,-46.56,-93.13,45.81,22.50,ORB2 STOP
2025-07-29,-1,09:49,15:56,23592.5,23448.75,23637.51,23412.46,143.00,286.00,13.75,170.50,ORB2 TIME
2025-07-31,-1,09:45,09:53,23620.25,23666.9732142857,23666.72,23434.36,-47.47,-94.95,46.72,12.00,ORB2 STOP
2025-08-04,1,09:45,15:56,23197.25,23288.75,23144.17,23409.55,90.75,181.50,9.75,101.75,ORB2 TIME
2025-08-05,1,09:45,10:01,23367,23312.84375,23313.09,23582.63,-54.91,-109.81,54.16,30.25,ORB2 STOP
2025-08-06,1,09:48,09:53,23228.25,23173.7455357143,23174.00,23445.27,-55.25,-110.51,54.50,11.25,ORB2 STOP
2025-08-07,-1,09:45,09:56,23582.5,23638.4464285714,23638.20,23359.71,-56.70,-113.39,55.95,13.00,ORB2 STOP
2025-08-08,1,09:45,15:56,23614.5,23705,23555.21,23851.66,89.75,179.50,10.50,110.00,ORB2 TIME
2025-08-11,1,09:57,14:05,23738.75,23678.7723214286,23679.02,23977.66,-60.73,-121.46,59.98,65.75,ORB2 STOP
2025-08-12,-1,09:48,10:52,23709.75,23769.2410714286,23768.99,23472.79,-60.24,-120.48,59.49,87.75,ORB2 STOP
2025-08-13,-1,09:45,15:56,24028.5,23949.75,24090.33,23781.20,78.00,156.00,32.50,142.50,ORB2 TIME
2025-08-14,1,09:45,15:56,23924.25,23950.25,23861.42,24175.59,25.25,50.50,61.50,81.25,ORB2 TIME
2025-08-15,-1,09:45,15:56,23834.5,23799.5,23897.65,23581.91,34.25,68.50,48.75,99.75,ORB2 TIME
2025-08-18,-1,09:51,15:56,23767.5,23810,23832.17,23508.82,-43.25,-86.50,57.00,48.75,ORB2 TIME
2025-08-19,-1,09:46,10:05,23659.75,23722.4464285714,23722.20,23409.96,-63.45,-126.89,62.70,20.50,ORB2 STOP
2025-08-20,-1,09:45,10:18,23322.25,23064.5535714286,23386.67,23064.55,256.95,513.89,2.00,257.70,ORB2 TARGET
2025-08-21,-1,09:45,09:46,23199.25,23263.0357142857,23262.79,22945.11,-64.54,-129.07,63.79,0.00,ORB2 STOP
2025-08-22,1,09:45,09:58,23324.25,23261.8660714286,23262.12,23572.79,-63.13,-126.27,62.38,18.75,ORB2 STOP
2025-08-25,1,09:59,15:56,23518.75,23533.75,23452.61,23783.32,14.25,28.50,14.25,98.00,ORB2 TIME
2025-08-26,-1,09:46,10:19,23463,23527.3928571429,23527.14,23206.43,-65.14,-130.29,64.39,36.25,ORB2 STOP
2025-08-27,-1,09:45,10:17,23513.5,23575.7008928571,23575.45,23265.70,-62.95,-125.90,62.20,25.00,ORB2 STOP
2025-08-28,-1,09:50,10:41,23629,23688.125,23687.88,23393.50,-59.88,-119.75,59.13,56.50,ORB2 STOP
2025-08-29,-1,09:45,15:56,23585,23438.5,23644.53,23346.88,145.75,291.50,16.00,183.50,ORB2 TIME
2025-09-02,1,09:46,11:16,23177.75,23117.09375,23117.34,23419.38,-61.41,-122.81,60.66,102.50,ORB2 STOP
2025-09-03,-1,09:48,10:04,23371.75,23431.2946428571,23431.04,23134.57,-60.29,-120.59,59.54,2.00,ORB2 STOP
2025-09-04,-1,10:02,10:37,23457,23516.9866071429,23516.74,23218.05,-60.74,-121.47,59.99,47.00,ORB2 STOP
2025-09-08,1,09:49,13:52,23847,23781.1607142857,23781.41,24109.36,-66.59,-133.18,65.84,41.00,ORB2 STOP
2025-09-09,-1,09:51,15:56,23814.75,23881.0133928571,23880.76,23550.70,-67.01,-134.03,66.26,88.25,ORB2 STOP
2025-09-10,-1,09:45,10:25,23917.75,23980.7232142857,23980.47,23666.86,-63.72,-127.45,62.97,23.50,ORB2 STOP
2025-09-11,-1,09:45,09:54,23911.25,23970.9910714286,23970.74,23673.29,-60.49,-120.98,59.74,1.50,ORB2 STOP
2025-09-12,1,10:21,15:56,24063.75,24126,24005.86,24295.30,61.50,123.00,9.75,95.25,ORB2 TIME
2025-09-15,1,09:49,15:56,24227.75,24292,24174.98,24438.82,63.50,127.00,6.75,66.50,ORB2 TIME
2025-09-16,-1,09:45,15:56,24308.5,24308.25,24360.77,24099.43,-0.50,-1.00,17.75,51.00,ORB2 TIME
2025-09-18,-1,09:45,09:51,24380.75,24434.3482142857,24434.10,24167.36,-54.35,-108.70,53.60,25.00,ORB2 STOP
2025-09-22,1,09:48,15:56,24858.5,25005.25,24805.47,25070.63,146.00,292.00,7.25,168.75,ORB2 TIME
2025-09-23,-1,09:55,15:56,24942.5,24835.5,24994.58,24734.20,106.25,212.50,32.50,163.25,ORB2 TIME
2025-09-24,-1,09:48,15:56,24823.25,24732.5,24874.71,24617.41,90.00,180.00,17.75,195.25,ORB2 TIME
2025-09-25,1,10:10,13:58,24579,24526.15625,24526.41,24789.38,-53.59,-107.19,52.84,118.00,ORB2 STOP
2025-09-26,1,09:50,10:07,24712.75,24659.8258928571,24660.08,24923.45,-53.67,-107.35,52.92,20.50,ORB2 STOP
2025-09-29,1,09:45,11:18,24916.25,24866.5401785714,24866.79,25114.09,-50.46,-100.92,49.71,58.75,ORB2 STOP
2025-09-30,-1,09:54,10:00,24741,24791.8705357143,24791.62,24538.52,-51.62,-103.24,50.87,18.50,ORB2 STOP
2025-10-01,-1,09:49,09:57,24743.25,24794.65625,24794.41,24538.63,-52.16,-104.31,51.41,17.25,ORB2 STOP
2025-10-02,-1,09:45,10:26,25036,25089.1071428571,25088.86,24824.57,-53.86,-107.71,53.11,21.75,ORB2 STOP
2025-10-06,-1,10:42,11:28,25116.75,25172.1294642857,25171.88,24896.23,-56.13,-112.26,55.38,6.50,ORB2 STOP
2025-10-07,1,09:55,10:28,25263.25,25207.8883928571,25208.14,25483.70,-56.11,-112.22,55.36,2.25,ORB2 STOP
2025-10-08,1,09:47,15:56,25153,25333.75,25094.64,25386.45,180.00,360.00,10.75,181.25,ORB2 TIME
2025-10-09,-1,09:45,09:52,25258.5,25316.5044642857,25316.25,25027.48,-58.75,-117.51,58.00,4.75,ORB2 STOP
2025-10-10,1,09:45,10:02,25377,25319.7008928571,25319.95,25605.20,-58.05,-116.10,57.30,11.00,ORB2 STOP
2025-10-13,1,09:50,10:53,24843,24771.5803571429,24771.83,25127.68,-72.17,-144.34,71.42,70.75,ORB2 STOP
2025-10-14,-1,09:45,09:49,24430,24501.5982142857,24501.35,24144.61,-72.35,-144.70,71.60,6.75,ORB2 STOP
2025-10-15,-1,09:48,09:56,24920.25,24996.3616071429,24996.11,24616.80,-76.86,-153.72,76.11,23.25,ORB2 STOP
2025-10-16,1,09:45,09:51,25106.25,25026.9375,25027.19,25422.50,-80.06,-160.13,79.31,19.25,ORB2 STOP
2025-10-17,1,09:52,11:22,24818,24732.9910714286,24733.24,25157.04,-85.76,-171.52,85.01,142.75,ORB2 STOP
2025-10-20,1,09:49,15:56,25225,25318.75,25136.89,25577.43,93.00,186.00,23.00,130.00,ORB2 TIME
2025-10-21,-1,09:46,11:52,25232.75,25321.9821428571,25321.73,24876.82,-89.98,-179.96,89.23,29.75,ORB2 STOP
2025-10-22,1,09:51,10:27,25271.75,25185.4910714286,25185.74,25615.79,-87.01,-174.02,86.26,17.75,ORB2 STOP
2025-10-23,1,09:45,15:56,25093,25248.25,25001.47,25459.11,154.50,309.00,9.25,195.25,ORB2 TIME
2025-10-24,1,09:45,10:57,25531,25438.4821428571,25438.73,25900.07,-93.27,-186.54,92.52,19.50,ORB2 STOP
2025-10-27,1,10:01,15:56,25860,25968.25,25767.80,26228.80,107.50,215.00,38.00,121.50,ORB2 TIME
2025-10-28,-1,09:48,12:31,26041.5,26132.2544642857,26132.00,25679.48,-91.50,-183.01,90.75,35.50,ORB2 STOP
2025-10-30,1,09:54,10:21,26127.75,26035.9151785714,26036.17,26494.09,-92.58,-185.17,91.83,51.75,ORB2 STOP
2025-10-31,-1,09:45,11:20,26103.25,26182.71875,26182.47,25786.38,-80.22,-160.44,79.47,46.25,ORB2 STOP
2025-11-03,-1,09:49,15:56,26154.75,26092.5,26235.24,25832.79,61.50,123.00,12.00,142.00,ORB2 TIME
2025-11-04,1,09:49,12:08,25782.25,25706.3482142857,25706.60,26084.86,-76.65,-153.30,75.90,111.50,ORB2 STOP
2025-11-05,1,09:47,14:56,25577.5,25872.5714285714,25503.73,25872.57,294.32,588.64,13.00,295.25,ORB2 TARGET
2025-11-06,-1,09:51,11:00,25585.5,25300.8392857143,25656.67,25300.84,283.91,567.82,20.25,284.66,ORB2 TARGET
2025-11-10,1,09:45,10:52,25640,25562.7053571429,25562.96,25948.18,-78.04,-156.09,77.29,26.50,ORB2 STOP
2025-11-11,-1,09:49,13:21,25583.5,25663.7098214286,25663.46,25263.66,-80.96,-161.92,80.21,105.00,ORB2 STOP
2025-11-12,-1,09:46,15:56,25637,25613.75,25712.19,25336.23,22.50,45.00,22.75,148.25,ORB2 TIME
2025-11-13,-1,09:45,09:52,25283.75,25359.2321428571,25358.98,24982.82,-76.23,-152.46,75.48,3.00,ORB2 STOP
2025-11-14,1,09:45,10:49,24845,25171.6785714286,24763.33,25171.68,325.93,651.86,26.00,326.68,ORB2 TARGET
2025-11-17,1,09:46,10:05,25199.5,25108.96875,25109.22,25560.63,-91.28,-182.56,90.53,55.25,ORB2 STOP
2025-11-18,-1,09:45,12:54,24646.5,24742.3303571429,24742.08,24264.18,-96.58,-193.16,95.83,266.50,ORB2 STOP
2025-11-19,1,09:45,11:37,24758.75,24659.8303571429,24660.08,25153.43,-99.67,-199.34,98.92,229.25,ORB2 STOP
2025-11-20,1,09:47,11:01,25242.5,25140.5669642857,25140.82,25649.23,-102.68,-205.37,101.93,67.50,ORB2 STOP
2025-11-21,-1,09:45,09:55,24152.5,24270.4821428571,24270.23,23681.57,-118.73,-237.46,117.98,51.50,ORB2 STOP
2025-11-24,1,10:02,15:56,25785.5,26040.75,25660.33,26286.16,254.50,509.00,58.50,270.75,ORB2 TIME
2025-11-25,-1,09:45,10:46,25782.25,25910.0044642857,25909.75,25272.23,-128.50,-257.01,127.75,117.25,ORB2 STOP
2025-11-26,1,09:50,10:01,26334.25,26203.9419642857,26204.19,26854.48,-131.06,-262.12,130.31,10.25,ORB2 STOP
2025-12-01,1,09:48,15:56,26383,26451,26257.35,26885.61,67.25,134.50,53.75,175.75,ORB2 TIME
2025-12-02,1,10:00,11:23,26676.25,26553.5133928571,26553.76,27166.20,-123.49,-246.97,122.74,56.75,ORB2 STOP
2025-12-03,-1,09:53,10:04,26514.25,26636.0669642857,26635.82,26027.98,-122.57,-245.13,121.82,21.25,ORB2 STOP
2025-12-04,-1,09:58,15:56,26613.25,26669.25,26735.50,26124.23,-56.75,-113.50,104.00,63.25,ORB2 TIME
2025-12-08,-1,09:48,15:56,26830.75,26682.25,26946.79,26366.61,147.75,295.50,18.25,204.00,ORB2 TIME
2025-12-09,1,10:02,15:56,26716.5,26762.5,26607.08,27154.18,45.25,90.50,38.25,85.00,ORB2 TIME
2025-12-11,-1,09:45,13:37,26618.5,26720.0491071429,26719.80,26213.30,-102.30,-204.60,101.55,165.25,ORB2 STOP
2025-12-12,-1,09:48,11:39,26584.75,26190.0714285714,26683.42,26190.07,393.93,787.86,49.75,394.68,ORB2 TARGET
2025-12-15,-1,09:45,15:56,26350.5,26151.25,26436.53,26006.38,198.50,397.00,24.75,254.25,ORB2 TIME
2025-12-16,-1,09:46,09:48,26019.25,26100.4285714286,26100.18,25695.54,-81.93,-163.86,81.18,6.25,ORB2 STOP
2025-12-17,-1,09:45,11:52,26106.25,25797.2321428571,26183.50,25797.23,308.27,616.54,52.75,309.02,ORB2 TARGET
2025-12-18,-1,09:49,09:54,25982.5,26060.5,26060.25,25671.50,-78.75,-157.50,78.00,12.00,ORB2 STOP
2025-12-19,1,09:45,10:28,26358.75,26280.4732142857,26280.72,26670.86,-79.03,-158.05,78.28,52.00,ORB2 STOP
2025-12-22,-1,10:31,15:56,26480.5,26503,26557.78,26171.39,-23.25,-46.50,60.50,41.25,ORB2 TIME
2025-12-23,1,09:45,10:02,26547.5,26471.59375,26471.84,26850.13,-76.66,-153.31,75.91,13.50,ORB2 STOP
2025-12-26,1,09:45,10:02,26742.5,26667.7142857143,26667.96,27040.64,-75.54,-151.07,74.79,2.25,ORB2 STOP
2025-12-29,-1,10:14,10:25,26473.75,26546.2946428571,26546.04,26184.57,-73.29,-146.59,72.54,2.50,ORB2 STOP
2025-12-30,-1,09:46,09:51,26485,26556.7276785714,26556.48,26199.09,-72.48,-144.96,71.73,1.75,ORB2 STOP
2025-12-31,-1,09:45,15:56,26418.25,26306.5,26486.67,26144.57,111.00,222.00,27.00,147.25,ORB2 TIME
2026-01-05,1,10:28,13:09,26483.25,26409.8303571429,26410.08,26775.93,-74.17,-148.34,73.42,34.50,ORB2 STOP
2026-01-06,1,09:45,15:56,26489,26639,26418.75,26770.02,149.25,298.50,40.25,157.75,ORB2 TIME
2026-01-07,1,09:46,15:56,26674.25,26634.25,26608.88,26935.71,-40.75,-81.50,55.50,133.50,ORB2 TIME
2026-01-08,-1,09:45,09:48,26422.75,26485.5758928571,26485.33,26172.45,-63.58,-127.15,62.83,15.50,ORB2 STOP
2026-01-09,-1,10:08,10:13,26457.75,26519.8482142857,26519.60,26210.36,-62.85,-125.70,62.10,32.25,ORB2 STOP
2026-01-12,1,09:50,15:56,26702.5,26775.75,26644.07,26936.23,72.50,145.00,29.25,127.75,ORB2 TIME
2026-01-13,-1,10:02,11:48,26740.25,26799.2991071429,26799.05,26505.05,-59.80,-119.60,59.05,124.50,ORB2 STOP
2026-01-14,-1,09:45,10:16,26433,26491.9598214286,26491.71,26198.16,-59.71,-119.42,58.96,90.25,ORB2 STOP
2026-01-15,1,09:45,09:51,26756.75,26694.1383928571,26694.39,27006.20,-63.36,-126.72,62.61,7.25,ORB2 STOP
2026-01-16,-1,09:45,15:56,26627,26503.75,26690.80,26371.80,122.50,245.00,35.75,227.00,ORB2 TIME
2026-01-21,1,09:47,11:13,26033,26302.5,25965.63,26302.50,268.75,537.50,24.75,269.50,ORB2 TARGET
2026-01-22,-1,09:46,11:42,26421.75,26495.6919642857,26495.44,26126.98,-74.69,-149.38,73.94,77.25,ORB2 STOP
2026-01-23,1,09:56,15:56,26462.75,26546.25,26387.78,26762.64,82.75,165.50,34.50,192.50,ORB2 TIME
2026-01-26,1,09:45,15:56,26637.25,26659.25,26561.65,26939.66,21.25,42.50,26.75,105.25,ORB2 TIME
2026-01-27,1,09:53,15:56,26822.5,26887.5,26752.43,27102.79,64.25,128.50,7.75,101.75,ORB2 TIME
2026-01-29,-1,09:45,10:37,26755.5,26474.9821428571,26825.63,26474.98,279.77,559.54,62.25,280.52,ORB2 TARGET
2026-01-30,-1,09:59,10:07,26622.5,26700.2723214286,26700.02,26312.41,-78.52,-157.04,77.77,6.00,ORB2 STOP
2026-02-02,1,09:46,15:56,26544,26664.5,26464.03,26863.89,119.75,239.50,27.25,214.75,ORB2 TIME
2026-02-03,-1,09:54,12:31,26531.25,26208.6071428571,26611.91,26208.61,321.89,643.79,53.50,322.64,ORB2 TARGET
2026-02-04,-1,09:57,12:30,26039.5,25684.1607142857,26128.33,25684.16,354.59,709.18,76.00,355.34,ORB2 TARGET
2026-02-05,1,09:47,09:56,25746.25,25650.6875,25650.94,26127.50,-96.31,-192.63,95.56,24.75,ORB2 STOP
2026-02-09,1,09:45,15:56,25962.5,26167.5,25861.80,26365.30,204.25,408.50,60.50,276.25,ORB2 TIME
2026-02-10,-1,09:48,09:56,26074.75,26178.78125,26178.53,25659.63,-104.78,-209.56,104.03,13.75,ORB2 STOP
2026-02-11,-1,09:56,15:56,26148.5,26109,26247.37,25753.04,38.75,77.50,27.75,280.75,ORB2 TIME
2026-02-12,-1,09:45,11:19,26113.25,25702.7857142857,26215.87,25702.79,409.71,819.43,20.75,410.46,ORB2 TARGET
2026-02-13,1,09:45,09:53,25610,25500.1830357143,25500.43,26048.27,-110.57,-221.13,109.82,49.50,ORB2 STOP
2026-02-17,-1,09:50,11:09,25415.25,25528.4285714286,25528.18,24963.54,-113.93,-227.86,113.18,156.25,ORB2 STOP
2026-02-18,1,09:45,15:56,25678.75,25800,25561.48,26147.82,120.50,241.00,76.50,259.50,ORB2 TIME
2026-02-19,1,09:53,13:21,25693.25,25572.6607142857,25572.91,26174.61,-121.34,-242.68,120.59,78.25,ORB2 STOP
2026-02-20,1,09:46,15:56,25758.75,25866.5,25646.04,26209.57,107.00,214.00,103.50,190.75,ORB2 TIME
2026-02-23,-1,09:45,15:56,25689.75,25534,25804.10,25232.34,155.00,310.00,85.50,212.25,ORB2 TIME
2026-02-24,1,09:45,15:56,25722.25,25839.5,25608.55,26177.05,116.50,233.00,93.00,168.25,ORB2 TIME
2026-02-25,1,09:45,15:56,26089.75,26190.75,25982.26,26519.71,100.25,200.50,15.25,116.75,ORB2 TIME
2026-02-26,-1,09:45,15:56,26034.25,25872.75,26135.27,25630.18,160.75,321.50,41.00,362.50,ORB2 TIME
2026-02-27,1,09:46,15:56,25720,25785.5,25617.99,26128.05,64.75,129.50,60.25,126.50,ORB2 TIME
2026-03-02,1,09:48,15:56,25695.25,25854,25597.96,26084.43,158.00,316.00,82.50,214.50,ORB2 TIME
2026-03-03,-1,09:49,11:18,25311.75,25409.6741071429,25409.42,24921.05,-98.67,-197.35,97.92,151.25,ORB2 STOP
2026-03-04,-1,09:45,09:50,25646.75,25749.1383928571,25748.89,25238.20,-103.14,-206.28,102.39,23.50,ORB2 STOP
2026-03-05,1,09:49,10:25,25935.25,25832.9330357143,25833.18,26343.52,-103.07,-206.13,102.32,82.75,ORB2 STOP
2026-03-09,-1,09:45,10:05,25164.25,25260.5178571429,25260.27,24780.18,-97.02,-194.04,96.27,41.25,ORB2 STOP
2026-03-10,-1,09:57,10:35,25769,25870.6517857143,25870.40,25363.39,-102.40,-204.80,101.65,66.75,ORB2 STOP
2026-03-11,-1,09:50,10:01,25844,25944.7366071429,25944.49,25442.05,-101.49,-202.97,100.74,19.50,ORB2 STOP
2026-03-12,-1,09:45,15:56,25551.5,25364.5,25653.64,25142.95,186.25,372.50,25.25,196.25,ORB2 TIME
2026-03-13,1,09:45,10:11,25582.75,25483.4151785714,25483.67,25979.09,-100.08,-200.17,99.33,32.00,ORB2 STOP
2026-03-16,1,09:45,15:56,25527.5,25476,25426.95,25929.70,-52.25,-104.50,100.00,100.75,ORB2 TIME
2026-03-17,1,09:45,11:36,25671.75,25574.2723214286,25574.52,26060.66,-98.23,-196.46,97.48,38.25,ORB2 STOP
2026-03-19,1,09:49,15:56,25048.75,25187.75,24954.99,25423.80,138.25,276.50,76.00,238.25,ORB2 TIME
2026-03-20,-1,09:50,15:38,24974.5,24591.5535714286,25070.24,24591.55,382.20,764.39,38.25,382.95,ORB2 TARGET
2026-03-23,1,09:49,11:53,25164.25,25067.8080357143,25068.06,25549.02,-97.19,-194.38,96.44,121.25,ORB2 STOP
2026-03-24,-1,09:51,10:01,24735.5,24829.8973214286,24829.65,24358.91,-95.15,-190.29,94.40,5.25,ORB2 STOP
2026-03-25,-1,09:49,10:53,25021.25,25112.90625,25112.66,24655.63,-92.41,-184.81,91.66,97.25,ORB2 STOP
2026-03-26,1,09:45,10:55,24754.25,24666.0848214286,24666.33,25105.91,-88.92,-177.83,88.17,82.50,ORB2 STOP
2026-03-27,-1,09:53,15:56,24126.75,23930,24217.35,23764.36,196.00,392.00,79.75,262.25,ORB2 TIME
2026-03-30,-1,09:46,15:26,23969.5,23631.8571428571,24053.91,23631.86,336.89,673.79,63.75,337.64,ORB2 TARGET
2026-03-31,1,09:46,10:57,24065.75,23977.7232142857,23977.97,24416.86,-88.78,-177.55,88.03,118.25,ORB2 STOP
2026-04-01,1,10:22,15:56,24790.25,24787.25,24697.29,25162.09,-3.75,-7.50,70.00,154.25,ORB2 TIME
2026-04-02,1,09:53,10:37,24414.75,24787.5714285714,24321.54,24787.57,372.07,744.14,20.50,372.82,ORB2 TARGET
2026-04-06,1,09:46,10:07,24969.5,24873.625,24873.88,25352.00,-96.63,-193.25,95.88,79.00,ORB2 STOP
2026-04-07,-1,09:45,13:37,24783,24879.7633928571,24879.51,24396.95,-97.51,-195.03,96.76,246.00,ORB2 STOP
2026-04-08,-1,09:51,15:56,25684.75,25632.25,25786.10,25279.36,51.75,103.50,68.25,162.75,ORB2 TIME
2026-04-09,-1,09:53,11:33,25614.25,25715.2723214286,25715.02,25211.16,-101.77,-203.54,101.02,58.50,ORB2 STOP
2026-04-10,-1,10:01,11:25,25885.25,25985.3035714286,25985.05,25486.04,-100.80,-201.61,100.05,21.00,ORB2 STOP
2026-04-13,-1,09:45,09:50,25769.75,25863.5758928571,25863.33,25395.45,-94.58,-189.15,93.83,14.25,ORB2 STOP
2026-04-14,1,09:45,15:56,26352,26577.25,26258.33,26726.68,224.50,449.00,46.00,239.25,ORB2 TIME
2026-04-15,1,09:53,15:56,26655.25,26959,26559.85,27036.86,303.00,606.00,20.75,310.75,ORB2 TIME
2026-04-16,-1,09:51,11:05,26940.75,27039.1830357143,27038.93,26548.02,-99.18,-198.37,98.43,69.50,ORB2 STOP
2026-04-17,1,09:51,15:56,27316.5,27415.25,27221.52,27696.43,98.00,196.00,49.25,162.00,ORB2 TIME
2026-04-20,-1,09:48,15:56,27328,27320.75,27420.45,26958.20,6.50,13.00,71.75,163.50,ORB2 TIME
2026-04-21,1,09:59,10:59,27433.75,27345.6339285714,27345.88,27785.21,-88.87,-177.73,88.12,46.75,ORB2 STOP
2026-04-22,-1,09:51,10:02,27408.25,27491.6651785714,27491.42,27075.59,-84.17,-168.33,83.42,5.00,ORB2 STOP
2026-04-23,1,09:46,10:01,27663.5,27580.4464285714,27580.70,27994.71,-83.80,-167.61,83.05,34.50,ORB2 STOP
2026-04-24,-1,09:54,10:13,27772.25,27853.2723214286,27853.02,27449.16,-81.77,-163.54,81.02,46.75,ORB2 STOP
2026-04-27,-1,09:46,13:35,27949.5,28031.9910714286,28031.74,27620.54,-83.24,-166.48,82.49,56.00,ORB2 STOP
2026-04-28,1,09:48,09:56,27835.75,27758.3482142857,27758.60,28144.36,-78.15,-156.30,77.40,10.50,ORB2 STOP
2026-04-30,-1,09:52,10:55,27866.5,27940.6919642857,27940.44,27570.73,-74.94,-149.88,74.19,108.00,ORB2 STOP
2026-05-01,1,09:50,15:56,28390.75,28425.75,28311.63,28707.23,34.25,68.50,43.75,122.25,ORB2 TIME
2026-05-04,1,09:46,11:20,28483.25,28405.4464285714,28405.70,28793.46,-78.55,-157.11,77.80,53.25,ORB2 STOP
2026-05-05,1,09:45,15:56,28679.5,28710.75,28602.31,28988.27,30.50,61.00,51.75,105.00,ORB2 TIME
2026-05-06,1,09:45,09:51,29078.5,29004.2008928571,29004.45,29374.70,-75.05,-150.10,74.30,17.75,ORB2 STOP
2026-05-07,-1,09:45,09:56,29317.25,29393.375,29393.13,29013.75,-76.88,-153.75,76.13,13.75,ORB2 STOP
2026-05-11,-1,10:29,10:41,29875.5,29958.0223214286,29957.77,29546.41,-83.27,-166.54,82.52,33.00,ORB2 STOP
2026-05-12,1,09:45,09:49,29881.5,29800.7589285714,29801.01,30203.46,-81.49,-162.98,80.74,9.75,ORB2 STOP
2026-05-13,-1,09:45,10:26,29775.5,29861.0491071429,29860.80,29434.30,-86.30,-172.60,85.55,104.75,ORB2 STOP
2026-05-14,1,09:45,10:00,30225.5,30139.7008928571,30139.95,30567.70,-86.55,-173.10,85.80,54.75,ORB2 STOP
2026-05-15,-1,09:45,09:51,29745.5,29831.2455357143,29831.00,29403.52,-86.50,-172.99,85.75,60.50,ORB2 STOP
2026-05-18,-1,09:45,09:52,29755.5,29845.5892857143,29845.34,29396.14,-90.84,-181.68,90.09,25.50,ORB2 STOP
2026-05-19,-1,10:05,12:32,29439,29534.4151785714,29534.17,29058.34,-96.17,-192.33,95.42,180.50,ORB2 STOP
2026-05-20,1,09:45,09:56,29750.5,29650.6339285714,29650.88,30148.96,-100.62,-201.23,99.87,40.25,ORB2 STOP
2026-05-21,1,09:52,10:21,29864.25,29765.6964285714,29765.95,30257.46,-99.30,-198.61,98.55,70.00,ORB2 STOP
2026-05-22,-1,10:06,10:44,30126.75,30227.5178571429,30227.27,29724.68,-101.52,-203.04,100.77,41.00,ORB2 STOP
2026-05-26,1,09:45,15:56,30534.75,30688,30435.47,30931.88,152.50,305.00,53.75,179.75,ORB2 TIME
2026-05-27,-1,09:46,09:53,30559,30659.8526785714,30659.60,30156.59,-101.60,-203.21,100.85,26.00,ORB2 STOP
2026-05-28,-1,09:46,10:10,30538.25,30637.7991071429,30637.55,30141.05,-100.30,-200.60,99.55,22.50,ORB2 STOP
2026-05-29,1,09:45,10:27,31057.25,30957.1607142857,30957.41,31456.61,-100.84,-201.68,100.09,74.00,ORB2 STOP
2026-06-01,1,09:47,09:56,31057.75,30961.4330357143,30961.68,31442.02,-97.07,-194.13,96.32,5.00,ORB2 STOP
2026-06-02,1,09:53,15:56,31163.25,31301.5,31064.26,31559.20,137.50,275.00,41.00,145.25,ORB2 TIME
2026-06-03,-1,09:45,10:30,31218,31312.6339285714,31312.38,30840.46,-95.38,-190.77,94.63,127.00,ORB2 STOP
2026-06-04,-1,09:45,09:53,30805.25,30896.7098214286,30896.46,30440.41,-92.21,-184.42,91.46,22.25,ORB2 STOP
2026-06-08,-1,09:57,10:27,29992.5,30099.1517857143,30098.90,29566.89,-107.40,-214.80,106.65,65.75,ORB2 STOP
2026-06-09,1,09:45,10:00,30365.25,30260.9375,30261.19,30781.50,-105.06,-210.13,104.31,77.25,ORB2 STOP
2026-06-10,1,09:47,10:56,29686.25,29561.2857142857,29561.54,30185.11,-125.71,-251.43,124.96,160.25,ORB2 STOP
2026-06-11,1,09:45,10:59,29379.25,29247.6875,29247.94,29904.50,-132.31,-264.63,131.56,265.00,ORB2 STOP
2026-06-12,-1,09:45,09:59,29851.75,29992.9241071429,29992.67,29288.05,-141.92,-283.85,141.17,33.75,ORB2 STOP
2026-06-15,1,09:45,15:56,31035.5,31134.25,30889.63,31619.00,98.00,196.00,65.50,182.75,ORB2 TIME
2026-06-16,1,09:46,10:23,31160.75,31014.1919642857,31014.44,31745.98,-147.31,-294.62,146.56,28.00,ORB2 STOP
2026-06-18,1,10:23,15:56,30915,31048,30760.27,31533.93,132.25,264.50,152.00,168.00,ORB2 TIME
2026-06-22,1,09:58,10:28,31227,31069.78125,31070.03,31854.88,-157.97,-315.94,157.22,40.50,ORB2 STOP
2026-06-23,1,09:47,14:43,30105.75,29947.3169642857,29947.57,30738.48,-159.18,-318.37,158.43,240.75,ORB2 STOP
2026-06-24,-1,09:48,09:52,29903.5,30065.0178571429,30064.77,29258.43,-162.27,-324.54,161.52,39.75,ORB2 STOP
2026-06-25,-1,09:45,15:56,30045.25,30004.25,30212.45,29376.45,40.25,80.50,146.00,449.00,ORB2 TIME
2026-06-26,1,09:56,15:56,29672.75,29736.25,29497.50,30373.77,62.75,125.50,62.25,344.25,ORB2 TIME
2026-06-29,1,09:45,09:57,30095,29930.0625,29930.31,30753.75,-165.69,-331.38,164.94,43.25,ORB2 STOP
2026-06-30,1,09:51,15:56,30564,30875.5,30392.47,31250.13,310.75,621.50,40.00,335.75,ORB2 TIME
2026-07-01,1,09:59,14:54,30560.5,30407.5401785714,30407.79,31171.34,-153.71,-307.42,152.96,97.00,ORB2 STOP
2026-07-06,1,09:45,15:56,30237.25,30254,30092.65,30815.66,16.00,32.00,55.75,156.50,ORB2 TIME
2026-07-07,-1,09:51,15:56,29790.5,29684.5,29931.23,29227.57,105.25,210.50,90.25,281.00,ORB2 TIME
2026-07-08,1,09:45,10:16,29685.5,29541.6651785714,29541.92,30259.84,-144.58,-289.17,143.83,13.25,ORB2 STOP
2026-07-09,1,09:45,10:16,30171.25,30029.5758928571,30029.83,30736.95,-142.42,-284.85,141.67,59.00,ORB2 STOP
2026-07-10,1,09:49,10:33,30237,30099.6696428571,30099.92,30785.32,-138.08,-276.16,137.33,31.25,ORB2 STOP
2026-07-13,-1,09:45,10:30,29851.5,29988.9732142857,29988.72,29302.61,-138.22,-276.45,137.47,58.50,ORB2 STOP
2026-07-14,-1,10:05,11:05,29984.5,30120.0491071429,30119.80,29443.30,-136.30,-272.60,135.55,117.50,ORB2 STOP
2026-07-15,-1,09:45,15:56,30130.25,30001.75,30263.04,29599.11,127.75,255.50,61.75,433.75,ORB2 TIME
2026-07-16,-1,09:45,10:07,29608,29739.9107142857,29739.66,29081.36,-132.66,-265.32,131.91,50.50,ORB2 STOP
2026-07-17,1,10:00,15:56,28985.5,29131,28861.86,29480.07,144.75,289.50,20.75,361.25,ORB2 TIME
2026-07-20,1,09:45,09:53,29482,29356.2589285714,29356.51,29983.96,-126.49,-252.98,125.74,10.25,ORB2 STOP
2026-07-21,-1,09:45,10:46,29428.5,29547.6294642857,29547.38,28952.98,-119.88,-239.76,119.13,65.75,ORB2 STOP
2026-07-22,1,09:45,15:56,29486.25,29480.75,29372.11,29942.82,-6.25,-12.50,34.50,156.00,ORB2 TIME
2026-07-23,-1,10:33,10:41,28955.5,29069,29068.75,28502.50,-114.25,-228.50,113.50,15.75,ORB2 STOP
2026-07-24,-1,09:46,11:57,28757.5,28861.8348214286,28861.58,28341.16,-105.08,-210.17,104.33,203.50,ORB2 STOP
2026-07-27,-1,09:46,10:38,28727,28303.4642857143,28832.88,28303.46,422.79,845.57,76.50,423.54,ORB2 TARGET
2026-07-28,-1,09:45,10:49,28027.75,28137.4910714286,28137.24,27589.79,-110.49,-220.98,109.74,124.75,ORB2 STOP
2026-07-30,1,09:45,15:56,28296.25,28513.25,28179.38,28763.73,216.25,432.50,23.25,301.50,ORB2 TIME
2026-07-31,-1,09:45,15:56,28714.5,28771.75,28832.90,28240.91,-58.00,-116.00,109.75,335.00,ORB2 TIME
2026-08-03,1,09:55,15:56,28840.25,29181.25,28716.70,29334.46,340.25,680.50,26.75,424.50,ORB2 TIME
2026-08-04,1,09:45,15:56,29752.5,30168.5,29623.17,30269.80,415.25,830.50,42.50,503.75,ORB2 TIME
2026-08-05,1,09:45,10:03,30359,30226.4419642857,30226.69,30888.23,-133.31,-266.62,132.56,14.00,ORB2 STOP
2026-08-06,1,09:45,15:56,29773.25,29822.25,29640.46,30304.43,48.25,96.50,26.25,212.75,ORB2 TIME
2026-08-10,1,10:06,15:56,30141.25,30044.75,30014.21,30649.43,-97.25,-194.50,111.25,58.50,ORB2 TIME
2026-08-11,-1,09:46,10:53,29978.25,30103.4107142857,30103.16,29478.61,-125.91,-251.82,125.16,42.50,ORB2 STOP
2026-08-12,-1,10:05,15:56,30152.75,30129.5,30278.65,29649.14,22.50,45.00,93.25,34.25,ORB2 TIME
2026-08-13,1,09:45,15:56,30353.75,30480,30232.64,30838.18,125.50,251.00,48.50,219.25,ORB2 TIME
2026-08-14,1,09:45,10:28,30569.5,30448.2901785714,30448.54,31053.34,-121.96,-243.92,121.21,11.00,ORB2 STOP
2026-08-17,-1,10:08,11:07,30464.75,30578.4107142857,30578.16,30011.11,-114.41,-228.82,113.66,8.50,ORB2 STOP
2026-08-18,-1,09:55,15:56,29930.5,29881,30039.33,29495.16,48.75,97.50,75.75,116.75,ORB2 TIME
2026-08-19,-1,09:48,12:19,29860,29959.6875,29959.44,29462.25,-100.44,-200.88,99.69,184.50,ORB2 STOP
2026-08-20,-1,09:51,11:02,29638,29735.5714285714,29735.32,29248.71,-98.32,-196.64,97.57,33.75,ORB2 STOP
2026-08-21,-1,09:45,11:35,29611.75,29702.5669642857,29702.32,29249.48,-91.57,-183.13,90.82,91.75,ORB2 STOP
2026-08-24,-1,09:45,10:34,29275.75,29359.7142857143,29359.46,28940.89,-84.71,-169.43,83.96,28.25,ORB2 STOP
2026-08-25,1,09:45,09:58,29677,29601.1160714286,29601.37,29979.54,-76.63,-153.27,75.88,38.75,ORB2 STOP
2026-08-26,1,09:45,10:13,29613,29540.8616071429,29541.11,29900.55,-72.89,-145.78,72.14,20.00,ORB2 STOP
2026-08-27,1,09:45,09:48,29889.5,29821.5178571429,29821.77,30160.43,-68.73,-137.46,67.98,15.25,ORB2 STOP
2026-08-28,1,09:48,09:52,30001.25,29933.5580357143,29933.81,30271.02,-68.44,-136.88,67.69,2.50,ORB2 STOP
2026-08-31,-1,09:47,09:48,29689.5,29760.6517857143,29760.40,29405.89,-71.90,-143.80,71.15,0.00,ORB2 STOP
2026-09-01,1,09:47,14:35,29440.5,29371.5848214286,29371.83,29715.16,-69.67,-139.33,68.92,176.50,ORB2 STOP
2026-09-02,-1,09:51,10:08,29336.25,29407.5357142857,29407.29,29052.11,-72.04,-144.07,71.29,19.25,ORB2 STOP
2026-09-03,1,09:49,10:01,29659.75,29592.3214285714,29592.57,29928.46,-68.18,-136.36,67.43,15.25,ORB2 STOP
2026-09-08,-1,09:53,09:58,29765.75,29835.5625,29835.31,29487.50,-70.56,-141.13,69.81,11.25,ORB2 STOP
2026-09-09,1,09:49,11:10,29806.5,29736.5758928571,29736.83,30085.20,-70.67,-141.35,69.92,87.25,ORB2 STOP
2026-09-10,1,09:49,09:52,29500,29432.40625,29432.66,29769.38,-68.34,-136.69,67.59,3.50,ORB2 STOP
2026-09-11,1,09:45,10:07,29740.25,29673.5535714286,29673.80,30006.04,-67.45,-134.89,66.70,34.50,ORB2 STOP
2026-09-14,1,09:45,11:45,29242.25,29500.6964285714,29177.64,29500.70,257.70,515.39,4.00,258.45,ORB2 TARGET
2026-09-15,1,09:45,10:08,29442,29374.625,29374.88,29710.50,-68.13,-136.25,67.38,10.75,ORB2 STOP
2026-09-17,1,10:28,11:01,29738,29665.96875,29666.22,30025.13,-72.78,-145.56,72.03,10.25,ORB2 STOP
2026-09-18,-1,09:48,15:50,29798.5,29868.8794642857,29868.63,29517.98,-71.13,-142.26,70.38,139.25,ORB2 STOP
2026-09-21,1,09:45,11:40,30341,30614.6607142857,30272.58,30614.66,272.91,545.82,1.25,273.66,ORB2 TARGET
2026-09-22,1,09:50,15:56,30927.75,31026.75,30851.08,31234.45,98.25,196.50,44.25,138.25,ORB2 TIME
2026-09-23,-1,09:46,15:56,30901.5,30746.5,30977.95,30595.71,154.25,308.50,1.50,261.25,ORB2 TIME
2026-09-24,1,09:46,11:08,30607,30527.1205357143,30527.37,30925.52,-80.63,-161.26,79.88,37.25,ORB2 STOP
2026-09-25,1,09:52,10:05,30890.5,30811.4866071429,30811.74,31205.55,-79.76,-159.53,79.01,35.75,ORB2 STOP
2026-09-28,-1,09:45,12:27,30601.25,30681.0625,30680.81,30283.00,-80.56,-161.13,79.81,244.75,ORB2 STOP
2026-09-29,-1,11:26,14:39,30545,30627.3214285714,30627.07,30216.71,-83.07,-166.14,82.32,41.00,ORB2 STOP
2026-09-30,1,09:59,15:55,30810.5,30728.4375,30728.69,31137.75,-82.81,-165.63,82.06,95.50,ORB2 STOP
2026-10-01,-1,09:46,13:31,30734,30816.2142857143,30815.96,30406.14,-82.96,-165.93,82.21,202.50,ORB2 STOP
