sym,family,name,is_n,is_total,is_avg,is_win,is_pf,is_t,is_maxdd,is_years_up,oos_n,oos_total,oos_avg,oos_win,oos_pf,oos_t,oos_maxdd,y2020,y2021,y2022,y2023,y2024,y2025,y2026
MNQ,ORB,"ORB 09:30 5m LONG stop OPP 1R entries 90m",621,-2266,-3.65,49.9,0.93,-0.83,3463,1,508,-1955,-3.85,49.0,0.95,-0.55,3085,168,-272,-1040,-1123,-1426,685,-1214
MNQ,ORB,"ORB 09:30 5m LONG stop OPP 1R entries 240m",657,-1429,-2.17,50.8,0.96,-0.51,3331,1,544,-693,-1.27,50.0,0.98,-0.19,3406,180,-10,-420,-1179,-536,1264,-1421
MNQ,ORB,"ORB 09:30 5m LONG stop OPP 1.5R entries 90m",621,-1500,-2.42,41.5,0.96,-0.46,4192,1,508,-1018,-2.00,40.7,0.98,-0.24,3013,-50,358,-1589,-220,35,-973,-80
MNQ,ORB,"ORB 09:30 5m LONG stop OPP 1.5R entries 240m",657,-810,-1.23,42.5,0.98,-0.24,4128,1,544,375,0.69,41.7,1.01,0.09,3334,-2,683,-1114,-378,1015,-8,-633
MNQ,ORB,"ORB 09:30 5m LONG stop OPP 2R entries 90m",621,-1122,-1.81,36.9,0.97,-0.30,5249,1,508,-1506,-2.96,36.0,0.97,-0.32,4321,362,-177,-1123,-184,1591,-1471,-1626
MNQ,ORB,"ORB 09:30 5m LONG stop OPP 2R entries 240m",657,-512,-0.78,37.9,0.99,-0.14,4840,2,544,-442,-0.81,36.9,0.99,-0.09,4643,394,224,-852,-278,2164,-427,-2179
MNQ,ORB,"ORB 09:30 5m LONG stop OPP 3R entries 90m",621,4498,7.24,34.0,1.11,1.04,3910,4,508,-657,-1.29,32.5,0.99,-0.13,4388,299,1528,852,1820,148,-43,-762
MNQ,ORB,"ORB 09:30 5m LONG stop OPP 3R entries 240m",657,5048,7.68,34.9,1.11,1.14,3734,4,544,609,1.12,33.5,1.01,0.11,4499,330,1976,1034,1709,996,927,-1314
MNQ,ORB,"ORB 09:30 5m LONG stop OPP to 15:55 entries 90m",621,7096,11.43,31.9,1.16,1.42,3443,4,508,3259,6.41,30.5,1.07,0.48,4388,413,2121,2111,2451,57,2966,237
MNQ,ORB,"ORB 09:30 5m LONG stop OPP to 15:55 entries 240m",657,7523,11.45,32.9,1.17,1.49,3483,4,544,4963,9.12,31.6,1.10,0.72,4478,445,2607,2078,2395,1386,3893,-316
MNQ,ORB,"ORB 09:30 5m LONG stop MID 1R entries 90m",621,-5197,-8.37,44.6,0.72,-3.78,5510,1,508,-4727,-9.31,43.5,0.77,-2.63,5206,124,-1314,-2111,-1896,-757,-1562,-2408
MNQ,ORB,"ORB 09:30 5m LONG stop MID 1R entries 240m",657,-5222,-7.95,45.1,0.73,-3.68,5585,1,544,-5131,-9.43,43.4,0.77,-2.76,5595,167,-1271,-2133,-1985,-755,-1993,-2383
MNQ,ORB,"ORB 09:30 5m LONG stop MID 1.5R entries 90m",621,-5920,-9.53,35.1,0.73,-3.63,6571,1,508,-3141,-6.18,36.6,0.86,-1.43,3520,345,-1239,-3129,-1897,-761,-558,-1822
MNQ,ORB,"ORB 09:30 5m LONG stop MID 1.5R entries 240m",657,-6028,-9.17,35.6,0.74,-3.58,6778,1,544,-3528,-6.49,36.6,0.86,-1.56,4005,444,-1079,-3305,-2087,-768,-836,-1924
MNQ,ORB,"ORB 09:30 5m LONG stop MID 2R entries 90m",621,-3991,-6.43,30.9,0.83,-2.10,5134,1,508,-3997,-7.87,30.3,0.84,-1.61,4128,498,-926,-2461,-1103,-1034,-309,-2654
MNQ,ORB,"ORB 09:30 5m LONG stop MID 2R entries 240m",657,-3994,-6.08,31.5,0.83,-2.04,5198,1,544,-4322,-7.94,30.3,0.84,-1.68,4533,574,-676,-2664,-1228,-995,-580,-2747
MNQ,ORB,"ORB 09:30 5m LONG stop MID 3R entries 90m",621,-4094,-6.59,23.8,0.84,-1.80,5553,1,508,-3744,-7.37,23.4,0.87,-1.27,4476,161,-707,-3166,-382,-340,-1914,-1490
MNQ,ORB,"ORB 09:30 5m LONG stop MID 3R entries 240m",657,-3945,-6.00,24.5,0.85,-1.68,5515,1,544,-4301,-7.91,23.3,0.86,-1.41,4816,272,-478,-3162,-578,-533,-1927,-1841
MNQ,ORB,"ORB 09:30 5m LONG stop MID to 15:55 entries 90m",621,879,1.41,16.4,1.03,0.24,3667,2,508,-2138,-4.21,16.5,0.93,-0.53,4484,692,447,-11,-250,-896,-1550,307
MNQ,ORB,"ORB 09:30 5m LONG stop MID to 15:55 entries 240m",657,1100,1.67,17.4,1.04,0.30,3674,2,544,-2695,-4.95,16.7,0.92,-0.66,5003,787,657,-18,-326,-988,-1663,-44
MNQ,ORB,"ORB 09:30 5m SHORT stop OPP 1R entries 90m",603,-2928,-4.85,47.9,0.91,-1.06,4322,1,533,-1705,-3.20,49.3,0.96,-0.48,6327,-161,-1297,157,-1627,2871,-1511,-3066
MNQ,ORB,"ORB 09:30 5m SHORT stop OPP 1R entries 240m",630,-1989,-3.16,48.7,0.94,-0.71,3513,1,558,-2674,-4.79,48.7,0.93,-0.73,6283,-138,-942,288,-1198,1883,-1661,-2896
MNQ,ORB,"ORB 09:30 5m SHORT stop OPP 1.5R entries 90m",603,-3115,-5.17,39.5,0.92,-0.94,4755,0,533,-3131,-5.87,39.4,0.93,-0.73,8379,-149,-389,-373,-2205,3103,-813,-5421
MNQ,ORB,"ORB 09:30 5m SHORT stop OPP 1.5R entries 240m",630,-1746,-2.77,40.5,0.96,-0.52,3662,0,558,-4451,-7.98,38.9,0.91,-1.02,8721,-77,-26,-129,-1515,2114,-1010,-5555
MNQ,ORB,"ORB 09:30 5m SHORT stop OPP 2R entries 90m",603,-3726,-6.18,33.7,0.91,-1.00,6113,0,533,-758,-1.42,35.1,0.98,-0.16,8432,-602,-409,-468,-2247,4094,-863,-3989
MNQ,ORB,"ORB 09:30 5m SHORT stop OPP 2R entries 240m",630,-1894,-3.01,34.8,0.96,-0.50,4843,1,558,-2278,-4.08,34.6,0.95,-0.47,8939,-481,120,-34,-1499,3106,-1314,-4070
MNQ,ORB,"ORB 09:30 5m SHORT stop OPP 3R entries 90m",603,-878,-1.46,28.5,0.98,-0.20,5087,2,533,-710,-1.33,30.8,0.99,-0.13,8201,-261,141,1632,-2390,2603,1350,-4663
MNQ,ORB,"ORB 09:30 5m SHORT stop OPP 3R entries 240m",630,917,1.46,29.7,1.02,0.20,4473,2,558,-1987,-3.56,30.5,0.96,-0.36,8501,-197,633,2002,-1521,1614,1035,-4636
MNQ,ORB,"ORB 09:30 5m SHORT stop OPP to 15:55 entries 90m",603,-964,-1.60,25.9,0.98,-0.19,5953,1,533,3721,6.98,28.5,1.07,0.55,5605,-831,-363,2516,-2286,2546,5039,-3864
MNQ,ORB,"ORB 09:30 5m SHORT stop OPP to 15:55 entries 240m",630,1024,1.63,27.1,1.02,0.20,5055,2,558,2049,3.67,28.3,1.04,0.30,6264,-767,272,2761,-1242,1557,4534,-4042
MNQ,ORB,"ORB 09:30 5m SHORT stop MID 1R entries 90m",603,-3845,-6.38,42.1,0.78,-2.77,3902,1,533,-4930,-9.25,43.2,0.77,-2.71,5573,-517,-2006,175,-1498,-1044,-1801,-2085
MNQ,ORB,"ORB 09:30 5m SHORT stop MID 1R entries 240m",630,-3707,-5.88,42.5,0.80,-2.61,3763,1,558,-5706,-10.22,42.5,0.75,-3.08,6375,-605,-2026,397,-1474,-1513,-2030,-2162
MNQ,ORB,"ORB 09:30 5m SHORT stop MID 1.5R entries 90m",603,-3287,-5.45,34.7,0.84,-1.94,3813,1,533,-3333,-6.25,35.5,0.86,-1.50,4927,-373,-2125,151,-940,-36,-2245,-1051
MNQ,ORB,"ORB 09:30 5m SHORT stop MID 1.5R entries 240m",630,-3153,-5.00,35.1,0.85,-1.82,3756,1,558,-4584,-8.21,34.4,0.82,-2.03,5855,-461,-2065,203,-831,-637,-2451,-1496
MNQ,ORB,"ORB 09:30 5m SHORT stop MID 2R entries 90m",603,-4423,-7.33,28.0,0.81,-2.30,4607,0,533,-2500,-4.69,30.8,0.91,-0.97,3603,-364,-2104,-338,-1618,411,-2173,-739
MNQ,ORB,"ORB 09:30 5m SHORT stop MID 2R entries 240m",630,-4365,-6.93,28.4,0.82,-2.22,4549,0,558,-3891,-6.97,29.7,0.86,-1.50,4667,-452,-1964,-526,-1423,-190,-2519,-1183
MNQ,ORB,"ORB 09:30 5m SHORT stop MID 3R entries 90m",603,-4569,-7.58,21.4,0.82,-1.97,4922,0,533,-3535,-6.63,23.5,0.88,-1.16,4882,-556,-1824,-134,-2055,726,-2170,-2091
MNQ,ORB,"ORB 09:30 5m SHORT stop MID 3R entries 240m",630,-4449,-7.06,21.9,0.83,-1.89,4803,0,558,-4810,-8.62,22.8,0.85,-1.56,5369,-644,-1784,-332,-1690,125,-2400,-2535
MNQ,ORB,"ORB 09:30 5m SHORT stop MID to 15:55 entries 90m",603,-1572,-2.61,13.6,0.94,-0.42,5051,1,533,-3366,-6.31,15.0,0.90,-0.73,5876,-215,-1893,1981,-1445,306,-2375,-1297
MNQ,ORB,"ORB 09:30 5m SHORT stop MID to 15:55 entries 240m",630,-610,-0.97,14.3,0.98,-0.16,4871,1,558,-5106,-9.15,14.3,0.85,-1.10,6991,-303,-1498,1948,-757,-295,-3070,-1742
MNQ,ORB,"ORB 09:30 5m BOTH stop OPP 1R entries 90m",784,-5247,-6.69,48.0,0.88,-1.67,5818,0,677,1990,2.94,51.3,1.04,0.48,4807,-304,-1336,-318,-3290,2370,1942,-2322
MNQ,ORB,"ORB 09:30 5m BOTH stop OPP 1R entries 240m",784,-5247,-6.69,48.0,0.88,-1.67,5818,0,677,1990,2.94,51.3,1.04,0.48,4807,-304,-1336,-318,-3290,2370,1942,-2322
MNQ,ORB,"ORB 09:30 5m BOTH stop OPP 1.5R entries 90m",784,-3176,-4.05,40.6,0.94,-0.84,4855,1,677,959,1.42,41.4,1.02,0.19,6053,-827,1097,-1423,-2024,3607,543,-3192
MNQ,ORB,"ORB 09:30 5m BOTH stop OPP 1.5R entries 240m",784,-3176,-4.05,40.6,0.94,-0.84,4855,1,677,959,1.42,41.4,1.02,0.19,6053,-827,1097,-1423,-2024,3607,543,-3192
MNQ,ORB,"ORB 09:30 5m BOTH stop OPP 2R entries 90m",784,-4292,-5.47,34.9,0.92,-1.02,7417,0,677,3455,5.10,37.4,1.06,0.62,6819,-852,-30,-1156,-2255,5879,723,-3148
MNQ,ORB,"ORB 09:30 5m BOTH stop OPP 2R entries 240m",784,-4292,-5.47,34.9,0.92,-1.02,7417,0,677,3455,5.10,37.4,1.06,0.62,6819,-852,-30,-1156,-2255,5879,723,-3148
MNQ,ORB,"ORB 09:30 5m BOTH stop OPP 3R entries 90m",784,2793,3.56,31.4,1.05,0.56,4595,2,677,4417,6.52,32.8,1.07,0.70,6751,-894,1916,3067,-1296,3287,2804,-1674
MNQ,ORB,"ORB 09:30 5m BOTH stop OPP 3R entries 240m",784,2793,3.56,31.4,1.05,0.56,4595,2,677,4417,6.52,32.8,1.07,0.70,6751,-894,1916,3067,-1296,3287,2804,-1674
MNQ,ORB,"ORB 09:30 5m BOTH stop OPP to 15:55 entries 90m",784,6086,7.76,29.2,1.11,1.04,4342,2,677,8718,12.88,30.6,1.13,1.09,6128,-1023,2281,5263,-435,3931,6721,-1934
MNQ,ORB,"ORB 09:30 5m BOTH stop OPP to 15:55 entries 240m",784,6086,7.76,29.2,1.11,1.04,4342,2,677,8718,12.88,30.6,1.13,1.09,6128,-1023,2281,5263,-435,3931,6721,-1934
MNQ,ORB,"ORB 09:30 5m BOTH stop MID 1R entries 90m",784,-5794,-7.39,43.8,0.75,-3.69,5898,0,677,-5747,-8.49,44.5,0.79,-2.74,6098,-355,-1973,-973,-2494,-1109,-1363,-3275
MNQ,ORB,"ORB 09:30 5m BOTH stop MID 1R entries 240m",784,-5794,-7.39,43.8,0.75,-3.69,5898,0,677,-5747,-8.49,44.5,0.79,-2.74,6098,-355,-1973,-973,-2494,-1109,-1363,-3275
MNQ,ORB,"ORB 09:30 5m BOTH stop MID 1.5R entries 90m",784,-5557,-7.09,35.3,0.79,-2.93,5829,0,677,-1407,-2.08,38.3,0.95,-0.54,2949,-202,-2068,-452,-2835,-277,214,-1344
MNQ,ORB,"ORB 09:30 5m BOTH stop MID 1.5R entries 240m",784,-5557,-7.09,35.3,0.79,-2.93,5829,0,677,-1407,-2.08,38.3,0.95,-0.54,2949,-202,-2068,-452,-2835,-277,214,-1344
MNQ,ORB,"ORB 09:30 5m BOTH stop MID 2R entries 90m",784,-4563,-5.82,30.1,0.84,-2.09,5208,1,677,-1147,-1.69,32.9,0.97,-0.39,3761,-198,-1787,5,-2584,484,152,-1783
MNQ,ORB,"ORB 09:30 5m BOTH stop MID 2R entries 240m",784,-4563,-5.82,30.1,0.84,-2.09,5208,1,677,-1147,-1.69,32.9,0.97,-0.39,3761,-198,-1787,5,-2584,484,152,-1783
MNQ,ORB,"ORB 09:30 5m BOTH stop MID 3R entries 90m",784,-3550,-4.53,23.7,0.89,-1.33,4333,0,677,-1489,-2.20,25.1,0.96,-0.42,4277,-761,-682,-330,-1777,1417,-1108,-1798
MNQ,ORB,"ORB 09:30 5m BOTH stop MID 3R entries 240m",784,-3550,-4.53,23.7,0.89,-1.33,4333,0,677,-1489,-2.20,25.1,0.96,-0.42,4277,-761,-682,-330,-1777,1417,-1108,-1798
MNQ,ORB,"ORB 09:30 5m BOTH stop MID to 15:55 entries 90m",784,535,0.68,14.9,1.01,0.12,3678,1,677,-975,-1.44,16.8,0.98,-0.19,4397,-235,-704,2587,-1114,213,-1790,603
MNQ,ORB,"ORB 09:30 5m BOTH stop MID to 15:55 entries 240m",784,535,0.68,14.9,1.01,0.12,3678,1,677,-975,-1.44,16.8,0.98,-0.19,4397,-235,-704,2587,-1114,213,-1790,603
MNQ,ORB,"ORB 09:30 15m LONG stop OPP 1R entries 90m",529,-416,-0.79,50.5,0.99,-0.11,4496,2,445,6156,13.83,55.1,1.16,1.33,2678,-175,1020,-2447,1186,1169,4255,732
MNQ,ORB,"ORB 09:30 15m LONG stop OPP 1R entries 240m",580,179,0.31,51.6,1.00,0.05,4107,2,497,7089,14.26,55.1,1.17,1.48,3701,-232,986,-1642,1067,1909,5435,-255
MNQ,ORB,"ORB 09:30 15m LONG stop OPP 1.5R entries 90m",529,2303,4.35,45.6,1.06,0.55,3975,2,445,5348,12.02,47.4,1.12,1.02,3156,-30,2303,-1951,1982,649,3584,1115
MNQ,ORB,"ORB 09:30 15m LONG stop OPP 1.5R entries 240m",580,3024,5.21,46.6,1.07,0.69,3645,2,497,7043,14.17,48.1,1.15,1.30,3572,-171,2401,-1255,2048,1499,5456,88
MNQ,ORB,"ORB 09:30 15m LONG stop OPP 2R entries 90m",529,5486,10.37,44.0,1.13,1.21,3991,3,445,4288,9.63,44.7,1.09,0.77,4336,173,3423,-524,2414,409,4077,-199
MNQ,ORB,"ORB 09:30 15m LONG stop OPP 2R entries 240m",580,5405,9.32,44.8,1.12,1.15,3990,3,497,5465,11.00,45.3,1.11,0.96,5544,32,3603,-805,2575,1234,5469,-1238
MNQ,ORB,"ORB 09:30 15m LONG stop OPP 3R entries 90m",529,6155,11.63,42.3,1.14,1.27,3850,3,445,5604,12.59,43.1,1.12,0.92,4482,214,2865,-905,3981,591,4800,214
MNQ,ORB,"ORB 09:30 15m LONG stop OPP 3R entries 240m",580,6193,10.68,43.3,1.13,1.24,3989,3,497,6678,13.44,43.7,1.13,1.06,5690,73,3002,-1176,4294,1712,5791,-825
MNQ,ORB,"ORB 09:30 15m LONG stop OPP to 15:55 entries 90m",529,6510,12.31,42.0,1.15,1.30,3900,3,445,6249,14.04,43.1,1.13,0.95,4482,186,2545,-179,3958,797,5000,453
MNQ,ORB,"ORB 09:30 15m LONG stop OPP to 15:55 entries 240m",580,7003,12.07,42.9,1.15,1.35,4039,4,497,7581,15.25,43.7,1.15,1.13,5690,46,2682,54,4222,2177,5991,-587
MNQ,ORB,"ORB 09:30 15m LONG stop MID 1R entries 90m",529,-3901,-7.37,47.4,0.83,-2.01,4422,1,445,2650,5.96,52.6,1.12,1.07,1250,415,-1750,-1693,-873,850,711,1089
MNQ,ORB,"ORB 09:30 15m LONG stop MID 1R entries 240m",580,-3469,-5.98,48.4,0.86,-1.69,4178,1,497,2422,4.87,52.1,1.10,0.94,1751,562,-1549,-1451,-1031,1304,930,188
MNQ,ORB,"ORB 09:30 15m LONG stop MID 1.5R entries 90m",529,-4699,-8.88,37.4,0.82,-2.03,5317,1,445,4123,9.26,44.3,1.16,1.35,1863,326,-2383,-1855,-787,1976,1363,785
MNQ,ORB,"ORB 09:30 15m LONG stop MID 1.5R entries 240m",580,-4165,-7.18,38.6,0.85,-1.70,5023,1,497,4348,8.75,44.3,1.15,1.36,2415,503,-2270,-1543,-856,2858,1557,-68
MNQ,ORB,"ORB 09:30 15m LONG stop MID 2R entries 90m",529,-4496,-8.50,31.2,0.84,-1.70,5206,1,445,3001,6.74,37.5,1.10,0.87,2112,186,-1785,-1972,-925,2006,809,187
MNQ,ORB,"ORB 09:30 15m LONG stop MID 2R entries 240m",580,-4248,-7.32,32.2,0.86,-1.52,5138,1,497,3600,7.24,38.0,1.11,1.00,2434,284,-2034,-1426,-1071,2959,1227,-586
MNQ,ORB,"ORB 09:30 15m LONG stop MID 3R entries 90m",529,-4044,-7.64,25.7,0.87,-1.30,4945,1,445,1243,2.79,30.1,1.04,0.32,2615,280,-851,-2040,-1432,852,560,-170
MNQ,ORB,"ORB 09:30 15m LONG stop MID 3R entries 240m",580,-3573,-6.16,26.7,0.89,-1.09,4631,1,497,2234,4.50,31.2,1.06,0.55,3032,312,-967,-1405,-1513,1810,1500,-1075
MNQ,ORB,"ORB 09:30 15m LONG stop MID to 15:55 entries 90m",529,-401,-0.76,23.3,0.99,-0.10,2704,1,445,1355,3.04,26.7,1.04,0.31,2876,498,-583,-276,-40,456,292,608
MNQ,ORB,"ORB 09:30 15m LONG stop MID to 15:55 entries 240m",580,-547,-0.94,24.3,0.98,-0.14,2775,2,497,2316,4.66,27.8,1.07,0.51,3453,530,-660,-494,78,1701,913,-298
MNQ,ORB,"ORB 09:30 15m SHORT stop OPP 1R entries 90m",504,1757,3.49,53.2,1.05,0.48,2930,3,453,1627,3.59,51.7,1.04,0.35,5325,267,2609,447,-1566,1984,-176,-182
MNQ,ORB,"ORB 09:30 15m SHORT stop OPP 1R entries 240m",543,4502,8.29,54.3,1.12,1.18,2619,3,492,-132,-0.27,50.6,1.00,-0.03,6351,431,3499,1548,-976,933,-593,-473
MNQ,ORB,"ORB 09:30 15m SHORT stop OPP 1.5R entries 90m",504,1651,3.28,45.2,1.04,0.39,3503,3,453,3270,7.22,45.7,1.07,0.62,5688,199,2923,350,-1822,1236,1754,280
MNQ,ORB,"ORB 09:30 15m SHORT stop OPP 1.5R entries 240m",543,4387,8.08,46.4,1.10,0.99,3069,3,492,1631,3.31,44.7,1.03,0.30,5198,335,3545,1449,-943,333,1125,172
MNQ,ORB,"ORB 09:30 15m SHORT stop OPP 2R entries 90m",504,4160,8.25,41.3,1.10,0.88,3561,3,453,4287,9.46,42.4,1.09,0.74,5229,236,2876,2566,-1518,2178,1982,127
MNQ,ORB,"ORB 09:30 15m SHORT stop OPP 2R entries 240m",543,6815,12.55,42.5,1.15,1.39,3200,3,492,3049,6.20,41.7,1.06,0.51,4950,372,3446,3823,-826,1233,1615,202
MNQ,ORB,"ORB 09:30 15m SHORT stop OPP 3R entries 90m",504,6069,12.04,39.5,1.14,1.18,2919,2,453,3855,8.51,38.9,1.07,0.61,6522,-552,3463,3800,-642,1672,4042,-1859
MNQ,ORB,"ORB 09:30 15m SHORT stop OPP 3R entries 240m",543,9375,17.27,40.9,1.21,1.76,2450,3,492,1852,3.76,38.4,1.03,0.29,6586,-416,4262,5372,158,623,3517,-2289
MNQ,ORB,"ORB 09:30 15m SHORT stop OPP to 15:55 entries 90m",504,4851,9.62,38.5,1.11,0.92,3095,2,453,6968,15.38,38.4,1.13,0.97,5588,-591,2011,4725,-1294,2438,5664,-1133
MNQ,ORB,"ORB 09:30 15m SHORT stop OPP to 15:55 entries 240m",543,8275,15.24,40.0,1.18,1.51,2571,2,492,4884,9.93,38.0,1.09,0.67,5651,-455,2912,6258,-440,1389,5058,-1563
MNQ,ORB,"ORB 09:30 15m SHORT stop MID 1R entries 90m",504,-1154,-2.29,49.6,0.94,-0.60,1765,2,453,-4209,-9.29,46.4,0.84,-1.64,5121,-356,322,277,-1398,-704,-3082,-422
MNQ,ORB,"ORB 09:30 15m SHORT stop MID 1R entries 240m",543,183,0.34,51.0,1.01,0.09,1424,2,492,-6054,-12.30,45.3,0.79,-2.28,6641,-274,863,807,-1213,-1573,-3552,-929
MNQ,ORB,"ORB 09:30 15m SHORT stop MID 1.5R entries 90m",504,1838,3.65,42.7,1.08,0.78,1569,2,453,-5672,-12.52,35.3,0.82,-1.85,6831,-81,1129,1501,-711,-424,-4341,-908
MNQ,ORB,"ORB 09:30 15m SHORT stop MID 1.5R entries 240m",543,4026,7.41,44.4,1.17,1.63,1344,3,492,-7272,-14.78,34.8,0.79,-2.30,8190,42,2052,2319,-388,-1225,-4724,-1323
MNQ,ORB,"ORB 09:30 15m SHORT stop MID 2R entries 90m",504,2859,5.67,36.7,1.11,1.05,2124,3,453,-4384,-9.68,30.9,0.87,-1.28,6634,161,1773,2313,-1388,484,-3121,-1748
MNQ,ORB,"ORB 09:30 15m SHORT stop MID 2R entries 240m",543,5309,9.78,38.3,1.20,1.84,1962,3,492,-6332,-12.87,30.3,0.83,-1.80,7607,325,2842,3284,-1143,-542,-3719,-2072
MNQ,ORB,"ORB 09:30 15m SHORT stop MID 3R entries 90m",504,4508,8.94,31.0,1.16,1.38,1919,3,453,-4481,-9.89,25.6,0.87,-1.15,7210,298,3310,1469,-569,-55,-1859,-2568
MNQ,ORB,"ORB 09:30 15m SHORT stop MID 3R entries 240m",543,6811,12.54,32.2,1.24,1.98,1570,3,492,-6807,-13.83,24.8,0.82,-1.71,8492,434,4166,2564,-353,-1042,-3055,-2709
MNQ,ORB,"ORB 09:30 15m SHORT stop MID to 15:55 entries 90m",504,8840,17.54,26.4,1.31,2.05,1902,3,453,-614,-1.35,21.2,0.98,-0.11,5786,-164,3044,5926,35,869,1024,-2506
MNQ,ORB,"ORB 09:30 15m SHORT stop MID to 15:55 entries 240m",543,11963,22.03,27.8,1.39,2.64,1730,3,492,-3378,-6.87,20.7,0.92,-0.61,7570,-28,4178,7455,358,-185,-224,-2969
MNQ,ORB,"ORB 09:30 15m BOTH stop OPP 1R entries 90m",782,3288,4.20,52.7,1.06,0.72,3679,2,674,5681,8.43,53.6,1.09,0.98,7510,-232,3188,-91,422,2271,4606,-1196
MNQ,ORB,"ORB 09:30 15m BOTH stop OPP 1R entries 240m",783,3395,4.34,52.7,1.06,0.74,3679,2,677,5836,8.62,53.6,1.09,1.00,7510,-232,3296,-91,422,2564,4606,-1334
MNQ,ORB,"ORB 09:30 15m BOTH stop OPP 1.5R entries 90m",782,3863,4.94,45.7,1.06,0.73,4429,2,674,6862,10.18,47.0,1.10,1.04,6912,-482,4396,-462,411,1357,5738,-233
MNQ,ORB,"ORB 09:30 15m BOTH stop OPP 1.5R entries 240m",783,3970,5.07,45.7,1.06,0.75,4429,2,677,7067,10.44,47.1,1.10,1.07,6912,-482,4503,-462,411,1700,5738,-371
MNQ,ORB,"ORB 09:30 15m BOTH stop OPP 2R entries 90m",782,7898,10.10,42.7,1.12,1.36,3791,3,674,7365,10.93,43.8,1.10,1.03,8422,-550,5202,2666,580,2332,7263,-2230
MNQ,ORB,"ORB 09:30 15m BOTH stop OPP 2R entries 240m",783,8005,10.22,42.8,1.12,1.37,3791,3,677,7570,11.18,43.9,1.10,1.06,8422,-550,5310,2666,580,2675,7263,-2368
MNQ,ORB,"ORB 09:30 15m BOTH stop OPP 3R entries 90m",782,10146,12.97,41.0,1.15,1.61,4387,3,674,6419,9.52,41.2,1.09,0.83,9821,-841,5713,3416,1858,1871,9167,-4619
MNQ,ORB,"ORB 09:30 15m BOTH stop OPP 3R entries 240m",783,10253,13.09,41.1,1.16,1.63,4387,3,677,6624,9.78,41.4,1.09,0.85,9821,-841,5820,3416,1858,2214,9167,-4757
MNQ,ORB,"ORB 09:30 15m BOTH stop OPP to 15:55 entries 90m",782,9896,12.65,40.4,1.15,1.52,3767,3,674,6582,9.77,41.1,1.09,0.80,9201,-959,4269,5118,1468,2454,8096,-3968
MNQ,ORB,"ORB 09:30 15m BOTH stop OPP to 15:55 entries 240m",783,10003,12.78,40.5,1.15,1.54,3767,3,677,6787,10.03,41.2,1.09,0.82,9201,-959,4376,5118,1468,2797,8096,-4106
MNQ,ORB,"ORB 09:30 15m BOTH stop MID 1R entries 90m",782,-2720,-3.48,49.5,0.92,-1.13,3055,0,674,-1014,-1.50,50.0,0.97,-0.32,3166,-21,-1134,-72,-1494,513,-2145,618
MNQ,ORB,"ORB 09:30 15m BOTH stop MID 1R entries 240m",783,-2612,-3.34,49.6,0.92,-1.08,2946,0,677,-1021,-1.51,50.1,0.97,-0.32,3166,-21,-1026,-72,-1494,688,-2145,436
MNQ,ORB,"ORB 09:30 15m BOTH stop MID 1.5R entries 90m",782,-1115,-1.43,40.5,0.97,-0.38,2958,1,674,483,0.72,41.1,1.01,0.12,3263,-51,-197,406,-1273,1443,-1550,590
MNQ,ORB,"ORB 09:30 15m BOTH stop MID 1.5R entries 240m",783,-951,-1.21,40.6,0.97,-0.32,2809,1,677,544,0.80,41.2,1.01,0.14,3263,-51,-33,406,-1273,1687,-1550,408
MNQ,ORB,"ORB 09:30 15m BOTH stop MID 2R entries 90m",782,390,0.50,34.7,1.01,0.12,3080,3,674,1375,2.04,36.1,1.03,0.32,4192,4,637,1038,-1289,3073,-1344,-354
MNQ,ORB,"ORB 09:30 15m BOTH stop MID 2R entries 240m",783,498,0.64,34.7,1.01,0.15,2973,3,677,1486,2.20,36.2,1.03,0.34,4192,4,744,1038,-1289,3366,-1344,-536
MNQ,ORB,"ORB 09:30 15m BOTH stop MID 3R entries 90m",782,1870,2.39,28.8,1.04,0.46,3678,2,674,-370,-0.55,29.5,0.99,-0.08,4848,-7,1995,762,-881,1478,-949,-900
MNQ,ORB,"ORB 09:30 15m BOTH stop MID 3R entries 240m",783,1977,2.53,28.9,1.04,0.49,3573,2,677,-209,-0.31,29.7,1.00,-0.04,4848,-7,2103,762,-881,1821,-949,-1082
MNQ,ORB,"ORB 09:30 15m BOTH stop MID to 15:55 entries 90m",782,9080,11.61,25.3,1.20,1.72,2078,2,674,1800,2.67,25.2,1.03,0.30,5839,-42,2364,6828,-69,2647,885,-1732
MNQ,ORB,"ORB 09:30 15m BOTH stop MID to 15:55 entries 240m",783,9188,11.73,25.4,1.20,1.74,2078,2,677,1961,2.90,25.4,1.04,0.33,5839,-42,2471,6828,-69,2990,885,-1914
MNQ,ORB,"ORB 09:30 30m LONG stop OPP 1R entries 90m",451,4899,10.86,55.0,1.15,1.25,2345,4,394,7727,19.61,57.4,1.21,1.57,3973,201,1243,755,2701,2611,2560,2556
MNQ,ORB,"ORB 09:30 30m LONG stop OPP 1R entries 240m",519,6845,13.19,56.5,1.19,1.68,2005,3,452,8861,19.60,56.2,1.22,1.73,3691,-32,2333,2259,2285,2841,4058,1963
MNQ,ORB,"ORB 09:30 30m LONG stop OPP 1.5R entries 90m",451,5807,12.87,51.4,1.16,1.35,2635,3,394,6115,15.52,52.5,1.16,1.13,3973,386,1896,-66,3591,2030,3064,1022
MNQ,ORB,"ORB 09:30 30m LONG stop OPP 1.5R entries 240m",519,7389,14.24,53.0,1.19,1.65,2290,4,452,7077,15.66,51.5,1.16,1.26,3955,119,3086,942,3242,2322,4450,305
MNQ,ORB,"ORB 09:30 30m LONG stop OPP 2R entries 90m",451,6338,14.05,50.6,1.17,1.41,2475,3,394,4865,12.35,51.5,1.12,0.92,3973,262,2102,-431,4405,1671,2452,743
MNQ,ORB,"ORB 09:30 30m LONG stop OPP 2R entries 240m",519,7515,14.48,52.0,1.19,1.61,2547,3,452,5287,11.70,50.4,1.12,0.97,3955,-6,3347,60,4113,1971,3290,26
MNQ,ORB,"ORB 09:30 30m LONG stop OPP 3R entries 90m",451,6918,15.34,50.3,1.19,1.50,2509,4,394,5047,12.81,51.3,1.13,0.92,3973,262,1642,172,4843,1771,2351,925
MNQ,ORB,"ORB 09:30 30m LONG stop OPP 3R entries 240m",519,8165,15.73,51.8,1.20,1.70,2434,3,452,5543,12.26,50.2,1.13,0.97,3955,-6,2945,673,4553,2247,3088,209
MNQ,ORB,"ORB 09:30 30m LONG stop OPP to 15:55 entries 90m",451,6236,13.83,49.9,1.17,1.35,2509,4,394,6768,17.18,51.3,1.17,1.09,3973,262,1642,276,4057,2090,3719,960
MNQ,ORB,"ORB 09:30 30m LONG stop OPP to 15:55 entries 240m",519,7987,15.39,51.4,1.20,1.64,2434,3,452,7265,16.07,50.2,1.17,1.14,3955,-6,2945,1281,3767,2566,4455,244
MNQ,ORB,"ORB 09:30 30m LONG stop MID 1R entries 90m",451,-4944,-10.96,45.9,0.80,-2.18,5176,0,394,2581,6.55,52.0,1.11,0.87,2764,-43,-2114,-2156,-631,1263,449,869
MNQ,ORB,"ORB 09:30 30m LONG stop MID 1R entries 240m",519,-3780,-7.28,48.0,0.86,-1.57,4147,1,452,2321,5.13,51.3,1.08,0.74,3114,73,-1547,-1371,-935,1590,354,377
MNQ,ORB,"ORB 09:30 30m LONG stop MID 1.5R entries 90m",451,-4551,-10.09,37.9,0.84,-1.70,5270,1,394,2864,7.27,43.9,1.10,0.80,2800,81,-1742,-2096,-795,2068,793,3
MNQ,ORB,"ORB 09:30 30m LONG stop MID 1.5R entries 240m",519,-3218,-6.20,40.1,0.89,-1.13,4041,0,452,3040,6.72,43.6,1.10,0.81,2735,-23,-840,-1108,-1247,2519,724,-204
MNQ,ORB,"ORB 09:30 30m LONG stop MID 2R entries 90m",451,-1505,-3.34,35.5,0.95,-0.50,2758,1,394,3198,8.12,40.1,1.11,0.82,3280,126,-484,-898,-249,1706,575,917
MNQ,ORB,"ORB 09:30 30m LONG stop MID 2R entries 240m",519,-177,-0.34,37.6,0.99,-0.06,2541,3,452,3491,7.72,40.0,1.10,0.85,2821,54,171,174,-576,2158,565,768
MNQ,ORB,"ORB 09:30 30m LONG stop MID 3R entries 90m",451,-431,-0.96,32.4,0.99,-0.13,2094,1,394,1383,3.51,36.3,1.04,0.32,3280,251,-167,-453,-63,956,261,165
MNQ,ORB,"ORB 09:30 30m LONG stop MID 3R entries 240m",519,844,1.63,34.7,1.03,0.24,1941,3,452,1931,4.27,36.5,1.06,0.43,3024,144,534,489,-323,1525,514,-107
MNQ,ORB,"ORB 09:30 30m LONG stop MID to 15:55 entries 90m",451,-209,-0.46,31.0,0.99,-0.06,2329,3,394,-313,-0.79,35.0,0.99,-0.08,3280,178,-517,76,55,162,-1098,623
MNQ,ORB,"ORB 09:30 30m LONG stop MID to 15:55 entries 240m",519,475,0.91,33.3,1.01,0.12,2660,3,452,-216,-0.48,35.2,0.99,-0.05,3186,71,184,366,-146,914,-1481,351
MNQ,ORB,"ORB 09:30 30m SHORT stop OPP 1R entries 90m",424,2556,6.03,52.4,1.08,0.65,3515,3,372,862,2.32,50.8,1.02,0.17,7074,1405,1038,2411,-2297,1583,391,-1112
MNQ,ORB,"ORB 09:30 30m SHORT stop OPP 1R entries 240m",484,3215,6.64,52.3,1.08,0.78,3149,3,423,1736,4.10,50.6,1.04,0.32,6706,1336,2246,1609,-1976,1314,1423,-1001
MNQ,ORB,"ORB 09:30 30m SHORT stop OPP 1.5R entries 90m",424,4856,11.45,47.2,1.13,1.10,2774,3,372,-1637,-4.40,44.4,0.96,-0.29,8042,612,1191,3982,-929,2867,156,-4660
MNQ,ORB,"ORB 09:30 30m SHORT stop OPP 1.5R entries 240m",484,5453,11.27,47.1,1.13,1.16,2959,3,423,-1534,-3.63,44.4,0.97,-0.26,7441,514,1952,3680,-693,2247,534,-4316
MNQ,ORB,"ORB 09:30 30m SHORT stop OPP 2R entries 90m",424,4538,10.70,45.5,1.12,0.98,2463,2,372,355,0.95,43.0,1.01,0.06,7441,-161,1309,3936,-547,2360,1313,-3318
MNQ,ORB,"ORB 09:30 30m SHORT stop OPP 2R entries 240m",484,5668,11.71,45.7,1.14,1.15,2856,2,423,-222,-0.52,43.0,1.00,-0.04,6911,-259,2275,3801,-150,1607,1217,-3045
MNQ,ORB,"ORB 09:30 30m SHORT stop OPP 3R entries 90m",424,6832,16.11,45.0,1.19,1.39,2408,2,372,518,1.39,41.1,1.01,0.08,7950,-164,1964,5361,-329,2288,2956,-4726
MNQ,ORB,"ORB 09:30 30m SHORT stop OPP 3R entries 240m",484,8183,16.91,45.2,1.20,1.58,2770,2,423,-677,-1.60,41.4,0.99,-0.10,7858,-262,3197,5303,-54,1415,2799,-4891
MNQ,ORB,"ORB 09:30 30m SHORT stop OPP to 15:55 entries 90m",424,5965,14.07,44.8,1.16,1.22,2408,2,372,2368,6.36,40.9,1.05,0.34,8087,-66,1108,5268,-345,3475,3756,-4863
MNQ,ORB,"ORB 09:30 30m SHORT stop OPP to 15:55 entries 240m",484,7336,15.16,45.0,1.18,1.41,2864,2,423,1173,2.77,41.1,1.02,0.17,7995,-164,2360,5209,-70,2602,3599,-5028
MNQ,ORB,"ORB 09:30 30m SHORT stop MID 1R entries 90m",424,2185,5.15,52.4,1.11,0.99,1810,3,372,-5275,-14.18,47.3,0.82,-1.71,8035,761,1014,1489,-1079,1157,-2528,-3904
MNQ,ORB,"ORB 09:30 30m SHORT stop MID 1R entries 240m",484,3428,7.08,53.1,1.16,1.45,1687,3,423,-5310,-12.55,47.3,0.83,-1.65,8095,794,1403,1999,-767,476,-2060,-3726
MNQ,ORB,"ORB 09:30 30m SHORT stop MID 1.5R entries 90m",424,2858,6.74,44.3,1.12,1.06,1895,3,372,-4711,-12.66,38.2,0.86,-1.31,5832,1196,986,1865,-1189,-194,-2211,-2306
MNQ,ORB,"ORB 09:30 30m SHORT stop MID 1.5R entries 240m",484,3272,6.76,44.6,1.12,1.14,2101,3,423,-5019,-11.86,38.3,0.86,-1.34,6338,1200,1311,1584,-823,-712,-1545,-2762
MNQ,ORB,"ORB 09:30 30m SHORT stop MID 2R entries 90m",424,4053,9.56,39.4,1.16,1.33,2003,3,372,-5413,-14.55,32.5,0.85,-1.36,7661,1286,2186,2091,-1510,-534,-1427,-3452
MNQ,ORB,"ORB 09:30 30m SHORT stop MID 2R entries 240m",484,5002,10.34,39.9,1.18,1.53,1766,3,423,-5920,-14.00,32.6,0.85,-1.44,8179,1332,2633,1971,-933,-893,-1188,-3839
MNQ,ORB,"ORB 09:30 30m SHORT stop MID 3R entries 90m",424,5654,13.33,34.9,1.21,1.61,1889,3,372,-7849,-21.10,26.9,0.79,-1.83,9924,705,2168,3138,-358,849,-2035,-6662
MNQ,ORB,"ORB 09:30 30m SHORT stop MID 3R entries 240m",484,6855,14.16,35.5,1.23,1.83,1880,4,423,-8713,-20.60,27.4,0.79,-1.97,10468,722,2420,3518,196,348,-2151,-6910
MNQ,ORB,"ORB 09:30 30m SHORT stop MID to 15:55 entries 90m",424,7627,17.99,33.0,1.28,1.87,1669,3,372,-3059,-8.22,25.0,0.92,-0.55,7248,-193,1955,5395,470,1240,1799,-6098
MNQ,ORB,"ORB 09:30 30m SHORT stop MID to 15:55 entries 240m",484,9535,19.70,33.9,1.32,2.19,1748,3,423,-4696,-11.10,25.5,0.89,-0.84,8669,-176,2630,6019,1062,510,1441,-6646
MNQ,ORB,"ORB 09:30 30m BOTH stop OPP 1R entries 90m",748,8118,10.85,54.1,1.14,1.58,3783,4,656,9969,15.20,55.3,1.15,1.49,6824,1442,2073,3502,1102,4978,3649,1342
MNQ,ORB,"ORB 09:30 30m BOTH stop OPP 1R entries 240m",772,8411,10.89,54.3,1.14,1.62,4109,4,672,9625,14.32,54.9,1.14,1.43,6726,1178,2479,3660,1095,4778,3477,1371
MNQ,ORB,"ORB 09:30 30m BOTH stop OPP 1.5R entries 90m",748,10521,14.06,49.5,1.17,1.83,3117,4,656,7091,10.81,49.8,1.10,0.96,7994,722,2546,4188,3064,6372,3581,-2862
MNQ,ORB,"ORB 09:30 30m BOTH stop OPP 1.5R entries 240m",772,10991,14.24,49.7,1.17,1.89,3117,4,672,6611,9.84,49.6,1.09,0.89,7896,458,2882,4443,3209,6222,3222,-2833
MNQ,ORB,"ORB 09:30 30m BOTH stop OPP 2R entries 90m",748,10769,14.40,48.0,1.17,1.78,3959,3,656,6995,10.66,48.6,1.09,0.93,8038,-23,2822,3965,4005,5763,3293,-2061
MNQ,ORB,"ORB 09:30 30m BOTH stop OPP 2R entries 240m",772,11393,14.76,48.3,1.18,1.86,3959,3,672,6515,9.69,48.4,1.09,0.86,7939,-287,3158,4316,4207,5613,2934,-2032
MNQ,ORB,"ORB 09:30 30m BOTH stop OPP 3R entries 90m",748,13280,17.75,47.6,1.21,2.09,3862,3,656,6959,10.61,47.6,1.09,0.88,7726,-26,2849,5920,4538,5390,4544,-2975
MNQ,ORB,"ORB 09:30 30m BOTH stop OPP 3R entries 240m",772,13889,17.99,47.9,1.22,2.17,3862,3,672,6479,9.64,47.3,1.09,0.82,7627,-291,3185,6254,4742,5240,4185,-2946
MNQ,ORB,"ORB 09:30 30m BOTH stop OPP to 15:55 entries 90m",748,12466,16.67,47.5,1.20,1.96,3662,4,656,9130,13.92,47.6,1.12,1.07,7863,73,2320,5931,4143,6535,5671,-3077
MNQ,ORB,"ORB 09:30 30m BOTH stop OPP to 15:55 entries 240m",772,13075,16.94,47.8,1.20,2.04,3662,3,672,8650,12.87,47.3,1.11,1.02,7764,-192,2656,6264,4347,6385,5313,-3048
MNQ,ORB,"ORB 09:30 30m BOTH stop MID 1R entries 90m",748,-1775,-2.37,49.3,0.95,-0.60,3438,1,656,-2170,-3.31,50.0,0.95,-0.54,8290,715,-1017,-68,-1405,3052,-2279,-2943
MNQ,ORB,"ORB 09:30 30m BOTH stop MID 1R entries 240m",772,-1066,-1.38,50.0,0.97,-0.35,3168,2,672,-2246,-3.34,49.9,0.95,-0.56,8251,661,-645,252,-1334,2937,-2367,-2816
MNQ,ORB,"ORB 09:30 30m BOTH stop MID 1.5R entries 90m",748,-1604,-2.14,40.9,0.96,-0.45,4510,1,656,61,0.09,42.2,1.00,0.01,5121,1199,-987,-369,-1447,2767,-1206,-1499
MNQ,ORB,"ORB 09:30 30m BOTH stop MID 1.5R entries 240m",772,-1068,-1.38,41.5,0.98,-0.30,4201,2,672,-18,-0.03,42.3,1.00,0.00,5153,1075,-669,33,-1507,2720,-1203,-1535
MNQ,ORB,"ORB 09:30 30m BOTH stop MID 2R entries 90m",748,2693,3.60,37.7,1.06,0.67,2725,3,656,-702,-1.07,37.5,0.99,-0.13,6993,1314,1050,1186,-857,2608,-892,-2418
MNQ,ORB,"ORB 09:30 30m BOTH stop MID 2R entries 240m",772,3368,4.36,38.3,1.07,0.82,2725,3,672,-866,-1.29,37.5,0.98,-0.16,7160,1191,1383,1636,-841,2611,-1024,-2453
MNQ,ORB,"ORB 09:30 30m BOTH stop MID 3R entries 90m",748,5506,7.36,33.8,1.11,1.20,2808,4,656,-4206,-6.41,32.9,0.93,-0.74,9329,745,1017,3481,263,3634,-1691,-6149
MNQ,ORB,"ORB 09:30 30m BOTH stop MID 3R entries 240m",772,6359,8.24,34.6,1.13,1.36,2727,4,672,-4507,-6.71,33.0,0.93,-0.79,9682,621,1280,4028,431,3687,-2010,-6184
MNQ,ORB,"ORB 09:30 30m BOTH stop MID to 15:55 entries 90m",748,8265,11.05,32.4,1.17,1.57,2410,3,656,-3674,-5.60,31.3,0.94,-0.62,8806,-73,528,6215,1594,3537,-2010,-5201
MNQ,ORB,"ORB 09:30 30m BOTH stop MID to 15:55 entries 240m",772,9257,11.99,33.2,1.18,1.74,2349,3,672,-3975,-5.91,31.4,0.93,-0.67,9160,-196,791,6841,1821,3590,-2328,-5237
MNQ,ORB,"ORB 09:30 60m LONG stop OPP 1R entries 90m",364,6815,18.72,59.9,1.27,1.87,2285,4,318,2689,8.45,52.8,1.10,0.65,2887,135,1676,957,4048,108,1226,1355
MNQ,ORB,"ORB 09:30 60m LONG stop OPP 1R entries 240m",441,8039,18.23,60.1,1.27,2.04,2496,3,391,5478,14.01,53.5,1.17,1.21,2616,-103,2948,1522,3672,1456,3056,967
MNQ,ORB,"ORB 09:30 60m LONG stop OPP 1.5R entries 90m",364,7943,21.82,58.5,1.31,2.05,2174,4,318,1262,3.97,51.3,1.04,0.31,3120,122,1851,794,5177,627,292,344
MNQ,ORB,"ORB 09:30 60m LONG stop OPP 1.5R entries 240m",441,8620,19.55,58.7,1.29,2.08,2202,3,391,4653,11.90,52.2,1.14,1.01,2836,-115,3276,702,4759,2344,2584,-275
MNQ,ORB,"ORB 09:30 60m LONG stop OPP 2R entries 90m",364,8220,22.58,58.2,1.32,2.07,2138,4,318,1405,4.42,50.9,1.05,0.34,3120,120,1701,1120,5280,685,164,556
MNQ,ORB,"ORB 09:30 60m LONG stop OPP 2R entries 240m",441,9386,21.28,58.5,1.31,2.20,2106,3,391,5337,13.65,51.9,1.16,1.11,2870,-118,3308,1274,4922,2491,2909,-63
MNQ,ORB,"ORB 09:30 60m LONG stop OPP 3R entries 90m",364,7742,21.27,58.0,1.30,1.95,2138,4,318,1787,5.62,50.9,1.06,0.42,3120,120,1701,1100,4822,1030,162,595
MNQ,ORB,"ORB 09:30 60m LONG stop OPP 3R entries 240m",441,9282,21.05,58.3,1.30,2.15,2106,3,391,5942,15.20,51.7,1.18,1.15,2870,-118,3521,1476,4403,2359,3607,-24
MNQ,ORB,"ORB 09:30 60m LONG stop OPP to 15:55 entries 90m",364,7742,21.27,58.0,1.30,1.95,2138,4,318,1746,5.49,50.9,1.06,0.41,3120,120,1701,1100,4822,989,162,595
MNQ,ORB,"ORB 09:30 60m LONG stop OPP to 15:55 entries 240m",441,9786,22.19,58.3,1.32,2.23,2106,3,391,6921,17.70,51.7,1.21,1.21,2870,-118,3521,1980,4403,2318,4626,-24
MNQ,ORB,"ORB 09:30 60m LONG stop MID 1R entries 90m",364,4063,11.16,56.0,1.22,1.67,1980,4,318,644,2.02,52.2,1.03,0.21,3241,140,782,1372,1769,165,1984,-1505
MNQ,ORB,"ORB 09:30 60m LONG stop MID 1R entries 240m",441,4972,11.27,56.2,1.22,1.88,2340,4,391,1870,4.78,52.2,1.07,0.55,3059,65,1417,1777,1714,1168,2933,-2231
MNQ,ORB,"ORB 09:30 60m LONG stop MID 1.5R entries 90m",364,5445,14.96,50.0,1.26,1.92,1768,4,318,-1140,-3.58,44.3,0.96,-0.33,3473,231,1761,1951,1502,-338,1057,-1859
MNQ,ORB,"ORB 09:30 60m LONG stop MID 1.5R entries 240m",441,5925,13.44,50.3,1.24,1.94,2542,4,391,823,2.10,45.3,1.03,0.22,3098,101,2371,2355,1098,698,2405,-2280
MNQ,ORB,"ORB 09:30 60m LONG stop MID 2R entries 90m",364,5782,15.88,48.4,1.27,1.90,1674,4,318,-718,-2.26,42.5,0.97,-0.20,3634,220,1624,2484,1454,-529,1314,-1504
MNQ,ORB,"ORB 09:30 60m LONG stop MID 2R entries 240m",441,6315,14.32,48.8,1.25,1.92,2447,4,391,1045,2.67,43.2,1.03,0.26,3117,90,2287,2773,1165,247,2418,-1620
MNQ,ORB,"ORB 09:30 60m LONG stop MID 3R entries 90m",364,6981,19.18,46.7,1.32,2.12,1550,4,318,-814,-2.56,41.5,0.97,-0.23,3881,208,1846,2618,2310,319,673,-1806
MNQ,ORB,"ORB 09:30 60m LONG stop MID 3R entries 240m",441,6663,15.11,47.2,1.25,1.91,2323,4,391,1293,3.31,42.5,1.04,0.31,3441,78,2599,1966,2021,1284,2162,-2153
MNQ,ORB,"ORB 09:30 60m LONG stop MID to 15:55 entries 90m",364,6866,18.86,46.2,1.31,2.03,1550,4,318,-286,-0.90,41.2,0.99,-0.08,3881,206,1695,2924,2040,725,543,-1554
MNQ,ORB,"ORB 09:30 60m LONG stop MID to 15:55 entries 240m",441,6855,15.54,46.7,1.26,1.90,2323,4,391,4002,10.24,42.2,1.13,0.75,3441,76,2756,2272,1751,1686,4218,-1901
MNQ,ORB,"ORB 09:30 60m SHORT stop OPP 1R entries 90m",335,3526,10.53,50.7,1.13,0.91,2338,3,263,2362,8.98,49.4,1.08,0.49,3257,181,159,4908,-1722,558,910,895
MNQ,ORB,"ORB 09:30 60m SHORT stop OPP 1R entries 240m",411,2709,6.59,50.1,1.08,0.65,2568,3,344,3238,9.41,48.8,1.09,0.63,3297,606,901,3396,-2194,-214,2253,1199
MNQ,ORB,"ORB 09:30 60m SHORT stop OPP 1.5R entries 90m",335,4322,12.90,49.3,1.15,1.05,2588,2,263,5456,20.75,47.9,1.18,1.01,3188,-84,518,5763,-1875,2185,1777,1495
MNQ,ORB,"ORB 09:30 60m SHORT stop OPP 1.5R entries 240m",411,4172,10.15,48.4,1.12,0.93,3198,3,344,5246,15.25,47.4,1.14,0.92,3228,416,1190,4892,-2326,1251,2058,1937
MNQ,ORB,"ORB 09:30 60m SHORT stop OPP 2R entries 90m",335,4306,12.85,48.7,1.15,1.01,2429,2,263,3750,14.26,46.4,1.12,0.66,3714,-717,648,6190,-1816,2187,530,1034
MNQ,ORB,"ORB 09:30 60m SHORT stop OPP 2R entries 240m",411,4623,11.25,47.9,1.13,1.00,3221,2,344,3770,10.96,45.9,1.10,0.62,4271,-142,1491,5614,-2340,1228,927,1615
MNQ,ORB,"ORB 09:30 60m SHORT stop OPP 3R entries 90m",335,4041,12.06,48.4,1.14,0.95,2495,2,263,2049,7.79,46.0,1.06,0.38,3593,-717,710,5880,-1833,1935,580,-466
MNQ,ORB,"ORB 09:30 60m SHORT stop OPP 3R entries 240m",411,4719,11.48,47.7,1.14,1.01,3383,3,344,1297,3.77,45.6,1.03,0.22,4377,9,1747,5395,-2431,1052,567,-323
MNQ,ORB,"ORB 09:30 60m SHORT stop OPP to 15:55 entries 90m",335,3296,9.84,48.4,1.12,0.78,2495,1,263,4236,16.11,46.0,1.13,0.71,3593,-717,-17,5942,-1914,2242,2460,-466
MNQ,ORB,"ORB 09:30 60m SHORT stop OPP to 15:55 entries 240m",411,3932,9.57,47.7,1.11,0.85,3383,2,344,4015,11.67,45.6,1.10,0.64,4221,-67,1054,5457,-2512,1890,2447,-323
MNQ,ORB,"ORB 09:30 60m SHORT stop MID 1R entries 90m",335,4951,14.78,54.6,1.27,1.97,1594,2,263,-1516,-5.77,47.9,0.94,-0.47,3891,-158,2394,4163,-1449,676,669,-2861
MNQ,ORB,"ORB 09:30 60m SHORT stop MID 1R entries 240m",411,6214,15.12,55.2,1.29,2.29,1256,3,344,-1528,-4.44,46.8,0.95,-0.43,4610,46,3274,4041,-1147,-478,1511,-2562
MNQ,ORB,"ORB 09:30 60m SHORT stop MID 1.5R entries 90m",335,3579,10.68,44.8,1.16,1.20,2077,3,263,-1370,-5.21,40.3,0.95,-0.37,4355,38,138,5272,-1868,676,1081,-3127
MNQ,ORB,"ORB 09:30 60m SHORT stop MID 1.5R entries 240m",411,4271,10.39,45.3,1.16,1.33,1937,3,344,-1391,-4.04,39.2,0.96,-0.35,5034,401,1163,4592,-1885,-718,1939,-2612
MNQ,ORB,"ORB 09:30 60m SHORT stop MID 2R entries 90m",335,3929,11.73,41.5,1.17,1.22,1688,3,263,-1941,-7.38,35.7,0.93,-0.48,3791,304,538,4471,-1383,418,-604,-1755
MNQ,ORB,"ORB 09:30 60m SHORT stop MID 2R entries 240m",411,4414,10.74,41.8,1.16,1.28,1737,3,344,-1676,-4.87,35.8,0.95,-0.38,4446,682,1059,3970,-1296,-759,850,-1767
MNQ,ORB,"ORB 09:30 60m SHORT stop MID 3R entries 90m",335,3776,11.27,39.7,1.16,1.09,2188,3,263,597,2.27,34.2,1.02,0.13,3801,32,860,4421,-1537,1878,-144,-1137
MNQ,ORB,"ORB 09:30 60m SHORT stop MID 3R entries 240m",411,4818,11.72,39.9,1.17,1.28,2448,3,344,-99,-0.29,34.3,1.00,-0.02,5336,485,1277,4561,-1505,389,523,-1010
MNQ,ORB,"ORB 09:30 60m SHORT stop MID to 15:55 entries 90m",335,3196,9.54,38.8,1.13,0.89,2111,2,263,-1234,-4.69,33.1,0.96,-0.25,3823,-558,341,4906,-1493,1299,472,-3004
MNQ,ORB,"ORB 09:30 60m SHORT stop MID to 15:55 entries 240m",411,5023,12.22,39.2,1.18,1.27,2454,3,344,-2764,-8.03,33.1,0.92,-0.53,5071,45,1156,5431,-1608,-431,844,-3177
MNQ,ORB,"ORB 09:30 60m BOTH stop OPP 1R entries 90m",665,9391,14.12,55.5,1.18,1.80,2529,4,554,3737,6.74,51.3,1.07,0.60,5031,221,1088,5264,2818,1111,811,1815
MNQ,ORB,"ORB 09:30 60m BOTH stop OPP 1R entries 240m",736,11199,15.22,56.3,1.21,2.09,2637,4,635,3774,5.94,50.2,1.06,0.58,4905,441,2355,5731,2673,545,1945,1284
MNQ,ORB,"ORB 09:30 60m BOTH stop OPP 1.5R entries 90m",665,11440,17.20,54.1,1.22,2.06,2529,3,554,5626,10.15,50.0,1.10,0.84,5034,-28,1531,6144,3792,3051,1247,1328
MNQ,ORB,"ORB 09:30 60m BOTH stop OPP 1.5R entries 240m",736,13772,18.71,55.0,1.25,2.41,2637,4,635,5157,8.12,49.1,1.08,0.74,4985,267,2807,6852,3846,2264,2360,533
MNQ,ORB,"ORB 09:30 60m BOTH stop OPP 2R entries 90m",665,11755,17.68,53.7,1.23,2.06,2529,3,554,4499,8.12,49.3,1.08,0.65,5153,-663,1558,6861,3999,3015,201,1284
MNQ,ORB,"ORB 09:30 60m BOTH stop OPP 2R entries 240m",736,14582,19.81,54.6,1.26,2.48,2637,3,635,4377,6.89,48.5,1.07,0.60,5386,-293,2897,7811,4168,2227,1662,489
MNQ,ORB,"ORB 09:30 60m BOTH stop OPP 3R entries 90m",665,11012,16.56,53.4,1.21,1.93,2529,3,554,2668,4.81,49.1,1.05,0.40,5153,-663,1621,6532,3523,3130,-286,-177
MNQ,ORB,"ORB 09:30 60m BOTH stop OPP 3R entries 240m",736,13927,18.92,54.3,1.25,2.37,2637,3,635,3348,5.27,48.3,1.05,0.46,5444,-143,2984,7467,3619,2343,1977,-972
MNQ,ORB,"ORB 09:30 60m BOTH stop OPP to 15:55 entries 90m",665,10267,15.44,53.4,1.20,1.81,2732,3,554,4076,7.36,49.1,1.07,0.59,5153,-663,894,6594,3442,3397,856,-177
MNQ,ORB,"ORB 09:30 60m BOTH stop OPP to 15:55 entries 240m",736,13106,17.81,54.3,1.24,2.24,2637,3,635,5776,9.10,48.3,1.09,0.73,5418,-219,2258,7529,3538,2609,4138,-972
MNQ,ORB,"ORB 09:30 60m BOTH stop MID 1R entries 90m",665,7560,11.37,54.6,1.21,2.20,1605,3,554,-1113,-2.01,50.7,0.98,-0.25,5309,-132,2358,4841,493,1197,2236,-4545
MNQ,ORB,"ORB 09:30 60m BOTH stop MID 1R entries 240m",736,8991,12.22,55.3,1.23,2.52,1721,3,635,-944,-1.49,50.1,0.98,-0.20,6606,-103,3079,5213,802,1137,3261,-5342
MNQ,ORB,"ORB 09:30 60m BOTH stop MID 1.5R entries 90m",665,8111,12.20,47.1,1.20,2.02,1993,3,554,-2738,-4.94,43.0,0.95,-0.56,5674,182,1327,6999,-397,890,1557,-5185
MNQ,ORB,"ORB 09:30 60m BOTH stop MID 1.5R entries 240m",736,9196,12.49,48.0,1.21,2.21,2121,3,635,-2861,-4.51,42.7,0.95,-0.55,7260,357,1964,7407,-533,316,2861,-6038
MNQ,ORB,"ORB 09:30 60m BOTH stop MID 2R entries 90m",665,8695,13.07,44.8,1.20,2.01,1779,4,554,-3217,-5.81,39.7,0.94,-0.61,5212,395,1369,6772,158,338,30,-3585
MNQ,ORB,"ORB 09:30 60m BOTH stop MID 2R entries 240m",736,9933,13.50,45.9,1.22,2.22,1834,4,635,-3208,-5.05,39.7,0.95,-0.57,5482,649,1830,7283,172,-220,1343,-4332
MNQ,ORB,"ORB 09:30 60m BOTH stop MID 3R entries 90m",665,9901,14.89,43.2,1.23,2.12,2218,4,554,-321,-0.58,38.8,0.99,-0.06,5246,140,1821,7080,860,2439,585,-3344
MNQ,ORB,"ORB 09:30 60m BOTH stop MID 3R entries 240m",736,11550,15.69,44.4,1.25,2.40,2214,4,635,-819,-1.29,38.9,0.99,-0.13,5712,468,2178,7832,1072,1660,1876,-4355
MNQ,ORB,"ORB 09:30 60m BOTH stop MID to 15:55 entries 90m",665,9260,13.92,42.4,1.21,1.92,2421,3,554,-2999,-5.41,38.1,0.94,-0.51,6091,-452,1200,7835,678,2192,-435,-4756
MNQ,ORB,"ORB 09:30 60m BOTH stop MID to 15:55 entries 240m",736,11328,15.39,43.8,1.24,2.27,2268,4,635,-1328,-2.09,38.3,0.98,-0.19,8010,26,1556,8814,932,1414,3025,-5767
MNQ,FADE,"FAILED BREAK 09:30 15m LONG target OPP",340,-520,-1.53,25.3,0.96,-0.29,2672,2,316,-2233,-7.07,21.2,0.84,-1.10,2383,166,1040,-551,-1175,-1713,1427,-1947
MNQ,FADE,"FAILED BREAK 09:30 15m LONG target 1R",340,-3924,-11.54,44.7,0.64,-2.88,4309,0,316,-3358,-10.63,40.2,0.71,-2.22,3472,-227,-559,-2200,-937,-2248,21,-1131
MNQ,FADE,"FAILED BREAK 09:30 15m LONG target 2R",340,-2290,-6.74,32.4,0.82,-1.30,3280,1,316,-232,-0.73,33.2,0.98,-0.11,2593,-5,331,-1891,-725,-1889,2241,-583
MNQ,FADE,"FAILED BREAK 09:30 15m SHORT target OPP",387,1242,3.21,24.8,1.12,0.78,965,2,307,-1106,-3.60,22.5,0.91,-0.59,2958,251,-462,1533,-80,578,-1192,-492
MNQ,FADE,"FAILED BREAK 09:30 15m SHORT target 1R",387,387,1.00,47.3,1.05,0.33,726,3,307,-3537,-11.52,37.5,0.67,-2.63,3855,187,-514,608,107,-586,-1871,-1081
MNQ,FADE,"FAILED BREAK 09:30 15m SHORT target 2R",387,755,1.95,34.6,1.07,0.49,1205,2,307,-2880,-9.38,30.0,0.77,-1.65,4109,324,-215,758,-111,103,-1114,-1869
MNQ,FADE,"FAILED BREAK 09:30 15m BOTH target OPP",727,722,0.99,25.0,1.03,0.30,2189,3,623,-3339,-5.36,21.8,0.87,-1.21,3933,417,578,982,-1255,-1135,235,-2439
MNQ,FADE,"FAILED BREAK 09:30 15m BOTH target 1R",727,-3537,-4.86,46.1,0.81,-1.97,3912,0,623,-6895,-11.07,38.8,0.69,-3.40,7097,-41,-1073,-1593,-831,-2834,-1850,-2212
MNQ,FADE,"FAILED BREAK 09:30 15m BOTH target 2R",727,-1535,-2.11,33.6,0.93,-0.65,3308,2,623,-3112,-4.99,31.6,0.88,-1.13,3320,319,116,-1134,-836,-1787,1127,-2452
MNQ,FADE,"FAILED BREAK 09:30 30m LONG target OPP",332,-300,-0.90,22.6,0.97,-0.17,1487,2,294,-5419,-18.43,15.0,0.65,-2.54,5819,410,-626,1337,-1421,-2125,-1424,-1871
MNQ,FADE,"FAILED BREAK 09:30 30m LONG target 1R",333,-1366,-4.10,47.7,0.85,-1.08,2260,1,294,-1978,-6.73,44.6,0.81,-1.31,2131,439,-808,-503,-493,-1082,-613,-284
MNQ,FADE,"FAILED BREAK 09:30 30m LONG target 2R",333,-693,-2.08,34.8,0.94,-0.42,1501,2,294,-2976,-10.12,30.3,0.78,-1.62,3074,346,-333,97,-803,-1014,-124,-1839
MNQ,FADE,"FAILED BREAK 09:30 30m SHORT target OPP",371,-497,-1.34,17.5,0.96,-0.28,1697,2,329,-1901,-5.78,18.2,0.87,-0.85,2544,-144,8,921,-1282,-773,-432,-697
MNQ,FADE,"FAILED BREAK 09:30 30m SHORT target 1R",371,-774,-2.09,45.0,0.90,-0.78,913,1,329,-1207,-3.67,46.5,0.88,-0.79,1490,-41,-490,432,-675,-598,36,-645
MNQ,FADE,"FAILED BREAK 09:30 30m SHORT target 2R",371,-1180,-3.18,31.3,0.88,-0.92,1574,1,329,-2569,-7.81,31.9,0.81,-1.38,3080,-72,-401,317,-1024,-1631,-590,-349
MNQ,FADE,"FAILED BREAK 09:30 30m BOTH target OPP",703,-796,-1.13,19.9,0.97,-0.31,2883,2,623,-7320,-11.75,16.7,0.76,-2.36,7929,267,-618,2258,-2703,-2898,-1855,-2567
MNQ,FADE,"FAILED BREAK 09:30 30m BOTH target 1R",704,-2140,-3.04,46.3,0.87,-1.33,2738,1,623,-3184,-5.11,45.6,0.85,-1.48,3343,398,-1298,-72,-1168,-1679,-577,-928
MNQ,FADE,"FAILED BREAK 09:30 30m BOTH target 2R",704,-1873,-2.66,33.0,0.91,-0.90,2625,2,623,-5545,-8.90,31.1,0.79,-2.12,5661,274,-733,413,-1827,-2645,-713,-2188
MNQ,FADE,"FAILED BREAK 09:30 60m LONG target OPP",322,-1661,-5.16,16.1,0.84,-1.03,1992,0,255,1081,4.24,20.0,1.10,0.47,1942,-322,-239,-1068,-33,1169,-380,292
MNQ,FADE,"FAILED BREAK 09:30 60m LONG target 1R",322,-2101,-6.52,45.3,0.72,-2.01,2380,1,255,-738,-2.89,44.3,0.91,-0.58,1865,-15,-792,-1340,46,260,-794,-204
MNQ,FADE,"FAILED BREAK 09:30 60m LONG target 2R",322,-1617,-5.02,33.9,0.82,-1.13,2120,0,255,1212,4.75,36.9,1.14,0.74,1189,-216,-279,-742,-381,933,528,-249
MNQ,FADE,"FAILED BREAK 09:30 60m SHORT target OPP",337,-538,-1.60,13.4,0.94,-0.32,2563,2,310,-2249,-7.25,11.3,0.79,-1.15,3713,24,-89,1701,-2174,-1220,-286,-744
MNQ,FADE,"FAILED BREAK 09:30 60m SHORT target 1R",337,243,0.72,45.1,1.04,0.28,503,2,310,-1034,-3.33,40.3,0.85,-0.99,1710,9,-147,805,-424,-1183,448,-299
MNQ,FADE,"FAILED BREAK 09:30 60m SHORT target 2R",337,725,2.15,33.5,1.10,0.63,786,3,310,-1701,-5.49,29.4,0.80,-1.29,2447,284,57,869,-484,-1534,-102,-65
MNQ,FADE,"FAILED BREAK 09:30 60m BOTH target OPP",659,-2199,-3.34,14.7,0.88,-0.95,3543,1,565,-1168,-2.07,15.2,0.94,-0.39,3770,-298,-328,633,-2206,-51,-666,-452
MNQ,FADE,"FAILED BREAK 09:30 60m BOTH target 1R",659,-1858,-2.82,45.2,0.86,-1.36,1965,0,565,-1772,-3.14,42.1,0.88,-1.08,2782,-7,-939,-535,-379,-924,-346,-503
MNQ,FADE,"FAILED BREAK 09:30 60m BOTH target 2R",659,-892,-1.35,33.7,0.94,-0.49,2350,2,565,-489,-0.87,32.7,0.97,-0.23,2180,68,-222,127,-864,-602,426,-314
MNQ,TIME,"HOLD 18:00→03:00 LONG no stop",783,-307,-0.39,50.3,0.99,-0.09,4246,2,676,10070,14.90,54.1,1.20,1.61,3260,922,2035,-1154,-2109,2988,1558,5524
MNQ,TIME,"HOLD 18:00→03:00 LONG stop 0.5×ATR",783,-2326,-2.97,50.3,0.94,-0.64,4776,2,676,9527,14.09,53.8,1.19,1.60,3745,615,1015,-1602,-2355,4000,1704,3824
MNQ,TIME,"HOLD 18:00→03:00 SHORT no stop",783,-3608,-4.61,47.4,0.90,-1.01,5707,1,676,-13450,-19.90,43.5,0.78,-2.15,14028,-1162,-3265,-71,889,-4208,-2778,-6464
MNQ,TIME,"HOLD 18:00→03:00 SHORT stop 0.5×ATR",783,-3427,-4.38,47.4,0.91,-0.96,5437,1,676,-12984,-19.21,43.3,0.79,-2.14,13683,-1040,-3156,-155,924,-3693,-2636,-6655
MNQ,TIME,"HOLD 18:00→08:00 LONG no stop",783,-319,-0.41,54.3,0.99,-0.06,4550,2,676,15239,22.54,55.6,1.24,1.93,4051,763,1652,-1491,-1243,5472,2981,6786
MNQ,TIME,"HOLD 18:00→08:00 LONG stop 0.5×ATR",783,-3543,-4.52,53.0,0.93,-0.72,6416,2,676,12540,18.55,55.0,1.19,1.66,4876,421,1019,-2528,-2455,5593,1986,4961
MNQ,TIME,"HOLD 18:00→08:00 SHORT no stop",783,-3597,-4.59,43.9,0.93,-0.72,5582,2,676,-18619,-27.54,43.0,0.77,-2.36,20100,-1003,-2882,266,23,-6692,-4201,-7726
MNQ,TIME,"HOLD 18:00→08:00 SHORT stop 0.5×ATR",783,-3473,-4.44,43.7,0.93,-0.72,4828,1,676,-12773,-18.90,42.9,0.83,-1.74,14826,-756,-3341,906,-281,-5447,-2803,-4523
MNQ,TIME,"HOLD 18:00→09:29 LONG no stop",783,-3896,-4.98,52.0,0.94,-0.66,10417,2,676,15898,23.52,55.9,1.21,1.76,5724,834,2804,-6343,-1190,5938,2760,7200
MNQ,TIME,"HOLD 18:00→09:29 LONG stop 0.5×ATR",783,-7627,-9.74,50.1,0.88,-1.34,12246,1,676,15364,22.73,55.2,1.21,1.81,5768,-38,1825,-7701,-1713,6961,2920,5483
MNQ,TIME,"HOLD 18:00→09:29 SHORT no stop",783,-19,-0.02,46.6,1.00,0.00,6449,1,676,-19278,-28.52,42.9,0.79,-2.14,21685,-1074,-4034,5118,-30,-7158,-3980,-8140
MNQ,TIME,"HOLD 18:00→09:29 SHORT stop 0.5×ATR",783,-1148,-1.47,45.8,0.98,-0.21,6931,1,676,-11936,-17.66,42.5,0.86,-1.45,14989,-866,-4964,5240,-558,-5182,-1884,-4869
MNQ,TIME,"HOLD 18:00→10:00 LONG no stop",783,2176,2.78,52.4,1.03,0.31,8231,3,676,13661,20.21,52.8,1.15,1.33,6532,972,4248,-5879,2836,3739,2450,7473
MNQ,TIME,"HOLD 18:00→10:00 LONG stop 0.5×ATR",783,-448,-0.57,50.7,0.99,-0.07,8756,3,676,13357,19.76,50.9,1.15,1.40,7843,791,2850,-6129,2041,5836,732,6790
MNQ,TIME,"HOLD 18:00→10:00 SHORT no stop",783,-6091,-7.78,46.5,0.92,-0.87,8418,1,676,-17041,-25.21,45.6,0.84,-1.66,19264,-1212,-5478,4654,-4056,-4959,-3670,-8413
MNQ,TIME,"HOLD 18:00→10:00 SHORT stop 0.5×ATR",783,-5755,-7.35,44.8,0.92,-0.90,8337,1,676,-9468,-14.01,44.8,0.90,-1.01,13801,-995,-5755,5859,-4864,-3241,-1654,-4574
MNQ,TIME,"HOLD 18:00→11:00 LONG no stop",783,-3440,-4.39,53.4,0.96,-0.42,12880,3,676,9904,14.65,53.0,1.10,0.87,8336,684,3661,-8661,877,1497,453,7955
MNQ,TIME,"HOLD 18:00→11:00 LONG stop 0.5×ATR",783,-3494,-4.46,49.9,0.96,-0.48,11956,3,676,10456,15.47,49.7,1.11,1.02,9295,879,2880,-7644,391,4702,-1065,6819
MNQ,TIME,"HOLD 18:00→11:00 SHORT no stop",783,-475,-0.61,46.2,0.99,-0.06,8693,1,676,-13284,-19.65,46.2,0.88,-1.16,19293,-924,-4891,7436,-2097,-2717,-1673,-8895
MNQ,TIME,"HOLD 18:00→11:00 SHORT stop 0.5×ATR",783,1920,2.45,44.1,1.02,0.26,6542,1,676,-8860,-13.11,43.3,0.92,-0.86,17373,-268,-2820,7840,-2832,-1267,-1866,-5727
MNQ,TIME,"HOLD 18:00→12:00 LONG no stop",783,2826,3.61,53.8,1.03,0.32,10860,3,676,13412,19.84,54.1,1.12,1.10,9799,1081,4464,-8482,5764,3681,-181,9912
MNQ,TIME,"HOLD 18:00→12:00 LONG stop 0.5×ATR",783,399,0.51,49.7,1.00,0.05,10368,3,676,13723,20.30,49.7,1.13,1.27,9728,794,3493,-7813,3925,6562,-672,7833
MNQ,TIME,"HOLD 18:00→12:00 SHORT no stop",783,-6741,-8.61,45.0,0.93,-0.77,10004,1,676,-16792,-24.84,45.0,0.87,-1.37,20236,-1321,-5694,7257,-6984,-4901,-1039,-10852
MNQ,TIME,"HOLD 18:00→12:00 SHORT stop 0.5×ATR",783,-1209,-1.54,42.4,0.99,-0.15,6776,1,676,-8622,-12.75,42.2,0.92,-0.80,18523,-1015,-2224,7948,-5918,-1026,-1381,-6215
MNQ,TIME,"HOLD 18:00→13:00 LONG no stop",783,1516,1.94,54.0,1.02,0.17,14143,3,676,13158,19.46,54.1,1.11,1.02,10753,1056,4889,-11919,7490,3395,-381,10144
MNQ,TIME,"HOLD 18:00→13:00 LONG stop 0.5×ATR",783,-391,-0.50,49.7,1.00,-0.05,12845,3,676,12531,18.54,48.4,1.11,1.11,11831,919,4319,-10656,5027,6520,-2654,8666
MNQ,TIME,"HOLD 18:00→13:00 SHORT no stop",783,-5431,-6.94,45.1,0.94,-0.60,10469,1,676,-16538,-24.46,44.8,0.87,-1.28,21019,-1296,-6119,10694,-8710,-4615,-840,-11084
MNQ,TIME,"HOLD 18:00→13:00 SHORT stop 0.5×ATR",783,-476,-0.61,41.8,0.99,-0.06,8108,1,676,-7998,-11.83,41.4,0.93,-0.72,17609,-1046,-2051,9872,-7251,-729,-2252,-5017
MNQ,TIME,"HOLD 18:00→14:00 LONG no stop",783,1228,1.57,52.0,1.01,0.13,14369,3,676,22052,32.62,54.0,1.19,1.60,9123,1092,4599,-12516,8053,5389,2992,13671
MNQ,TIME,"HOLD 18:00→14:00 LONG stop 0.5×ATR",783,-1672,-2.14,46.5,0.98,-0.20,13166,3,676,17280,25.56,48.5,1.16,1.48,13004,1056,3667,-10742,4346,8463,-2974,11791
MNQ,TIME,"HOLD 18:00→14:00 SHORT no stop",783,-5143,-6.57,46.9,0.95,-0.55,9989,1,676,-25432,-37.62,45.7,0.82,-1.84,26457,-1332,-5829,11291,-9273,-6609,-4212,-14611
MNQ,TIME,"HOLD 18:00→14:00 SHORT stop 0.5×ATR",783,364,0.46,43.0,1.00,0.04,8779,1,676,-10568,-15.63,41.7,0.91,-0.92,19952,-1018,-1041,10546,-8123,-2295,-3203,-5070
MNQ,TIME,"HOLD 18:00→15:00 LONG no stop",783,8450,10.79,53.6,1.08,0.86,13458,3,676,17762,26.27,52.8,1.14,1.25,8271,1473,8604,-11952,10325,3512,4087,10163
MNQ,TIME,"HOLD 18:00→15:00 LONG stop 0.5×ATR",783,2237,2.86,47.4,1.02,0.26,11692,3,676,16581,24.53,46.6,1.15,1.39,12227,1535,5618,-9547,4630,8773,-2027,9835
MNQ,TIME,"HOLD 18:00→15:00 SHORT no stop",783,-12365,-15.79,45.2,0.89,-1.25,13994,1,676,-21142,-31.27,46.3,0.85,-1.49,22780,-1713,-9834,10727,-11545,-4732,-5307,-11103
MNQ,TIME,"HOLD 18:00→15:00 SHORT stop 0.5×ATR",783,-3750,-4.79,41.1,0.96,-0.43,10268,1,676,-8660,-12.81,41.1,0.93,-0.72,19310,-1234,-3870,11037,-9683,-842,-5386,-2432
MNQ,TIME,"HOLD 18:00→15:55 LONG no stop",783,2813,3.59,51.1,1.02,0.26,13859,3,676,18126,26.81,54.6,1.14,1.21,9407,939,6342,-12320,7853,2472,4225,11429
MNQ,TIME,"HOLD 18:00→15:55 LONG stop 0.5×ATR",783,2220,2.84,44.4,1.02,0.24,9886,3,676,16097,23.81,47.8,1.14,1.33,11979,1315,4443,-8185,4648,7444,-1802,10455
MNQ,TIME,"HOLD 18:00→15:55 SHORT no stop",783,-6728,-8.59,48.0,0.94,-0.62,11029,1,676,-21506,-31.81,44.7,0.86,-1.44,25656,-1179,-7572,11095,-9073,-3692,-5445,-12369
MNQ,TIME,"HOLD 18:00→15:55 SHORT stop 0.5×ATR",783,3283,4.19,42.8,1.03,0.35,8522,1,676,-8731,-12.92,39.5,0.93,-0.71,20220,-743,-2064,13694,-7603,-1124,-6029,-1578
MNQ,TIME,"HOLD 18:00→16:44 LONG no stop",783,7413,9.47,53.0,1.07,0.67,12633,3,676,18959,28.05,53.8,1.14,1.24,11638,1446,6810,-11488,10646,3063,3770,12127
MNQ,TIME,"HOLD 18:00→16:44 LONG stop 0.5×ATR",783,5570,7.11,45.2,1.05,0.60,9043,3,676,17244,25.51,46.6,1.15,1.41,12894,1270,4667,-7232,6865,8887,-2079,10437
MNQ,TIME,"HOLD 18:00→16:44 SHORT no stop",783,-11328,-14.47,46.2,0.91,-1.03,13051,1,676,-22339,-33.05,45.7,0.85,-1.46,27492,-1686,-8040,10263,-11866,-4283,-4990,-13067
MNQ,TIME,"HOLD 18:00→16:44 SHORT stop 0.5×ATR",783,-2370,-3.03,40.7,0.98,-0.25,10550,1,676,-8923,-13.20,40.4,0.93,-0.71,21577,-1624,-3835,12830,-9741,-378,-5590,-2955
MNQ,TIME,"HOLD 20:00→03:00 LONG no stop",784,224,0.29,51.4,1.01,0.07,3358,3,677,4367,6.45,54.7,1.10,0.86,4263,543,1264,253,-1836,1848,1929,590
MNQ,TIME,"HOLD 20:00→03:00 LONG stop 0.5×ATR",784,-248,-0.32,51.3,0.99,-0.08,3351,3,677,3828,5.65,54.7,1.09,0.77,4852,179,1099,310,-1836,2327,1921,-420
MNQ,TIME,"HOLD 20:00→03:00 SHORT no stop",784,-4144,-5.29,45.7,0.87,-1.34,5875,1,677,-7752,-11.45,43.6,0.84,-1.53,10436,-783,-2499,-1478,616,-3073,-3149,-1530
MNQ,TIME,"HOLD 20:00→03:00 SHORT stop 0.5×ATR",784,-3927,-5.01,45.7,0.88,-1.28,5658,1,677,-8459,-12.49,43.4,0.83,-1.68,11280,-834,-2226,-1484,616,-2887,-4329,-1243
MNQ,TIME,"HOLD 20:00→08:00 LONG no stop",784,222,0.28,55.9,1.00,0.05,4221,2,677,9493,14.02,57.8,1.16,1.38,4206,385,891,-84,-970,4289,3352,1852
MNQ,TIME,"HOLD 20:00→08:00 LONG stop 0.5×ATR",784,-1336,-1.70,55.1,0.97,-0.29,5425,1,677,7132,10.54,57.2,1.12,1.08,5057,-9,1164,-573,-1918,3560,3597,-25
MNQ,TIME,"HOLD 20:00→08:00 SHORT no stop",784,-4142,-5.28,43.0,0.92,-0.87,6010,0,677,-12878,-19.02,40.8,0.81,-1.88,16685,-625,-2126,-1142,-251,-5514,-4572,-2792
MNQ,TIME,"HOLD 20:00→08:00 SHORT stop 0.5×ATR",784,-4259,-5.43,42.9,0.92,-0.91,5693,0,677,-12529,-18.51,40.6,0.82,-1.87,16221,-101,-2447,-1560,-150,-4700,-5242,-2587
MNQ,TIME,"HOLD 20:00→09:29 LONG no stop",784,-3333,-4.25,52.0,0.94,-0.59,8574,2,677,10179,15.04,57.8,1.15,1.27,6056,455,2065,-4936,-917,4783,3131,2266
MNQ,TIME,"HOLD 20:00→09:29 LONG stop 0.5×ATR",784,-3843,-4.90,51.4,0.94,-0.71,8680,1,677,10329,15.26,56.9,1.15,1.37,6027,-304,2551,-4957,-1133,4642,4879,808
MNQ,TIME,"HOLD 20:00→09:29 SHORT no stop",784,-587,-0.75,45.3,0.99,-0.10,5741,1,677,-13564,-20.04,41.2,0.84,-1.69,18298,-695,-3300,3711,-303,-6008,-4351,-3206
MNQ,TIME,"HOLD 20:00→09:29 SHORT stop 0.5×ATR",784,-2238,-2.85,44.6,0.96,-0.41,6606,1,677,-12573,-18.57,41.1,0.85,-1.62,16949,-559,-3970,3030,-738,-4172,-4638,-3763
MNQ,TIME,"HOLD 20:00→10:00 LONG no stop",784,2536,3.23,51.8,1.04,0.38,6065,3,677,7925,11.71,53.2,1.09,0.83,7503,593,3306,-4472,3109,2566,2821,2539
MNQ,TIME,"HOLD 20:00→10:00 LONG stop 0.5×ATR",784,2705,3.45,50.9,1.04,0.43,5117,3,677,7046,10.41,51.7,1.08,0.79,7659,107,3267,-3320,2652,2811,2573,1662
MNQ,TIME,"HOLD 20:00→10:00 SHORT no stop",784,-6456,-8.23,46.8,0.91,-0.96,7597,1,677,-11310,-16.71,46.4,0.88,-1.18,16305,-833,-4541,3247,-4329,-3791,-4041,-3479
MNQ,TIME,"HOLD 20:00→10:00 SHORT stop 0.5×ATR",784,-9632,-12.29,44.9,0.87,-1.50,10182,1,677,-7763,-11.47,45.3,0.92,-0.87,13682,-395,-5981,2159,-5416,-1722,-3612,-2428
MNQ,TIME,"HOLD 20:00→11:00 LONG no stop",784,-3392,-4.33,52.2,0.96,-0.43,11066,3,677,3973,5.87,52.4,1.04,0.37,9016,305,2407,-7254,1150,128,824,3021
MNQ,TIME,"HOLD 20:00→11:00 LONG stop 0.5×ATR",784,-1123,-1.43,49.6,0.99,-0.16,10206,3,677,3799,5.61,49.8,1.04,0.39,8902,207,4229,-6830,1272,2122,767,910
MNQ,TIME,"HOLD 20:00→11:00 SHORT no stop",784,-528,-0.67,46.2,0.99,-0.07,7281,1,677,-7358,-10.87,46.2,0.93,-0.69,15220,-545,-3642,6029,-2370,-1353,-2044,-3961
MNQ,TIME,"HOLD 20:00→11:00 SHORT stop 0.5×ATR",784,-3455,-4.41,43.8,0.96,-0.46,6486,2,677,-8103,-11.97,43.4,0.92,-0.82,14838,162,-3727,3646,-3537,-103,-3280,-4720
MNQ,TIME,"HOLD 20:00→12:00 LONG no stop",784,2882,3.68,54.3,1.03,0.33,9359,3,677,7611,11.24,54.5,1.07,0.66,7151,703,3218,-7075,6037,2443,190,4978
MNQ,TIME,"HOLD 20:00→12:00 LONG stop 0.5×ATR",784,1557,1.99,50.4,1.02,0.20,9629,3,677,6933,10.24,50.7,1.07,0.68,8055,262,5386,-8084,3994,3885,1853,1195
MNQ,TIME,"HOLD 20:00→12:00 SHORT no stop",784,-6802,-8.68,44.6,0.93,-0.79,8553,1,677,-10996,-16.24,44.9,0.91,-0.95,14884,-943,-4453,5850,-7257,-3668,-1410,-5918
MNQ,TIME,"HOLD 20:00→12:00 SHORT stop 0.5×ATR",784,-9129,-11.64,40.8,0.90,-1.16,10433,1,677,-8929,-13.19,42.2,0.92,-0.85,15072,-384,-4085,2598,-7258,-1245,-1174,-6510
MNQ,TIME,"HOLD 20:00→13:00 LONG no stop",784,1475,1.88,52.6,1.02,0.17,12558,3,677,7403,10.94,53.3,1.07,0.60,8252,678,3547,-10512,7763,2203,-10,5210
MNQ,TIME,"HOLD 20:00→13:00 LONG stop 0.5×ATR",784,510,0.65,48.9,1.01,0.06,12334,3,677,6463,9.55,47.9,1.06,0.61,7956,468,5747,-10718,5013,4000,-261,2725
MNQ,TIME,"HOLD 20:00→13:00 SHORT no stop",784,-5395,-6.88,46.3,0.94,-0.61,9657,1,677,-10788,-15.94,46.2,0.91,-0.88,14995,-918,-4782,9287,-8983,-3428,-1211,-6150
MNQ,TIME,"HOLD 20:00→13:00 SHORT stop 0.5×ATR",784,-8382,-10.69,42.0,0.91,-1.04,9944,1,677,-8510,-12.57,42.2,0.92,-0.78,14438,-399,-3445,4065,-8603,-1090,-2161,-5259
MNQ,TIME,"HOLD 20:00→14:00 LONG no stop",784,1194,1.52,51.1,1.01,0.13,12724,3,677,16543,24.44,54.4,1.14,1.24,8396,713,3264,-11109,8326,4444,3363,8737
MNQ,TIME,"HOLD 20:00→14:00 LONG stop 0.5×ATR",784,1,0.00,46.6,1.00,0.00,12058,3,677,14853,21.94,49.3,1.14,1.26,8193,641,5087,-10364,4637,6372,3291,5190
MNQ,TIME,"HOLD 20:00→14:00 SHORT no stop",784,-5114,-6.52,47.7,0.95,-0.55,10038,1,677,-19928,-29.44,44.9,0.85,-1.50,23040,-953,-4499,9884,-9546,-5669,-4583,-9677
MNQ,TIME,"HOLD 20:00→14:00 SHORT stop 0.5×ATR",784,-8437,-10.76,42.9,0.91,-1.01,11018,1,677,-10449,-15.43,40.6,0.91,-0.93,16581,-421,-2773,4642,-9885,-1997,-2803,-5650
MNQ,TIME,"HOLD 20:00→15:00 LONG no stop",784,8516,10.86,53.6,1.09,0.87,11705,3,677,12281,18.14,53.9,1.10,0.90,8122,1095,7369,-10545,10598,2594,4458,5229
MNQ,TIME,"HOLD 20:00→15:00 LONG stop 0.5×ATR",784,4232,5.40,48.0,1.04,0.50,11142,3,677,13628,20.13,48.3,1.12,1.15,8320,1122,7337,-9377,5150,6554,4563,2512
MNQ,TIME,"HOLD 20:00→15:00 SHORT no stop",784,-12436,-15.86,45.4,0.89,-1.28,14057,1,677,-15666,-23.14,45.1,0.89,-1.14,19661,-1335,-8604,9320,-11818,-3819,-5678,-6169
MNQ,TIME,"HOLD 20:00→15:00 SHORT stop 0.5×ATR",784,-12693,-16.19,40.1,0.88,-1.47,14224,1,677,-7865,-11.62,39.7,0.93,-0.68,15085,-476,-5489,4598,-11327,-112,-5216,-2537
MNQ,TIME,"HOLD 20:00→15:55 LONG no stop",784,2804,3.58,51.9,1.03,0.26,12253,3,677,12490,18.45,53.0,1.10,0.86,9636,560,5032,-10913,8126,1399,4596,6495
MNQ,TIME,"HOLD 20:00→15:55 LONG stop 0.5×ATR",784,3722,4.75,45.9,1.04,0.41,10094,3,677,15056,22.24,46.8,1.13,1.20,8847,956,5361,-8165,5570,5067,5518,4471
MNQ,TIME,"HOLD 20:00→15:55 SHORT no stop",784,-6724,-8.58,47.3,0.94,-0.63,10163,1,677,-15875,-23.45,46.7,0.89,-1.09,21984,-800,-6267,9688,-9346,-2624,-5816,-7435
MNQ,TIME,"HOLD 20:00→15:55 SHORT stop 0.5×ATR",784,-6821,-8.70,40.4,0.94,-0.74,10793,2,677,-6852,-10.12,41.9,0.94,-0.57,15425,144,-4151,6403,-9217,670,-5956,-1566
MNQ,TIME,"HOLD 20:00→16:44 LONG no stop",784,7556,9.64,52.8,1.07,0.70,10966,3,677,13336,19.70,53.3,1.10,0.89,10299,1067,5651,-10081,10919,2003,4141,7193
MNQ,TIME,"HOLD 20:00→16:44 LONG stop 0.5×ATR",784,6659,8.49,45.7,1.07,0.73,9110,3,677,14884,21.99,46.1,1.13,1.17,9075,861,5420,-7137,7515,6685,4524,3676
MNQ,TIME,"HOLD 20:00→16:44 SHORT no stop",784,-11476,-14.64,46.2,0.91,-1.06,13249,1,677,-16721,-24.70,45.8,0.89,-1.12,24344,-1307,-6886,8856,-12139,-3228,-5361,-8133
MNQ,TIME,"HOLD 20:00→16:44 SHORT stop 0.5×ATR",784,-12764,-16.28,38.9,0.88,-1.37,14954,1,677,-7008,-10.35,41.4,0.94,-0.57,16704,-685,-5876,5143,-11346,1408,-6461,-1955
MNQ,TIME,"HOLD 00:00→03:00 LONG no stop",784,535,0.68,50.3,1.03,0.26,3275,3,677,1052,1.55,53.5,1.04,0.33,2757,194,1199,958,-1816,-918,38,1932
MNQ,TIME,"HOLD 00:00→03:00 LONG stop 0.5×ATR",784,331,0.42,50.3,1.02,0.16,3279,3,677,911,1.35,53.5,1.03,0.29,2389,205,987,954,-1816,-682,-102,1695
MNQ,TIME,"HOLD 00:00→03:00 SHORT no stop",784,-4455,-5.68,46.4,0.80,-2.19,5736,1,677,-4437,-6.55,45.2,0.85,-1.38,4764,-434,-2434,-2183,596,-308,-1258,-2872
MNQ,TIME,"HOLD 00:00→03:00 SHORT stop 0.5×ATR",784,-4466,-5.70,46.4,0.80,-2.19,5747,1,677,-4448,-6.57,45.2,0.85,-1.39,4750,-445,-2434,-2183,596,-333,-1258,-2858
MNQ,TIME,"HOLD 00:00→08:00 LONG no stop",784,533,0.68,54.7,1.01,0.13,5000,3,677,6178,9.13,56.0,1.13,1.12,2313,36,825,622,-949,1524,1461,3193
MNQ,TIME,"HOLD 00:00→08:00 LONG stop 0.5×ATR",784,-890,-1.14,54.3,0.98,-0.22,5714,2,677,3775,5.58,55.5,1.08,0.69,2491,-645,982,296,-1524,1016,1101,1658
MNQ,TIME,"HOLD 00:00→08:00 SHORT no stop",784,-4453,-5.68,42.9,0.90,-1.08,6735,0,677,-9563,-14.13,42.7,0.83,-1.73,10714,-276,-2060,-1847,-271,-2749,-2681,-4133
MNQ,TIME,"HOLD 00:00→08:00 SHORT stop 0.5×ATR",784,-4721,-6.02,42.9,0.89,-1.14,6801,0,677,-9515,-14.05,42.7,0.83,-1.73,10596,-538,-2074,-1799,-309,-2388,-3394,-3733
MNQ,TIME,"HOLD 00:00→09:29 LONG no stop",784,-3022,-3.85,51.0,0.94,-0.58,9472,2,677,6865,10.14,54.1,1.11,1.00,4155,106,2000,-4231,-897,2018,1240,3608
MNQ,TIME,"HOLD 00:00→09:29 LONG stop 0.5×ATR",784,-3619,-4.62,50.6,0.93,-0.72,8556,1,677,5724,8.45,53.3,1.09,0.87,3922,-925,2163,-3771,-1086,1822,1777,2125
MNQ,TIME,"HOLD 00:00→09:29 SHORT no stop",784,-898,-1.15,47.7,0.98,-0.17,6503,1,677,-10250,-15.14,44.2,0.85,-1.50,12032,-346,-3235,3006,-324,-3243,-2460,-4548
MNQ,TIME,"HOLD 00:00→09:29 SHORT stop 0.5×ATR",784,-3278,-4.18,47.1,0.94,-0.66,7354,1,677,-9852,-14.55,44.2,0.86,-1.47,11359,-695,-3703,2384,-1265,-2427,-3053,-4372
MNQ,TIME,"HOLD 00:00→10:00 LONG no stop",784,2847,3.63,52.9,1.04,0.45,6872,3,677,4611,6.81,51.0,1.06,0.55,5965,244,3240,-3767,3129,-199,930,3880
MNQ,TIME,"HOLD 00:00→10:00 LONG stop 0.5×ATR",784,1975,2.52,51.3,1.03,0.33,4193,2,677,1778,2.63,49.9,1.02,0.22,6624,-578,1907,-2004,2649,312,-859,2325
MNQ,TIME,"HOLD 00:00→10:00 SHORT no stop",784,-6767,-8.63,46.0,0.90,-1.07,8196,1,677,-7996,-11.81,47.6,0.91,-0.95,10926,-484,-4475,2542,-4349,-1026,-2150,-4820
MNQ,TIME,"HOLD 00:00→10:00 SHORT stop 0.5×ATR",784,-10935,-13.95,44.5,0.85,-1.79,11165,1,677,-6280,-9.28,46.8,0.92,-0.79,10000,-660,-6482,2016,-5808,-89,-1864,-4327
MNQ,TIME,"HOLD 00:00→11:00 LONG no stop",784,-3081,-3.93,52.3,0.96,-0.41,10726,2,677,658,0.97,49.8,1.01,0.07,8852,-44,2342,-6549,1170,-2637,-1067,4362
MNQ,TIME,"HOLD 00:00→11:00 LONG stop 0.5×ATR",784,-571,-0.73,50.1,0.99,-0.08,7468,2,677,-2531,-3.74,47.9,0.97,-0.28,8259,-829,2753,-4005,1511,-2224,-2010,1702
MNQ,TIME,"HOLD 00:00→11:00 SHORT no stop",784,-839,-1.07,46.7,0.99,-0.11,6981,1,677,-4043,-5.97,49.9,0.96,-0.41,13004,-196,-3577,5324,-2390,1412,-153,-5302
MNQ,TIME,"HOLD 00:00→11:00 SHORT stop 0.5×ATR",784,-3436,-4.38,44.8,0.96,-0.48,7547,1,677,-3600,-5.32,48.0,0.96,-0.39,11553,-112,-4254,5124,-4194,1174,-328,-4446
MNQ,TIME,"HOLD 00:00→12:00 LONG no stop",784,3193,4.07,53.6,1.04,0.38,9349,3,677,4296,6.35,51.7,1.04,0.40,8465,354,3152,-6370,6057,-323,-1701,6320
MNQ,TIME,"HOLD 00:00→12:00 LONG stop 0.5×ATR",784,2812,3.59,50.4,1.03,0.38,6708,2,677,3878,5.73,48.7,1.04,0.40,7719,-750,3436,-4556,4682,-616,-485,4979
MNQ,TIME,"HOLD 00:00→12:00 SHORT no stop",784,-7113,-9.07,45.9,0.92,-0.86,8711,1,677,-7681,-11.35,48.0,0.93,-0.71,14166,-594,-4387,5145,-7277,-903,481,-7260
MNQ,TIME,"HOLD 00:00→12:00 SHORT stop 0.5×ATR",784,-7175,-9.15,43.2,0.92,-0.93,8740,1,677,-6201,-9.16,45.3,0.94,-0.62,13456,-708,-4375,5456,-7548,-622,230,-5809
MNQ,TIME,"HOLD 00:00→13:00 LONG no stop",784,1786,2.28,54.1,1.02,0.21,12395,3,677,4089,6.04,53.0,1.04,0.35,9113,329,3481,-9807,7783,-562,-1901,6551
MNQ,TIME,"HOLD 00:00→13:00 LONG stop 0.5×ATR",784,1467,1.87,50.4,1.02,0.20,9212,2,677,4492,6.63,48.2,1.04,0.44,9019,-556,3187,-7081,5917,-374,-1150,6016
MNQ,TIME,"HOLD 00:00→13:00 SHORT no stop",784,-5706,-7.28,45.0,0.94,-0.67,9778,1,677,-7474,-11.04,46.5,0.94,-0.64,14425,-569,-4716,8582,-9003,-663,681,-7491
MNQ,TIME,"HOLD 00:00→13:00 SHORT stop 0.5×ATR",784,-7778,-9.92,42.1,0.92,-0.97,9225,1,677,-5522,-8.16,43.4,0.95,-0.52,12809,-840,-4494,6386,-8831,-782,-204,-4536
MNQ,TIME,"HOLD 00:00→14:00 LONG no stop",784,1505,1.92,51.5,1.02,0.17,12491,3,677,13229,19.54,54.4,1.12,1.04,8913,364,3198,-10404,8347,1679,1472,10079
MNQ,TIME,"HOLD 00:00→14:00 LONG stop 0.5×ATR",784,1375,1.75,47.7,1.02,0.18,7964,2,677,9924,14.66,49.5,1.09,0.89,9509,-361,2385,-5981,5332,2103,842,6979
MNQ,TIME,"HOLD 00:00→14:00 SHORT no stop",784,-5425,-6.92,47.3,0.94,-0.61,10144,1,677,-16614,-24.54,45.1,0.87,-1.30,20102,-604,-4433,9179,-9567,-2904,-2692,-11019
MNQ,TIME,"HOLD 00:00→14:00 SHORT stop 0.5×ATR",784,-8766,-11.18,43.2,0.91,-1.07,9777,1,677,-8387,-12.39,41.8,0.93,-0.76,15498,-1004,-4378,5965,-9350,-733,8,-7663
MNQ,TIME,"HOLD 00:00→15:00 LONG no stop",784,8827,11.26,53.7,1.09,0.93,11651,3,677,8966,13.24,53.2,1.07,0.69,9139,746,7304,-9840,10618,-171,2567,6570
MNQ,TIME,"HOLD 00:00→15:00 LONG stop 0.5×ATR",784,6318,8.06,48.3,1.07,0.76,6523,3,677,7327,10.82,48.4,1.07,0.65,7857,29,4519,-4612,6382,2281,1962,3084
MNQ,TIME,"HOLD 00:00→15:00 SHORT no stop",784,-12747,-16.26,45.5,0.88,-1.35,13985,1,677,-12351,-18.24,46.2,0.91,-0.94,18172,-986,-8539,8615,-11838,-1054,-3787,-7510
MNQ,TIME,"HOLD 00:00→15:00 SHORT stop 0.5×ATR",784,-11708,-14.93,41.7,0.89,-1.37,12764,1,677,-5245,-7.75,41.9,0.95,-0.46,14691,-1195,-6632,6891,-10773,641,-2223,-3662
MNQ,TIME,"HOLD 00:00→15:55 LONG no stop",784,3115,3.97,50.9,1.03,0.30,12052,3,677,9175,13.55,53.5,1.07,0.66,10781,211,4966,-10208,8146,-1366,2705,7837
MNQ,TIME,"HOLD 00:00→15:55 LONG stop 0.5×ATR",784,6493,8.28,45.4,1.07,0.73,6554,2,677,9836,14.53,48.2,1.09,0.82,7702,-192,3207,-3338,6816,1192,3416,5228
MNQ,TIME,"HOLD 00:00→15:55 SHORT no stop",784,-7035,-8.97,48.5,0.94,-0.67,10207,1,677,-12560,-18.55,45.9,0.91,-0.90,21206,-451,-6201,8983,-9366,141,-3925,-8777
MNQ,TIME,"HOLD 00:00→15:55 SHORT stop 0.5×ATR",784,-4661,-5.94,42.5,0.96,-0.51,8956,1,677,-5785,-8.54,41.5,0.95,-0.50,14650,-372,-4334,8287,-8242,911,-2723,-3972
MNQ,TIME,"HOLD 00:00→16:44 LONG no stop",784,7867,10.03,54.0,1.07,0.74,10624,3,677,10022,14.80,54.1,1.08,0.70,12666,718,5586,-9376,10939,-762,2250,8534
MNQ,TIME,"HOLD 00:00→16:44 LONG stop 0.5×ATR",784,8799,11.22,47.2,1.09,0.98,5912,2,677,9574,14.14,47.9,1.08,0.78,8707,-363,3664,-3157,8656,3095,1988,4491
MNQ,TIME,"HOLD 00:00→16:44 SHORT no stop",784,-11787,-15.03,45.7,0.90,-1.11,13049,1,677,-13407,-19.80,45.9,0.90,-0.94,23863,-958,-6821,8151,-12159,-463,-3470,-9474
MNQ,TIME,"HOLD 00:00→16:44 SHORT stop 0.5×ATR",784,-10958,-13.98,39.7,0.90,-1.19,11792,1,677,-5586,-8.25,42.2,0.95,-0.47,15847,-1287,-5748,6661,-10584,1890,-3017,-4458
MNQ,TIME,"HOLD 03:00→08:00 LONG no stop",784,-1938,-2.47,52.4,0.95,-0.52,3779,1,677,3393,5.01,54.4,1.08,0.72,2064,-265,-970,-951,248,1802,795,796
MNQ,TIME,"HOLD 03:00→08:00 LONG stop 0.5×ATR",784,-942,-1.20,52.4,0.97,-0.26,3453,1,677,2858,4.22,54.4,1.07,0.61,1713,-433,-112,-679,282,1206,1455,197
MNQ,TIME,"HOLD 03:00→08:00 SHORT no stop",784,-1983,-2.53,44.9,0.95,-0.53,3155,1,677,-6778,-10.01,44.6,0.85,-1.44,8892,25,-266,-274,-1468,-3027,-2015,-1736
MNQ,TIME,"HOLD 03:00→08:00 SHORT stop 0.5×ATR",784,-1716,-2.19,44.9,0.95,-0.47,3200,1,677,-7409,-10.94,44.5,0.84,-1.60,9523,300,-250,-250,-1516,-3487,-2170,-1752
MNQ,TIME,"HOLD 03:00→09:29 LONG no stop",784,-5493,-7.01,49.0,0.89,-1.12,8595,2,677,4079,6.03,52.3,1.08,0.67,3483,-194,205,-5804,300,2296,573,1211
MNQ,TIME,"HOLD 03:00→09:29 LONG stop 0.5×ATR",784,-3878,-4.95,48.9,0.92,-0.83,7173,2,677,4134,6.11,52.3,1.08,0.70,3234,-763,1201,-4395,79,2035,1327,771
MNQ,TIME,"HOLD 03:00→09:29 SHORT no stop",784,1573,2.01,48.6,1.03,0.32,3138,1,677,-7464,-11.03,46.8,0.88,-1.23,9673,-46,-1440,4579,-1520,-3521,-1793,-2151
MNQ,TIME,"HOLD 03:00→09:29 SHORT stop 0.5×ATR",784,1038,1.32,48.1,1.02,0.22,3206,2,677,-7159,-10.57,46.7,0.88,-1.21,9259,127,-1731,5001,-2358,-3640,-1579,-1940
MNQ,TIME,"HOLD 03:00→10:00 LONG no stop",784,376,0.48,52.2,1.01,0.06,6948,2,677,1825,2.70,51.0,1.02,0.23,5532,-56,1446,-5339,4326,79,263,1483
MNQ,TIME,"HOLD 03:00→10:00 LONG stop 0.5×ATR",784,897,1.14,51.4,1.01,0.16,6167,2,677,457,0.67,49.9,1.01,0.06,5854,-493,1969,-4146,3567,-481,-395,1333
MNQ,TIME,"HOLD 03:00→10:00 SHORT no stop",784,-4296,-5.48,46.8,0.93,-0.71,6005,1,677,-5210,-7.70,48.2,0.93,-0.65,8965,-184,-2681,4114,-5546,-1304,-1483,-2423
MNQ,TIME,"HOLD 03:00→10:00 SHORT stop 0.5×ATR",784,-6760,-8.62,45.7,0.90,-1.17,7444,1,677,-1963,-2.90,47.6,0.97,-0.26,7501,-13,-4173,4317,-6890,-454,-125,-1384
MNQ,TIME,"HOLD 03:00→11:00 LONG no stop",784,-5552,-7.08,50.1,0.93,-0.76,11569,2,677,-2128,-3.14,50.7,0.98,-0.22,7794,-344,547,-8121,2367,-2359,-1734,1965
MNQ,TIME,"HOLD 03:00→11:00 LONG stop 0.5×ATR",784,-2689,-3.43,48.7,0.96,-0.40,9496,2,677,-2465,-3.64,48.9,0.97,-0.27,8805,-711,2170,-6293,2144,-2121,-1713,1369
MNQ,TIME,"HOLD 03:00→11:00 SHORT no stop",784,1632,2.08,48.6,1.02,0.22,5130,2,677,-1258,-1.86,48.0,0.99,-0.13,10433,104,-1782,6896,-3587,1134,514,-2905
MNQ,TIME,"HOLD 03:00→11:00 SHORT stop 0.5×ATR",784,193,0.25,46.4,1.00,0.03,5444,2,677,3369,4.98,47.0,1.04,0.38,7891,361,-2529,6620,-4259,2056,2608,-1294
MNQ,TIME,"HOLD 03:00→12:00 LONG no stop",784,722,0.92,53.4,1.01,0.09,11117,3,677,1511,2.23,52.3,1.01,0.14,7477,54,1358,-7943,7254,-45,-2368,3923
MNQ,TIME,"HOLD 03:00→12:00 LONG stop 0.5×ATR",784,1427,1.82,50.3,1.02,0.20,8898,2,677,3538,5.23,50.2,1.04,0.38,7071,-571,3084,-6716,5630,-639,-737,4914
MNQ,TIME,"HOLD 03:00→12:00 SHORT no stop",784,-4642,-5.92,45.9,0.95,-0.57,9346,1,677,-4896,-7.23,46.7,0.95,-0.46,11657,-294,-2593,6718,-8474,-1181,1148,-4863
MNQ,TIME,"HOLD 03:00→12:00 SHORT stop 0.5×ATR",784,-3967,-5.06,43.8,0.95,-0.53,8894,1,677,533,0.79,45.5,1.01,0.05,10228,-6,-2998,7078,-8040,558,3203,-3228
MNQ,TIME,"HOLD 03:00→13:00 LONG no stop",784,-685,-0.87,52.2,0.99,-0.08,14382,3,677,1303,1.92,52.6,1.01,0.11,8594,29,1687,-11379,8980,-284,-2567,4154
MNQ,TIME,"HOLD 03:00→13:00 LONG stop 0.5×ATR",784,-195,-0.25,48.9,1.00,-0.03,11454,2,677,3192,4.71,48.6,1.03,0.32,8366,-409,2847,-9155,6522,-786,-1234,5211
MNQ,TIME,"HOLD 03:00→13:00 SHORT no stop",784,-3236,-4.13,46.8,0.96,-0.39,11127,1,677,-4688,-6.92,46.7,0.96,-0.41,11916,-269,-2922,10154,-10200,-941,1347,-5094
MNQ,TIME,"HOLD 03:00→13:00 SHORT stop 0.5×ATR",784,-2457,-3.13,44.1,0.97,-0.32,9858,2,677,1680,2.48,44.6,1.02,0.16,9413,2,-2525,8997,-8930,948,2856,-2124
MNQ,TIME,"HOLD 03:00→14:00 LONG no stop",784,-966,-1.23,52.7,0.99,-0.11,14585,3,677,10443,15.43,53.6,1.09,0.84,8554,64,1404,-11977,9543,1957,805,7682
MNQ,TIME,"HOLD 03:00→14:00 LONG stop 0.5×ATR",784,-155,-0.20,49.2,1.00,-0.02,10848,2,677,10214,15.09,48.6,1.10,0.92,9243,-252,2151,-8729,6676,2301,2021,5892
MNQ,TIME,"HOLD 03:00→14:00 SHORT no stop",784,-2954,-3.77,46.6,0.97,-0.34,11490,1,677,-13828,-20.43,45.5,0.89,-1.11,17197,-304,-2639,10752,-10763,-3182,-2025,-8622
MNQ,TIME,"HOLD 03:00→14:00 SHORT stop 0.5×ATR",784,-3276,-4.18,43.2,0.96,-0.41,10657,1,677,-215,-0.32,43.4,1.00,-0.02,10251,-164,-1731,8549,-9930,511,4026,-4752
MNQ,TIME,"HOLD 03:00→15:00 LONG no stop",784,6357,8.11,52.9,1.07,0.68,13657,3,677,6181,9.13,53.0,1.05,0.48,7769,446,5509,-11413,11815,107,1901,4173
MNQ,TIME,"HOLD 03:00→15:00 LONG stop 0.5×ATR",784,4785,6.10,47.8,1.05,0.59,9966,2,677,6453,9.53,48.0,1.06,0.57,8222,-23,4779,-8010,8040,2525,1876,2052
MNQ,TIME,"HOLD 03:00→15:00 SHORT no stop",784,-10277,-13.11,46.3,0.90,-1.10,13794,1,677,-9566,-14.13,46.5,0.92,-0.75,15340,-686,-6744,10188,-13035,-1332,-3121,-5113
MNQ,TIME,"HOLD 03:00→15:00 SHORT stop 0.5×ATR",784,-6495,-8.28,42.5,0.93,-0.78,11740,1,677,2762,4.08,43.6,1.03,0.25,9589,-575,-4615,9744,-11048,1917,1996,-1151
MNQ,TIME,"HOLD 03:00→15:55 LONG no stop",784,645,0.82,51.5,1.01,0.06,14090,2,677,6390,9.44,53.3,1.05,0.47,9411,-89,3172,-11781,9343,-1088,2038,5440
MNQ,TIME,"HOLD 03:00→15:55 LONG stop 0.5×ATR",784,4383,5.59,46.2,1.05,0.50,9011,2,677,9753,14.41,48.3,1.09,0.82,7957,-196,3174,-6569,7974,1307,3949,4497
MNQ,TIME,"HOLD 03:00→15:55 SHORT no stop",784,-4565,-5.82,47.7,0.96,-0.44,11562,1,677,-9775,-14.44,45.8,0.92,-0.72,18424,-151,-4407,10556,-10563,-137,-3258,-6380
MNQ,TIME,"HOLD 03:00→15:55 SHORT stop 0.5×ATR",784,-152,-0.19,42.2,1.00,-0.02,9926,2,677,3132,4.63,42.4,1.03,0.27,10304,224,-2798,11358,-8936,2417,1560,-845
MNQ,TIME,"HOLD 03:00→16:44 LONG no stop",784,5396,6.88,54.1,1.05,0.52,12611,3,677,7236,10.69,52.6,1.06,0.52,11296,418,3791,-10949,12136,-484,1583,6137
MNQ,TIME,"HOLD 03:00→16:44 LONG stop 0.5×ATR",784,7971,10.17,48.0,1.08,0.91,7843,3,677,9256,13.67,46.2,1.08,0.77,8748,47,3648,-5652,9928,2876,3158,3222
MNQ,TIME,"HOLD 03:00→16:44 SHORT no stop",784,-9316,-11.88,45.3,0.92,-0.89,14245,1,677,-10621,-15.69,46.2,0.92,-0.76,21081,-658,-5026,9724,-13356,-741,-2803,-7077
MNQ,TIME,"HOLD 03:00→16:44 SHORT stop 0.5×ATR",784,-6349,-8.10,39.5,0.94,-0.70,12120,1,677,3002,4.43,43.3,1.03,0.26,11732,-547,-4057,9494,-11239,3237,1595,-1829
MNQ,TIME,"HOLD 08:00→09:29 LONG no stop",784,-5534,-7.06,47.2,0.83,-1.61,7883,1,677,-980,-1.45,48.0,0.97,-0.27,3072,-48,530,-5456,-560,-121,-794,-65
MNQ,TIME,"HOLD 08:00→09:29 LONG stop 0.5×ATR",784,-3960,-5.05,47.2,0.87,-1.26,6513,1,677,-1456,-2.15,48.0,0.96,-0.41,2965,-48,746,-3999,-659,-544,-847,-65
MNQ,TIME,"HOLD 08:00→09:29 SHORT no stop",784,1614,2.06,50.0,1.06,0.47,2865,1,677,-2406,-3.55,49.6,0.93,-0.67,3998,-192,-1765,4231,-661,-1105,-426,-875
MNQ,TIME,"HOLD 08:00→09:29 SHORT stop 0.5×ATR",784,1444,1.84,49.9,1.05,0.45,3078,1,677,-2521,-3.72,49.6,0.93,-0.71,4164,-340,-1830,4316,-701,-1140,-254,-1126
MNQ,TIME,"HOLD 08:00→10:00 LONG no stop",784,335,0.43,52.7,1.01,0.07,6794,3,677,-3234,-4.78,48.0,0.95,-0.51,6175,90,1771,-4992,3466,-2337,-1104,208
MNQ,TIME,"HOLD 08:00→10:00 LONG stop 0.5×ATR",784,52,0.07,52.7,1.00,0.01,6369,3,677,-4792,-7.08,47.6,0.92,-0.78,7519,114,1585,-4311,2664,-3264,-2106,578
MNQ,TIME,"HOLD 08:00→10:00 SHORT no stop",784,-4255,-5.43,45.8,0.92,-0.88,5213,1,677,-152,-0.22,50.2,1.00,-0.02,5196,-330,-3006,3767,-4686,1112,-116,-1148
MNQ,TIME,"HOLD 08:00→10:00 SHORT stop 0.5×ATR",784,-5931,-7.56,45.3,0.89,-1.27,6163,1,677,554,0.82,49.9,1.01,0.09,4841,-646,-3206,3314,-5392,826,138,-410
MNQ,TIME,"HOLD 08:00→11:00 LONG no stop",784,-5593,-7.13,49.2,0.92,-0.89,10753,2,677,-7186,-10.61,50.2,0.92,-0.88,10211,-198,872,-7774,1507,-4775,-3101,690
MNQ,TIME,"HOLD 08:00→11:00 LONG stop 0.5×ATR",784,-4934,-6.29,47.8,0.93,-0.84,10290,3,677,-8998,-13.29,48.9,0.89,-1.17,10815,157,821,-6996,1085,-5668,-2878,-453
MNQ,TIME,"HOLD 08:00→11:00 SHORT no stop",784,1673,2.13,49.5,1.03,0.27,5110,1,677,3801,5.61,48.9,1.05,0.46,6748,-42,-2107,6549,-2727,3550,1881,-1630
MNQ,TIME,"HOLD 08:00→11:00 SHORT stop 0.5×ATR",784,150,0.19,48.5,1.00,0.02,4877,1,677,4252,6.28,48.6,1.05,0.54,6099,-116,-2279,5669,-3123,2475,1913,-136
MNQ,TIME,"HOLD 08:00→12:00 LONG no stop",784,681,0.87,52.8,1.01,0.09,10688,3,677,-3548,-5.24,50.8,0.96,-0.38,8704,200,1683,-7595,6394,-2461,-3735,2647
MNQ,TIME,"HOLD 08:00→12:00 LONG stop 0.5×ATR",784,642,0.82,50.8,1.01,0.10,8963,3,677,-5136,-7.59,48.9,0.94,-0.62,10697,216,2127,-6558,4857,-4264,-2246,1374
MNQ,TIME,"HOLD 08:00→12:00 SHORT no stop",784,-4601,-5.87,46.4,0.94,-0.64,8544,1,677,163,0.24,48.2,1.00,0.02,8706,-440,-2918,6370,-7614,1236,2515,-3587
MNQ,TIME,"HOLD 08:00→12:00 SHORT stop 0.5×ATR",784,-3348,-4.27,45.3,0.96,-0.50,7289,1,677,306,0.45,47.1,1.00,0.03,7188,-706,-2284,6003,-6360,222,3016,-2932
MNQ,TIME,"HOLD 08:00→13:00 LONG no stop",784,-726,-0.93,51.9,0.99,-0.10,13954,3,677,-3756,-5.55,51.8,0.96,-0.37,9822,175,2012,-11032,8120,-2700,-3934,2879
MNQ,TIME,"HOLD 08:00→13:00 LONG stop 0.5×ATR",784,-2836,-3.62,49.2,0.96,-0.41,12355,3,677,-4640,-6.85,48.4,0.95,-0.52,11007,74,1808,-10320,5601,-3912,-2834,2106
MNQ,TIME,"HOLD 08:00→13:00 SHORT no stop",784,-3195,-4.07,46.6,0.96,-0.43,10352,1,677,371,0.55,47.6,1.00,0.04,9023,-415,-3247,9807,-9340,1475,2714,-3819
MNQ,TIME,"HOLD 08:00→13:00 SHORT stop 0.5×ATR",784,-2231,-2.85,45.2,0.97,-0.32,8644,1,677,1261,1.86,45.9,1.01,0.13,7435,-745,-2061,8207,-7632,525,3529,-2792
MNQ,TIME,"HOLD 08:00→14:00 LONG no stop",784,-1007,-1.28,51.8,0.99,-0.13,14188,3,677,5385,7.95,51.7,1.05,0.48,7970,210,1729,-11629,8684,-460,-562,6406
MNQ,TIME,"HOLD 08:00→14:00 LONG stop 0.5×ATR",784,-2491,-3.18,48.7,0.97,-0.35,12446,3,677,383,0.57,47.7,1.00,0.04,9535,334,1313,-10487,6350,-1754,-352,2490
MNQ,TIME,"HOLD 08:00→14:00 SHORT no stop",784,-2913,-3.72,47.2,0.97,-0.36,10706,1,677,-8770,-12.95,48.2,0.92,-0.77,14196,-450,-2964,10404,-9904,-766,-658,-7346
MNQ,TIME,"HOLD 08:00→14:00 SHORT stop 0.5×ATR",784,-2428,-3.10,44.4,0.97,-0.32,9283,1,677,-601,-0.89,46.4,0.99,-0.06,9300,-797,-1177,8027,-8481,-41,4889,-5449
MNQ,TIME,"HOLD 08:00→15:00 LONG no stop",784,6316,8.06,54.1,1.07,0.73,13320,3,677,1122,1.66,51.1,1.01,0.10,8794,592,5834,-11065,10955,-2309,534,2898
MNQ,TIME,"HOLD 08:00→15:00 LONG stop 0.5×ATR",784,1430,1.82,49.7,1.02,0.19,11456,3,677,-2464,-3.64,46.5,0.98,-0.24,8926,359,3566,-9782,7287,-1529,232,-1166
MNQ,TIME,"HOLD 08:00→15:00 SHORT no stop",784,-10236,-13.06,45.0,0.89,-1.19,12964,1,677,-4507,-6.66,47.7,0.96,-0.39,12383,-832,-7069,9840,-12175,1084,-1754,-3838
MNQ,TIME,"HOLD 08:00→15:00 SHORT stop 0.5×ATR",784,-6693,-8.54,42.0,0.93,-0.85,10905,1,677,1167,1.72,45.3,1.01,0.11,8348,-1273,-4494,9190,-10116,1381,2199,-2413
MNQ,TIME,"HOLD 08:00→15:55 LONG no stop",784,604,0.77,52.9,1.01,0.06,13759,3,677,1331,1.97,52.4,1.01,0.11,10896,57,3497,-11433,8483,-3504,671,4164
MNQ,TIME,"HOLD 08:00→15:55 LONG stop 0.5×ATR",784,2877,3.67,48.6,1.03,0.34,9130,3,677,477,0.70,48.3,1.00,0.04,8017,209,2922,-7490,7236,-2793,2530,740
MNQ,TIME,"HOLD 08:00→15:55 SHORT no stop",784,-4524,-5.77,46.8,0.96,-0.47,10771,1,677,-4716,-6.97,47.4,0.96,-0.37,15842,-297,-4732,10208,-9703,2279,-1891,-5104
MNQ,TIME,"HOLD 08:00→15:55 SHORT stop 0.5×ATR",784,1268,1.62,43.1,1.01,0.15,8767,1,677,536,0.79,44.9,1.00,0.05,10941,-782,-2541,12289,-7699,1564,2272,-3301
MNQ,TIME,"HOLD 08:00→16:44 LONG no stop",784,5355,6.83,54.2,1.05,0.54,12282,3,677,2178,3.22,52.4,1.02,0.17,12530,564,4116,-10601,11276,-2900,216,4862
MNQ,TIME,"HOLD 08:00→16:44 LONG stop 0.5×ATR",784,7061,9.01,49.5,1.08,0.83,8266,3,677,-1871,-2.76,47.4,0.98,-0.17,8917,159,3710,-6305,9498,-1807,398,-462
MNQ,TIME,"HOLD 08:00→16:44 SHORT no stop",784,-9275,-11.83,45.7,0.92,-0.93,13452,1,677,-5563,-8.22,47.3,0.95,-0.43,18030,-804,-5351,9376,-12496,1675,-1436,-5802
MNQ,TIME,"HOLD 08:00→16:44 SHORT stop 0.5×ATR",784,-4445,-5.67,41.7,0.96,-0.51,10338,1,677,-690,-1.02,44.9,0.99,-0.06,12437,-1747,-3742,10426,-9382,1940,2380,-5010
MNQ,TIME,"HOLD 09:30→10:00 LONG no stop",784,3264,4.16,54.0,1.09,0.91,2145,3,677,-4533,-6.69,49.5,0.92,-0.84,6444,101,778,-491,2877,-3073,-1069,-391
MNQ,TIME,"HOLD 09:30→10:00 LONG stop 0.5×ATR",784,2789,3.56,54.0,1.07,0.77,2224,3,677,-2616,-3.86,49.5,0.95,-0.51,4818,44,761,-751,2736,-2592,-711,687
MNQ,TIME,"HOLD 09:30→10:00 SHORT no stop",784,-7184,-9.16,43.9,0.83,-1.99,7695,0,677,1148,1.69,48.9,1.02,0.21,3785,-341,-2013,-734,-4097,1848,-152,-549
MNQ,TIME,"HOLD 09:30→10:00 SHORT stop 0.5×ATR",784,-7013,-8.95,43.9,0.84,-1.95,7629,0,677,1681,2.48,48.9,1.03,0.31,3499,-286,-1814,-785,-4128,2071,-5,-385
MNQ,TIME,"HOLD 09:30→11:00 LONG no stop",784,-2664,-3.40,50.6,0.96,-0.49,6001,1,677,-8485,-12.53,51.1,0.89,-1.13,11270,-188,-121,-3273,918,-5511,-3065,91
MNQ,TIME,"HOLD 09:30→11:00 LONG stop 0.5×ATR",784,-2042,-2.61,50.1,0.97,-0.39,5087,3,677,-4747,-7.01,50.8,0.94,-0.67,6602,17,85,-2952,808,-3512,-1113,-123
MNQ,TIME,"HOLD 09:30→11:00 SHORT no stop",784,-1257,-1.60,48.3,0.98,-0.23,4589,1,677,5100,7.53,47.9,1.07,0.68,6149,-53,-1114,2048,-2138,4286,1845,-1031
MNQ,TIME,"HOLD 09:30→11:00 SHORT stop 0.5×ATR",784,-1882,-2.40,48.2,0.97,-0.35,4869,2,677,5280,7.80,47.9,1.07,0.72,5426,220,-1045,1805,-2862,4240,1627,-587
MNQ,TIME,"HOLD 09:30→12:00 LONG no stop",784,3610,4.60,51.7,1.05,0.55,6780,3,677,-4847,-7.16,54.4,0.94,-0.55,10097,210,690,-3095,5805,-3197,-3699,2049
MNQ,TIME,"HOLD 09:30→12:00 LONG stop 0.5×ATR",784,5838,7.45,50.9,1.09,0.96,4816,2,677,63,0.09,53.3,1.00,0.01,6814,-87,1650,-1656,5930,-1361,-1570,2994
MNQ,TIME,"HOLD 09:30→12:00 SHORT no stop",784,-7530,-9.60,47.2,0.90,-1.15,9979,1,677,1462,2.16,45.1,1.02,0.17,7295,-450,-1925,1870,-7025,1972,2479,-2989
MNQ,TIME,"HOLD 09:30→12:00 SHORT stop 0.5×ATR",784,-6193,-7.90,46.2,0.91,-0.99,9880,1,677,2645,3.91,44.8,1.03,0.31,6192,-321,-1003,1832,-6702,1991,2570,-1916
MNQ,TIME,"HOLD 09:30→13:00 LONG no stop",784,2204,2.81,53.6,1.03,0.32,8809,3,677,-5055,-7.47,52.4,0.95,-0.52,11235,185,1019,-6531,7531,-3436,-3899,2280
MNQ,TIME,"HOLD 09:30→13:00 LONG stop 0.5×ATR",784,4248,5.42,52.2,1.06,0.67,6036,2,677,1556,2.30,51.1,1.02,0.19,6646,-251,1514,-3652,6636,-752,-2251,4560
MNQ,TIME,"HOLD 09:30→13:00 SHORT no stop",784,-6124,-7.81,45.7,0.92,-0.88,10100,1,677,1670,2.47,47.0,1.02,0.17,7681,-425,-2254,5306,-8751,2211,2679,-3220
MNQ,TIME,"HOLD 09:30→13:00 SHORT stop 0.5×ATR",784,-5112,-6.52,44.8,0.93,-0.77,9905,1,677,3907,5.77,46.5,1.04,0.42,6547,-331,-810,4243,-8213,2338,3123,-1555
MNQ,TIME,"HOLD 09:30→14:00 LONG no stop",784,1922,2.45,52.3,1.02,0.26,9110,3,677,4086,6.03,51.7,1.04,0.38,8220,221,736,-7129,8095,-1196,-527,5808
MNQ,TIME,"HOLD 09:30→14:00 LONG stop 0.5×ATR",784,4789,6.11,50.1,1.06,0.71,6256,2,677,7549,11.15,49.9,1.08,0.78,6081,-4,680,-3791,7903,2210,414,4925
MNQ,TIME,"HOLD 09:30→14:00 SHORT no stop",784,-5842,-7.45,46.3,0.93,-0.78,10206,1,677,-7471,-11.03,47.9,0.93,-0.70,12858,-461,-1971,5904,-9315,-30,-694,-6748
MNQ,TIME,"HOLD 09:30→14:00 SHORT stop 0.5×ATR",784,-4399,-5.61,45.0,0.95,-0.62,9779,2,677,796,1.18,46.8,1.01,0.08,8152,-341,213,4328,-8599,1573,3043,-3820
MNQ,TIME,"HOLD 09:30→15:00 LONG no stop",784,9245,11.79,54.8,1.11,1.13,8161,3,677,-177,-0.26,53.0,1.00,-0.02,8804,602,4841,-6565,10366,-3045,569,2299
MNQ,TIME,"HOLD 09:30→15:00 LONG stop 0.5×ATR",784,11037,14.08,52.0,1.14,1.51,4601,3,677,2621,3.87,50.1,1.03,0.27,6453,161,3526,-2389,9738,1176,702,744
MNQ,TIME,"HOLD 09:30→15:00 SHORT no stop",784,-13165,-16.79,44.8,0.86,-1.62,14567,1,677,-3208,-4.74,46.4,0.97,-0.29,10806,-842,-6076,5340,-11586,1820,-1789,-3239
MNQ,TIME,"HOLD 09:30→15:00 SHORT stop 0.5×ATR",784,-8680,-11.07,43.6,0.90,-1.15,10798,1,677,2324,3.43,44.9,1.02,0.23,7902,-772,-3726,5659,-9842,2675,316,-666
MNQ,TIME,"HOLD 09:30→15:55 LONG no stop",784,3533,4.51,54.0,1.04,0.38,9605,3,677,32,0.05,52.9,1.00,0.00,10906,68,2504,-6933,7894,-4240,707,3566
MNQ,TIME,"HOLD 09:30→15:55 LONG stop 0.5×ATR",784,12343,15.74,50.9,1.15,1.56,4384,3,677,5725,8.46,50.1,1.06,0.55,6415,68,3445,-416,9245,-451,3911,2264
MNQ,TIME,"HOLD 09:30→15:55 SHORT no stop",784,-7453,-9.51,45.4,0.93,-0.81,11979,1,677,-3417,-5.05,46.4,0.97,-0.29,14264,-308,-3739,5708,-9114,3015,-1927,-4506
MNQ,TIME,"HOLD 09:30→15:55 SHORT stop 0.5×ATR",784,-783,-1.00,43.0,0.99,-0.09,9749,1,677,4153,6.13,44.8,1.04,0.39,9142,-5,-1072,8019,-7725,3188,1540,-575
MNQ,TIME,"HOLD 09:30→16:44 LONG no stop",784,8284,10.57,55.6,1.08,0.88,8552,3,677,879,1.30,53.0,1.01,0.07,12541,575,3123,-6101,10687,-3636,252,4263
MNQ,TIME,"HOLD 09:30→16:44 LONG stop 0.5×ATR",784,17550,22.39,52.6,1.21,2.19,3941,3,677,4723,6.98,49.8,1.05,0.44,7189,-17,4654,752,12162,1087,2568,1067
MNQ,TIME,"HOLD 09:30→16:44 SHORT no stop",784,-12204,-15.57,43.9,0.89,-1.29,15078,1,677,-4264,-6.30,46.1,0.96,-0.35,16379,-815,-4358,4876,-11907,2411,-1472,-5203
MNQ,TIME,"HOLD 09:30→16:44 SHORT stop 0.5×ATR",784,-5934,-7.57,41.1,0.94,-0.70,11595,1,677,3516,5.19,44.6,1.03,0.32,10551,-901,-2599,6582,-9016,3892,2507,-2884
MNQ,TIME,"HOLD 10:00→11:00 LONG no stop",784,-7873,-10.04,50.3,0.83,-1.94,8443,0,676,-5456,-8.07,51.8,0.90,-1.02,8014,-401,-1515,-3310,-2648,-2877,-2564,-16
MNQ,TIME,"HOLD 10:00→11:00 LONG stop 0.5×ATR",784,-7201,-9.18,50.3,0.85,-1.82,7915,0,676,-4590,-6.79,51.8,0.92,-0.88,6489,-377,-942,-3417,-2466,-2455,-2142,7
MNQ,TIME,"HOLD 10:00→11:00 SHORT no stop",784,3953,5.04,48.6,1.10,0.98,2315,4,676,2076,3.07,47.3,1.04,0.39,4911,161,280,2085,1428,1657,1344,-924
MNQ,TIME,"HOLD 10:00→11:00 SHORT stop 0.5×ATR",784,3681,4.70,48.6,1.09,0.91,2238,4,676,1658,2.45,47.2,1.03,0.31,5011,160,406,1786,1329,1272,1723,-1337
MNQ,TIME,"HOLD 10:00→12:00 LONG no stop",784,-1599,-2.04,54.1,0.97,-0.31,6667,1,676,-1802,-2.66,56.7,0.97,-0.26,7193,-3,-705,-3131,2240,-546,-3198,1942
MNQ,TIME,"HOLD 10:00→12:00 LONG stop 0.5×ATR",784,-394,-0.50,54.0,0.99,-0.08,5856,2,676,1119,1.66,56.5,1.02,0.18,7168,-211,192,-2855,2481,132,-1800,2787
MNQ,TIME,"HOLD 10:00→12:00 SHORT no stop",784,-2321,-2.96,44.6,0.96,-0.44,6117,1,676,-1579,-2.34,42.9,0.98,-0.23,6571,-237,-531,1906,-3460,-675,1978,-2882
MNQ,TIME,"HOLD 10:00→12:00 SHORT stop 0.5×ATR",784,-2189,-2.79,44.5,0.96,-0.43,5401,1,676,-4203,-6.22,42.5,0.94,-0.59,6812,-284,-254,1479,-3131,-1513,1869,-4559
MNQ,TIME,"HOLD 10:00→13:00 LONG no stop",784,-3006,-3.83,50.8,0.95,-0.52,8542,1,676,-1832,-2.71,54.9,0.98,-0.23,8259,-28,-376,-6568,3966,-608,-3397,2173
MNQ,TIME,"HOLD 10:00→13:00 LONG stop 0.5×ATR",784,-2198,-2.80,50.0,0.96,-0.41,6841,1,676,3203,4.74,54.4,1.05,0.46,6849,-387,-33,-5495,3717,244,-957,3917
MNQ,TIME,"HOLD 10:00→13:00 SHORT no stop",784,-915,-1.17,48.0,0.99,-0.16,6101,1,676,-1549,-2.29,43.9,0.98,-0.19,6546,-212,-860,5343,-5186,-613,2177,-3113
MNQ,TIME,"HOLD 10:00→13:00 SHORT stop 0.5×ATR",784,-1802,-2.30,47.1,0.97,-0.32,5943,1,676,-5893,-8.72,42.9,0.92,-0.73,8038,-223,-1234,3920,-4265,-2148,644,-4389
MNQ,TIME,"HOLD 10:00→14:00 LONG no stop",784,-3287,-4.19,50.5,0.95,-0.51,8894,2,676,7324,10.83,54.9,1.09,0.81,5771,8,-659,-7165,4529,1649,-25,5701
MNQ,TIME,"HOLD 10:00→14:00 LONG stop 0.5×ATR",784,-2170,-2.77,49.5,0.97,-0.37,7740,1,676,9129,13.50,54.1,1.12,1.13,4793,-141,-919,-5744,4634,2917,1567,4644
MNQ,TIME,"HOLD 10:00→14:00 SHORT no stop",784,-633,-0.81,48.3,0.99,-0.10,6281,1,676,-10704,-15.83,43.5,0.88,-1.19,11248,-248,-577,5940,-5749,-2869,-1195,-6641
MNQ,TIME,"HOLD 10:00→14:00 SHORT stop 0.5×ATR",784,-2276,-2.90,47.1,0.97,-0.37,6042,1,676,-10596,-15.68,42.3,0.88,-1.25,11559,-368,-782,3748,-4875,-3208,-193,-7195
MNQ,TIME,"HOLD 10:00→15:00 LONG no stop",784,4036,5.15,53.7,1.06,0.57,7903,3,676,3062,4.53,55.3,1.04,0.32,6814,389,3447,-6601,6801,-201,1071,2192
MNQ,TIME,"HOLD 10:00→15:00 LONG stop 0.5×ATR",784,2080,2.65,51.3,1.03,0.32,5458,2,676,3280,4.85,53.1,1.04,0.39,5286,-162,1567,-4554,5229,1764,1738,-223
MNQ,TIME,"HOLD 10:00→15:00 SHORT no stop",784,-7956,-10.15,44.8,0.90,-1.13,9537,1,676,-6442,-9.53,44.2,0.93,-0.68,9842,-629,-4682,5376,-8021,-1019,-2291,-3132
MNQ,TIME,"HOLD 10:00→15:00 SHORT stop 0.5×ATR",784,-6761,-8.62,43.4,0.91,-1.02,8371,1,676,-7364,-10.89,42.6,0.92,-0.83,9424,-716,-3924,4619,-6739,-2255,-1901,-3208
MNQ,TIME,"HOLD 10:00→15:55 LONG no stop",784,-1677,-2.14,53.4,0.98,-0.20,9365,2,676,3303,4.89,55.6,1.04,0.32,8884,-146,1110,-6969,4329,-1364,1208,3459
MNQ,TIME,"HOLD 10:00→15:55 LONG stop 0.5×ATR",784,3732,4.76,51.1,1.05,0.52,4487,2,676,4855,7.18,53.1,1.06,0.54,5982,-355,1443,-1813,4457,642,2905,1308
MNQ,TIME,"HOLD 10:00→15:55 SHORT no stop",784,-2244,-2.86,45.2,0.97,-0.27,8970,1,676,-6683,-9.89,43.3,0.93,-0.65,13300,-95,-2345,5744,-5549,144,-2428,-4399
MNQ,TIME,"HOLD 10:00→15:55 SHORT stop 0.5×ATR",784,1370,1.75,43.8,1.02,0.18,7794,1,676,-9486,-14.03,41.1,0.90,-1.00,11963,-48,-621,6122,-4084,-2182,-1833,-5471
MNQ,TIME,"HOLD 10:00→16:44 LONG no stop",784,3075,3.92,54.6,1.04,0.36,8292,3,676,4152,6.14,55.8,1.04,0.38,10516,362,1729,-6137,7122,-757,753,4156
MNQ,TIME,"HOLD 10:00→16:44 LONG stop 0.5×ATR",784,8095,10.33,51.9,1.10,1.10,4194,2,676,5268,7.79,52.4,1.06,0.57,6184,-365,2345,-1070,7185,2132,1625,1510
MNQ,TIME,"HOLD 10:00→16:44 SHORT no stop",784,-6995,-8.92,44.4,0.92,-0.83,11247,1,676,-7532,-11.14,43.8,0.92,-0.70,15213,-602,-2964,4912,-8342,-463,-1973,-5096
MNQ,TIME,"HOLD 10:00→16:44 SHORT stop 0.5×ATR",784,-3959,-5.05,42.2,0.95,-0.51,9470,1,676,-11321,-16.75,41.4,0.89,-1.15,14511,-870,-1722,4618,-5985,-1750,-1937,-7634
MNQ,TIME,"HOLD 11:00→12:00 LONG no stop",784,4242,5.41,55.6,1.14,1.36,2810,3,675,2357,3.49,52.6,1.06,0.57,2745,284,212,-463,4209,1677,-1230,1910
MNQ,TIME,"HOLD 11:00→12:00 LONG stop 0.5×ATR",784,3874,4.94,55.5,1.13,1.24,2810,3,675,3528,5.23,52.6,1.10,0.90,2831,197,140,-556,4093,1882,-441,2087
MNQ,TIME,"HOLD 11:00→12:00 SHORT no stop",784,-8162,-10.41,41.8,0.78,-2.62,8862,0,675,-5732,-8.49,44.3,0.86,-1.38,6098,-524,-1447,-763,-5429,-2902,10,-2840
MNQ,TIME,"HOLD 11:00→12:00 SHORT stop 0.5×ATR",784,-7834,-9.99,41.7,0.79,-2.58,8535,0,675,-6309,-9.35,44.3,0.85,-1.51,6675,-524,-1505,-206,-5599,-3056,-371,-2882
MNQ,TIME,"HOLD 11:00→13:00 LONG no stop",784,2835,3.62,53.6,1.07,0.71,4604,3,675,2746,4.07,54.8,1.06,0.49,3523,259,541,-3899,5935,1438,-1429,2737
MNQ,TIME,"HOLD 11:00→13:00 LONG stop 0.5×ATR",784,2042,2.61,53.3,1.05,0.51,5197,3,675,4601,6.82,54.7,1.10,0.88,3210,195,514,-4492,5825,1656,-543,3488
MNQ,TIME,"HOLD 11:00→13:00 SHORT no stop",784,-6755,-8.62,44.3,0.85,-1.69,7757,1,675,-6121,-9.07,42.8,0.89,-1.09,7036,-499,-1776,2674,-7155,-2663,209,-3667
MNQ,TIME,"HOLD 11:00→13:00 SHORT stop 0.5×ATR",784,-6858,-8.75,44.1,0.85,-1.74,8016,1,675,-6964,-10.32,42.7,0.87,-1.24,7669,-435,-2114,3105,-7414,-2910,-429,-3625
MNQ,TIME,"HOLD 11:00→14:00 LONG no stop",784,2554,3.26,53.4,1.05,0.51,5501,3,675,11236,16.65,57.3,1.20,1.54,2859,295,258,-4497,6498,3678,1943,5615
MNQ,TIME,"HOLD 11:00→14:00 LONG stop 0.5×ATR",784,2294,2.93,52.9,1.05,0.48,5439,3,675,10677,15.82,56.6,1.19,1.54,4085,559,36,-4639,6339,4214,547,5915
MNQ,TIME,"HOLD 11:00→14:00 SHORT no stop",784,-6474,-8.26,44.9,0.88,-1.30,7987,1,675,-14611,-21.65,41.8,0.79,-2.00,15076,-535,-1493,3272,-7718,-4903,-3163,-6545
MNQ,TIME,"HOLD 11:00→14:00 SHORT stop 0.5×ATR",784,-6096,-7.78,44.8,0.89,-1.26,8368,1,675,-11387,-16.87,41.6,0.83,-1.79,11852,-473,-1407,3883,-8099,-4632,-781,-5974
MNQ,TIME,"HOLD 11:00→15:00 LONG no stop",784,9876,12.60,56.0,1.18,1.72,4743,3,675,6835,10.13,55.7,1.10,0.85,3364,676,4363,-3933,8770,1829,3039,1968
MNQ,TIME,"HOLD 11:00→15:00 LONG stop 0.5×ATR",784,7523,9.60,54.8,1.14,1.35,5293,3,675,7907,11.71,55.1,1.12,1.06,3977,689,2951,-4256,8139,3537,2728,1642
MNQ,TIME,"HOLD 11:00→15:00 SHORT no stop",784,-13796,-17.60,42.2,0.79,-2.40,14494,1,675,-10210,-15.13,43.7,0.86,-1.28,10918,-916,-5598,2708,-9990,-3054,-4259,-2898
MNQ,TIME,"HOLD 11:00→15:00 SHORT stop 0.5×ATR",784,-12249,-15.62,41.6,0.81,-2.26,12881,1,675,-8043,-11.92,43.0,0.89,-1.13,8750,-927,-5560,3612,-9375,-3631,-2160,-2251
MNQ,TIME,"HOLD 11:00→15:55 LONG no stop",784,4164,5.31,53.4,1.06,0.61,5861,3,675,7173,10.63,55.7,1.10,0.79,4650,142,2026,-4301,6298,634,3176,3364
MNQ,TIME,"HOLD 11:00→15:55 LONG stop 0.5×ATR",784,4916,6.27,52.2,1.08,0.77,5876,3,675,5182,7.68,54.1,1.07,0.62,4659,347,1788,-4095,6876,2022,1894,1266
MNQ,TIME,"HOLD 11:00→15:55 SHORT no stop",784,-8084,-10.31,45.8,0.89,-1.18,9405,1,675,-10548,-15.63,43.7,0.87,-1.17,12085,-382,-3261,3076,-7518,-1859,-4396,-4294
MNQ,TIME,"HOLD 11:00→15:55 SHORT stop 0.5×ATR",784,-5959,-7.60,44.9,0.92,-0.95,8809,1,675,-10644,-15.77,42.5,0.86,-1.37,11378,-542,-1696,3860,-7581,-3172,-2523,-4948
MNQ,TIME,"HOLD 11:00→16:44 LONG no stop",784,8916,11.37,57.3,1.13,1.23,5461,3,675,7722,11.44,57.0,1.10,0.80,6284,649,2645,-3469,9091,1238,2721,3764
MNQ,TIME,"HOLD 11:00→16:44 LONG stop 0.5×ATR",784,10137,12.93,55.4,1.15,1.55,6220,3,675,3947,5.85,54.8,1.05,0.45,4920,809,3231,-3738,9835,2899,1137,-89
MNQ,TIME,"HOLD 11:00→16:44 SHORT no stop",784,-12836,-16.37,41.8,0.84,-1.78,13663,1,675,-11097,-16.44,42.2,0.87,-1.15,13422,-889,-3880,2244,-10311,-2463,-3941,-4694
MNQ,TIME,"HOLD 11:00→16:44 SHORT stop 0.5×ATR",784,-11823,-15.08,40.4,0.85,-1.79,12529,1,675,-12565,-18.62,40.9,0.85,-1.52,13473,-1140,-2495,1812,-10000,-2482,-3274,-6809
MNQ,TIME,"HOLD 12:00→13:00 LONG no stop",784,-3521,-4.49,52.0,0.87,-1.33,5181,1,677,-1944,-2.87,50.5,0.94,-0.56,4113,-150,-309,-4093,1031,-884,-793,-267
MNQ,TIME,"HOLD 12:00→13:00 LONG stop 0.5×ATR",784,-3924,-5.00,52.0,0.86,-1.48,5555,1,677,-3220,-4.76,50.5,0.91,-0.91,5205,-118,-245,-4545,985,-1062,-1446,-712
MNQ,TIME,"HOLD 12:00→13:00 SHORT no stop",784,-399,-0.51,46.7,0.99,-0.15,2422,1,677,-1442,-2.13,47.1,0.96,-0.42,2977,-90,-926,2868,-2251,-342,-427,-673
MNQ,TIME,"HOLD 12:00→13:00 SHORT stop 0.5×ATR",784,-106,-0.14,46.7,1.00,-0.04,2380,1,677,-1506,-2.23,47.1,0.95,-0.44,2829,-90,-934,3127,-2209,-342,-640,-525
MNQ,TIME,"HOLD 12:00→14:00 LONG no stop",784,-3803,-4.85,53.2,0.90,-1.02,6378,1,677,7197,10.63,53.5,1.17,1.25,2669,-115,-592,-4691,1595,1357,2579,3261
MNQ,TIME,"HOLD 12:00→14:00 LONG stop 0.5×ATR",784,-4981,-6.35,52.8,0.87,-1.38,7291,2,677,4654,6.87,53.2,1.10,0.80,3421,110,-726,-5889,1525,1292,1542,1820
MNQ,TIME,"HOLD 12:00→14:00 SHORT no stop",784,-118,-0.15,44.0,1.00,-0.03,3281,1,677,-10582,-15.63,44.8,0.80,-1.83,11176,-126,-643,3466,-2815,-2582,-3799,-4201
MNQ,TIME,"HOLD 12:00→14:00 SHORT stop 0.5×ATR",784,-443,-0.57,43.9,0.99,-0.12,3633,1,677,-7713,-11.39,44.8,0.84,-1.59,8426,-88,-820,3630,-3165,-2229,-1126,-4359
MNQ,TIME,"HOLD 12:00→15:00 LONG no stop",784,3520,4.49,56.0,1.08,0.74,4368,3,677,2934,4.33,53.8,1.05,0.43,3091,267,3514,-4127,3866,-493,3675,-248
MNQ,TIME,"HOLD 12:00→15:00 LONG stop 0.5×ATR",784,1195,1.52,55.2,1.03,0.26,6086,3,677,2011,2.97,52.9,1.04,0.31,5284,351,3021,-5877,3700,544,3313,-1847
MNQ,TIME,"HOLD 12:00→15:00 SHORT no stop",784,-7440,-9.49,42.2,0.86,-1.57,8207,1,677,-6319,-9.33,45.3,0.90,-0.93,7254,-507,-4749,2902,-5086,-733,-4895,-692
MNQ,TIME,"HOLD 12:00→15:00 SHORT stop 0.5×ATR",784,-7645,-9.75,41.7,0.85,-1.67,8396,1,677,-2798,-4.13,45.2,0.95,-0.47,4600,-498,-4704,3115,-5558,-227,-2562,-9
MNQ,TIME,"HOLD 12:00→15:55 LONG no stop",784,-2192,-2.80,53.7,0.96,-0.37,5733,2,677,3143,4.64,53.0,1.05,0.40,4641,-268,1176,-4495,1394,-1688,3812,1019
MNQ,TIME,"HOLD 12:00→15:55 LONG stop 0.5×ATR",784,-2544,-3.25,52.8,0.96,-0.47,6146,2,677,904,1.33,52.0,1.01,0.12,6553,-7,1177,-5257,1542,-1113,3341,-1325
MNQ,TIME,"HOLD 12:00→15:55 SHORT no stop",784,-1728,-2.20,44.5,0.97,-0.30,4618,2,677,-6528,-9.64,46.4,0.90,-0.83,10332,28,-2411,3270,-2614,463,-5032,-1959
MNQ,TIME,"HOLD 12:00→15:55 SHORT stop 0.5×ATR",784,-1419,-1.81,44.0,0.98,-0.26,5833,1,677,-3920,-5.79,45.8,0.94,-0.59,6079,-13,-1686,3846,-3567,-219,-1882,-1819
MNQ,TIME,"HOLD 12:00→16:44 LONG no stop",784,2560,3.26,54.8,1.04,0.41,5154,3,677,3990,5.89,52.3,1.06,0.47,6392,240,1796,-3663,4187,-1084,3357,1716
MNQ,TIME,"HOLD 12:00→16:44 LONG stop 0.5×ATR",784,2482,3.17,53.4,1.04,0.44,5377,3,677,-272,-0.40,50.4,1.00,-0.03,5602,512,2121,-4042,3890,-1022,3039,-2289
MNQ,TIME,"HOLD 12:00→16:44 SHORT no stop",784,-6480,-8.26,43.6,0.90,-1.04,7331,1,677,-7375,-10.89,46.2,0.90,-0.86,11928,-480,-3031,2438,-5407,-142,-4577,-2656
MNQ,TIME,"HOLD 12:00→16:44 SHORT stop 0.5×ATR",784,-7645,-9.75,42.6,0.88,-1.33,8670,1,677,-4349,-6.42,45.6,0.94,-0.60,7211,-762,-2546,2237,-6573,277,-1878,-2749
MNQ,TIME,"HOLD 13:00→14:00 LONG no stop",784,-2387,-3.04,51.7,0.92,-0.84,3250,0,677,7347,10.85,53.5,1.27,1.67,1656,-99,-910,-1244,-134,1599,2740,3008
MNQ,TIME,"HOLD 13:00→14:00 LONG stop 0.5×ATR",784,-2051,-2.62,51.7,0.93,-0.74,2873,1,677,7043,10.40,53.5,1.25,1.60,1872,51,-749,-1345,-8,1720,2350,2973
MNQ,TIME,"HOLD 13:00→14:00 SHORT no stop",784,-1534,-1.96,44.4,0.95,-0.54,2560,1,677,-10732,-15.85,42.8,0.71,-2.44,11385,-142,-325,19,-1086,-2824,-3960,-3948
MNQ,TIME,"HOLD 13:00→14:00 SHORT stop 0.5×ATR",784,-1291,-1.65,44.4,0.95,-0.46,2402,1,677,-7811,-11.54,42.8,0.77,-2.33,8397,-142,-240,176,-1086,-2789,-1345,-3677
MNQ,TIME,"HOLD 13:00→15:00 LONG no stop",784,4936,6.30,54.5,1.13,1.20,2011,3,677,3084,4.56,52.4,1.07,0.56,3359,283,3196,-680,2138,-251,3836,-501
MNQ,TIME,"HOLD 13:00→15:00 LONG stop 0.5×ATR",784,3600,4.59,54.1,1.09,0.88,2853,3,677,3889,5.75,52.0,1.09,0.72,3260,364,2962,-1842,2116,946,3212,-269
MNQ,TIME,"HOLD 13:00→15:00 SHORT no stop",784,-8856,-11.30,42.5,0.80,-2.15,9438,0,677,-6469,-9.56,46.2,0.87,-1.16,8509,-523,-4431,-545,-3358,-975,-5056,-439
MNQ,TIME,"HOLD 13:00→15:00 SHORT stop 0.5×ATR",784,-8711,-11.11,42.3,0.81,-2.18,9207,0,677,-2760,-4.08,46.2,0.94,-0.59,5102,-608,-4209,-541,-3352,-846,-2765,851
MNQ,TIME,"HOLD 13:00→15:55 LONG no stop",784,-776,-0.99,53.7,0.99,-0.14,3033,1,677,3293,4.86,53.3,1.06,0.49,4557,-252,858,-1048,-335,-1446,3973,766
MNQ,TIME,"HOLD 13:00→15:55 LONG stop 0.5×ATR",784,269,0.34,53.3,1.01,0.05,2701,2,677,3666,5.41,53.2,1.07,0.57,4334,24,1079,-209,-625,-639,3514,791
MNQ,TIME,"HOLD 13:00→15:55 SHORT no stop",784,-3144,-4.01,44.4,0.94,-0.58,5494,1,677,-6678,-9.86,45.2,0.88,-0.99,11068,12,-2093,-177,-886,221,-5193,-1706
MNQ,TIME,"HOLD 13:00→15:55 SHORT stop 0.5×ATR",784,-3101,-3.95,44.1,0.94,-0.62,5893,1,677,-3084,-4.55,45.1,0.94,-0.56,6610,-79,-1596,599,-2024,79,-2019,-1144
MNQ,TIME,"HOLD 13:00→16:44 LONG no stop",784,3976,5.07,54.2,1.07,0.67,2935,3,677,4140,6.11,53.2,1.07,0.54,4871,256,1478,-216,2459,-842,3518,1463
MNQ,TIME,"HOLD 13:00→16:44 LONG stop 0.5×ATR",784,7374,9.41,53.3,1.14,1.36,2034,4,677,5103,7.54,51.7,1.09,0.72,4256,581,1918,2327,2548,184,3426,1493
MNQ,TIME,"HOLD 13:00→16:44 SHORT no stop",784,-7896,-10.07,43.8,0.87,-1.33,8823,0,677,-7525,-11.11,44.9,0.88,-0.99,11237,-496,-2713,-1009,-3679,-384,-4738,-2403
MNQ,TIME,"HOLD 13:00→16:44 SHORT stop 0.5×ATR",784,-7663,-9.77,43.1,0.87,-1.39,7984,0,677,-4722,-6.98,44.6,0.92,-0.76,8103,-867,-2585,-199,-4012,-97,-2791,-1835
MNQ,TIME,"HOLD 14:00→15:00 LONG no stop",784,5003,6.38,54.1,1.20,1.78,1528,3,677,-6010,-8.88,47.9,0.82,-1.69,7369,255,3411,-251,1588,-2477,474,-4007
MNQ,TIME,"HOLD 14:00→15:00 LONG stop 0.5×ATR",784,3916,5.00,53.7,1.15,1.38,2216,3,677,-5600,-8.27,47.9,0.83,-1.60,6959,255,3420,-1483,1725,-1526,105,-4178
MNQ,TIME,"HOLD 14:00→15:00 SHORT no stop",784,-8923,-11.38,42.2,0.72,-3.18,9397,0,677,2625,3.88,48.2,1.09,0.74,2915,-495,-4646,-974,-2808,1252,-1694,3067
MNQ,TIME,"HOLD 14:00→15:00 SHORT stop 0.5×ATR",784,-9387,-11.97,42.1,0.71,-3.36,9861,0,677,2960,4.37,48.2,1.10,0.85,2506,-495,-4507,-1616,-2770,1074,-1608,3494
MNQ,TIME,"HOLD 14:00→15:55 LONG no stop",784,-709,-0.90,53.3,0.98,-0.16,3000,1,677,-5801,-8.57,50.7,0.87,-1.22,6826,-280,1074,-619,-884,-3672,612,-2740
MNQ,TIME,"HOLD 14:00→15:55 LONG stop 0.5×ATR",784,-824,-1.05,52.8,0.98,-0.20,3567,1,677,-4068,-6.01,50.5,0.90,-0.93,5093,-183,1172,-999,-813,-2475,568,-2162
MNQ,TIME,"HOLD 14:00→15:55 SHORT no stop",784,-3211,-4.10,43.4,0.93,-0.74,5008,1,677,2416,3.57,47.7,1.06,0.51,4266,40,-2309,-606,-336,2447,-1832,1800
MNQ,TIME,"HOLD 14:00→15:55 SHORT stop 0.5×ATR",784,-3358,-4.28,43.1,0.92,-0.82,5057,1,677,-103,-0.15,47.3,1.00,-0.02,4708,40,-2011,-1001,-384,1668,-2489,718
MNQ,TIME,"HOLD 14:00→16:44 LONG no stop",784,4043,5.16,54.5,1.09,0.81,3146,4,677,-4954,-7.32,50.2,0.90,-0.83,6537,228,1693,213,1909,-3068,157,-2043
MNQ,TIME,"HOLD 14:00→16:44 LONG stop 0.5×ATR",784,5944,7.58,54.0,1.14,1.30,2499,4,677,-2128,-3.14,49.9,0.96,-0.40,4153,361,2396,813,2374,-1614,396,-910
MNQ,TIME,"HOLD 14:00→16:44 SHORT no stop",784,-7963,-10.16,43.1,0.85,-1.59,8781,0,677,1569,2.32,48.3,1.03,0.26,6350,-468,-2928,-1438,-3129,1843,-1377,1103
MNQ,TIME,"HOLD 14:00→16:44 SHORT stop 0.5×ATR",784,-8144,-10.39,42.7,0.84,-1.72,8804,0,677,-2516,-3.72,47.7,0.95,-0.44,7614,-468,-2867,-1664,-3146,1356,-3802,-71
MNQ,TIME,"HOLD 15:00→15:55 LONG no stop",784,-7792,-9.94,46.8,0.76,-2.53,7888,0,677,-1509,-2.23,48.4,0.95,-0.41,3236,-658,-2943,-1013,-3179,-1802,-491,784
MNQ,TIME,"HOLD 15:00→15:55 LONG stop 0.5×ATR",784,-7347,-9.37,46.8,0.77,-2.44,7443,0,677,-860,-1.27,48.4,0.97,-0.24,3062,-658,-2738,-768,-3183,-1463,-807,1410
MNQ,TIME,"HOLD 15:00→15:55 SHORT no stop",784,3872,4.94,50.1,1.14,1.26,2709,3,677,-1877,-2.77,48.6,0.94,-0.51,4734,418,1708,-213,1959,577,-729,-1724
MNQ,TIME,"HOLD 15:00→15:55 SHORT stop 0.5×ATR",784,3516,4.48,50.1,1.13,1.15,3202,3,677,-1751,-2.59,48.4,0.94,-0.49,4810,418,1784,-397,1711,779,-925,-1605
MNQ,TIME,"HOLD 15:00→16:44 LONG no stop",784,-3040,-3.88,49.1,0.92,-0.76,4982,0,677,-662,-0.98,48.7,0.98,-0.13,4299,-151,-2323,-181,-386,-1198,-946,1482
MNQ,TIME,"HOLD 15:00→16:44 LONG stop 0.5×ATR",784,-1271,-1.62,49.1,0.97,-0.35,3879,1,677,194,0.29,48.7,1.00,0.04,4138,-71,-2050,1127,-277,-743,-1263,2200
MNQ,TIME,"HOLD 15:00→16:44 SHORT no stop",784,-880,-1.12,48.2,0.98,-0.22,4579,1,677,-2723,-4.02,48.9,0.94,-0.55,6765,-90,1088,-1045,-834,-28,-274,-2422
MNQ,TIME,"HOLD 15:00→16:44 SHORT stop 0.5×ATR",784,-1188,-1.51,48.1,0.97,-0.30,5194,1,677,-3225,-4.76,48.6,0.92,-0.70,6864,-90,1099,-1258,-939,564,-1890,-1900
MNQ,TIME,"HOLD 15:30→15:55 LONG no stop",784,-6077,-7.75,47.3,0.74,-3.00,6253,0,677,1252,1.85,50.7,1.05,0.48,2523,-431,-1983,-2009,-1654,-1287,1239,1299
MNQ,TIME,"HOLD 15:30→15:55 LONG stop 0.5×ATR",784,-5891,-7.51,47.3,0.75,-2.95,6067,0,677,1220,1.80,50.7,1.05,0.47,2426,-431,-1902,-2009,-1550,-1349,1345,1223
MNQ,TIME,"HOLD 15:30→15:55 SHORT no stop",784,2157,2.75,49.5,1.11,1.07,1423,4,677,-4637,-6.85,45.1,0.82,-1.77,5717,191,748,784,434,62,-2459,-2239
MNQ,TIME,"HOLD 15:30→15:55 SHORT stop 0.5×ATR",784,2162,2.76,49.5,1.11,1.07,1423,4,677,-4799,-7.09,45.1,0.82,-1.81,5968,191,760,777,434,150,-2710,-2239
MNQ,TIME,"HOLD 15:30→16:44 LONG no stop",784,-1325,-1.69,50.4,0.96,-0.44,3752,2,677,2098,3.10,50.2,1.06,0.50,3597,77,-1364,-1177,1139,-683,784,1997
MNQ,TIME,"HOLD 15:30→16:44 LONG stop 0.5×ATR",784,-788,-1.01,50.3,0.97,-0.27,3475,2,677,2739,4.05,50.2,1.08,0.69,2816,143,-1419,-852,1340,-617,1270,2086
MNQ,TIME,"HOLD 15:30→16:44 SHORT no stop",784,-2595,-3.31,46.7,0.92,-0.85,3807,1,677,-5483,-8.10,46.5,0.85,-1.30,7702,-317,129,-48,-2359,-543,-2004,-2937
MNQ,TIME,"HOLD 15:30→16:44 SHORT stop 0.5×ATR",784,-3229,-4.12,46.6,0.90,-1.06,4487,1,677,-6427,-9.49,46.4,0.83,-1.66,7959,-401,262,-31,-3059,-172,-3739,-2516
MNQ,MOMENTUM,"FOLLOW move prev close→10:00, trade 15:00→15:59",782,-4162,-5.32,48.5,0.88,-1.20,9034,3,677,2860,4.22,51.7,1.09,0.70,3151,122,-5413,149,981,-773,-206,3839
MNQ,MOMENTUM,"FOLLOW move prev close→10:00 (>0.25×ATR), trade 15:00→15:59",463,-1907,-4.12,48.8,0.90,-0.73,7464,2,432,2145,4.96,51.9,1.09,0.61,2269,-287,-5714,2417,1676,-1331,935,2541
MNQ,MOMENTUM,"REVERSE move prev close→10:00, trade 15:00→15:59",782,252,0.32,48.3,1.01,0.07,6639,1,677,-6245,-9.22,46.4,0.84,-1.52,7479,-362,4188,-1374,-2201,-453,-1014,-4779
MNQ,MOMENTUM,"REVERSE move prev close→10:00 (>0.25×ATR), trade 15:00→15:59",463,-408,-0.88,48.4,0.98,-0.16,6903,2,432,-4305,-9.96,47.5,0.83,-1.22,5856,152,4974,-3157,-2376,561,-1705,-3161
MNQ,MOMENTUM,"FOLLOW move prev close→10:00, trade 15:30→15:59",782,-7653,-9.79,45.3,0.73,-3.17,8264,0,677,-932,-1.38,48.0,0.97,-0.30,4722,-124,-3263,-2690,-1577,-1554,-1613,2235
MNQ,MOMENTUM,"FOLLOW move prev close→10:00 (>0.25×ATR), trade 15:30→15:59",463,-4913,-10.61,44.1,0.70,-2.68,5183,0,432,-1464,-3.39,47.9,0.92,-0.55,3978,-240,-3809,-1,-863,-1443,-1273,1252
MNQ,MOMENTUM,"REVERSE move prev close→10:00, trade 15:30→15:59",782,3743,4.79,51.2,1.17,1.55,1409,3,677,-2453,-3.62,47.6,0.91,-0.80,4626,-117,2038,1465,357,329,393,-3175
MNQ,MOMENTUM,"REVERSE move prev close→10:00 (>0.25×ATR), trade 15:30→15:59",463,2598,5.61,52.9,1.20,1.42,2351,3,432,-697,-1.61,47.9,0.96,-0.26,3161,105,3069,-739,163,673,503,-1872
MNQ,MOMENTUM,"FOLLOW move 09:30→10:00, trade 15:00→15:59",782,-2901,-3.71,47.1,0.91,-0.84,4745,1,677,205,0.30,49.3,1.01,0.05,4605,741,-2149,-573,-920,-815,1364,-345
MNQ,MOMENTUM,"FOLLOW move 09:30→10:00 (>0.25×ATR), trade 15:00→15:59",290,-2150,-7.41,48.6,0.85,-0.98,3957,2,262,4074,15.55,52.3,1.32,1.37,2315,340,-2064,-707,282,-1240,3886,1428
MNQ,MOMENTUM,"REVERSE move 09:30→10:00, trade 15:00→15:59",782,-1010,-1.29,49.7,0.97,-0.29,3749,1,677,-3590,-5.30,48.7,0.90,-0.87,5367,-976,914,-652,-296,-411,-2584,-596
MNQ,MOMENTUM,"REVERSE move 09:30→10:00 (>0.25×ATR), trade 15:00→15:59",290,700,2.41,48.6,1.06,0.32,2271,2,262,-5384,-20.55,46.2,0.70,-1.81,7733,-400,1589,227,-717,825,-4351,-1858
MNQ,MOMENTUM,"FOLLOW move 09:30→10:00, trade 15:30→15:59",782,-4046,-5.17,46.4,0.85,-1.67,4986,1,677,-4407,-6.51,44.0,0.85,-1.43,4748,595,-1966,-1028,-1647,-2069,-16,-2323
MNQ,MOMENTUM,"FOLLOW move 09:30→10:00 (>0.25×ATR), trade 15:30→15:59",290,-2788,-9.61,43.8,0.76,-1.69,3571,1,262,-435,-1.66,46.2,0.96,-0.21,2464,12,-2002,-700,-99,-1576,1231,-90
MNQ,MOMENTUM,"REVERSE move 09:30→10:00, trade 15:30→15:59",782,136,0.17,50.0,1.01,0.06,2212,2,677,1022,1.51,51.6,1.04,0.33,3401,-830,731,-198,432,844,-1204,1383
MNQ,MOMENTUM,"REVERSE move 09:30→10:00 (>0.25×ATR), trade 15:30→15:59",290,1338,4.61,51.4,1.14,0.81,1614,2,262,-875,-3.34,50.8,0.93,-0.43,3415,-72,1527,220,-337,1161,-1696,-341
MNQ,MOMENTUM,"FOLLOW move prev close→12:00, trade 15:00→15:59",783,6432,8.21,52.4,1.22,1.86,3308,2,676,2583,3.82,50.3,1.08,0.63,3113,-451,-2482,6715,2650,-720,2139,1164
MNQ,MOMENTUM,"FOLLOW move prev close→12:00 (>0.25×ATR), trade 15:00→15:59",534,4755,8.90,53.4,1.25,1.71,3591,2,460,1196,2.60,51.3,1.05,0.35,3002,-423,-2447,4617,3008,-1763,549,2410
MNQ,MOMENTUM,"REVERSE move prev close→12:00, trade 15:00→15:59",783,-10347,-13.21,44.4,0.72,-3.00,12000,2,676,-5963,-8.82,47.8,0.84,-1.45,8025,211,1252,-7940,-3870,-501,-3359,-2104
MNQ,MOMENTUM,"REVERSE move prev close→12:00 (>0.25×ATR), trade 15:00→15:59",534,-7425,-13.90,44.0,0.71,-2.68,9824,2,460,-3496,-7.60,47.8,0.87,-1.02,5580,278,1607,-5462,-3848,988,-1364,-3120
MNQ,MOMENTUM,"FOLLOW move prev close→12:00, trade 15:30→15:59",783,-394,-0.50,49.3,0.98,-0.16,2796,1,676,-172,-0.25,47.0,0.99,-0.06,3407,-614,-1543,1784,-22,-2106,1138,797
MNQ,MOMENTUM,"FOLLOW move prev close→12:00 (>0.25×ATR), trade 15:30→15:59",534,-1778,-3.33,48.1,0.90,-0.90,2860,1,460,-1227,-2.67,46.7,0.94,-0.47,3073,-466,-1870,941,-382,-2268,263,778
MNQ,MOMENTUM,"REVERSE move prev close→12:00, trade 15:30→15:59",783,-3521,-4.50,47.1,0.86,-1.45,4936,2,676,-3209,-4.75,48.7,0.89,-1.04,5552,374,313,-3009,-1199,886,-2358,-1737
MNQ,MOMENTUM,"REVERSE move prev close→12:00 (>0.25×ATR), trade 15:30→15:59",534,-893,-1.67,48.5,0.95,-0.45,3407,2,460,-1073,-2.33,48.7,0.95,-0.41,3497,321,1030,-1786,-458,1493,-1078,-1488
MNQ,MOMENTUM,"FOLLOW move 09:30→12:00, trade 15:00→15:59",784,8588,10.95,52.9,1.31,2.49,1785,3,677,3639,5.38,50.5,1.11,0.89,3679,-50,609,6640,1389,-720,3287,1072
MNQ,MOMENTUM,"FOLLOW move 09:30→12:00 (>0.25×ATR), trade 15:00→15:59",465,5388,11.59,53.1,1.30,1.95,2284,2,405,525,1.30,50.6,1.02,0.16,2837,-163,-115,3329,2336,-1091,1514,102
MNQ,MOMENTUM,"REVERSE move 09:30→12:00, trade 15:00→15:59",784,-12508,-15.95,43.9,0.68,-3.63,13183,0,677,-7024,-10.38,47.6,0.82,-1.71,7899,-191,-1844,-7865,-2609,-506,-4507,-2012
MNQ,MOMENTUM,"REVERSE move 09:30→12:00 (>0.25×ATR), trade 15:00→15:59",465,-7713,-16.59,44.5,0.68,-2.80,8529,1,405,-2550,-6.30,48.1,0.89,-0.78,3898,33,-646,-4049,-3051,366,-2234,-682
MNQ,MOMENTUM,"FOLLOW move 09:30→12:00, trade 15:30→15:59",784,-317,-0.40,48.6,0.99,-0.13,2810,1,677,-1054,-1.56,46.1,0.96,-0.34,4370,-340,-328,1396,-1045,-645,885,-1295
MNQ,MOMENTUM,"FOLLOW move 09:30→12:00 (>0.25×ATR), trade 15:30→15:59",465,-703,-1.51,48.0,0.95,-0.36,2576,2,405,-2129,-5.26,43.0,0.88,-0.86,3387,-402,-1284,644,339,-1251,769,-1647
MNQ,MOMENTUM,"REVERSE move 09:30→12:00, trade 15:30→15:59",784,-3604,-4.60,47.8,0.86,-1.49,5100,1,677,-2331,-3.44,49.5,0.92,-0.76,5080,100,-907,-2621,-176,-581,-2105,355
MNQ,MOMENTUM,"REVERSE move 09:30→12:00 (>0.25×ATR), trade 15:30→15:59",465,-1623,-3.49,48.8,0.90,-0.84,3508,2,405,104,0.26,51.6,1.01,0.04,2616,272,524,-1364,-1054,526,-1489,1067
MNQ,MOMENTUM,"FOLLOW move prev close→15:00, trade 15:00→15:59",783,8547,10.92,52.6,1.31,2.48,2447,3,677,-4060,-6.00,48.9,0.89,-0.99,5173,-44,204,4805,3582,-1446,-1439,-1176
MNQ,MOMENTUM,"FOLLOW move prev close→15:00 (>0.25×ATR), trade 15:00→15:59",562,7090,12.61,54.6,1.36,2.45,2894,2,478,-3789,-7.93,48.7,0.87,-1.02,4731,-318,-1813,5792,3428,-535,-1765,-1490
MNQ,MOMENTUM,"REVERSE move prev close→15:00, trade 15:00→15:59",783,-12462,-15.92,44.2,0.68,-3.62,12842,0,677,675,1.00,49.2,1.02,0.16,3451,-197,-1439,-6025,-4802,221,219,236
MNQ,MOMENTUM,"REVERSE move prev close→15:00 (>0.25×ATR), trade 15:00→15:59",562,-9900,-17.61,42.5,0.65,-3.42,11425,2,478,1399,2.93,50.2,1.05,0.38,3527,158,973,-6722,-4308,-286,910,775
MNQ,MOMENTUM,"FOLLOW move prev close→15:00, trade 15:30→15:59",783,46,0.06,49.4,1.00,0.02,2322,1,677,-7492,-11.07,45.6,0.76,-2.44,7880,-262,-548,1200,-345,-2054,-4349,-1090
MNQ,MOMENTUM,"FOLLOW move prev close→15:00 (>0.25×ATR), trade 15:30→15:59",562,-1336,-2.38,47.5,0.93,-0.66,2946,1,478,-7613,-15.93,43.3,0.69,-2.78,8128,-337,-1971,1477,-505,-1508,-4222,-1883
MNQ,MOMENTUM,"REVERSE move prev close→15:00, trade 15:30→15:59",783,-3961,-5.06,47.0,0.85,-1.64,4787,1,677,4107,6.07,49.9,1.16,1.34,1926,22,-687,-2420,-876,829,3129,150
MNQ,MOMENTUM,"REVERSE move prev close→15:00 (>0.25×ATR), trade 15:30→15:59",562,-1474,-2.62,49.1,0.92,-0.73,3917,2,478,5223,10.93,52.9,1.29,1.91,1394,177,1131,-2407,-375,688,3367,1168
MNQ,MOMENTUM,"FOLLOW move 09:30→15:00, trade 15:00→15:59",783,8928,11.40,53.4,1.32,2.59,1578,4,677,-5519,-8.15,48.4,0.85,-1.34,7152,133,1691,5001,2104,-1469,-590,-3461
MNQ,MOMENTUM,"FOLLOW move 09:30→15:00 (>0.25×ATR), trade 15:00→15:59",532,10503,19.74,56.6,1.61,3.65,1218,3,468,-5005,-10.69,48.5,0.83,-1.32,6030,-212,2321,6264,2130,-1157,-232,-3616
MNQ,MOMENTUM,"REVERSE move 09:30→15:00, trade 15:00→15:59",783,-12843,-16.40,43.4,0.67,-3.73,13358,0,677,2134,3.15,49.6,1.06,0.52,4869,-373,-2926,-6226,-3319,244,-630,2521
MNQ,MOMENTUM,"REVERSE move 09:30→15:00 (>0.25×ATR), trade 15:00→15:59",532,-13163,-24.74,40.8,0.55,-4.58,13890,1,468,2665,5.69,50.2,1.11,0.70,4371,82,-3151,-7179,-2915,347,-644,2961
MNQ,MOMENTUM,"FOLLOW move 09:30→15:00, trade 15:30→15:59",783,-8,-0.01,49.2,1.00,0.00,2010,1,677,-9295,-13.73,43.9,0.71,-3.03,9300,-127,-982,1458,-357,-1299,-3528,-4469
MNQ,MOMENTUM,"FOLLOW move 09:30→15:00 (>0.25×ATR), trade 15:30→15:59",532,1221,2.29,49.8,1.08,0.62,1682,1,468,-8496,-18.15,42.1,0.66,-3.08,8496,-202,-457,2148,-269,-1410,-2439,-4647
MNQ,MOMENTUM,"REVERSE move 09:30→15:00, trade 15:30→15:59",783,-3907,-4.99,47.3,0.85,-1.61,4625,0,677,5910,8.73,51.7,1.24,1.93,2659,-114,-253,-2683,-858,74,2308,3529
MNQ,MOMENTUM,"REVERSE move 09:30→15:00 (>0.25×ATR), trade 15:30→15:59",532,-3881,-7.29,47.0,0.79,-1.97,5028,1,468,6156,13.15,53.2,1.35,2.23,2075,72,-373,-3063,-517,600,1564,3992
MNQ,MOMENTUM,"FOLLOW move prev close→15:30, trade 15:30→15:59",783,1230,1.57,48.4,1.05,0.51,2069,1,676,-8061,-11.92,45.0,0.74,-2.62,9593,-588,-166,2974,-990,-3140,-4527,-394
MNQ,MOMENTUM,"FOLLOW move prev close→15:30 (>0.25×ATR), trade 15:30→15:59",574,487,0.85,49.3,1.03,0.22,1992,1,476,-7060,-14.83,43.7,0.71,-2.59,8218,-250,-901,2638,-1001,-2408,-4195,-458
MNQ,MOMENTUM,"REVERSE move prev close→15:30, trade 15:30→15:59",783,-5145,-6.57,48.0,0.81,-2.13,6560,1,676,4681,6.92,50.6,1.19,1.52,2333,348,-1069,-4199,-225,1920,3307,-547
MNQ,MOMENTUM,"REVERSE move prev close→15:30 (>0.25×ATR), trade 15:30→15:59",574,-3357,-5.85,47.4,0.83,-1.55,5071,3,476,4680,9.83,52.5,1.26,1.71,1845,95,61,-3608,96,1583,3340,-243
MNQ,MOMENTUM,"FOLLOW move 09:30→15:30, trade 15:30→15:59",784,2451,3.13,49.1,1.11,1.01,1808,1,676,-7639,-11.30,44.2,0.76,-2.49,8387,-465,-393,4544,-1236,-1686,-3795,-2158
MNQ,MOMENTUM,"FOLLOW move 09:30→15:30 (>0.25×ATR), trade 15:30→15:59",546,1452,2.66,50.0,1.09,0.71,1657,1,468,-7512,-16.05,41.5,0.69,-2.76,7757,-421,-233,2833,-728,-1960,-3055,-2498
MNQ,MOMENTUM,"REVERSE move 09:30→15:30, trade 15:30→15:59",784,-6371,-8.13,47.3,0.77,-2.64,7704,2,676,4259,6.30,51.3,1.17,1.39,2574,225,-842,-5769,16,466,2575,1218
MNQ,MOMENTUM,"REVERSE move 09:30→15:30 (>0.25×ATR), trade 15:30→15:59",546,-4182,-7.66,46.7,0.78,-2.04,5625,1,468,5172,11.05,54.3,1.30,1.90,1891,291,-638,-3743,-92,1155,2190,1828
MNQ,GAP,"GAP FADE >0.1×ATR up+down gaps stop 1×gap exit 11:00",618,-4503,-7.29,48.4,0.89,-1.15,5061,0,556,8487,15.26,52.9,1.18,1.53,2976,-950,-239,-3074,-241,1236,2244,5008
MNQ,GAP,"GAP FADE >0.1×ATR up gaps stop 1×gap exit 11:00",323,1225,3.79,49.5,1.06,0.46,2106,3,331,4442,13.42,52.0,1.17,1.12,3091,90,243,1105,-212,2504,611,1328
MNQ,GAP,"GAP FADE >0.1×ATR down gaps stop 1×gap exit 11:00",295,-5728,-19.42,47.1,0.75,-1.99,6194,0,225,4045,17.98,54.2,1.20,1.04,1661,-1039,-481,-4179,-29,-1269,1634,3680
MNQ,GAP,"GAP FADE >0.1×ATR up+down gaps stop 1×gap exit 15:55",618,-2344,-3.79,48.2,0.95,-0.48,5473,2,556,6463,11.62,51.3,1.11,0.93,3476,-999,1356,-3109,408,-987,3835,3615
MNQ,GAP,"GAP FADE >0.1×ATR up gaps stop 1×gap exit 15:55",323,947,2.93,47.4,1.04,0.28,1814,2,331,4259,12.87,52.0,1.13,0.85,3581,-265,208,1947,-943,589,3116,554
MNQ,GAP,"GAP FADE >0.1×ATR down gaps stop 1×gap exit 15:55",295,-3291,-11.16,49.2,0.87,-0.93,5245,2,225,2205,9.80,50.2,1.08,0.45,3000,-734,1148,-5056,1351,-1576,719,3062
MNQ,GAP,"GAP FADE >0.1×ATR up+down gaps stop 2×gap exit 11:00",618,-2854,-4.62,54.9,0.94,-0.67,5467,1,556,6214,11.18,57.9,1.12,1.04,3547,-847,-132,-2090,215,-119,963,5370
MNQ,GAP,"GAP FADE >0.1×ATR up gaps stop 2×gap exit 11:00",323,1052,3.26,55.1,1.05,0.36,2095,3,331,4336,13.10,56.8,1.15,1.03,3365,112,-625,1466,100,1830,489,2018
MNQ,GAP,"GAP FADE >0.1×ATR down gaps stop 2×gap exit 11:00",295,-3906,-13.24,54.6,0.83,-1.26,4449,2,225,1878,8.34,59.6,1.08,0.44,2921,-959,493,-3556,116,-1948,474,3352
MNQ,GAP,"GAP FADE >0.1×ATR up+down gaps stop 2×gap exit 15:55",618,-2857,-4.62,58.4,0.95,-0.50,8302,2,556,-237,-0.43,58.1,1.00,-0.03,6345,-810,2007,-4651,597,-4079,3992,-150
MNQ,GAP,"GAP FADE >0.1×ATR up gaps stop 2×gap exit 15:55",323,-643,-1.99,56.7,0.98,-0.16,4359,1,331,416,1.26,58.0,1.01,0.07,5032,-280,-107,599,-856,-1510,3459,-1534
MNQ,GAP,"GAP FADE >0.1×ATR down gaps stop 2×gap exit 15:55",295,-2214,-7.51,60.3,0.92,-0.53,5797,2,225,-653,-2.90,58.2,0.98,-0.12,4163,-530,2114,-5250,1452,-2569,533,1384
MNQ,GAP,"GAP GO >0.1×ATR up+down gaps stop 1×gap exit 11:00",618,1259,2.04,50.3,1.03,0.32,3815,2,556,-10946,-19.69,46.8,0.81,-1.97,12403,801,-657,1948,-833,-2065,-3210,-5671
MNQ,GAP,"GAP GO >0.1×ATR up gaps stop 1×gap exit 11:00",323,-2957,-9.15,49.2,0.86,-1.11,4762,0,331,-5815,-17.57,47.7,0.81,-1.47,6662,-187,-819,-1786,-166,-3003,-1114,-1698
MNQ,GAP,"GAP GO >0.1×ATR down gaps stop 1×gap exit 11:00",295,4216,14.29,51.5,1.23,1.46,1835,3,225,-5131,-22.80,45.3,0.80,-1.32,6848,988,162,3734,-668,938,-2096,-3973
MNQ,GAP,"GAP GO >0.1×ATR up+down gaps stop 1×gap exit 15:55",618,-681,-1.10,50.6,0.99,-0.14,5927,2,556,-8870,-15.95,48.4,0.87,-1.27,10926,857,-2226,2128,-1440,129,-4752,-4247
MNQ,GAP,"GAP GO >0.1×ATR up gaps stop 1×gap exit 15:55",323,-2529,-7.83,51.7,0.90,-0.75,5202,2,331,-5554,-16.78,47.7,0.85,-1.11,7385,173,-782,-2508,587,-1045,-3594,-915
MNQ,GAP,"GAP GO >0.1×ATR down gaps stop 1×gap exit 15:55",295,1848,6.26,49.5,1.08,0.52,2715,2,225,-3316,-14.74,49.3,0.89,-0.68,5873,684,-1445,4635,-2027,1173,-1158,-3332
MNQ,GAP,"GAP GO >0.1×ATR up+down gaps stop 2×gap exit 11:00",618,-1643,-2.66,49.7,0.97,-0.35,4797,1,556,-16697,-30.03,45.0,0.76,-2.44,18192,1057,-382,-1004,-1314,-3219,-6503,-6976
MNQ,GAP,"GAP GO >0.1×ATR up gaps stop 2×gap exit 11:00",323,-862,-2.67,51.4,0.96,-0.27,3912,3,331,-10640,-32.14,46.5,0.73,-2.24,11093,439,317,-2005,387,-3265,-2725,-4651
MNQ,GAP,"GAP GO >0.1×ATR down gaps stop 2×gap exit 11:00",295,-781,-2.65,47.8,0.97,-0.23,3005,2,225,-6058,-26.92,42.7,0.80,-1.23,7323,618,-699,1001,-1701,46,-3778,-2325
MNQ,GAP,"GAP GO >0.1×ATR up+down gaps stop 2×gap exit 15:55",618,-6638,-10.74,48.5,0.91,-0.98,8939,1,556,-13670,-24.59,46.6,0.85,-1.47,18590,712,-3812,-214,-3324,-43,-11315,-2313
MNQ,GAP,"GAP GO >0.1×ATR up gaps stop 2×gap exit 15:55",323,-1553,-4.81,52.6,0.96,-0.34,5935,2,331,-9271,-28.01,47.4,0.82,-1.34,11381,494,-651,-2230,835,-103,-7671,-1497
MNQ,GAP,"GAP GO >0.1×ATR down gaps stop 2×gap exit 15:55",295,-5085,-17.24,44.1,0.86,-1.02,5979,2,225,-4399,-19.55,45.3,0.88,-0.70,8382,218,-3161,2016,-4158,60,-3644,-816
MNQ,GAP,"GAP FADE >0.2×ATR up+down gaps stop 1×gap exit 11:00",486,-5426,-11.16,46.7,0.86,-1.42,6081,0,440,7994,18.17,53.0,1.19,1.47,3222,-907,-567,-3738,-215,560,2487,4947
MNQ,GAP,"GAP FADE >0.2×ATR up gaps stop 1×gap exit 11:00",257,1300,5.06,49.4,1.08,0.50,1949,2,263,4377,16.64,51.3,1.19,1.13,2903,-20,228,1127,-36,2056,561,1761
MNQ,GAP,"GAP FADE >0.2×ATR down gaps stop 1×gap exit 11:00",229,-6725,-29.37,43.7,0.68,-2.40,7082,0,177,3617,20.43,55.4,1.19,0.95,1833,-887,-795,-4865,-179,-1496,1926,3187
MNQ,GAP,"GAP FADE >0.2×ATR up+down gaps stop 1×gap exit 15:55",486,-3154,-6.49,46.7,0.93,-0.65,5848,2,440,5856,13.31,50.7,1.11,0.85,3448,-826,1011,-3773,434,-1663,4078,3441
MNQ,GAP,"GAP FADE >0.2×ATR up gaps stop 1×gap exit 15:55",257,1179,4.59,47.1,1.05,0.35,1790,2,263,4080,15.51,51.0,1.14,0.83,3258,-244,221,1969,-767,141,3067,873
MNQ,GAP,"GAP FADE >0.2×ATR down gaps stop 1×gap exit 15:55",229,-4333,-18.92,46.3,0.82,-1.24,5931,2,177,1776,10.03,50.3,1.07,0.37,2947,-582,790,-5742,1201,-1804,1012,2568
MNQ,GAP,"GAP FADE >0.2×ATR up+down gaps stop 2×gap exit 11:00",486,-4579,-9.42,51.0,0.88,-1.12,6594,1,440,6380,14.50,56.4,1.14,1.10,3517,-793,-380,-3826,419,-509,1530,5358
MNQ,GAP,"GAP FADE >0.2×ATR up gaps stop 2×gap exit 11:00",257,981,3.82,53.3,1.05,0.35,2092,3,263,3877,14.74,54.0,1.16,0.96,2913,3,-389,958,410,1178,508,2192
MNQ,GAP,"GAP FADE >0.2×ATR down gaps stop 2×gap exit 11:00",229,-5560,-24.28,48.5,0.74,-1.86,5917,2,177,2503,14.14,59.9,1.12,0.60,2288,-795,10,-4784,10,-1686,1023,3166
MNQ,GAP,"GAP FADE >0.2×ATR up+down gaps stop 2×gap exit 15:55",486,-4650,-9.57,55.3,0.91,-0.83,9473,2,440,-200,-0.45,56.1,1.00,-0.03,6513,-736,1619,-6590,1057,-4469,4806,-538
MNQ,GAP,"GAP FADE >0.2×ATR up gaps stop 2×gap exit 15:55",257,-367,-1.43,55.3,0.99,-0.10,3976,2,263,-173,-0.66,54.8,1.00,-0.03,4861,-369,33,259,-290,-2162,3725,-1736
MNQ,GAP,"GAP FADE >0.2×ATR down gaps stop 2×gap exit 15:55",229,-4284,-18.71,55.5,0.84,-1.04,7638,2,177,-28,-0.16,58.2,1.00,-0.01,3554,-367,1586,-6849,1346,-2307,1081,1199
MNQ,GAP,"GAP GO >0.2×ATR up+down gaps stop 1×gap exit 11:00",486,3242,6.67,52.5,1.10,0.85,2856,2,440,-9903,-22.51,46.8,0.80,-1.82,11180,785,-70,3113,-586,-1274,-3120,-5509
MNQ,GAP,"GAP GO >0.2×ATR up gaps stop 1×gap exit 11:00",257,-2358,-9.18,50.2,0.88,-0.91,4091,0,263,-5509,-20.95,48.3,0.80,-1.43,6255,-61,-617,-1396,-286,-2506,-939,-2065
MNQ,GAP,"GAP GO >0.2×ATR down gaps stop 1×gap exit 11:00",229,5600,24.45,55.0,1.37,2.00,1558,3,177,-4394,-24.82,44.6,0.81,-1.15,6303,846,547,4508,-300,1232,-2182,-3444
MNQ,GAP,"GAP GO >0.2×ATR up+down gaps stop 1×gap exit 15:55",486,1117,2.30,52.5,1.03,0.23,4625,2,440,-7716,-17.54,49.1,0.88,-1.12,9592,709,-1597,3197,-1192,920,-4662,-3975
MNQ,GAP,"GAP GO >0.2×ATR up gaps stop 1×gap exit 15:55",257,-2158,-8.40,52.5,0.91,-0.65,4800,2,263,-5137,-19.53,48.7,0.85,-1.04,6673,167,-580,-2212,467,-547,-3419,-1172
MNQ,GAP,"GAP GO >0.2×ATR down gaps stop 1×gap exit 15:55",229,3275,14.30,52.4,1.16,0.94,2438,2,177,-2579,-14.57,49.7,0.91,-0.54,5398,542,-1017,5409,-1659,1467,-1243,-2803
MNQ,GAP,"GAP GO >0.2×ATR up+down gaps stop 2×gap exit 11:00",486,2902,5.97,52.5,1.08,0.66,2990,3,440,-13905,-31.60,45.0,0.76,-2.13,15642,999,547,2331,-976,-1950,-5676,-6280
MNQ,GAP,"GAP GO >0.2×ATR up gaps stop 2×gap exit 11:00",257,-323,-1.26,52.1,0.98,-0.11,2652,2,263,-8008,-30.45,47.1,0.75,-1.79,8707,489,415,-1137,-90,-2054,-2106,-3848
MNQ,GAP,"GAP GO >0.2×ATR down gaps stop 2×gap exit 11:00",229,3225,14.08,52.8,1.18,0.99,2005,3,177,-5897,-33.32,41.8,0.78,-1.24,7162,510,133,3468,-886,105,-3570,-2432
MNQ,GAP,"GAP GO >0.2×ATR up+down gaps stop 2×gap exit 15:55",486,-1756,-3.61,51.0,0.97,-0.27,6917,2,440,-9596,-21.81,47.5,0.88,-1.06,16037,795,-2266,2726,-3011,1611,-10199,-1008
MNQ,GAP,"GAP GO >0.2×ATR up gaps stop 2×gap exit 15:55",257,-845,-3.29,53.7,0.97,-0.19,4771,2,263,-5923,-22.52,49.4,0.87,-0.88,9459,685,-32,-1738,241,1280,-7050,-154
MNQ,GAP,"GAP GO >0.2×ATR down gaps stop 2×gap exit 15:55",229,-911,-3.98,48.0,0.97,-0.19,3761,2,177,-3673,-20.75,44.6,0.89,-0.60,8008,110,-2234,4464,-3251,331,-3150,-854
MNQ,GAP,"GAP FADE >0.35×ATR up+down gaps stop 1×gap exit 11:00",316,-3408,-10.78,46.8,0.88,-0.97,5588,1,317,6298,19.87,52.7,1.19,1.23,2874,-935,-866,-2642,1036,741,1889,3669
MNQ,GAP,"GAP FADE >0.35×ATR up gaps stop 1×gap exit 11:00",168,1313,7.81,49.4,1.11,0.56,1648,2,189,3206,16.96,49.2,1.17,0.88,2381,-60,-32,871,533,1679,18,1510
MNQ,GAP,"GAP FADE >0.35×ATR down gaps stop 1×gap exit 11:00",148,-4720,-31.89,43.9,0.69,-1.83,5301,1,128,3092,24.16,57.8,1.21,0.86,1468,-876,-835,-3513,503,-938,1871,2159
MNQ,GAP,"GAP FADE >0.35×ATR up+down gaps stop 1×gap exit 15:55",316,-971,-3.07,47.2,0.97,-0.21,5069,2,317,4470,14.10,49.5,1.10,0.68,3632,-858,640,-2706,1954,-1254,3639,2085
MNQ,GAP,"GAP FADE >0.35×ATR up gaps stop 1×gap exit 15:55",168,1630,9.70,47.0,1.10,0.52,2274,2,189,3093,16.36,48.7,1.12,0.66,3286,-284,-77,1828,163,-195,2677,611
MNQ,GAP,"GAP FADE >0.35×ATR down gaps stop 1×gap exit 15:55",148,-2600,-17.57,47.3,0.86,-0.79,4789,2,128,1378,10.76,50.8,1.07,0.30,2138,-575,717,-4534,1792,-1060,963,1475
MNQ,GAP,"GAP FADE >0.35×ATR up+down gaps stop 2×gap exit 11:00",316,-2519,-7.97,48.7,0.91,-0.70,5472,1,317,4630,14.60,53.3,1.13,0.87,3152,-956,-335,-2924,1696,-535,1230,3935
MNQ,GAP,"GAP FADE >0.35×ATR up gaps stop 2×gap exit 11:00",168,1391,8.28,50.6,1.11,0.57,1852,2,189,3330,17.62,50.3,1.18,0.90,2480,-172,-168,459,1272,1263,139,1928
MNQ,GAP,"GAP FADE >0.35×ATR down gaps stop 2×gap exit 11:00",148,-3910,-26.42,46.6,0.74,-1.48,4504,1,128,1300,10.15,57.8,1.08,0.34,2331,-784,-167,-3382,424,-1798,1091,2007
MNQ,GAP,"GAP FADE >0.35×ATR up+down gaps stop 2×gap exit 15:55",316,-1773,-5.61,52.2,0.95,-0.34,7013,2,317,-1599,-5.04,51.7,0.97,-0.22,6273,-903,1235,-4556,2451,-4070,3969,-1498
MNQ,GAP,"GAP FADE >0.35×ATR up gaps stop 2×gap exit 15:55",168,721,4.29,51.2,1.04,0.21,3347,2,189,-451,-2.39,50.3,0.98,-0.08,4918,-544,-506,574,1196,-1738,3041,-1754
MNQ,GAP,"GAP FADE >0.35×ATR down gaps stop 2×gap exit 15:55",148,-2494,-16.85,53.4,0.88,-0.66,5948,2,128,-1148,-8.96,53.9,0.95,-0.22,2947,-360,1741,-5130,1256,-2332,929,256
MNQ,GAP,"GAP GO >0.35×ATR up+down gaps stop 1×gap exit 11:00",316,2021,6.40,52.5,1.08,0.58,3431,3,317,-7751,-24.45,47.3,0.81,-1.52,9131,847,434,2198,-1457,-1273,-2375,-4104
MNQ,GAP,"GAP GO >0.35×ATR up gaps stop 1×gap exit 11:00",168,-2045,-12.17,50.0,0.85,-0.87,3145,1,189,-4061,-21.49,50.8,0.82,-1.12,4892,7,-224,-1075,-753,-2006,-314,-1742
MNQ,GAP,"GAP GO >0.35×ATR down gaps stop 1×gap exit 11:00",148,4066,27.47,55.4,1.37,1.58,1408,3,128,-3690,-28.83,42.2,0.80,-1.03,5123,840,658,3273,-704,733,-2061,-2363
MNQ,GAP,"GAP GO >0.35×ATR up+down gaps stop 1×gap exit 15:55",316,-293,-0.93,51.9,0.99,-0.06,4705,2,317,-5897,-18.60,50.2,0.88,-0.90,8916,774,-1030,2305,-2343,683,-4085,-2495
MNQ,GAP,"GAP GO >0.35×ATR up gaps stop 1×gap exit 15:55",168,-2296,-13.66,52.4,0.88,-0.73,4797,1,189,-3888,-20.57,50.8,0.86,-0.83,6234,234,-154,-2008,-368,-97,-2954,-838
MNQ,GAP,"GAP GO >0.35×ATR down gaps stop 1×gap exit 15:55",148,2003,13.53,51.4,1.12,0.61,2498,2,128,-2009,-15.70,49.2,0.91,-0.44,4366,540,-876,4313,-1975,779,-1131,-1657
MNQ,GAP,"GAP GO >0.35×ATR up+down gaps stop 2×gap exit 11:00",316,1198,3.79,51.6,1.05,0.32,3467,3,317,-8167,-25.76,47.3,0.81,-1.38,10796,878,619,1867,-2165,-246,-3880,-4041
MNQ,GAP,"GAP GO >0.35×ATR up gaps stop 2×gap exit 11:00",168,-1199,-7.13,50.0,0.91,-0.48,2619,2,189,-4674,-24.73,50.8,0.80,-1.17,6120,374,461,-673,-1360,-1253,-1231,-2191
MNQ,GAP,"GAP GO >0.35×ATR down gaps stop 2×gap exit 11:00",148,2397,16.19,53.4,1.20,0.86,1435,3,128,-3493,-27.29,42.2,0.82,-0.80,5625,504,158,2540,-805,1007,-2649,-1851
MNQ,GAP,"GAP GO >0.35×ATR up+down gaps stop 2×gap exit 15:55",316,-3762,-11.91,50.3,0.91,-0.64,6303,2,317,-1779,-5.61,51.4,0.97,-0.21,12909,419,-1264,533,-3450,3697,-7464,1989
MNQ,GAP,"GAP GO >0.35×ATR up gaps stop 2×gap exit 15:55",168,-2671,-15.90,52.4,0.88,-0.67,5604,2,189,-1758,-9.30,53.4,0.95,-0.28,8724,311,881,-2184,-1679,2187,-5362,1418
MNQ,GAP,"GAP GO >0.35×ATR down gaps stop 2×gap exit 15:55",148,-1091,-7.37,48.0,0.95,-0.25,3661,2,128,-21,-0.16,48.4,1.00,0.00,5574,108,-2145,2717,-1772,1510,-2102,572
MNQ,GAP,"GAP FADE >0.5×ATR up+down gaps stop 1×gap exit 11:00",200,-3229,-16.15,45.0,0.83,-1.10,4712,1,227,7726,34.03,53.3,1.32,1.65,2587,-525,-1517,-1701,513,289,3583,3854
MNQ,GAP,"GAP FADE >0.5×ATR up gaps stop 1×gap exit 11:00",101,686,6.79,46.5,1.09,0.36,1143,3,140,4027,28.76,50.0,1.30,1.22,1797,93,-1107,1371,329,1993,248,1787
MNQ,GAP,"GAP FADE >0.5×ATR down gaps stop 1×gap exit 11:00",99,-3915,-39.54,43.4,0.65,-1.75,4327,1,87,3699,42.52,58.6,1.35,1.11,1704,-618,-410,-3072,185,-1704,3336,2068
MNQ,GAP,"GAP FADE >0.5×ATR up+down gaps stop 1×gap exit 15:55",200,-1898,-9.49,44.5,0.92,-0.48,4725,1,227,8433,37.15,53.3,1.25,1.38,2859,-436,-752,-1963,1252,-703,6119,3017
MNQ,GAP,"GAP FADE >0.5×ATR up gaps stop 1×gap exit 15:55",101,101,1.00,41.6,1.01,0.04,2005,1,140,4657,33.26,51.4,1.25,1.06,2503,-171,-1349,1999,-379,670,2923,1065
MNQ,GAP,"GAP FADE >0.5×ATR down gaps stop 1×gap exit 15:55",99,-1999,-20.19,47.5,0.85,-0.68,4436,2,87,3776,43.40,56.3,1.26,0.89,1728,-265,598,-3962,1631,-1372,3196,1952
MNQ,GAP,"GAP FADE >0.5×ATR up+down gaps stop 2×gap exit 11:00",200,-2462,-12.31,46.5,0.87,-0.84,4092,1,227,6730,29.65,53.3,1.27,1.40,2784,-449,-1048,-1715,750,-399,3613,3516
MNQ,GAP,"GAP FADE >0.5×ATR up gaps stop 2×gap exit 11:00",101,910,9.00,47.5,1.12,0.48,1288,3,140,3800,27.14,50.0,1.28,1.14,1994,93,-1255,1371,701,1972,258,1571
MNQ,GAP,"GAP FADE >0.5×ATR down gaps stop 2×gap exit 11:00",99,-3372,-34.06,45.5,0.69,-1.50,3675,2,87,2930,33.67,58.6,1.26,0.85,2387,-542,207,-3086,49,-2371,3355,1945
MNQ,GAP,"GAP FADE >0.5×ATR up+down gaps stop 2×gap exit 15:55",200,-1275,-6.38,47.5,0.95,-0.30,4101,1,227,4913,21.64,54.6,1.13,0.73,4759,-473,-174,-2283,1655,-1896,6485,325
MNQ,GAP,"GAP FADE >0.5×ATR up gaps stop 2×gap exit 15:55",101,161,1.59,44.6,1.01,0.06,2497,2,140,3113,22.24,52.9,1.15,0.64,3523,-152,-1625,1486,453,405,3383,-675
MNQ,GAP,"GAP FADE >0.5×ATR down gaps stop 2×gap exit 15:55",99,-1436,-14.51,50.5,0.90,-0.44,4253,2,87,1800,20.69,57.5,1.11,0.38,2613,-321,1451,-3769,1202,-2301,3102,999
MNQ,GAP,"GAP GO >0.5×ATR up+down gaps stop 1×gap exit 11:00",200,2307,11.54,54.0,1.14,0.79,2147,3,227,-8808,-38.80,46.7,0.73,-1.88,10496,477,1212,1426,-808,-655,-3936,-4218
MNQ,GAP,"GAP GO >0.5×ATR up gaps stop 1×gap exit 11:00",101,-1152,-11.40,52.5,0.86,-0.61,2089,1,140,-4683,-33.45,50.0,0.74,-1.42,6184,-125,954,-1492,-489,-2219,-477,-1987
MNQ,GAP,"GAP GO >0.5×ATR down gaps stop 1×gap exit 11:00",99,3459,34.93,55.6,1.46,1.55,1139,3,87,-4125,-47.41,41.4,0.72,-1.24,6091,602,258,2918,-319,1564,-3459,-2231
MNQ,GAP,"GAP GO >0.5×ATR up+down gaps stop 1×gap exit 15:55",200,1063,5.32,55.0,1.04,0.27,3668,3,227,-9528,-41.97,46.3,0.78,-1.56,12174,390,477,1718,-1521,279,-6447,-3359
MNQ,GAP,"GAP GO >0.5×ATR up gaps stop 1×gap exit 15:55",101,-522,-5.17,57.4,0.96,-0.19,2884,3,140,-5271,-37.65,47.9,0.78,-1.20,7455,140,1211,-2105,232,-872,-3139,-1261
MNQ,GAP,"GAP GO >0.5×ATR down gaps stop 1×gap exit 15:55",99,1585,16.01,52.5,1.14,0.54,2256,2,87,-4257,-48.93,43.7,0.77,-1.01,6088,250,-734,3823,-1753,1151,-3309,-2099
MNQ,GAP,"GAP GO >0.5×ATR up+down gaps stop 2×gap exit 11:00",200,2544,12.72,52.5,1.17,0.88,1887,3,227,-9563,-42.13,47.1,0.72,-1.78,11780,432,1343,2008,-1238,10,-5966,-3607
MNQ,GAP,"GAP GO >0.5×ATR up gaps stop 2×gap exit 11:00",101,-241,-2.38,51.5,0.97,-0.13,1902,2,140,-5484,-39.17,50.7,0.71,-1.51,7001,34,1549,-911,-913,-2237,-1128,-2119
MNQ,GAP,"GAP GO >0.5×ATR down gaps stop 2×gap exit 11:00",99,2784,28.12,53.5,1.36,1.24,1139,2,87,-4080,-46.89,41.4,0.73,-1.02,7016,398,-206,2918,-326,2247,-4839,-1488
MNQ,GAP,"GAP GO >0.5×ATR up+down gaps stop 2×gap exit 15:55",200,-1353,-6.77,53.5,0.95,-0.28,4936,2,227,-8613,-37.94,48.0,0.82,-1.11,15928,305,-169,492,-1980,1018,-10071,441
MNQ,GAP,"GAP GO >0.5×ATR up gaps stop 2×gap exit 15:55",101,-1006,-9.96,55.4,0.92,-0.33,3984,2,140,-6253,-44.66,49.3,0.77,-1.10,10958,111,1272,-1537,-852,-1195,-5586,528
MNQ,GAP,"GAP GO >0.5×ATR down gaps stop 2×gap exit 15:55",99,-347,-3.51,51.5,0.98,-0.09,2787,2,87,-2360,-27.13,46.0,0.88,-0.44,7333,194,-1441,2029,-1129,2213,-4486,-88
MNQ,VWAP,"VWAP FADE stretch 0.25×ATR LONG stop 0.5×stretch",337,-4969,-14.74,27.3,0.70,-2.93,5318,0,312,809,2.59,34.9,1.04,0.32,3185,-253,-2078,-2533,-106,-2438,1828,1419
MNQ,VWAP,"VWAP FADE stretch 0.25×ATR LONG stop 1×stretch",337,-5601,-16.62,44.5,0.77,-2.26,6472,1,312,-423,-1.36,50.6,0.98,-0.13,2764,-654,-1357,-4201,611,-1764,660,681
MNQ,VWAP,"VWAP FADE stretch 0.25×ATR SHORT stop 0.5×stretch",367,-3324,-9.06,29.4,0.80,-1.94,3513,0,294,-1512,-5.14,33.0,0.91,-0.69,2314,-162,-1583,-515,-1063,-764,996,-1744
MNQ,VWAP,"VWAP FADE stretch 0.25×ATR SHORT stop 1×stretch",367,-5458,-14.87,44.1,0.77,-2.29,5647,0,294,1055,3.59,51.4,1.05,0.36,2363,-494,-1692,-2642,-629,-418,1720,-246
MNQ,VWAP,"VWAP FADE stretch 0.25×ATR BOTH stop 0.5×stretch",704,-8293,-11.78,28.4,0.75,-3.44,8626,0,606,-703,-1.16,34.0,0.98,-0.21,4285,-415,-3660,-3048,-1170,-3202,2824,-325
MNQ,VWAP,"VWAP FADE stretch 0.25×ATR BOTH stop 1×stretch",704,-11059,-15.71,44.3,0.77,-3.22,11865,0,606,632,1.04,51.0,1.01,0.14,2973,-1149,-3049,-6843,-18,-2182,2379,435
MNQ,VWAP,"VWAP FOLLOW stretch 0.25×ATR LONG stop 0.5×stretch",367,3141,8.56,39.8,1.22,1.74,1299,4,294,-3689,-12.55,31.0,0.80,-1.68,3764,303,354,1851,633,-839,-779,-2071
MNQ,VWAP,"VWAP FOLLOW stretch 0.25×ATR LONG stop 1×stretch",367,3402,9.27,54.5,1.17,1.43,1153,3,294,-2676,-9.10,47.6,0.89,-0.90,3848,432,1268,1751,-49,-268,-2334,-74
MNQ,VWAP,"VWAP FOLLOW stretch 0.25×ATR SHORT stop 0.5×stretch",337,2609,7.74,37.4,1.19,1.39,1200,3,312,796,2.55,34.9,1.04,0.32,2564,148,149,2652,-341,851,-976,921
MNQ,VWAP,"VWAP FOLLOW stretch 0.25×ATR SHORT stop 1×stretch",337,3557,10.55,53.7,1.18,1.43,1587,3,312,-1736,-5.56,48.1,0.94,-0.51,4713,302,617,3788,-1150,1075,-1689,-1122
MNQ,VWAP,"VWAP FOLLOW stretch 0.25×ATR BOTH stop 0.5×stretch",704,5750,8.17,38.6,1.20,2.21,1941,4,606,-2893,-4.77,33.0,0.92,-0.87,4123,451,503,4504,292,12,-1755,-1150
MNQ,VWAP,"VWAP FOLLOW stretch 0.25×ATR BOTH stop 1×stretch",704,6959,9.88,54.1,1.18,2.02,2352,3,606,-4411,-7.28,47.9,0.91,-0.98,6754,734,1885,5539,-1200,806,-4022,-1195
MNQ,VWAP,"VWAP FADE stretch 0.35×ATR LONG stop 0.5×stretch",274,-3512,-12.82,31.8,0.78,-1.82,4701,1,250,2198,8.79,37.6,1.12,0.79,3230,-411,-1189,-2864,952,-228,-279,2705
MNQ,VWAP,"VWAP FADE stretch 0.35×ATR LONG stop 1×stretch",274,-3403,-12.42,45.3,0.84,-1.28,5003,1,250,1038,4.15,51.2,1.04,0.29,5200,-136,-392,-3602,727,-568,-1043,2649
MNQ,VWAP,"VWAP FADE stretch 0.35×ATR SHORT stop 0.5×stretch",264,-1731,-6.56,34.1,0.88,-0.92,3834,1,215,-558,-2.60,36.7,0.96,-0.24,1971,-702,-1732,821,-117,-881,-237,559
MNQ,VWAP,"VWAP FADE stretch 0.35×ATR SHORT stop 1×stretch",264,-2499,-9.47,43.2,0.87,-1.01,4785,1,215,190,0.89,49.8,1.01,0.06,2226,-756,-3416,2346,-673,-388,-118,697
MNQ,VWAP,"VWAP FADE stretch 0.35×ATR BOTH stop 0.5×stretch",538,-5243,-9.75,32.9,0.83,-1.95,7705,1,465,1640,3.53,37.2,1.05,0.45,3625,-1114,-2922,-2043,835,-1109,-516,3264
MNQ,VWAP,"VWAP FADE stretch 0.35×ATR BOTH stop 1×stretch",538,-5903,-10.97,44.2,0.85,-1.63,7232,1,465,1229,2.64,50.5,1.03,0.26,4757,-892,-3808,-1256,54,-956,-1161,3346
MNQ,VWAP,"VWAP FOLLOW stretch 0.35×ATR LONG stop 0.5×stretch",264,-1093,-4.14,37.9,0.92,-0.59,2884,3,215,-2953,-13.74,35.3,0.81,-1.30,4774,366,435,-2534,640,-1025,-1383,-546
MNQ,VWAP,"VWAP FOLLOW stretch 0.35×ATR LONG stop 1×stretch",264,900,3.41,54.9,1.05,0.36,3599,3,215,-1061,-4.94,49.3,0.94,-0.36,3493,710,2714,-2664,140,59,-172,-948
MNQ,VWAP,"VWAP FOLLOW stretch 0.35×ATR SHORT stop 0.5×stretch",274,1003,3.66,38.3,1.07,0.49,1731,2,250,-1435,-5.74,35.2,0.93,-0.53,2765,364,-415,2252,-1197,-634,-681,-120
MNQ,VWAP,"VWAP FOLLOW stretch 0.35×ATR SHORT stop 1×stretch",274,2063,7.53,53.6,1.11,0.78,1829,3,250,-2194,-8.77,48.0,0.92,-0.60,4645,86,30,3252,-1305,215,722,-3130
MNQ,VWAP,"VWAP FOLLOW stretch 0.35×ATR BOTH stop 0.5×stretch",538,-89,-0.17,38.1,1.00,-0.03,1993,2,465,-4388,-9.44,35.3,0.88,-1.24,5331,730,20,-282,-557,-1659,-2064,-665
MNQ,VWAP,"VWAP FOLLOW stretch 0.35×ATR BOTH stop 1×stretch",538,2963,5.51,54.3,1.08,0.82,3157,3,465,-3255,-7.00,48.6,0.93,-0.70,6030,796,2743,589,-1165,274,550,-4078
MNQ,VWAP,"VWAP FADE stretch 0.5×ATR LONG stop 0.5×stretch",172,-66,-0.39,39.0,0.99,-0.03,2233,1,167,2455,14.70,41.3,1.17,0.84,2305,-159,-341,-872,1306,-357,277,2535
MNQ,VWAP,"VWAP FADE stretch 0.5×ATR LONG stop 1×stretch",172,-1556,-9.04,50.6,0.90,-0.61,4180,2,167,2979,17.84,55.1,1.16,0.80,2940,112,-1052,-2322,1706,-593,1403,2169
MNQ,VWAP,"VWAP FADE stretch 0.5×ATR SHORT stop 0.5×stretch",131,-3799,-29.00,25.2,0.58,-2.51,4151,0,105,-2763,-26.31,36.2,0.71,-1.43,4189,-417,-2106,-682,-594,-196,-2171,-396
MNQ,VWAP,"VWAP FADE stretch 0.5×ATR SHORT stop 1×stretch",131,-4822,-36.81,32.1,0.56,-2.51,5086,0,105,-2165,-20.62,45.7,0.80,-0.85,4476,-155,-2104,-1259,-1304,1184,-3024,-325
MNQ,VWAP,"VWAP FADE stretch 0.5×ATR BOTH stop 0.5×stretch",303,-3865,-12.76,33.0,0.81,-1.53,5303,1,272,-308,-1.13,39.3,0.99,-0.09,5018,-576,-2447,-1554,712,-553,-1893,2138
MNQ,VWAP,"VWAP FADE stretch 0.5×ATR BOTH stop 1×stretch",303,-6377,-21.05,42.6,0.76,-2.00,7945,1,272,814,2.99,51.5,1.03,0.18,4729,-43,-3155,-3581,402,591,-1621,1844
MNQ,VWAP,"VWAP FOLLOW stretch 0.5×ATR LONG stop 0.5×stretch",131,3281,25.04,52.7,1.57,2.07,832,3,105,402,3.83,44.8,1.05,0.18,1667,-102,1383,1127,873,-1412,2498,-684
MNQ,VWAP,"VWAP FOLLOW stretch 0.5×ATR LONG stop 1×stretch",131,3911,29.85,64.1,1.58,2.01,1127,4,105,1635,15.57,54.3,1.19,0.64,1923,125,1721,1123,942,-1459,2914,180
MNQ,VWAP,"VWAP FOLLOW stretch 0.5×ATR SHORT stop 0.5×stretch",172,896,5.21,37.2,1.08,0.44,2135,2,167,-3087,-18.49,31.7,0.82,-1.11,3702,328,-552,1680,-560,-484,-2531,-73
MNQ,VWAP,"VWAP FOLLOW stretch 0.5×ATR SHORT stop 1×stretch",172,852,4.95,48.3,1.06,0.34,2694,2,167,-3694,-22.12,44.3,0.83,-1.00,5498,-152,797,2109,-1902,347,-1708,-2333
MNQ,VWAP,"VWAP FOLLOW stretch 0.5×ATR BOTH stop 0.5×stretch",303,4177,13.79,43.9,1.25,1.61,1346,4,272,-2685,-9.87,36.8,0.89,-0.76,2931,226,831,2807,313,-1896,-33,-757
MNQ,VWAP,"VWAP FOLLOW stretch 0.5×ATR BOTH stop 1×stretch",303,4763,15.72,55.1,1.23,1.49,2158,2,272,-2059,-7.57,48.2,0.93,-0.46,5055,-27,2518,3232,-960,-1112,1206,-2154
MNQ,PDHL,"BREAK PDH stop 0.1×ATR 1R",228,-756,-3.32,48.7,0.89,-0.85,1587,2,187,-726,-3.88,47.1,0.91,-0.59,1914,68,-753,-330,259,-305,-395,-27
MNQ,PDHL,"BREAK PDH stop 0.1×ATR 2R",228,-551,-2.41,34.6,0.94,-0.45,2406,2,187,1006,5.38,36.4,1.10,0.57,1385,279,-482,-1213,867,-751,883,874
MNQ,PDHL,"BREAK PDH stop 0.1×ATR 3R",228,538,2.36,30.3,1.06,0.36,2214,3,187,83,0.45,27.8,1.01,0.04,1970,398,479,-1465,1126,-1300,462,921
MNQ,PDHL,"BREAK PDH stop 0.2×ATR 1R",228,651,2.85,51.8,1.06,0.38,2340,2,187,2784,14.89,54.0,1.22,1.22,1618,42,-840,-535,1985,-746,2895,635
MNQ,PDHL,"BREAK PDH stop 0.2×ATR 2R",228,1244,5.46,41.7,1.09,0.56,1864,2,187,378,2.02,41.7,1.02,0.14,2646,114,-265,-193,1588,-1408,1685,102
MNQ,PDHL,"BREAK PDH stop 0.2×ATR 3R",228,2469,10.83,40.4,1.17,1.00,1453,3,187,81,0.43,40.6,1.01,0.03,2565,47,-107,407,2122,-1124,1418,-213
MNQ,PDHL,"FADE PDH stop 0.1×ATR 1R",228,-998,-4.38,47.4,0.86,-1.12,1750,1,187,-1902,-10.17,46.5,0.78,-1.54,1904,-110,414,-307,-996,-601,-596,-705
MNQ,PDHL,"FADE PDH stop 0.1×ATR 2R",228,-1627,-7.14,32.0,0.82,-1.36,2813,2,187,-2319,-12.40,32.1,0.78,-1.45,2848,19,961,-1648,-959,-692,-1181,-446
MNQ,PDHL,"FADE PDH stop 0.1×ATR 3R",228,-1725,-7.57,25.0,0.83,-1.21,2624,2,187,-3387,-18.11,24.6,0.72,-1.85,4370,62,623,-1207,-1204,-1000,-1763,-624
MNQ,PDHL,"FADE PDH stop 0.2×ATR 1R",228,-2134,-9.36,46.9,0.84,-1.25,3129,1,187,-4344,-23.23,43.9,0.73,-1.91,5202,-86,436,-207,-2277,512,-4015,-841
MNQ,PDHL,"FADE PDH stop 0.2×ATR 2R",228,-1709,-7.49,36.8,0.89,-0.76,3119,3,187,-5491,-29.36,32.6,0.71,-1.95,6505,9,10,809,-2536,351,-4801,-1040
MNQ,PDHL,"FADE PDH stop 0.2×ATR 3R",228,-3362,-14.75,33.3,0.80,-1.41,4512,2,187,-6020,-32.20,28.9,0.71,-1.92,7442,112,767,-974,-3267,1050,-5217,-1854
MNQ,PDHL,"BREAK PDL stop 0.1×ATR 1R",221,-395,-1.79,49.3,0.94,-0.43,876,2,173,-38,-0.22,50.9,0.99,-0.03,1341,31,-424,360,-362,561,-10,-588
MNQ,PDHL,"BREAK PDL stop 0.1×ATR 2R",221,-1386,-6.27,31.2,0.85,-1.10,1782,1,173,1312,7.58,37.0,1.15,0.83,904,165,-750,-301,-501,-139,742,709
MNQ,PDHL,"BREAK PDL stop 0.1×ATR 3R",221,-1127,-5.10,24.4,0.89,-0.73,1760,1,173,-839,-4.85,24.9,0.92,-0.45,1492,126,-508,-128,-617,-1073,670,-435
MNQ,PDHL,"BREAK PDL stop 0.2×ATR 1R",221,-2662,-12.04,46.6,0.81,-1.48,3265,0,173,3787,21.89,56.1,1.33,1.75,2032,-67,-1053,-1400,-141,153,449,3185
MNQ,PDHL,"BREAK PDL stop 0.2×ATR 2R",221,-228,-1.03,37.1,0.99,-0.09,2008,1,173,3595,20.78,39.3,1.23,1.18,1505,-224,-704,-451,1151,-45,2084,1556
MNQ,PDHL,"BREAK PDL stop 0.2×ATR 3R",221,-182,-0.82,33.9,0.99,-0.07,3069,2,173,4154,24.01,35.8,1.25,1.21,2105,-49,-1694,227,1334,1398,2914,-157
MNQ,PDHL,"FADE PDL stop 0.1×ATR 1R",221,-1524,-6.89,45.2,0.79,-1.67,1720,0,173,-2626,-15.18,41.6,0.68,-2.41,2941,-63,-366,-942,-153,-1149,-703,-774
MNQ,PDHL,"FADE PDL stop 0.1×ATR 2R",221,-42,-0.19,33.5,1.00,-0.03,964,1,173,-3123,-18.05,26.6,0.69,-2.14,3213,-57,-42,280,-223,-1387,-326,-1411
MNQ,PDHL,"FADE PDL stop 0.1×ATR 3R",221,-645,-2.92,25.3,0.93,-0.42,2188,2,173,-4182,-24.18,19.1,0.63,-2.54,4363,-58,-969,192,190,-1956,-654,-1573
MNQ,PDHL,"FADE PDL stop 0.2×ATR 1R",221,1455,6.59,52.5,1.12,0.81,958,3,173,-4805,-27.77,42.2,0.70,-2.23,5166,36,620,881,-81,-565,-892,-3347
MNQ,PDHL,"FADE PDL stop 0.2×ATR 2R",221,1377,6.23,37.1,1.09,0.56,1554,3,173,-8948,-51.72,26.6,0.55,-3.50,9108,128,-1137,2198,188,-1427,-2014,-5507
MNQ,PDHL,"FADE PDL stop 0.2×ATR 3R",221,884,4.00,33.5,1.05,0.32,2164,3,173,-9565,-55.29,25.4,0.53,-3.65,9645,277,-1377,1659,324,-2209,-828,-6527
MNQ,TREND,"TREND 10:30 LONG stop VWAP to 15:55",194,3025,15.59,44.3,1.23,1.13,1520,3,182,-829,-4.55,41.2,0.95,-0.29,2137,-352,1112,753,1511,396,-444,-782
MNQ,TREND,"TREND 10:30 LONG stop VWAP 2R",194,2298,11.84,46.4,1.18,1.01,1520,2,182,-204,-1.12,43.4,0.99,-0.07,2045,-269,1171,-478,1874,104,-317,9
MNQ,TREND,"TREND 10:30 LONG stop ORMID to 15:55",194,3737,19.26,52.1,1.27,1.30,1676,3,182,512,2.81,47.8,1.03,0.16,2327,-519,1410,869,1977,1142,-1096,466
MNQ,TREND,"TREND 10:30 LONG stop ORMID 2R",194,3139,16.18,53.1,1.23,1.21,1676,3,182,427,2.35,48.4,1.02,0.14,2327,-519,1378,353,1927,1041,-1080,466
MNQ,TREND,"TREND 10:30 SHORT stop VWAP to 15:55",178,6228,34.99,45.5,1.51,2.17,1570,3,143,-1300,-9.09,36.4,0.92,-0.38,5241,-494,299,5230,1194,2134,-806,-2628
MNQ,TREND,"TREND 10:30 SHORT stop VWAP 2R",178,5410,30.40,47.8,1.46,2.13,1476,3,143,-311,-2.17,39.9,0.98,-0.09,4012,-4,323,4091,1001,471,-840,58
MNQ,TREND,"TREND 10:30 SHORT stop ORMID to 15:55",178,7427,41.72,52.8,1.59,2.46,1503,3,143,-1246,-8.71,41.3,0.93,-0.33,5120,-789,681,5574,1961,1718,1085,-4049
MNQ,TREND,"TREND 10:30 SHORT stop ORMID 2R",178,7353,41.31,53.9,1.60,2.59,1647,3,143,493,3.45,42.7,1.03,0.13,3144,-789,716,5190,2236,906,2028,-2441
MNQ,TREND,"TREND 10:30 BOTH stop VWAP to 15:55",372,9253,24.87,44.9,1.37,2.35,2731,3,325,-2129,-6.55,39.1,0.94,-0.47,5909,-847,1411,5983,2705,2531,-1250,-3410
MNQ,TREND,"TREND 10:30 BOTH stop VWAP 2R",372,7708,20.72,47.0,1.31,2.26,2616,3,325,-515,-1.58,41.8,0.98,-0.12,5210,-273,1494,3612,2875,575,-1157,67
MNQ,TREND,"TREND 10:30 BOTH stop ORMID to 15:55",372,11164,30.01,52.4,1.42,2.68,2471,3,325,-734,-2.26,44.9,0.98,-0.15,5177,-1308,2091,6443,3937,2860,-11,-3583
MNQ,TREND,"TREND 10:30 BOTH stop ORMID 2R",372,10492,28.20,53.5,1.40,2.73,2471,3,325,920,2.83,45.8,1.03,0.18,4136,-1308,2094,5543,4163,1947,949,-1975
MNQ,TREND,"TREND 11:00 LONG stop VWAP to 15:55",221,3378,15.29,47.1,1.25,1.22,1638,4,201,1413,7.03,47.3,1.08,0.45,2161,157,610,1953,658,1886,-469,-4
MNQ,TREND,"TREND 11:00 LONG stop VWAP 2R",221,1708,7.73,48.0,1.13,0.72,1973,4,201,779,3.88,48.3,1.05,0.26,1881,94,767,357,491,1153,-141,-232
MNQ,TREND,"TREND 11:00 LONG stop ORMID to 15:55",221,4632,20.96,55.2,1.32,1.54,1720,4,201,1953,9.72,52.7,1.11,0.60,2195,357,1058,1509,1708,2195,-665,424
MNQ,TREND,"TREND 11:00 LONG stop ORMID 2R",221,4491,20.32,55.7,1.31,1.55,1762,4,201,1292,6.43,52.7,1.07,0.41,2342,506,1058,994,1933,1880,-788,201
MNQ,TREND,"TREND 11:00 SHORT stop VWAP to 15:55",205,3500,17.07,40.5,1.24,1.19,2642,2,169,-2232,-13.21,39.6,0.87,-0.66,3950,-363,887,5137,-2162,884,-682,-2434
MNQ,TREND,"TREND 11:00 SHORT stop VWAP 2R",205,2426,11.84,43.4,1.17,0.93,2742,2,169,-1489,-8.81,42.0,0.91,-0.47,3240,-248,1418,3648,-2392,820,-864,-1444
MNQ,TREND,"TREND 11:00 SHORT stop ORMID to 15:55",205,4742,23.13,48.3,1.32,1.52,1390,2,169,-1930,-11.42,46.7,0.90,-0.51,3430,-810,869,5625,-942,214,329,-2473
MNQ,TREND,"TREND 11:00 SHORT stop ORMID 2R",205,3970,19.37,48.8,1.27,1.34,1606,2,169,-447,-2.64,47.3,0.98,-0.12,2795,-810,1034,4954,-1208,733,362,-1542
MNQ,TREND,"TREND 11:00 BOTH stop VWAP to 15:55",426,6878,16.15,43.9,1.24,1.71,2248,2,370,-819,-2.21,43.8,0.98,-0.18,4409,-206,1497,7090,-1503,2770,-1152,-2437
MNQ,TREND,"TREND 11:00 BOTH stop VWAP 2R",426,4134,9.71,45.8,1.15,1.18,2750,2,370,-710,-1.92,45.4,0.98,-0.16,3836,-155,2185,4005,-1901,1973,-1006,-1676
MNQ,TREND,"TREND 11:00 BOTH stop ORMID to 15:55",426,9374,22.01,51.9,1.32,2.17,2054,3,370,23,0.06,50.0,1.00,0.00,3444,-453,1927,7134,767,2409,-337,-2050
MNQ,TREND,"TREND 11:00 BOTH stop ORMID 2R",426,8461,19.86,52.3,1.29,2.04,2050,3,370,846,2.29,50.3,1.02,0.17,3465,-303,2092,5948,725,2613,-426,-1341
MNQ,ASIA,"ASIA 18:00→00:00 break LONG stop OPP 1R exit 09:25",432,1529,3.54,51.2,1.08,0.66,1486,4,372,927,2.49,49.2,1.04,0.28,4143,91,726,506,207,425,-1782,2284
MNQ,ASIA,"ASIA 18:00→00:00 break LONG stop OPP 1R exit 11:00",432,3598,8.33,55.8,1.14,1.21,1897,4,372,-5231,-14.06,46.0,0.87,-1.14,7076,47,1573,1313,666,-680,-2903,-1648
MNQ,ASIA,"ASIA 18:00→00:00 break LONG stop OPP 2R exit 09:25",432,1532,3.55,46.1,1.07,0.59,1702,2,372,665,1.79,46.8,1.03,0.19,2902,-88,939,-240,921,122,-659,1202
MNQ,ASIA,"ASIA 18:00→00:00 break LONG stop OPP 2R exit 11:00",432,4591,10.63,44.0,1.15,1.25,1953,3,372,-4571,-12.29,38.4,0.90,-0.88,6961,-507,1994,659,2446,-1360,-1539,-1672
MNQ,ASIA,"ASIA 18:00→00:00 break LONG stop OPP time exit 09:25",432,739,1.71,44.4,1.04,0.27,2170,2,372,2357,6.34,46.8,1.09,0.63,2337,-88,485,-852,1194,588,-144,1913
MNQ,ASIA,"ASIA 18:00→00:00 break LONG stop OPP time exit 11:00",432,3510,8.12,39.8,1.11,0.88,2377,2,372,-3993,-10.73,36.3,0.91,-0.74,6255,-323,2125,-270,1977,-921,-2360,-712
MNQ,ASIA,"ASIA 18:00→00:00 break LONG stop MID 1R exit 09:25",432,-1287,-2.98,51.2,0.91,-0.84,2244,2,372,1950,5.24,52.4,1.11,0.79,2535,429,163,-1326,-552,415,-831,2366
MNQ,ASIA,"ASIA 18:00→00:00 break LONG stop MID 1R exit 11:00",432,719,1.66,53.5,1.05,0.42,1596,3,372,507,1.36,51.6,1.02,0.18,3177,330,864,212,-687,466,-1990,2031
MNQ,ASIA,"ASIA 18:00→00:00 break LONG stop MID 2R exit 09:25",432,-2134,-4.94,38.0,0.88,-1.13,2690,1,372,516,1.39,40.3,1.02,0.18,3560,97,-466,-1018,-747,1226,-2113,1403
MNQ,ASIA,"ASIA 18:00→00:00 break LONG stop MID 2R exit 11:00",432,-170,-0.39,36.8,0.99,-0.08,1810,2,372,-1958,-5.26,33.6,0.93,-0.55,4942,343,-227,139,-424,1025,-2697,-286
MNQ,ASIA,"ASIA 18:00→00:00 break LONG stop MID time exit 09:25",432,-2534,-5.87,31.3,0.86,-1.13,2999,0,372,-171,-0.46,36.6,0.99,-0.05,3504,-82,-809,-1488,-155,876,-1608,561
MNQ,ASIA,"ASIA 18:00→00:00 break LONG stop MID time exit 11:00",432,-765,-1.77,22.9,0.97,-0.25,2420,2,372,-2920,-7.85,22.6,0.91,-0.68,5059,68,-327,-610,104,-96,-2595,-230
MNQ,ASIA,"ASIA 18:00→00:00 break SHORT stop OPP 1R exit 09:25",381,-2346,-6.16,50.1,0.89,-0.94,3106,0,292,-1821,-6.24,49.3,0.93,-0.48,4697,-697,-1264,-321,-65,50,-775,-1096
MNQ,ASIA,"ASIA 18:00→00:00 break SHORT stop OPP 1R exit 11:00",381,-3675,-9.65,48.8,0.86,-1.22,4169,0,292,-374,-1.28,49.7,0.99,-0.08,7428,-402,-1866,-970,-438,-194,1028,-1208
MNQ,ASIA,"ASIA 18:00→00:00 break SHORT stop OPP 2R exit 09:25",381,-2507,-6.58,42.8,0.89,-0.89,3366,0,292,-162,-0.55,44.2,0.99,-0.04,4462,-844,-809,-720,-136,827,-406,-582
MNQ,ASIA,"ASIA 18:00→00:00 break SHORT stop OPP 2R exit 11:00",381,-3369,-8.84,37.5,0.89,-0.92,4408,1,292,-408,-1.40,40.1,0.99,-0.08,7554,-587,-786,-2049,53,1934,1226,-3567
MNQ,ASIA,"ASIA 18:00→00:00 break SHORT stop OPP time exit 09:25",381,-1603,-4.21,41.7,0.93,-0.53,3042,1,292,-640,-2.19,42.8,0.98,-0.15,4355,-801,-791,-41,29,782,-282,-1140
MNQ,ASIA,"ASIA 18:00→00:00 break SHORT stop OPP time exit 11:00",381,-49,-0.13,33.6,1.00,-0.01,3386,2,292,-751,-2.57,36.0,0.98,-0.14,7337,-44,-698,645,48,2003,885,-3639
MNQ,ASIA,"ASIA 18:00→00:00 break SHORT stop MID 1R exit 09:25",381,-200,-0.52,53.5,0.99,-0.12,1380,2,292,391,1.34,52.7,1.02,0.16,3167,-308,224,-349,233,1051,20,-680
MNQ,ASIA,"ASIA 18:00→00:00 break SHORT stop MID 1R exit 11:00",381,-928,-2.43,52.8,0.94,-0.54,1713,1,292,1099,3.76,53.8,1.06,0.43,4101,-341,71,-636,-21,1289,-381,191
MNQ,ASIA,"ASIA 18:00→00:00 break SHORT stop MID 2R exit 09:25",381,-1122,-2.94,38.6,0.93,-0.56,2058,1,292,306,1.05,38.0,1.02,0.10,4123,-476,-708,-232,293,262,-558,603
MNQ,ASIA,"ASIA 18:00→00:00 break SHORT stop MID 2R exit 11:00",381,-1118,-2.93,35.7,0.94,-0.50,2302,1,292,1819,6.23,35.6,1.08,0.50,4812,-410,-905,-182,379,356,-468,1930
MNQ,ASIA,"ASIA 18:00→00:00 break SHORT stop MID time exit 09:25",381,-323,-0.85,30.2,0.98,-0.13,1789,2,292,286,0.98,31.5,1.01,0.08,3990,-449,114,-130,142,1003,-1280,563
MNQ,ASIA,"ASIA 18:00→00:00 break SHORT stop MID time exit 11:00",381,3910,10.26,22.6,1.18,1.07,2175,4,292,-424,-1.45,22.9,0.98,-0.10,4869,92,501,3255,63,2015,-2119,-320
MNQ,ASIA,"ASIA 18:00→00:00 break BOTH stop OPP 1R exit 09:25",705,-2378,-3.37,49.6,0.93,-0.74,3393,1,591,453,0.77,50.4,1.01,0.09,5658,-633,-1633,-344,231,1220,-1281,514
MNQ,ASIA,"ASIA 18:00→00:00 break BOTH stop OPP 1R exit 11:00",705,-1714,-2.43,51.8,0.96,-0.42,3616,1,591,-4143,-7.01,47.9,0.94,-0.66,9258,-365,-1168,-298,117,-311,-1320,-2513
MNQ,ASIA,"ASIA 18:00→00:00 break BOTH stop OPP 2R exit 09:25",705,-2178,-3.09,44.5,0.94,-0.60,4598,1,591,841,1.42,46.5,1.02,0.16,5397,-1066,-1159,-1425,1472,1598,-92,-665
MNQ,ASIA,"ASIA 18:00→00:00 break BOTH stop OPP 2R exit 11:00",705,-573,-0.81,41.0,0.99,-0.12,4624,1,591,-5277,-8.93,39.3,0.93,-0.75,9682,-1168,-217,-1723,2535,484,-679,-5082
MNQ,ASIA,"ASIA 18:00→00:00 break BOTH stop OPP time exit 09:25",705,-3391,-4.81,43.1,0.91,-0.91,5983,1,591,549,0.93,45.9,1.01,0.10,5308,-1020,-1818,-2197,1643,1385,329,-1165
MNQ,ASIA,"ASIA 18:00→00:00 break BOTH stop OPP time exit 11:00",705,751,1.06,37.3,1.01,0.14,3554,1,591,-4974,-8.42,36.5,0.93,-0.67,9409,-768,-232,-805,2555,1020,-1509,-4485
MNQ,ASIA,"ASIA 18:00→00:00 break BOTH stop MID 1R exit 09:25",705,-1989,-2.82,52.1,0.92,-0.93,3065,1,591,3717,6.29,53.6,1.12,1.12,2306,-79,217,-1981,-145,1665,397,1656
MNQ,ASIA,"ASIA 18:00→00:00 break BOTH stop MID 1R exit 11:00",705,-760,-1.08,52.9,0.97,-0.33,2435,1,591,3169,5.36,53.6,1.09,0.87,4282,-212,846,-854,-541,1954,-977,2191
MNQ,ASIA,"ASIA 18:00→00:00 break BOTH stop MID 2R exit 09:25",705,-4056,-5.75,38.2,0.87,-1.56,4644,1,591,1500,2.54,40.4,1.04,0.37,4664,-416,-1853,-1948,161,1817,-1420,1104
MNQ,ASIA,"ASIA 18:00→00:00 break BOTH stop MID 2R exit 11:00",705,-1952,-2.77,36.2,0.94,-0.65,3551,1,591,840,1.42,35.0,1.02,0.17,7289,-242,-1459,-599,347,1813,-1807,834
MNQ,ASIA,"ASIA 18:00→00:00 break BOTH stop MID time exit 09:25",705,-4714,-6.69,31.3,0.86,-1.56,6185,1,591,-1000,-1.69,35.4,0.97,-0.23,4991,-673,-1673,-3282,913,1835,-1793,-1042
MNQ,ASIA,"ASIA 18:00→00:00 break BOTH stop MID time exit 11:00",705,240,0.34,23.1,1.01,0.06,4088,2,591,-2893,-4.89,23.2,0.94,-0.50,7312,-407,-649,446,850,2282,-3471,-1704
MNQ,ASIA,"ASIA 18:00→02:00 break LONG stop OPP 1R exit 09:25",390,-675,-1.73,49.2,0.96,-0.30,2288,1,324,-1537,-4.74,47.2,0.93,-0.49,3979,-148,-173,-426,72,-525,-2341,1329
MNQ,ASIA,"ASIA 18:00→02:00 break LONG stop OPP 1R exit 11:00",390,1454,3.73,53.3,1.06,0.47,1909,3,324,-9269,-28.61,44.1,0.76,-2.03,10209,-458,381,804,728,-2916,-3290,-3064
MNQ,ASIA,"ASIA 18:00→02:00 break LONG stop OPP 2R exit 09:25",390,-194,-0.50,45.6,0.99,-0.08,2609,2,324,-537,-1.66,46.3,0.98,-0.16,2759,-283,59,-888,918,-483,-1202,1148
MNQ,ASIA,"ASIA 18:00→02:00 break LONG stop OPP 2R exit 11:00",390,2875,7.37,43.8,1.10,0.78,2671,3,324,-7494,-23.13,39.5,0.82,-1.48,8920,-715,1331,311,1949,-2054,-3127,-2313
MNQ,ASIA,"ASIA 18:00→02:00 break LONG stop OPP time exit 09:25",390,-1140,-2.92,44.4,0.94,-0.45,3065,1,324,288,0.89,46.3,1.01,0.08,2604,-283,-290,-1397,830,-216,-1028,1532
MNQ,ASIA,"ASIA 18:00→02:00 break LONG stop OPP time exit 11:00",390,1313,3.37,40.8,1.04,0.34,2806,2,324,-7253,-22.39,38.3,0.83,-1.40,8614,-531,1423,-1091,1512,-2136,-3207,-1911
MNQ,ASIA,"ASIA 18:00→02:00 break LONG stop MID 1R exit 09:25",390,-752,-1.93,50.5,0.95,-0.47,2034,3,324,299,0.92,50.3,1.02,0.12,3120,75,268,-1382,288,727,-2171,1743
MNQ,ASIA,"ASIA 18:00→02:00 break LONG stop MID 1R exit 11:00",390,913,2.34,52.6,1.06,0.52,1799,2,324,-1092,-3.37,50.0,0.95,-0.38,4456,-154,1069,-136,134,1139,-3648,1416
MNQ,ASIA,"ASIA 18:00→02:00 break LONG stop MID 2R exit 09:25",390,-2274,-5.83,38.5,0.86,-1.19,2844,0,324,-1087,-3.35,41.0,0.95,-0.40,3838,-131,-219,-1785,-139,1017,-2586,482
MNQ,ASIA,"ASIA 18:00→02:00 break LONG stop MID 2R exit 11:00",390,-279,-0.72,35.9,0.99,-0.12,2056,1,324,-2548,-7.86,34.3,0.91,-0.72,4565,-36,-168,-673,598,420,-2410,-558
MNQ,ASIA,"ASIA 18:00→02:00 break LONG stop MID time exit 09:25",390,-2498,-6.41,33.8,0.86,-1.17,3057,1,324,-339,-1.05,39.2,0.98,-0.11,3531,-266,-516,-2041,324,818,-1899,743
MNQ,ASIA,"ASIA 18:00→02:00 break LONG stop MID time exit 11:00",390,-678,-1.74,24.9,0.97,-0.23,2990,2,324,-2393,-7.39,26.5,0.92,-0.58,4716,-109,1,-1067,497,-331,-2522,460
MNQ,ASIA,"ASIA 18:00→02:00 break SHORT stop OPP 1R exit 09:25",329,-766,-2.33,51.4,0.96,-0.32,1777,1,234,-401,-1.71,48.7,0.98,-0.13,2830,-653,-511,411,-13,-796,-566,961
MNQ,ASIA,"ASIA 18:00→02:00 break SHORT stop OPP 1R exit 11:00",329,-659,-2.00,50.5,0.97,-0.23,2025,2,234,-3033,-12.96,47.9,0.88,-0.76,6399,-630,-1119,1028,62,-724,36,-2345
MNQ,ASIA,"ASIA 18:00→02:00 break SHORT stop OPP 2R exit 09:25",329,-89,-0.27,46.8,1.00,-0.03,1324,2,234,-1024,-4.37,45.3,0.95,-0.32,3208,-481,-363,679,76,-337,-1109,423
MNQ,ASIA,"ASIA 18:00→02:00 break SHORT stop OPP 2R exit 11:00",329,533,1.62,41.3,1.02,0.15,2146,2,234,-3051,-13.04,38.0,0.89,-0.69,7392,-466,-570,1046,524,1749,-1296,-3504
MNQ,ASIA,"ASIA 18:00→02:00 break SHORT stop OPP time exit 09:25",329,1134,3.45,45.9,1.06,0.40,1351,2,234,-392,-1.67,44.9,0.98,-0.12,3273,-451,-22,1471,136,-44,-512,164
MNQ,ASIA,"ASIA 18:00→02:00 break SHORT stop OPP time exit 11:00",329,4306,13.09,38.0,1.16,1.03,2093,4,234,-2904,-12.41,35.9,0.90,-0.63,7506,65,325,3460,457,1950,-474,-4380
MNQ,ASIA,"ASIA 18:00→02:00 break SHORT stop MID 1R exit 09:25",329,934,2.84,53.8,1.08,0.59,984,3,234,2245,9.59,54.3,1.18,1.02,1666,-122,541,88,426,827,548,870
MNQ,ASIA,"ASIA 18:00→02:00 break SHORT stop MID 1R exit 11:00",329,53,0.16,52.6,1.00,0.03,1226,1,234,3026,12.93,55.1,1.23,1.25,2028,-156,471,-191,-73,1065,592,1369
MNQ,ASIA,"ASIA 18:00→02:00 break SHORT stop MID 2R exit 09:25",329,467,1.42,40.1,1.03,0.24,1527,3,234,961,4.11,39.7,1.06,0.35,2406,-247,336,152,225,-579,69,1471
MNQ,ASIA,"ASIA 18:00→02:00 break SHORT stop MID 2R exit 11:00",329,663,2.01,36.8,1.04,0.29,1590,2,234,743,3.17,35.0,1.04,0.23,3538,-181,-60,306,597,138,-162,767
MNQ,ASIA,"ASIA 18:00→02:00 break SHORT stop MID time exit 09:25",329,1385,4.21,34.3,1.09,0.60,1064,3,234,874,3.74,35.9,1.06,0.30,2394,-45,921,335,174,284,-315,905
MNQ,ASIA,"ASIA 18:00→02:00 break SHORT stop MID time exit 11:00",329,4968,15.10,25.5,1.27,1.43,1504,3,234,-570,-2.44,23.9,0.97,-0.16,4100,514,1280,3375,-200,2227,-1598,-1200
MNQ,ASIA,"ASIA 18:00→02:00 break BOTH stop OPP 1R exit 09:25",656,-1898,-2.89,49.8,0.94,-0.60,3284,1,521,-1827,-3.51,48.4,0.95,-0.42,5670,-878,-999,-610,589,-1169,-2559,1901
MNQ,ASIA,"ASIA 18:00→02:00 break BOTH stop OPP 1R exit 11:00",656,-93,-0.14,51.5,1.00,-0.02,3060,2,521,-12148,-23.32,45.3,0.81,-2.03,13819,-1304,-928,946,1193,-3787,-3442,-4920
MNQ,ASIA,"ASIA 18:00→02:00 break BOTH stop OPP 2R exit 09:25",656,-1455,-2.22,46.0,0.96,-0.42,4291,1,521,-1447,-2.78,46.3,0.96,-0.32,5073,-955,-860,-1386,1745,-826,-2159,1538
MNQ,ASIA,"ASIA 18:00→02:00 break BOTH stop OPP 2R exit 11:00",656,1699,2.59,42.2,1.03,0.34,3015,3,521,-11208,-21.51,38.6,0.83,-1.70,12776,-1468,212,257,2699,-1157,-5368,-4684
MNQ,ASIA,"ASIA 18:00→02:00 break BOTH stop OPP time exit 09:25",656,-2094,-3.19,45.0,0.94,-0.59,4883,1,521,-544,-1.04,46.1,0.99,-0.12,4350,-909,-1028,-1793,1636,-840,-1367,1664
MNQ,ASIA,"ASIA 18:00→02:00 break BOTH stop OPP time exit 11:00",656,3235,4.93,39.6,1.06,0.60,2588,3,521,-10853,-20.83,37.4,0.84,-1.60,12624,-1068,829,935,2540,-1185,-4511,-5157
MNQ,ASIA,"ASIA 18:00→02:00 break BOTH stop MID 1R exit 09:25",656,523,0.80,52.6,1.02,0.24,1850,2,521,3201,6.14,52.8,1.11,0.98,2982,-153,776,-1127,1027,1637,-1298,2861
MNQ,ASIA,"ASIA 18:00→02:00 break BOTH stop MID 1R exit 11:00",656,1392,2.12,53.2,1.06,0.58,1466,2,521,2657,5.10,53.0,1.08,0.72,4721,-415,1507,-129,429,2287,-2664,3034
MNQ,ASIA,"ASIA 18:00→02:00 break BOTH stop MID 2R exit 09:25",656,-1787,-2.72,39.6,0.94,-0.67,3280,1,521,226,0.43,41.5,1.01,0.06,5605,-466,-31,-1845,555,403,-2095,1917
MNQ,ASIA,"ASIA 18:00→02:00 break BOTH stop MID 2R exit 11:00",656,286,0.44,36.4,1.01,0.09,2385,1,521,-1477,-2.84,35.1,0.97,-0.31,7241,-499,-142,-598,1525,540,-2190,173
MNQ,ASIA,"ASIA 18:00→02:00 break BOTH stop MID time exit 09:25",656,-1921,-2.93,34.9,0.94,-0.65,4251,2,521,868,1.67,38.8,1.03,0.21,4809,-497,71,-2747,1252,692,-1792,1968
MNQ,ASIA,"ASIA 18:00→02:00 break BOTH stop MID time exit 11:00",656,3298,5.03,25.8,1.09,0.76,2511,3,521,-2289,-4.39,26.3,0.95,-0.42,8259,-264,1079,1486,998,1739,-3896,-131
MNQ,ORB2,"ORB2 09:30 5m break LONG stop range to 15:55 days ALL",643,7070,10.99,32.2,1.16,1.40,3669,4,528,3958,7.50,30.7,1.08,0.58,4478,575,2362,1826,2307,274,3960,-277
MNQ,ORB2,"ORB2 09:30 5m opening-candle direction LONG stop range to 15:55 days ALL",405,2123,5.24,28.9,1.07,0.51,2518,2,327,3123,9.55,29.1,1.10,0.51,3783,-937,1644,1849,-433,518,2406,200
MNQ,ORB2,"ORB2 09:30 5m break SHORT stop range to 15:55 days ALL",620,214,0.35,26.8,1.00,0.04,5060,2,547,2491,4.55,28.3,1.05,0.37,6415,-767,267,2540,-1826,2150,4498,-4157
MNQ,ORB2,"ORB2 09:30 5m opening-candle direction SHORT stop range to 15:55 days ALL",378,-2338,-6.18,24.6,0.92,-0.58,4346,1,349,4750,13.61,30.9,1.14,0.93,4518,-1745,-436,628,-785,3289,3332,-1871
MNQ,ORB2,"ORB2 09:30 5m break BOTH stop range to 15:55 days ALL",784,6086,7.76,29.2,1.11,1.04,4342,2,677,8718,12.88,30.6,1.13,1.09,6128,-1023,2281,5263,-435,3931,6721,-1934
MNQ,ORB2,"ORB2 09:30 5m opening-candle direction BOTH stop range to 15:55 days ALL",783,-215,-0.27,26.8,1.00,-0.04,4145,2,676,7873,11.65,30.0,1.12,0.99,6074,-2682,1208,2477,-1218,3807,5738,-1671
MNQ,ORB2,"ORB2 09:30 5m break LONG stop range to 15:55 days NARROW",435,8416,19.35,31.3,1.32,2.15,3263,4,349,550,1.58,28.4,1.02,0.14,4100,600,1716,2603,3497,418,-1508,1641
MNQ,ORB2,"ORB2 09:30 5m opening-candle direction LONG stop range to 15:55 days NARROW",277,3712,13.40,27.8,1.21,1.16,2036,3,217,345,1.59,26.3,1.02,0.10,2765,-139,899,2105,847,-726,-627,1698
MNQ,ORB2,"ORB2 09:30 5m break SHORT stop range to 15:55 days NARROW",415,1744,4.20,24.6,1.06,0.44,3394,2,354,4347,12.28,26.6,1.15,0.87,3402,-547,985,3676,-2370,-704,4585,466
MNQ,ORB2,"ORB2 09:30 5m opening-candle direction SHORT stop range to 15:55 days NARROW",244,2833,11.61,24.6,1.17,0.86,1860,2,211,3405,16.14,26.1,1.19,0.91,2257,-908,1065,3296,-620,-644,4242,-194
MNQ,ORB2,"ORB2 09:30 5m break BOTH stop range to 15:55 days NARROW",522,9787,18.75,28.5,1.30,2.13,2850,3,429,1749,4.08,27.5,1.05,0.37,3396,-815,2769,6694,1139,121,828,800
MNQ,ORB2,"ORB2 09:30 5m opening-candle direction BOTH stop range to 15:55 days NARROW",521,6545,12.56,26.3,1.19,1.43,2494,3,428,3750,8.76,26.2,1.11,0.75,3254,-1047,1964,5401,227,-1370,3615,1505
MNQ,ORB2,"ORB2 09:30 5m break LONG stop range to 15:55 days NOTWIDE",639,7416,11.61,32.1,1.17,1.47,3669,4,523,3912,7.48,30.6,1.08,0.58,4478,828,2477,1826,2286,-231,4287,-145
MNQ,ORB2,"ORB2 09:30 5m opening-candle direction LONG stop range to 15:55 days NOTWIDE",404,2340,5.79,29.0,1.08,0.57,2518,2,323,2389,7.40,28.8,1.08,0.40,3960,-937,1861,1849,-433,-51,2417,23
MNQ,ORB2,"ORB2 09:30 5m break SHORT stop range to 15:55 days NOTWIDE",614,304,0.49,26.5,1.01,0.06,5130,1,541,2057,3.80,28.1,1.04,0.31,6847,-514,-57,2540,-1666,1871,3865,-3680
MNQ,ORB2,"ORB2 09:30 5m opening-candle direction SHORT stop range to 15:55 days NOTWIDE",373,-2186,-5.86,24.4,0.93,-0.54,4355,1,344,4271,12.42,30.8,1.13,0.85,3944,-1492,-698,628,-625,2918,2650,-1296
MNQ,ORB2,"ORB2 09:30 5m break BOTH stop range to 15:55 days NOTWIDE",778,6497,8.35,29.2,1.11,1.12,4132,2,668,8060,12.07,30.4,1.13,1.02,5757,-770,2279,5263,-275,3148,6415,-1503
MNQ,ORB2,"ORB2 09:30 5m opening-candle direction BOTH stop range to 15:55 days NOTWIDE",777,154,0.20,26.8,1.00,0.03,4211,2,667,6660,9.99,29.8,1.10,0.85,6195,-2429,1163,2477,-1058,2867,5067,-1274
MNQ,ORB2,"ORB2 09:30 5m break LONG stop range to 15:55 days NONEWS",593,7562,12.75,32.2,1.19,1.56,2691,4,487,4922,10.11,30.8,1.11,0.74,3696,273,2417,3242,1630,-772,5355,339
MNQ,ORB2,"ORB2 09:30 5m opening-candle direction LONG stop range to 15:55 days NONEWS",378,826,2.18,28.0,1.03,0.21,2751,2,301,2592,8.61,28.6,1.09,0.44,3823,-937,1543,2097,-1877,-849,3032,409
MNQ,ORB2,"ORB2 09:30 5m break SHORT stop range to 15:55 days NONEWS",570,2609,4.58,27.4,1.06,0.53,4292,2,505,246,0.49,28.9,1.00,0.04,7541,-493,197,4055,-1150,2306,3782,-5842
MNQ,ORB2,"ORB2 09:30 5m opening-candle direction SHORT stop range to 15:55 days NONEWS",344,65,0.19,25.6,1.00,0.02,2878,2,321,4928,15.35,31.8,1.16,1.00,5168,-1344,68,1711,-369,3481,3740,-2293
MNQ,ORB2,"ORB2 09:30 5m break BOTH stop range to 15:55 days NONEWS",722,8483,11.75,29.9,1.16,1.50,4166,2,623,7044,11.31,31.0,1.12,0.94,7237,-804,2205,7188,-106,2868,6958,-2783
MNQ,ORB2,"ORB2 09:30 5m opening-candle direction BOTH stop range to 15:55 days NONEWS",722,891,1.23,26.9,1.02,0.16,3620,2,622,7520,12.09,30.2,1.12,0.98,6706,-2281,1610,3808,-2246,2632,6772,-1884
MNQ,ORB2,"ORB2 09:30 5m break LONG stop range 2R days ALL",643,-1072,-1.67,37.3,0.97,-0.29,5319,1,528,-1010,-1.91,36.2,0.98,-0.21,4787,524,-21,-1210,-365,1512,-382,-2139
MNQ,ORB2,"ORB2 09:30 5m opening-candle direction LONG stop range 2R days ALL",405,1454,3.59,37.3,1.05,0.47,2727,3,327,-2213,-6.77,33.9,0.93,-0.57,3921,-942,846,890,660,85,-1145,-1153
MNQ,ORB2,"ORB2 09:30 5m break SHORT stop range 2R days ALL",620,-2564,-4.14,34.5,0.94,-0.68,5374,0,547,-1988,-3.63,34.7,0.96,-0.41,9242,-481,-69,-158,-1857,3699,-1405,-4282
MNQ,ORB2,"ORB2 09:30 5m opening-candle direction SHORT stop range 2R days ALL",378,-4556,-12.05,31.7,0.84,-1.54,5132,0,349,5489,15.73,40.4,1.18,1.37,3966,-1551,-468,-536,-2002,3745,2860,-1115
MNQ,ORB2,"ORB2 09:30 5m break BOTH stop range 2R days ALL",784,-4292,-5.47,34.9,0.92,-1.02,7417,0,677,3455,5.10,37.4,1.06,0.62,6819,-852,-30,-1156,-2255,5879,723,-3148
MNQ,ORB2,"ORB2 09:30 5m opening-candle direction BOTH stop range 2R days ALL",783,-3102,-3.96,34.6,0.94,-0.73,5024,2,676,3276,4.85,37.3,1.05,0.59,5811,-2493,379,354,-1342,3830,1715,-2268
MNQ,ORB2,"ORB2 09:30 5m break LONG stop range 2R days NARROW",435,2408,5.54,38.4,1.10,0.89,3080,3,349,-773,-2.21,35.2,0.97,-0.25,3631,419,-187,1311,865,771,-1188,-356
MNQ,ORB2,"ORB2 09:30 5m opening-candle direction LONG stop range 2R days NARROW",277,3925,14.17,39.0,1.26,1.72,1560,3,217,-1835,-8.45,31.8,0.89,-0.74,3584,-143,637,2075,1357,-1355,-1087,607
MNQ,ORB2,"ORB2 09:30 5m break SHORT stop range 2R days NARROW",415,490,1.18,35.2,1.02,0.18,3338,2,354,-1839,-5.19,33.3,0.93,-0.57,4325,81,-22,1671,-1240,145,-716,-1268
MNQ,ORB2,"ORB2 09:30 5m opening-candle direction SHORT stop range 2R days NARROW",244,-153,-0.63,33.6,0.99,-0.07,1480,2,211,3429,16.25,38.9,1.23,1.30,1216,-533,117,1494,-1232,387,3243,-201
MNQ,ORB2,"ORB2 09:30 5m break BOTH stop range 2R days NARROW",522,1579,3.02,36.6,1.05,0.52,3220,2,429,780,1.82,35.7,1.02,0.22,3431,-287,779,1648,-562,1605,-882,57
MNQ,ORB2,"ORB2 09:30 5m opening-candle direction BOTH stop range 2R days NARROW",521,3772,7.24,36.5,1.13,1.22,1472,3,428,1595,3.73,35.3,1.05,0.44,2401,-676,754,3569,125,-968,2156,406
MNQ,ORB2,"ORB2 09:30 5m break LONG stop range 2R days NOTWIDE",639,-725,-1.13,37.2,0.98,-0.19,5204,2,523,-1349,-2.58,36.1,0.97,-0.29,4714,777,94,-1210,-387,713,-55,-2007
MNQ,ORB2,"ORB2 09:30 5m opening-candle direction LONG stop range 2R days NOTWIDE",404,1671,4.13,37.4,1.06,0.55,2727,3,323,-3178,-9.84,33.7,0.89,-0.85,4394,-942,1063,890,660,-714,-1134,-1330
MNQ,ORB2,"ORB2 09:30 5m break SHORT stop range 2R days NOTWIDE",614,-2797,-4.55,34.4,0.93,-0.75,5625,0,541,-3259,-6.02,34.4,0.93,-0.69,9818,-228,-715,-158,-1697,2728,-1798,-4188
MNQ,ORB2,"ORB2 09:30 5m opening-candle direction SHORT stop range 2R days NOTWIDE",373,-4404,-11.81,31.6,0.84,-1.51,4981,0,344,4699,13.66,40.1,1.16,1.20,3636,-1298,-730,-536,-1842,2774,2466,-541
MNQ,ORB2,"ORB2 09:30 5m break BOTH stop range 2R days NOTWIDE",778,-3881,-4.99,35.0,0.93,-0.93,7281,0,668,2049,3.07,37.1,1.03,0.38,6448,-598,-32,-1156,-2095,4110,657,-2717
MNQ,ORB2,"ORB2 09:30 5m opening-candle direction BOTH stop range 2R days NOTWIDE",777,-2734,-3.52,34.6,0.95,-0.65,4816,2,667,1522,2.28,37.0,1.03,0.28,5833,-2239,333,354,-1182,2060,1332,-1871
MNQ,ORB2,"ORB2 09:30 5m break LONG stop range 2R days NONEWS",593,-98,-0.17,37.3,1.00,-0.03,4436,3,487,-631,-1.30,36.1,0.99,-0.14,3976,207,160,342,-806,495,385,-1510
MNQ,ORB2,"ORB2 09:30 5m opening-candle direction LONG stop range 2R days NONEWS",378,488,1.29,36.5,1.02,0.17,2727,3,301,-2241,-7.45,33.6,0.92,-0.61,3823,-942,901,483,46,-825,-502,-915
MNQ,ORB2,"ORB2 09:30 5m break SHORT stop range 2R days NONEWS",570,-722,-1.27,35.3,0.98,-0.20,5189,1,505,-3932,-7.79,34.5,0.92,-0.86,9830,-207,-678,1127,-964,3821,-2939,-4813
MNQ,ORB2,"ORB2 09:30 5m opening-candle direction SHORT stop range 2R days NONEWS",344,-3445,-10.01,32.3,0.86,-1.23,3947,1,321,5059,15.76,40.8,1.18,1.31,4224,-1150,-1103,377,-1569,4026,2276,-1244
MNQ,ORB2,"ORB2 09:30 5m break BOTH stop range 2R days NONEWS",722,-2581,-3.57,35.5,0.95,-0.64,7515,1,623,2501,4.01,37.4,1.05,0.47,6338,-633,-527,467,-1889,4704,138,-2341
MNQ,ORB2,"ORB2 09:30 5m opening-candle direction BOTH stop range 2R days NONEWS",722,-2957,-4.09,34.5,0.94,-0.73,4887,1,622,2818,4.53,37.3,1.05,0.53,5914,-2092,-202,860,-1523,3201,1775,-2158
MNQ,ORB2,"ORB2 09:30 5m break LONG stop range 4R days ALL",643,5088,7.91,32.7,1.12,1.08,3083,4,528,1160,2.20,31.3,1.02,0.21,4478,552,1977,1667,893,999,1684,-1523
MNQ,ORB2,"ORB2 09:30 5m opening-candle direction LONG stop range 4R days ALL",405,2775,6.85,30.4,1.10,0.72,2576,2,327,-186,-0.57,29.7,0.99,-0.04,3553,-937,2204,1953,-446,391,230,-807
MNQ,ORB2,"ORB2 09:30 5m break SHORT stop range 4R days ALL",620,1053,1.70,27.6,1.02,0.22,4255,2,547,1998,3.65,29.6,1.04,0.33,6208,-168,251,1881,-912,2624,2780,-3406
MNQ,ORB2,"ORB2 09:30 5m opening-candle direction SHORT stop range 4R days ALL",378,-2656,-7.03,25.1,0.91,-0.71,4408,1,349,7646,21.91,32.7,1.23,1.49,3679,-1699,-629,266,-594,2537,4437,673
MNQ,ORB2,"ORB2 09:30 5m break BOTH stop range 4R days ALL",784,4573,5.83,29.8,1.08,0.84,4037,2,677,8191,12.10,31.8,1.13,1.19,5794,-784,2038,4275,-957,3639,5383,-831
MNQ,ORB2,"ORB2 09:30 5m opening-candle direction BOTH stop range 4R days ALL",783,119,0.15,27.8,1.00,0.02,3981,2,676,7461,11.04,31.2,1.11,1.09,4662,-2635,1575,2219,-1040,2928,4667,-134
MNQ,ORB2,"ORB2 09:30 5m break LONG stop range 4R days NARROW",435,6365,14.63,32.0,1.24,1.79,2685,4,349,545,1.56,29.2,1.02,0.14,4214,577,1218,2671,1900,1292,-1184,437
MNQ,ORB2,"ORB2 09:30 5m opening-candle direction LONG stop range 4R days NARROW",277,4476,16.16,29.6,1.26,1.49,1456,3,217,-145,-0.67,27.2,0.99,-0.05,2368,-138,1096,2505,1013,-664,-173,692
MNQ,ORB2,"ORB2 09:30 5m break SHORT stop range 4R days NARROW",415,2305,5.55,25.8,1.09,0.64,3228,2,354,4679,13.22,28.5,1.16,1.05,3496,-137,687,3045,-1290,536,2824,1319
MNQ,ORB2,"ORB2 09:30 5m opening-candle direction SHORT stop range 4R days NARROW",244,2318,9.50,25.4,1.14,0.80,1562,2,211,5897,27.95,28.9,1.35,1.58,1912,-862,576,2934,-331,-490,4978,1409
MNQ,ORB2,"ORB2 09:30 5m break BOTH stop range 4R days NARROW",522,8268,15.84,29.5,1.25,1.98,2272,3,429,4432,10.33,29.4,1.13,0.94,2828,-511,2089,5981,710,744,1943,1746
MNQ,ORB2,"ORB2 09:30 5m opening-candle direction BOTH stop range 4R days NARROW",521,6794,13.04,27.6,1.20,1.63,1730,3,428,5752,13.44,28.0,1.16,1.20,3266,-1000,1672,5439,683,-1154,4805,2101
MNQ,ORB2,"ORB2 09:30 5m break LONG stop range 4R days NOTWIDE",639,5435,8.50,32.6,1.12,1.16,3083,4,523,1115,2.13,31.2,1.02,0.20,4478,805,2092,1667,872,494,2011,-1391
MNQ,ORB2,"ORB2 09:30 5m opening-candle direction LONG stop range 4R days NOTWIDE",404,2991,7.40,30.4,1.10,0.78,2576,2,323,-920,-2.85,29.4,0.97,-0.21,3756,-937,2421,1953,-446,-177,241,-984
MNQ,ORB2,"ORB2 09:30 5m break SHORT stop range 4R days NOTWIDE",614,1143,1.86,27.4,1.03,0.24,4275,2,541,1564,2.89,29.4,1.03,0.26,6498,86,-73,1881,-752,2345,2147,-2929
MNQ,ORB2,"ORB2 09:30 5m opening-candle direction SHORT stop range 4R days NOTWIDE",373,-2504,-6.71,24.9,0.91,-0.67,4417,1,344,7167,20.83,32.6,1.22,1.42,3380,-1445,-891,266,-434,2166,3755,1247
MNQ,ORB2,"ORB2 09:30 5m break BOTH stop range 4R days NOTWIDE",778,4984,6.41,29.8,1.09,0.92,3821,2,668,7533,11.28,31.6,1.12,1.11,5698,-530,2036,4275,-797,2855,5078,-400
MNQ,ORB2,"ORB2 09:30 5m opening-candle direction BOTH stop range 4R days NOTWIDE",777,487,0.63,27.8,1.01,0.09,4047,2,667,6248,9.37,31.0,1.10,0.93,4605,-2382,1530,2219,-880,1989,3996,264
MNQ,ORB2,"ORB2 09:30 5m break LONG stop range 4R days NONEWS",593,5397,9.10,32.4,1.13,1.19,2565,4,487,2006,4.12,31.4,1.04,0.37,3696,250,2032,2832,283,-165,3079,-908
MNQ,ORB2,"ORB2 09:30 5m opening-candle direction LONG stop range 4R days NONEWS",378,1384,3.66,29.4,1.05,0.37,2576,2,301,-671,-2.23,29.2,0.98,-0.16,3318,-937,2103,1741,-1523,-930,856,-597
MNQ,ORB2,"ORB2 09:30 5m break SHORT stop range 4R days NONEWS",570,3215,5.64,28.2,1.08,0.69,4359,3,505,-374,-0.74,29.9,0.99,-0.07,7753,107,108,3201,-201,2998,844,-4215
MNQ,ORB2,"ORB2 09:30 5m opening-candle direction SHORT stop range 4R days NONEWS",344,-196,-0.57,26.2,0.99,-0.05,2992,1,321,6846,21.33,33.0,1.22,1.40,4063,-1298,-126,1406,-179,3011,3628,208
MNQ,ORB2,"ORB2 09:30 5m break BOTH stop range 4R days NONEWS",722,6703,9.28,30.3,1.13,1.27,3834,2,623,6468,10.38,31.9,1.11,0.99,6626,-565,1990,5949,-672,2760,4400,-692
MNQ,ORB2,"ORB2 09:30 5m opening-candle direction BOTH stop range 4R days NONEWS",722,1188,1.64,27.8,1.02,0.23,3456,2,622,6176,9.93,31.2,1.10,0.95,5203,-2234,1977,3146,-1702,2081,4484,-390
MNQ,ORB2,"ORB2 09:30 5m break LONG stop 0.10×ATR to 15:55 days ALL",643,514,0.80,15.6,1.02,0.15,3190,2,528,-25,-0.05,16.1,1.00,-0.01,3297,-41,2068,-1759,246,-1587,179,1383
MNQ,ORB2,"ORB2 09:30 5m opening-candle direction LONG stop 0.10×ATR to 15:55 days ALL",405,3028,7.48,16.5,1.19,0.98,2180,2,327,4361,13.34,19.0,1.25,1.26,1902,-227,2065,1949,-759,1589,42,2730
MNQ,ORB2,"ORB2 09:30 5m break SHORT stop 0.10×ATR to 15:55 days ALL",620,-104,-0.17,12.9,1.00,-0.03,4093,1,547,-4724,-8.64,13.0,0.85,-1.13,6186,-363,-1714,3400,-1428,11,-2958,-1778
MNQ,ORB2,"ORB2 09:30 5m opening-candle direction SHORT stop 0.10×ATR to 15:55 days ALL",378,1869,4.95,14.8,1.12,0.63,1663,3,349,1102,3.16,15.8,1.06,0.31,2850,-954,1194,1029,601,1869,1021,-1788
MNQ,ORB2,"ORB2 09:30 5m break BOTH stop 0.10×ATR to 15:55 days ALL",784,2686,3.43,14.4,1.08,0.63,2698,2,677,-724,-1.07,15.5,0.98,-0.15,3747,-692,845,2826,-292,367,-822,-269
MNQ,ORB2,"ORB2 09:30 5m opening-candle direction BOTH stop 0.10×ATR to 15:55 days ALL",783,4897,6.25,15.7,1.15,1.14,1940,2,676,5462,8.08,17.3,1.15,1.10,2141,-1181,3259,2978,-158,3458,1062,942
MNQ,ORB2,"ORB2 09:30 5m break LONG stop 0.10×ATR to 15:55 days NARROW",435,3495,8.03,18.4,1.19,1.19,2176,3,349,-1481,-4.24,15.8,0.92,-0.47,3551,225,2381,-573,1463,-2227,0,746
MNQ,ORB2,"ORB2 09:30 5m opening-candle direction LONG stop 0.10×ATR to 15:55 days NARROW",277,2702,9.76,18.4,1.24,1.13,1855,4,217,2352,10.84,19.8,1.20,0.86,2083,40,1428,671,563,170,687,1494
MNQ,ORB2,"ORB2 09:30 5m break SHORT stop 0.10×ATR to 15:55 days NARROW",415,-889,-2.14,13.5,0.95,-0.30,2739,1,354,-1929,-5.45,14.4,0.91,-0.56,4662,-509,-1287,2966,-2059,-1458,-2155,1684
MNQ,ORB2,"ORB2 09:30 5m opening-candle direction SHORT stop 0.10×ATR to 15:55 days NARROW",244,2629,10.77,16.8,1.25,1.01,1206,2,211,1619,7.67,16.6,1.14,0.57,1660,-574,886,2415,-98,-582,2083,118
MNQ,ORB2,"ORB2 09:30 5m break BOTH stop 0.10×ATR to 15:55 days NARROW",522,4621,8.85,16.7,1.21,1.32,2016,3,429,-2446,-5.70,15.4,0.90,-0.69,3704,-545,855,3558,753,-2131,-524,208
MNQ,ORB2,"ORB2 09:30 5m opening-candle direction BOTH stop 0.10×ATR to 15:55 days NARROW",521,5331,10.23,17.7,1.24,1.51,1557,3,428,3971,9.28,18.2,1.17,1.01,2355,-533,2315,3085,465,-412,2770,1612
MNQ,ORB2,"ORB2 09:30 5m break LONG stop 0.10×ATR to 15:55 days NOTWIDE",639,654,1.02,15.6,1.02,0.18,3190,3,523,-288,-0.55,16.1,0.99,-0.07,3745,2,2132,-1759,278,-2091,236,1568
MNQ,ORB2,"ORB2 09:30 5m opening-candle direction LONG stop 0.10×ATR to 15:55 days NOTWIDE",404,3060,7.57,16.6,1.19,0.99,2180,2,323,3479,10.77,18.6,1.20,1.03,2273,-227,2097,1949,-759,1021,98,2359
MNQ,ORB2,"ORB2 09:30 5m break SHORT stop 0.10×ATR to 15:55 days NOTWIDE",614,100,0.16,13.0,1.00,0.03,3921,1,541,-4855,-8.97,12.9,0.84,-1.17,5981,-320,-1584,3400,-1396,-325,-2919,-1611
MNQ,ORB2,"ORB2 09:30 5m opening-candle direction SHORT stop 0.10×ATR to 15:55 days NOTWIDE",373,2041,5.47,15.0,1.13,0.68,1663,3,344,1353,3.93,16.0,1.07,0.38,2733,-911,1291,1029,633,1964,1060,-1670
MNQ,ORB2,"ORB2 09:30 5m break BOTH stop 0.10×ATR to 15:55 days NOTWIDE",778,2890,3.71,14.5,1.09,0.68,2698,2,668,-1222,-1.83,15.4,0.97,-0.26,3708,-649,974,2826,-260,-473,-726,-23
MNQ,ORB2,"ORB2 09:30 5m opening-candle direction BOTH stop 0.10×ATR to 15:55 days NOTWIDE",777,5101,6.57,15.8,1.16,1.19,1940,2,667,4832,7.24,17.2,1.13,0.98,2163,-1138,3388,2978,-126,2985,1158,688
MNQ,ORB2,"ORB2 09:30 5m break LONG stop 0.10×ATR to 15:55 days NONEWS",593,-76,-0.13,15.3,1.00,-0.02,2910,1,487,-113,-0.23,15.8,1.00,-0.03,3808,-130,1907,-1310,-544,-2404,560,1731
MNQ,ORB2,"ORB2 09:30 5m opening-candle direction LONG stop 0.10×ATR to 15:55 days NONEWS",378,2173,5.75,15.9,1.14,0.73,2618,2,301,4082,13.56,19.3,1.25,1.23,1491,-227,1667,2474,-1742,766,548,2768
MNQ,ORB2,"ORB2 09:30 5m break SHORT stop 0.10×ATR to 15:55 days NONEWS",570,763,1.34,13.0,1.03,0.21,3221,1,505,-3469,-6.87,13.7,0.88,-0.86,5947,-253,-1179,3675,-1479,649,-1780,-2338
MNQ,ORB2,"ORB2 09:30 5m opening-candle direction SHORT stop 0.10×ATR to 15:55 days NONEWS",344,2752,8.00,15.4,1.19,0.94,1494,3,321,1837,5.72,16.8,1.11,0.54,2595,-802,1695,1184,675,1469,1783,-1416
MNQ,ORB2,"ORB2 09:30 5m break BOTH stop 0.10×ATR to 15:55 days NONEWS",722,3638,5.04,14.8,1.12,0.88,2317,2,623,485,0.78,15.9,1.01,0.11,2855,-540,1345,3370,-537,-118,447,156
MNQ,ORB2,"ORB2 09:30 5m opening-candle direction BOTH stop 0.10×ATR to 15:55 days NONEWS",722,4925,6.82,15.7,1.17,1.18,1867,2,622,5919,9.52,18.0,1.18,1.24,2215,-1029,3362,3659,-1067,2235,2332,1352
MNQ,ORB2,"ORB2 09:30 5m break LONG stop 0.10×ATR 2R days ALL",643,-4936,-7.68,30.2,0.78,-2.93,5188,0,528,-4170,-7.90,29.5,0.83,-1.90,4762,-188,-745,-2948,-1054,-1963,-330,-1877
MNQ,ORB2,"ORB2 09:30 5m opening-candle direction LONG stop 0.10×ATR 2R days ALL",405,-484,-1.20,33.8,0.96,-0.35,1995,1,327,-1134,-3.47,32.1,0.92,-0.64,1842,-350,881,-313,-703,-708,413,-840
MNQ,ORB2,"ORB2 09:30 5m break SHORT stop 0.10×ATR 2R days ALL",620,-4661,-7.52,27.9,0.78,-2.73,4736,1,547,-6923,-12.66,28.3,0.73,-3.23,7298,-414,-3017,731,-1961,-77,-4131,-2714
MNQ,ORB2,"ORB2 09:30 5m opening-candle direction SHORT stop 0.10×ATR 2R days ALL",378,-586,-1.55,33.1,0.95,-0.42,1486,1,349,258,0.74,35.5,1.02,0.15,1320,-357,-302,372,-299,482,844,-1068
MNQ,ORB2,"ORB2 09:30 5m break BOTH stop 0.10×ATR 2R days ALL",784,-4865,-6.21,30.0,0.82,-2.56,4940,0,677,-4344,-6.42,30.9,0.86,-1.76,4874,-514,-1627,-373,-2351,-892,-1195,-2258
MNQ,ORB2,"ORB2 09:30 5m opening-candle direction BOTH stop 0.10×ATR 2R days ALL",783,-1070,-1.37,33.5,0.96,-0.55,2118,2,676,-876,-1.30,33.9,0.97,-0.35,3009,-707,579,59,-1002,-226,1258,-1908
MNQ,ORB2,"ORB2 09:30 5m break LONG stop 0.10×ATR 2R days NARROW",435,-1365,-3.14,34.3,0.91,-0.93,2340,1,349,-2820,-8.08,28.9,0.83,-1.54,3147,-69,396,-1623,-68,-1826,-67,-927
MNQ,ORB2,"ORB2 09:30 5m opening-candle direction LONG stop 0.10×ATR 2R days NARROW",277,388,1.40,35.4,1.04,0.32,1350,2,217,-335,-1.54,32.3,0.97,-0.22,1437,-178,625,163,-222,-829,611,-116
MNQ,ORB2,"ORB2 09:30 5m break SHORT stop 0.10×ATR 2R days NARROW",415,-3133,-7.55,28.2,0.79,-2.14,3208,1,354,-3502,-9.89,30.2,0.79,-1.92,3991,-269,-1955,546,-1455,-78,-2459,-965
MNQ,ORB2,"ORB2 09:30 5m opening-candle direction SHORT stop 0.10×ATR 2R days NARROW",244,-265,-1.08,33.6,0.97,-0.23,1174,1,211,1198,5.68,37.4,1.13,0.82,749,-289,-106,480,-349,429,783,-14
MNQ,ORB2,"ORB2 09:30 5m break BOTH stop 0.10×ATR 2R days NARROW",522,-1329,-2.55,33.1,0.93,-0.80,2099,1,429,-2851,-6.64,30.5,0.86,-1.40,3084,-293,-375,694,-1355,-1151,-281,-1418
MNQ,ORB2,"ORB2 09:30 5m opening-candle direction BOTH stop 0.10×ATR 2R days NARROW",521,124,0.24,34.5,1.01,0.07,1485,2,428,864,2.02,34.8,1.05,0.41,1530,-467,519,643,-571,-401,1395,-130
MNQ,ORB2,"ORB2 09:30 5m break LONG stop 0.10×ATR 2R days NOTWIDE",639,-4796,-7.51,30.4,0.78,-2.85,5083,0,523,-4073,-7.79,29.6,0.83,-1.86,4666,-146,-680,-2948,-1022,-2108,-273,-1692
MNQ,ORB2,"ORB2 09:30 5m opening-candle direction LONG stop 0.10×ATR 2R days NOTWIDE",404,-544,-1.35,33.7,0.96,-0.39,1995,1,323,-1328,-4.11,31.9,0.91,-0.75,1948,-350,822,-313,-703,-853,470,-945
MNQ,ORB2,"ORB2 09:30 5m break SHORT stop 0.10×ATR 2R days NOTWIDE",614,-4623,-7.53,27.9,0.78,-2.71,4699,1,541,-6897,-12.75,28.3,0.73,-3.23,7272,-371,-3054,731,-1929,-257,-4092,-2548
MNQ,ORB2,"ORB2 09:30 5m opening-candle direction SHORT stop 0.10×ATR 2R days NOTWIDE",373,-779,-2.09,32.4,0.94,-0.56,1621,1,344,78,0.23,35.2,1.01,0.04,1436,-314,-480,372,-357,436,771,-1129
MNQ,ORB2,"ORB2 09:30 5m break BOTH stop 0.10×ATR 2R days NOTWIDE",778,-4827,-6.20,29.9,0.82,-2.54,4903,0,668,-4327,-6.48,30.8,0.86,-1.76,4856,-471,-1665,-373,-2319,-1216,-1099,-2011
MNQ,ORB2,"ORB2 09:30 5m opening-candle direction BOTH stop 0.10×ATR 2R days NOTWIDE",777,-1323,-1.70,33.1,0.95,-0.68,2118,2,667,-1249,-1.87,33.6,0.96,-0.50,3231,-664,342,59,-1060,-417,1242,-2074
MNQ,ORB2,"ORB2 09:30 5m break LONG stop 0.10×ATR 2R days NONEWS",593,-4743,-8.00,29.7,0.77,-2.93,4885,0,487,-3758,-7.72,29.4,0.83,-1.78,4422,-226,-762,-2390,-1365,-2335,-297,-1126
MNQ,ORB2,"ORB2 09:30 5m opening-candle direction LONG stop 0.10×ATR 2R days NONEWS",378,-469,-1.24,33.6,0.96,-0.35,1769,1,301,-201,-0.67,33.2,0.98,-0.12,1492,-350,893,-186,-827,-708,730,-223
MNQ,ORB2,"ORB2 09:30 5m break SHORT stop 0.10×ATR 2R days NONEWS",570,-4457,-7.82,27.7,0.77,-2.73,4532,1,505,-6551,-12.97,28.5,0.73,-3.20,6919,-426,-2699,646,-1978,64,-3614,-3001
MNQ,ORB2,"ORB2 09:30 5m opening-candle direction SHORT stop 0.10×ATR 2R days NONEWS",344,-615,-1.79,33.1,0.95,-0.47,1118,1,321,743,2.31,36.1,1.06,0.43,1096,-327,-192,152,-248,256,1184,-697
MNQ,ORB2,"ORB2 09:30 5m break BOTH stop 0.10×ATR 2R days NONEWS",722,-4637,-6.42,29.9,0.81,-2.55,4713,0,623,-3146,-5.05,31.3,0.89,-1.32,3746,-483,-1302,-416,-2435,-1211,-666,-1269
MNQ,ORB2,"ORB2 09:30 5m opening-candle direction BOTH stop 0.10×ATR 2R days NONEWS",722,-1084,-1.50,33.4,0.95,-0.58,1978,1,622,541,0.87,34.7,1.02,0.22,2330,-676,701,-34,-1075,-452,1914,-920
MNQ,ORB2,"ORB2 09:30 5m break LONG stop 0.10×ATR 4R days ALL",643,-4044,-6.29,19.8,0.84,-1.73,4700,1,528,-3540,-6.70,18.9,0.87,-1.16,4361,3,-71,-3448,-528,-2218,-210,-1112
MNQ,ORB2,"ORB2 09:30 5m opening-candle direction LONG stop 0.10×ATR 4R days ALL",405,2360,5.83,23.7,1.16,1.15,1255,2,327,2350,7.19,23.5,1.14,0.91,1537,-65,1095,1456,-126,476,794,1079
MNQ,ORB2,"ORB2 09:30 5m break SHORT stop 0.10×ATR 4R days ALL",620,-6292,-10.15,16.5,0.75,-2.74,6375,0,547,-6026,-11.02,17.6,0.80,-2.01,6519,-479,-2226,-428,-3159,-87,-3684,-2255
MNQ,ORB2,"ORB2 09:30 5m opening-candle direction SHORT stop 0.10×ATR 4R days ALL",378,-1087,-2.87,20.1,0.93,-0.57,1590,1,349,2054,5.89,23.8,1.12,0.81,1904,-461,-84,198,-740,1255,1438,-639
MNQ,ORB2,"ORB2 09:30 5m break BOTH stop 0.10×ATR 4R days ALL",784,-3523,-4.49,19.5,0.89,-1.32,3770,0,677,-3315,-4.90,19.8,0.91,-0.96,3794,-744,-583,-358,-1838,-165,-1021,-2129
MNQ,ORB2,"ORB2 09:30 5m opening-candle direction BOTH stop 0.10×ATR 4R days ALL",783,1273,1.63,22.0,1.04,0.45,1515,2,676,4404,6.51,23.7,1.13,1.21,2029,-526,1011,1653,-866,1731,2233,440
MNQ,ORB2,"ORB2 09:30 5m break LONG stop 0.10×ATR 4R days NARROW",435,-496,-1.14,22.3,0.97,-0.24,2234,3,349,-2902,-8.31,18.1,0.85,-1.16,3624,49,502,-1572,526,-2249,-47,-606
MNQ,ORB2,"ORB2 09:30 5m opening-candle direction LONG stop 0.10×ATR 4R days NARROW",277,2350,8.48,24.5,1.22,1.31,1014,4,217,1914,8.82,24.0,1.17,0.88,1410,43,639,1088,580,-56,905,1065
MNQ,ORB2,"ORB2 09:30 5m break SHORT stop 0.10×ATR 4R days NARROW",415,-4358,-10.50,16.4,0.75,-2.21,4358,1,354,-3427,-9.68,17.8,0.83,-1.33,4488,-444,-1402,121,-2633,-686,-2494,-247
MNQ,ORB2,"ORB2 09:30 5m opening-candle direction SHORT stop 0.10×ATR 4R days NARROW",244,-182,-0.75,20.9,0.98,-0.11,1111,2,211,1557,7.38,23.7,1.14,0.74,1467,-424,316,778,-851,301,1217,38
MNQ,ORB2,"ORB2 09:30 5m break BOTH stop 0.10×ATR 4R days NARROW",522,-291,-0.56,21.3,0.99,-0.12,2012,2,429,-2581,-6.02,18.9,0.89,-0.91,2899,-632,108,1263,-1030,-1087,-439,-1055
MNQ,ORB2,"ORB2 09:30 5m opening-candle direction BOTH stop 0.10×ATR 4R days NARROW",521,2167,4.16,22.8,1.11,0.89,1253,2,428,3471,8.11,23.8,1.16,1.14,2008,-381,955,1865,-272,246,2122,1103
MNQ,ORB2,"ORB2 09:30 5m break LONG stop 0.10×ATR 4R days NOTWIDE",639,-3904,-6.11,19.9,0.84,-1.67,4603,1,523,-3589,-6.86,18.9,0.87,-1.19,4411,46,-6,-3448,-496,-2510,-153,-927
MNQ,ORB2,"ORB2 09:30 5m opening-candle direction LONG stop 0.10×ATR 4R days NOTWIDE",404,2239,5.54,23.5,1.15,1.09,1255,2,323,1854,5.74,23.2,1.11,0.72,1798,-65,975,1456,-126,184,851,818
MNQ,ORB2,"ORB2 09:30 5m break SHORT stop 0.10×ATR 4R days NOTWIDE",614,-6088,-9.92,16.6,0.76,-2.65,6171,0,541,-6182,-11.43,17.4,0.79,-2.07,6675,-437,-2096,-428,-3127,-449,-3644,-2089
MNQ,ORB2,"ORB2 09:30 5m opening-candle direction SHORT stop 0.10×ATR 4R days NOTWIDE",373,-1094,-2.93,20.1,0.93,-0.57,1630,1,344,1775,5.16,23.5,1.10,0.70,1904,-418,-166,198,-708,1115,1478,-818
MNQ,ORB2,"ORB2 09:30 5m break BOTH stop 0.10×ATR 4R days NOTWIDE",778,-3319,-4.27,19.7,0.89,-1.24,3608,0,668,-3626,-5.43,19.6,0.90,-1.06,4106,-702,-453,-358,-1806,-818,-925,-1883
MNQ,ORB2,"ORB2 09:30 5m opening-candle direction BOTH stop 0.10×ATR 4R days NOTWIDE",777,1145,1.47,21.9,1.04,0.41,1515,2,667,3629,5.44,23.4,1.11,1.01,2325,-483,809,1653,-834,1299,2329,0
MNQ,ORB2,"ORB2 09:30 5m break LONG stop 0.10×ATR 4R days NONEWS",593,-4349,-7.33,19.2,0.81,-1.96,4914,0,487,-3206,-6.58,18.7,0.88,-1.09,3928,-104,-107,-3015,-1123,-2636,23,-592
MNQ,ORB2,"ORB2 09:30 5m opening-candle direction LONG stop 0.10×ATR 4R days NONEWS",378,1958,5.18,23.3,1.14,0.99,1087,2,301,3088,10.26,24.3,1.20,1.22,1354,-65,929,1565,-470,216,1301,1570
MNQ,ORB2,"ORB2 09:30 5m break SHORT stop 0.10×ATR 4R days NONEWS",570,-6454,-11.32,16.0,0.72,-2.98,6503,0,505,-5476,-10.84,17.8,0.80,-1.91,6119,-572,-2144,-573,-3164,-54,-2798,-2624
MNQ,ORB2,"ORB2 09:30 5m opening-candle direction SHORT stop 0.10×ATR 4R days NONEWS",344,-1871,-5.44,19.2,0.86,-1.06,2037,0,321,2549,7.94,24.3,1.16,1.03,1781,-511,-233,-269,-859,1319,1497,-267
MNQ,ORB2,"ORB2 09:30 5m break BOTH stop 0.10×ATR 4R days NONEWS",722,-3894,-5.39,19.3,0.86,-1.54,4118,0,623,-1805,-2.90,20.2,0.94,-0.54,2485,-795,-435,-316,-2348,-495,-44,-1266
MNQ,ORB2,"ORB2 09:30 5m opening-candle direction BOTH stop 0.10×ATR 4R days NONEWS",722,87,0.12,21.3,1.00,0.03,1731,2,622,5637,9.06,24.3,1.18,1.59,1807,-576,697,1296,-1329,1535,2799,1303
MNQ,ORB2,"ORB2 09:30 5m break LONG stop 0.15×ATR to 15:55 days ALL",643,3432,5.34,23.6,1.10,0.81,3140,4,528,2096,3.97,24.6,1.06,0.44,2720,480,1634,320,999,204,-524,2416
MNQ,ORB2,"ORB2 09:30 5m opening-candle direction LONG stop 0.15×ATR to 15:55 days ALL",405,1547,3.82,21.7,1.07,0.45,2226,2,327,5319,16.27,23.9,1.22,0.95,3453,-541,1103,1822,-836,918,3433,968
MNQ,ORB2,"ORB2 09:30 5m break SHORT stop 0.15×ATR to 15:55 days ALL",620,2238,3.61,20.6,1.06,0.51,2934,2,547,-2746,-5.02,19.9,0.94,-0.50,7417,-208,637,3319,-1509,676,-436,-2986
MNQ,ORB2,"ORB2 09:30 5m opening-candle direction SHORT stop 0.15×ATR to 15:55 days ALL",378,2144,5.67,20.1,1.10,0.60,1948,2,349,1371,3.93,22.1,1.05,0.33,3817,-851,1195,2025,-226,2330,1618,-2577
MNQ,ORB2,"ORB2 09:30 5m break BOTH stop 0.15×ATR to 15:55 days ALL",784,4052,5.17,21.7,1.09,0.83,3211,2,677,1441,2.13,22.6,1.03,0.25,3759,-585,1754,3223,-340,2074,-1488,855
MNQ,ORB2,"ORB2 09:30 5m opening-candle direction BOTH stop 0.15×ATR to 15:55 days ALL",783,3691,4.71,20.9,1.08,0.74,3024,2,676,6690,9.90,22.9,1.13,0.96,5540,-1391,2298,3847,-1062,3248,5051,-1610
MNQ,ORB2,"ORB2 09:30 5m break LONG stop 0.15×ATR to 15:55 days NARROW",435,6181,14.21,27.4,1.26,1.74,2739,4,349,1076,3.08,25.5,1.04,0.29,2839,580,2254,1376,1971,-1164,-126,2367
MNQ,ORB2,"ORB2 09:30 5m opening-candle direction LONG stop 0.15×ATR to 15:55 days NARROW",277,2313,8.35,24.5,1.15,0.84,1893,3,217,1177,5.42,25.3,1.07,0.38,2887,-147,978,498,984,-216,295,1098
MNQ,ORB2,"ORB2 09:30 5m break SHORT stop 0.15×ATR to 15:55 days NARROW",415,814,1.96,21.2,1.03,0.23,2649,2,354,635,1.79,22.0,1.02,0.14,3518,-571,388,3185,-2188,-369,744,260
MNQ,ORB2,"ORB2 09:30 5m opening-candle direction SHORT stop 0.15×ATR to 15:55 days NARROW",244,3814,15.63,23.0,1.27,1.21,1594,2,211,1235,5.85,22.3,1.08,0.37,1959,-745,1188,3918,-547,-749,2349,-366
MNQ,ORB2,"ORB2 09:30 5m break BOTH stop 0.15×ATR to 15:55 days NARROW",522,7313,14.01,25.1,1.25,1.78,2481,3,429,67,0.16,23.3,1.00,0.02,2690,-602,2325,4662,927,-377,-565,1009
MNQ,ORB2,"ORB2 09:30 5m opening-candle direction BOTH stop 0.15×ATR to 15:55 days NARROW",521,6127,11.76,23.8,1.21,1.47,2199,3,428,2411,5.63,23.8,1.08,0.53,2968,-892,2166,4415,438,-965,2644,733
MNQ,ORB2,"ORB2 09:30 5m break LONG stop 0.15×ATR to 15:55 days NOTWIDE",639,3637,5.69,23.8,1.10,0.86,3140,4,523,1444,2.76,24.5,1.04,0.31,3059,543,1729,320,1046,-300,-440,2184
MNQ,ORB2,"ORB2 09:30 5m opening-candle direction LONG stop 0.15×ATR to 15:55 days NOTWIDE",404,1595,3.95,21.8,1.07,0.46,2226,2,323,4488,13.89,23.5,1.18,0.81,3801,-541,1150,1822,-836,350,3518,620
MNQ,ORB2,"ORB2 09:30 5m break SHORT stop 0.15×ATR to 15:55 days NOTWIDE",614,2385,3.88,20.7,1.07,0.55,2887,2,541,-2754,-5.09,20.0,0.93,-0.51,7113,-145,673,3319,-1462,364,-378,-2740
MNQ,ORB2,"ORB2 09:30 5m opening-candle direction SHORT stop 0.15×ATR to 15:55 days NOTWIDE",373,2396,6.42,20.4,1.11,0.67,1948,2,344,490,1.43,21.8,1.02,0.12,4325,-788,1337,2025,-179,1958,936,-2403
MNQ,ORB2,"ORB2 09:30 5m break BOTH stop 0.15×ATR to 15:55 days NOTWIDE",778,4352,5.59,21.9,1.10,0.89,3211,2,668,626,0.94,22.5,1.01,0.11,3865,-522,1944,3223,-293,1257,-1345,714
MNQ,ORB2,"ORB2 09:30 5m opening-candle direction BOTH stop 0.15×ATR to 15:55 days NOTWIDE",777,3991,5.14,21.1,1.09,0.80,3024,2,667,4978,7.46,22.6,1.10,0.72,5719,-1328,2488,3847,-1015,2308,4454,-1783
MNQ,ORB2,"ORB2 09:30 5m break LONG stop 0.15×ATR to 15:55 days NONEWS",593,2990,5.04,23.4,1.09,0.74,2396,3,487,2734,5.61,24.8,1.08,0.60,2766,297,1441,1283,-31,-754,220,3269
MNQ,ORB2,"ORB2 09:30 5m opening-candle direction LONG stop 0.15×ATR to 15:55 days NONEWS",378,1175,3.11,21.4,1.06,0.35,2078,2,301,5122,17.02,23.9,1.23,0.94,3122,-541,792,2602,-1678,-431,4186,1367
MNQ,ORB2,"ORB2 09:30 5m break SHORT stop 0.15×ATR to 15:55 days NONEWS",570,4158,7.30,21.4,1.13,0.97,2498,2,505,-2769,-5.48,20.8,0.93,-0.56,8367,-47,1480,4045,-1319,1621,667,-5057
MNQ,ORB2,"ORB2 09:30 5m opening-candle direction SHORT stop 0.15×ATR to 15:55 days NONEWS",344,3790,11.02,21.2,1.20,1.08,1691,2,321,2902,9.04,23.7,1.12,0.72,3386,-626,1935,2510,-29,2176,2750,-2024
MNQ,ORB2,"ORB2 09:30 5m break BOTH stop 0.15×ATR to 15:55 days NONEWS",722,5889,8.16,22.4,1.15,1.24,2699,2,623,2268,3.64,23.4,1.05,0.42,4706,-361,2417,4352,-520,1966,398,-96
MNQ,ORB2,"ORB2 09:30 5m opening-candle direction BOTH stop 0.15×ATR to 15:55 days NONEWS",722,4966,6.88,21.3,1.12,1.02,2676,2,622,8024,12.90,23.8,1.18,1.18,4803,-1167,2727,5112,-1707,1745,6937,-657
MNQ,ORB2,"ORB2 09:30 5m break LONG stop 0.15×ATR 2R days ALL",643,-1723,-2.68,33.4,0.94,-0.66,2901,2,528,-407,-0.77,33.9,0.99,-0.12,2655,377,154,-1001,-1252,-385,1296,-1318
MNQ,ORB2,"ORB2 09:30 5m opening-candle direction LONG stop 0.15×ATR 2R days ALL",405,368,0.91,34.6,1.02,0.18,1614,3,327,-1585,-4.85,32.7,0.93,-0.60,3653,-506,749,65,60,-989,1273,-1869
MNQ,ORB2,"ORB2 09:30 5m break SHORT stop 0.15×ATR 2R days ALL",620,-478,-0.77,34.0,0.98,-0.18,3148,1,547,-4886,-8.93,31.8,0.87,-1.49,6404,-63,-1022,1444,-837,370,-1552,-3704
MNQ,ORB2,"ORB2 09:30 5m opening-candle direction SHORT stop 0.15×ATR 2R days ALL",378,-631,-1.67,32.8,0.97,-0.30,1770,1,349,2989,8.57,38.4,1.14,1.13,2265,-179,-770,928,-611,1196,3198,-1404
MNQ,ORB2,"ORB2 09:30 5m break BOTH stop 0.15×ATR 2R days ALL",784,-1402,-1.79,33.4,0.96,-0.48,2882,2,677,-1454,-2.15,34.3,0.97,-0.39,4538,-60,273,565,-2179,835,676,-2965
MNQ,ORB2,"ORB2 09:30 5m opening-candle direction BOTH stop 0.15×ATR 2R days ALL",783,-263,-0.34,33.7,0.99,-0.09,1613,1,676,1404,2.08,35.7,1.03,0.38,5209,-684,-21,993,-551,207,4470,-3273
MNQ,ORB2,"ORB2 09:30 5m break LONG stop 0.15×ATR 2R days NARROW",435,1421,3.27,36.6,1.07,0.62,1984,3,349,311,0.89,33.8,1.01,0.11,1892,211,1264,501,-555,-629,1021,-82
MNQ,ORB2,"ORB2 09:30 5m opening-candle direction LONG stop 0.15×ATR 2R days NARROW",277,1200,4.33,36.5,1.09,0.66,1403,2,217,-435,-2.01,33.2,0.97,-0.20,2058,-255,638,-30,847,-1259,1022,-198
MNQ,ORB2,"ORB2 09:30 5m break SHORT stop 0.15×ATR 2R days NARROW",415,368,0.89,34.7,1.02,0.16,1768,2,354,-2739,-7.74,32.5,0.89,-1.00,3389,4,-461,1641,-817,-77,-784,-1878
MNQ,ORB2,"ORB2 09:30 5m opening-candle direction SHORT stop 0.15×ATR 2R days NARROW",244,973,3.99,35.2,1.08,0.54,1182,1,211,1881,8.92,37.4,1.14,0.87,1285,-82,-105,1530,-369,517,1952,-587
MNQ,ORB2,"ORB2 09:30 5m break BOTH stop 0.15×ATR 2R days NARROW",522,1021,1.96,35.4,1.04,0.41,1934,2,429,-228,-0.53,34.3,0.99,-0.07,2435,-65,1260,1311,-1485,230,838,-1295
MNQ,ORB2,"ORB2 09:30 5m opening-candle direction BOTH stop 0.15×ATR 2R days NARROW",521,2173,4.17,35.9,1.09,0.85,1401,3,428,1446,3.38,35.3,1.05,0.47,2459,-337,533,1500,478,-742,2974,-785
MNQ,ORB2,"ORB2 09:30 5m break LONG stop 0.15×ATR 2R days NOTWIDE",639,-1518,-2.38,33.6,0.95,-0.58,2854,2,523,-617,-1.18,33.8,0.98,-0.19,2731,440,249,-1001,-1205,-603,1380,-1394
MNQ,ORB2,"ORB2 09:30 5m opening-candle direction LONG stop 0.15×ATR 2R days NOTWIDE",404,278,0.69,34.4,1.01,0.13,1614,3,323,-2126,-6.58,32.2,0.90,-0.81,3813,-506,659,65,60,-1207,1109,-2028
MNQ,ORB2,"ORB2 09:30 5m break SHORT stop 0.15×ATR 2R days NOTWIDE",614,-477,-0.78,34.0,0.98,-0.18,3151,2,541,-5119,-9.46,31.6,0.86,-1.57,6449,0,-1130,1444,-790,100,-1494,-3724
MNQ,ORB2,"ORB2 09:30 5m opening-candle direction SHORT stop 0.15×ATR 2R days NOTWIDE",373,-653,-1.75,32.7,0.96,-0.32,1902,1,344,2516,7.31,37.8,1.12,0.95,2441,-116,-901,928,-564,925,3088,-1497
MNQ,ORB2,"ORB2 09:30 5m break BOTH stop 0.15×ATR 2R days NOTWIDE",778,-1263,-1.62,33.5,0.97,-0.43,2835,3,668,-2053,-3.07,34.0,0.95,-0.56,4808,3,302,565,-2132,346,818,-3217
MNQ,ORB2,"ORB2 09:30 5m opening-candle direction BOTH stop 0.15×ATR 2R days NOTWIDE",777,-375,-0.48,33.6,0.99,-0.13,1771,1,667,390,0.58,35.1,1.01,0.10,5439,-621,-243,993,-504,-282,4197,-3525
MNQ,ORB2,"ORB2 09:30 5m break LONG stop 0.15×ATR 2R days NONEWS",593,-2148,-3.62,32.7,0.92,-0.86,2793,1,487,101,0.21,33.9,1.00,0.03,2381,-2,249,-668,-1728,-733,1618,-785
MNQ,ORB2,"ORB2 09:30 5m opening-candle direction LONG stop 0.15×ATR 2R days NONEWS",378,-346,-0.92,33.6,0.98,-0.17,1639,1,301,-1196,-3.97,32.6,0.94,-0.47,3247,-506,648,-288,-201,-1395,1740,-1541
MNQ,ORB2,"ORB2 09:30 5m break SHORT stop 0.15×ATR 2R days NONEWS",570,-445,-0.78,34.2,0.98,-0.18,2665,1,505,-4327,-8.57,32.1,0.87,-1.38,5773,-84,-721,1236,-876,604,-1165,-3766
MNQ,ORB2,"ORB2 09:30 5m opening-candle direction SHORT stop 0.15×ATR 2R days NONEWS",344,-991,-2.88,32.6,0.94,-0.51,1664,1,321,3885,12.10,39.6,1.21,1.51,1989,-137,-615,301,-542,1303,3433,-851
MNQ,ORB2,"ORB2 09:30 5m break BOTH stop 0.15×ATR 2R days NONEWS",722,-1786,-2.47,33.2,0.95,-0.64,3046,2,623,256,0.41,34.8,1.01,0.07,4229,-202,571,163,-2317,775,1621,-2141
MNQ,ORB2,"ORB2 09:30 5m opening-candle direction BOTH stop 0.15×ATR 2R days NONEWS",722,-1338,-1.85,33.1,0.96,-0.48,2279,2,622,2689,4.32,36.2,1.07,0.74,4390,-642,33,14,-742,-92,5173,-2392
MNQ,ORB2,"ORB2 09:30 5m break LONG stop 0.15×ATR 4R days ALL",643,141,0.22,25.0,1.00,0.04,3336,2,528,3145,5.96,26.3,1.08,0.72,2536,490,1076,-1331,-94,1266,302,1577
MNQ,ORB2,"ORB2 09:30 5m opening-candle direction LONG stop 0.15×ATR 4R days ALL",405,2524,6.23,24.7,1.12,0.86,1787,3,327,1832,5.60,25.4,1.08,0.51,2893,-433,1211,1075,671,667,606,560
MNQ,ORB2,"ORB2 09:30 5m break SHORT stop 0.15×ATR 4R days ALL",620,-438,-0.71,22.7,0.99,-0.12,3131,2,547,-2855,-5.22,22.5,0.93,-0.65,6366,-287,158,1711,-2020,1289,-2712,-1432
MNQ,ORB2,"ORB2 09:30 5m opening-candle direction SHORT stop 0.15×ATR 4R days ALL",378,-753,-1.99,21.7,0.96,-0.27,2117,2,349,3372,9.66,25.8,1.14,0.93,2226,-1090,418,809,-890,1529,1623,220
MNQ,ORB2,"ORB2 09:30 5m break BOTH stop 0.15×ATR 4R days ALL",784,558,0.71,23.7,1.01,0.14,3349,2,677,3546,5.24,25.7,1.07,0.71,2986,-782,834,1730,-1224,3183,-950,1313
MNQ,ORB2,"ORB2 09:30 5m opening-candle direction BOTH stop 0.15×ATR 4R days ALL",783,1771,2.26,23.2,1.04,0.44,2141,2,676,5204,7.70,25.6,1.11,1.03,3627,-1523,1629,1884,-219,2196,2229,780
MNQ,ORB2,"ORB2 09:30 5m break LONG stop 0.15×ATR 4R days NARROW",435,3321,7.64,28.0,1.14,1.09,2930,4,349,1525,4.37,26.4,1.06,0.43,1980,530,1731,722,339,-483,533,1474
MNQ,ORB2,"ORB2 09:30 5m opening-candle direction LONG stop 0.15×ATR 4R days NARROW",277,3546,12.80,27.1,1.24,1.38,1464,3,217,1422,6.55,26.3,1.09,0.49,2151,-40,1007,928,1650,-158,472,1107
MNQ,ORB2,"ORB2 09:30 5m break SHORT stop 0.15×ATR 4R days NARROW",415,-76,-0.18,22.7,1.00,-0.02,2695,1,354,-263,-0.74,24.3,0.99,-0.07,3409,-166,-518,2100,-1491,411,-921,247
MNQ,ORB2,"ORB2 09:30 5m opening-candle direction SHORT stop 0.15×ATR 4R days NARROW",244,801,3.28,23.4,1.06,0.33,1594,2,211,2084,9.87,25.1,1.13,0.70,1897,-745,379,1620,-453,-80,1607,557
MNQ,ORB2,"ORB2 09:30 5m break BOTH stop 0.15×ATR 4R days NARROW",522,3838,7.35,26.2,1.13,1.10,2756,2,429,2264,5.28,25.9,1.07,0.56,2247,-311,1142,3251,-245,961,-35,1338
MNQ,ORB2,"ORB2 09:30 5m opening-candle direction BOTH stop 0.15×ATR 4R days NARROW",521,4347,8.34,25.3,1.15,1.23,1853,3,428,3506,8.19,25.7,1.11,0.84,2251,-784,1386,2549,1197,-238,2080,1664
MNQ,ORB2,"ORB2 09:30 5m break LONG stop 0.15×ATR 4R days NOTWIDE",639,346,0.54,25.2,1.01,0.10,3336,2,523,2481,4.74,26.2,1.07,0.57,2536,553,1171,-1331,-47,828,386,1267
MNQ,ORB2,"ORB2 09:30 5m opening-candle direction LONG stop 0.15×ATR 4R days NOTWIDE",404,2572,6.37,24.8,1.12,0.88,1787,3,323,673,2.08,24.8,1.03,0.19,3124,-433,1259,1075,671,229,278,167
MNQ,ORB2,"ORB2 09:30 5m break SHORT stop 0.15×ATR 4R days NOTWIDE",614,-367,-0.60,22.8,0.99,-0.10,3084,2,541,-3539,-6.54,22.2,0.91,-0.81,6589,-224,119,1711,-1973,745,-2655,-1629
MNQ,ORB2,"ORB2 09:30 5m opening-candle direction SHORT stop 0.15×ATR 4R days NOTWIDE",373,-500,-1.34,22.0,0.98,-0.18,1967,2,344,2336,6.79,25.0,1.09,0.65,2396,-1027,561,809,-843,985,1401,-50
MNQ,ORB2,"ORB2 09:30 5m break BOTH stop 0.15×ATR 4R days NOTWIDE",778,858,1.10,23.9,1.02,0.22,3349,2,668,2043,3.06,25.3,1.04,0.42,3464,-719,1024,1730,-1177,2201,-807,649
MNQ,ORB2,"ORB2 09:30 5m opening-candle direction BOTH stop 0.15×ATR 4R days NOTWIDE",777,2071,2.67,23.4,1.05,0.51,2141,2,667,3009,4.51,24.9,1.06,0.60,4133,-1460,1819,1884,-172,1213,1679,117
MNQ,ORB2,"ORB2 09:30 5m break LONG stop 0.15×ATR 4R days NONEWS",593,-134,-0.23,24.6,1.00,-0.04,2758,2,487,3782,7.77,26.7,1.11,0.89,2546,308,918,-73,-1286,346,693,2743
MNQ,ORB2,"ORB2 09:30 5m opening-candle direction LONG stop 0.15×ATR 4R days NONEWS",378,2157,5.71,24.3,1.11,0.76,1787,2,301,2252,7.48,25.6,1.10,0.65,2607,-433,955,1855,-221,-394,1359,1287
MNQ,ORB2,"ORB2 09:30 5m break SHORT stop 0.15×ATR 4R days NONEWS",570,1154,2.02,23.5,1.04,0.33,2579,2,505,-2822,-5.59,22.8,0.93,-0.68,6927,-126,523,2513,-1755,1868,-2132,-2558
MNQ,ORB2,"ORB2 09:30 5m opening-candle direction SHORT stop 0.15×ATR 4R days NONEWS",344,494,1.44,22.7,1.03,0.18,1691,2,321,4087,12.73,26.5,1.18,1.16,1814,-866,711,1437,-788,1615,1700,773
MNQ,ORB2,"ORB2 09:30 5m break BOTH stop 0.15×ATR 4R days NONEWS",722,1721,2.38,24.2,1.04,0.45,2589,2,623,4917,7.89,26.3,1.11,1.02,3249,-558,1092,3154,-1966,2694,191,2032
MNQ,ORB2,"ORB2 09:30 5m opening-candle direction BOTH stop 0.15×ATR 4R days NONEWS",722,2651,3.67,23.5,1.07,0.68,1863,2,622,6339,10.19,26.0,1.14,1.29,3375,-1299,1666,3292,-1009,1221,3059,2060
MNQ,ORB2,"ORB2 09:30 5m break LONG stop 0.25×ATR to 15:55 days ALL",643,5927,9.22,34.7,1.12,1.13,5319,4,528,3062,5.80,35.0,1.06,0.52,4457,251,2196,1178,2303,2652,-179,589
MNQ,ORB2,"ORB2 09:30 5m opening-candle direction LONG stop 0.25×ATR to 15:55 days ALL",405,3232,7.98,32.6,1.10,0.75,2183,3,327,4659,14.25,33.3,1.14,0.75,2871,-939,1646,2460,65,-79,4214,524
MNQ,ORB2,"ORB2 09:30 5m break SHORT stop 0.25×ATR to 15:55 days ALL",620,3989,6.43,31.3,1.08,0.73,4277,2,547,1654,3.02,31.8,1.03,0.24,8044,-551,420,6137,-2017,1865,924,-1135
MNQ,ORB2,"ORB2 09:30 5m opening-candle direction SHORT stop 0.25×ATR to 15:55 days ALL",378,-2347,-6.21,28.3,0.93,-0.58,4164,1,349,4247,12.17,33.8,1.12,0.82,3880,-1465,-180,101,-803,2131,2234,-117
MNQ,ORB2,"ORB2 09:30 5m break BOTH stop 0.25×ATR to 15:55 days ALL",784,9110,11.62,32.8,1.15,1.48,3429,2,677,3021,4.46,33.7,1.04,0.43,5563,-1127,2699,8724,-1186,2523,-1398,1896
MNQ,ORB2,"ORB2 09:30 5m opening-candle direction BOTH stop 0.25×ATR to 15:55 days ALL",783,885,1.13,30.5,1.01,0.15,3559,2,676,8906,13.17,33.6,1.13,1.10,4018,-2404,1466,2561,-737,2052,6448,407
MNQ,ORB2,"ORB2 09:30 5m break LONG stop 0.25×ATR to 15:55 days NARROW",435,7303,16.79,37.7,1.22,1.68,4703,4,349,3373,9.66,38.1,1.10,0.73,4685,116,2889,1358,2940,2062,-974,2285
MNQ,ORB2,"ORB2 09:30 5m opening-candle direction LONG stop 0.25×ATR to 15:55 days NARROW",277,4308,15.55,35.0,1.20,1.20,2226,3,217,1783,8.22,35.9,1.08,0.47,2130,-292,1037,2171,1392,-947,998,1732
MNQ,ORB2,"ORB2 09:30 5m break SHORT stop 0.25×ATR to 15:55 days NARROW",415,3532,8.51,32.8,1.11,0.78,3809,2,354,2951,8.33,33.9,1.08,0.54,4687,-709,559,6449,-2768,-733,2153,1530
MNQ,ORB2,"ORB2 09:30 5m opening-candle direction SHORT stop 0.25×ATR to 15:55 days NARROW",244,1896,7.77,32.0,1.09,0.53,2149,2,211,3198,15.16,33.6,1.15,0.78,3067,-980,697,2789,-609,-1210,2471,1937
MNQ,ORB2,"ORB2 09:30 5m break BOTH stop 0.25×ATR to 15:55 days NARROW",522,11039,21.15,35.8,1.27,2.12,2783,2,429,662,1.54,35.2,1.02,0.12,4901,-1168,2988,9467,-248,-1467,-1143,3273
MNQ,ORB2,"ORB2 09:30 5m opening-candle direction BOTH stop 0.25×ATR to 15:55 days NARROW",521,6204,11.91,33.6,1.15,1.23,3142,3,428,4981,11.64,34.8,1.12,0.89,3801,-1273,1734,4960,783,-2156,3468,3669
MNQ,ORB2,"ORB2 09:30 5m break LONG stop 0.25×ATR to 15:55 days NOTWIDE",639,6263,9.80,34.9,1.13,1.20,5319,4,523,2567,4.91,35.0,1.05,0.44,4457,354,2351,1178,2380,2148,-40,459
MNQ,ORB2,"ORB2 09:30 5m opening-candle direction LONG stop 0.25×ATR to 15:55 days NOTWIDE",404,3310,8.19,32.7,1.11,0.77,2183,3,323,3930,12.17,33.1,1.12,0.64,3171,-939,1724,2460,65,-647,4353,223
MNQ,ORB2,"ORB2 09:30 5m break SHORT stop 0.25×ATR to 15:55 days NOTWIDE",614,4297,7.00,31.4,1.09,0.79,4200,2,541,1674,3.09,31.8,1.03,0.25,7896,-447,547,6137,-1940,1600,1019,-946
MNQ,ORB2,"ORB2 09:30 5m opening-candle direction SHORT stop 0.25×ATR to 15:55 days NOTWIDE",373,-1933,-5.18,28.7,0.94,-0.48,3750,2,344,3527,10.25,33.7,1.10,0.69,4383,-1361,53,101,-726,1805,1552,170
MNQ,ORB2,"ORB2 09:30 5m break BOTH stop 0.25×ATR to 15:55 days NOTWIDE",778,9602,12.34,33.0,1.16,1.56,3429,2,668,2505,3.75,33.7,1.04,0.36,5468,-1023,3011,8724,-1109,1753,-1164,1916
MNQ,ORB2,"ORB2 09:30 5m opening-candle direction BOTH stop 0.25×ATR to 15:55 days NOTWIDE",777,1377,1.77,30.8,1.02,0.23,3559,2,667,7457,11.18,33.4,1.11,0.93,4851,-2300,1777,2561,-660,1158,5905,393
MNQ,ORB2,"ORB2 09:30 5m break LONG stop 0.25×ATR to 15:55 days NONEWS",593,6052,10.21,34.7,1.13,1.20,4127,4,487,4349,8.93,35.1,1.09,0.76,3640,109,1825,2484,1634,928,1289,2132
MNQ,ORB2,"ORB2 09:30 5m opening-candle direction LONG stop 0.25×ATR to 15:55 days NONEWS",378,3259,8.62,32.5,1.11,0.78,2183,2,301,4951,16.45,33.6,1.16,0.82,2567,-939,1509,3336,-647,-1491,4797,1646
MNQ,ORB2,"ORB2 09:30 5m break SHORT stop 0.25×ATR to 15:55 days NONEWS",570,6898,12.10,32.5,1.16,1.30,3496,2,505,179,0.35,32.3,1.00,0.03,7905,-286,763,7765,-1344,2356,1649,-3827
MNQ,ORB2,"ORB2 09:30 5m opening-candle direction SHORT stop 0.25×ATR to 15:55 days NONEWS",344,591,1.72,29.9,1.02,0.15,2309,2,321,4880,15.20,34.6,1.15,0.99,3726,-1097,802,1246,-361,2467,3023,-610
MNQ,ORB2,"ORB2 09:30 5m break BOTH stop 0.25×ATR to 15:55 days NONEWS",722,12018,16.65,33.9,1.22,2.01,2426,2,623,2419,3.88,34.0,1.04,0.37,4858,-759,3020,10634,-877,942,607,870
MNQ,ORB2,"ORB2 09:30 5m opening-candle direction BOTH stop 0.25×ATR to 15:55 days NONEWS",722,3850,5.33,31.3,1.07,0.67,2690,2,622,9831,15.81,34.1,1.16,1.26,4064,-2036,2311,4582,-1008,976,7819,1035
MNQ,ORB2,"ORB2 09:30 5m break LONG stop 0.25×ATR 2R days ALL",643,2152,3.35,38.7,1.05,0.52,5985,3,528,2424,4.59,39.0,1.05,0.48,4008,176,1604,-1925,2297,3044,241,-862
MNQ,ORB2,"ORB2 09:30 5m opening-candle direction LONG stop 0.25×ATR 2R days ALL",405,3386,8.36,38.5,1.12,1.00,2461,3,327,979,2.99,37.6,1.03,0.24,3078,-675,1576,1211,1275,199,1336,-556
MNQ,ORB2,"ORB2 09:30 5m break SHORT stop 0.25×ATR 2R days ALL",620,-1442,-2.33,35.3,0.97,-0.35,4391,1,547,1619,2.96,37.1,1.03,0.30,8356,-719,-483,2812,-3052,1763,-765,621
MNQ,ORB2,"ORB2 09:30 5m opening-candle direction SHORT stop 0.25×ATR 2R days ALL",378,-3773,-9.98,32.3,0.87,-1.16,4484,0,349,6326,18.13,40.1,1.20,1.48,2529,-1736,-484,-270,-1282,1980,2232,2114
MNQ,ORB2,"ORB2 09:30 5m break BOTH stop 0.25×ATR 2R days ALL",784,489,0.62,36.5,1.01,0.10,3565,2,677,5523,8.16,39.0,1.09,0.94,4267,-1478,1198,2633,-1865,3432,441,1650
MNQ,ORB2,"ORB2 09:30 5m opening-candle direction BOTH stop 0.25×ATR 2R days ALL",783,-387,-0.49,35.5,0.99,-0.08,3637,2,676,7305,10.81,38.9,1.11,1.24,2543,-2412,1091,941,-7,2180,3568,1557
MNQ,ORB2,"ORB2 09:30 5m break LONG stop 0.25×ATR 2R days NARROW",435,5554,12.77,41.8,1.18,1.54,4280,4,349,1957,5.61,40.4,1.06,0.48,3170,80,1985,355,3134,1897,-360,420
MNQ,ORB2,"ORB2 09:30 5m opening-candle direction LONG stop 0.25×ATR 2R days NARROW",277,5139,18.55,41.2,1.26,1.74,1538,3,217,1503,6.92,38.7,1.07,0.45,1927,-266,993,2464,1949,-1065,844,1723
MNQ,ORB2,"ORB2 09:30 5m break SHORT stop 0.25×ATR 2R days NARROW",415,-895,-2.16,35.4,0.97,-0.25,3992,1,354,1190,3.36,37.9,1.03,0.27,5846,-352,-840,2820,-2522,-594,296,1489
MNQ,ORB2,"ORB2 09:30 5m opening-candle direction SHORT stop 0.25×ATR 2R days NARROW",244,-851,-3.49,33.6,0.96,-0.31,1860,1,211,4495,21.30,40.3,1.23,1.31,2051,-980,-398,1360,-833,-111,1808,2799
MNQ,ORB2,"ORB2 09:30 5m break BOTH stop 0.25×ATR 2R days NARROW",522,3371,6.46,38.5,1.09,0.84,2924,2,429,2905,6.77,38.9,1.07,0.61,3434,-926,1028,3973,-703,31,-426,3300
MNQ,ORB2,"ORB2 09:30 5m opening-candle direction BOTH stop 0.25×ATR 2R days NARROW",521,4288,8.23,37.6,1.11,1.06,1732,3,428,5998,14.01,39.5,1.15,1.25,3053,-1247,595,3824,1116,-1177,2652,4522
MNQ,ORB2,"ORB2 09:30 5m break LONG stop 0.25×ATR 2R days NOTWIDE",639,2488,3.89,39.0,1.05,0.60,5985,3,523,1655,3.16,38.8,1.03,0.33,3870,280,1759,-1925,2374,2679,-32,-993
MNQ,ORB2,"ORB2 09:30 5m opening-candle direction LONG stop 0.25×ATR 2R days NOTWIDE",404,3464,8.57,38.6,1.12,1.03,2461,3,323,72,0.22,37.2,1.00,0.02,3166,-675,1654,1211,1275,-166,1063,-825
MNQ,ORB2,"ORB2 09:30 5m break SHORT stop 0.25×ATR 2R days NOTWIDE",614,-1179,-1.92,35.5,0.97,-0.29,4314,1,541,871,1.61,36.8,1.02,0.16,8789,-615,-401,2812,-2975,1310,-670,231
MNQ,ORB2,"ORB2 09:30 5m opening-candle direction SHORT stop 0.25×ATR 2R days NOTWIDE",373,-3628,-9.73,32.4,0.88,-1.12,4338,0,344,5532,16.08,39.5,1.17,1.31,2823,-1633,-519,-270,-1205,1527,2047,1957
MNQ,ORB2,"ORB2 09:30 5m break BOTH stop 0.25×ATR 2R days NOTWIDE",778,981,1.26,36.8,1.02,0.21,3488,2,668,4101,6.14,38.6,1.06,0.70,4267,-1374,1509,2633,-1787,2614,262,1225
MNQ,ORB2,"ORB2 09:30 5m opening-candle direction BOTH stop 0.25×ATR 2R days NOTWIDE",777,-163,-0.21,35.6,1.00,-0.03,3490,3,667,5604,8.40,38.4,1.09,0.96,2758,-2308,1134,941,70,1361,3110,1132
MNQ,ORB2,"ORB2 09:30 5m break LONG stop 0.25×ATR 2R days NONEWS",593,2216,3.74,38.6,1.05,0.55,4793,3,487,3381,6.94,39.0,1.07,0.70,2745,35,1348,-396,1229,1141,1183,1057
MNQ,ORB2,"ORB2 09:30 5m opening-candle direction LONG stop 0.25×ATR 2R days NONEWS",378,2913,7.71,38.4,1.11,0.90,2461,3,301,847,2.82,37.2,1.03,0.22,2884,-675,1582,1435,571,-1084,1963,-32
MNQ,ORB2,"ORB2 09:30 5m break SHORT stop 0.25×ATR 2R days NONEWS",570,1139,2.00,36.5,1.03,0.29,3673,1,505,119,0.24,36.8,1.00,0.02,9048,-454,-186,4309,-2529,2482,-1682,-681
MNQ,ORB2,"ORB2 09:30 5m opening-candle direction SHORT stop 0.25×ATR 2R days NONEWS",344,-2208,-6.42,33.1,0.92,-0.71,2822,1,321,6037,18.81,40.5,1.20,1.48,2494,-1368,-476,810,-1175,2669,1671,1697
MNQ,ORB2,"ORB2 09:30 5m break BOTH stop 0.25×ATR 2R days NONEWS",722,2961,4.10,37.5,1.06,0.66,3181,2,623,5294,8.50,38.8,1.09,0.94,4054,-1109,1580,4576,-2086,1804,881,2610
MNQ,ORB2,"ORB2 09:30 5m opening-candle direction BOTH stop 0.25×ATR 2R days NONEWS",722,705,0.98,35.9,1.01,0.16,2934,2,622,6885,11.07,38.9,1.12,1.22,2896,-2043,1106,2246,-603,1585,3634,1666
MNQ,ORB2,"ORB2 09:30 5m break LONG stop 0.25×ATR 4R days ALL",643,4640,7.22,35.0,1.09,0.95,6063,3,528,3973,7.52,35.4,1.08,0.68,4457,316,2477,-321,2169,3465,-94,601
MNQ,ORB2,"ORB2 09:30 5m opening-candle direction LONG stop 0.25×ATR 4R days ALL",405,2316,5.72,32.8,1.07,0.59,2767,2,327,885,2.71,33.3,1.03,0.19,3135,-939,2312,966,-23,-242,1342,-215
MNQ,ORB2,"ORB2 09:30 5m break SHORT stop 0.25×ATR 4R days ALL",620,6010,9.69,31.9,1.12,1.13,4376,2,547,3972,7.26,32.4,1.07,0.61,6231,-631,2138,6658,-2155,3183,991,-201
MNQ,ORB2,"ORB2 09:30 5m opening-candle direction SHORT stop 0.25×ATR 4R days ALL",378,35,0.09,29.1,1.00,0.01,2274,2,349,9515,27.26,35.0,1.27,1.75,3577,-1576,1135,1452,-977,2978,3740,2797
MNQ,ORB2,"ORB2 09:30 5m break BOTH stop 0.25×ATR 4R days ALL",784,8731,11.14,33.2,1.14,1.49,3162,2,677,5798,8.56,34.3,1.08,0.83,4026,-1274,4283,7303,-1581,3635,-54,2216
MNQ,ORB2,"ORB2 09:30 5m opening-candle direction BOTH stop 0.25×ATR 4R days ALL",783,2350,3.00,31.0,1.04,0.41,3496,2,676,10400,15.38,34.2,1.15,1.45,3421,-2515,3447,2418,-1000,2736,5083,2582
MNQ,ORB2,"ORB2 09:30 5m break LONG stop 0.25×ATR 4R days NARROW",435,6537,15.03,37.9,1.20,1.57,4674,4,349,3619,10.37,38.4,1.11,0.79,4685,116,2885,709,2827,2856,-974,1737
MNQ,ORB2,"ORB2 09:30 5m opening-candle direction LONG stop 0.25×ATR 4R days NARROW",277,3406,12.29,35.0,1.16,1.01,2226,3,217,1133,5.22,35.9,1.05,0.31,2130,-292,1307,1542,849,-946,1070,1009
MNQ,ORB2,"ORB2 09:30 5m break SHORT stop 0.25×ATR 4R days NARROW",415,5213,12.56,33.3,1.16,1.16,3738,2,354,4274,12.07,34.5,1.12,0.80,4687,-709,1109,7241,-2428,-216,1954,2535
MNQ,ORB2,"ORB2 09:30 5m opening-candle direction SHORT stop 0.25×ATR 4R days NARROW",244,3227,13.22,32.4,1.16,0.90,1814,2,211,6377,30.22,34.6,1.30,1.45,3067,-980,769,3851,-413,-663,2997,4043
MNQ,ORB2,"ORB2 09:30 5m break BOTH stop 0.25×ATR 4R days NARROW",522,10309,19.75,35.8,1.26,2.05,2665,2,429,2683,6.25,35.9,1.06,0.49,3199,-1168,3014,8741,-278,-1091,61,3714
MNQ,ORB2,"ORB2 09:30 5m opening-candle direction BOTH stop 0.25×ATR 4R days NARROW",521,6632,12.73,33.8,1.16,1.35,2759,3,428,7510,17.55,35.3,1.18,1.32,3833,-1273,2075,5393,437,-1609,4067,5052
MNQ,ORB2,"ORB2 09:30 5m break LONG stop 0.25×ATR 4R days NOTWIDE",639,4976,7.79,35.2,1.10,1.02,6063,3,523,3250,6.21,35.4,1.06,0.56,4457,419,2632,-321,2246,2734,45,471
MNQ,ORB2,"ORB2 09:30 5m opening-candle direction LONG stop 0.25×ATR 4R days NOTWIDE",404,2394,5.93,32.9,1.08,0.61,2767,2,323,-7,-0.02,33.1,1.00,0.00,3436,-939,2390,966,-23,-973,1482,-516
MNQ,ORB2,"ORB2 09:30 5m break SHORT stop 0.25×ATR 4R days NOTWIDE",614,6120,9.97,32.1,1.13,1.15,4299,2,541,2977,5.50,32.2,1.05,0.46,6454,-528,2068,6658,-2078,2274,1085,-382
MNQ,ORB2,"ORB2 09:30 5m opening-candle direction SHORT stop 0.25×ATR 4R days NOTWIDE",373,448,1.20,29.5,1.01,0.11,2252,2,344,8523,24.77,34.6,1.25,1.58,3427,-1473,1369,1452,-900,2068,3370,3084
MNQ,ORB2,"ORB2 09:30 5m break BOTH stop 0.25×ATR 4R days NOTWIDE",778,9223,11.85,33.4,1.15,1.58,3085,2,668,4412,6.60,34.1,1.06,0.64,4026,-1171,4594,7303,-1504,1995,181,2236
MNQ,ORB2,"ORB2 09:30 5m opening-candle direction BOTH stop 0.25×ATR 4R days NOTWIDE",777,2842,3.66,31.3,1.05,0.50,3496,2,667,8515,12.77,33.9,1.13,1.20,3271,-2412,3759,2418,-923,1095,4852,2568
MNQ,ORB2,"ORB2 09:30 5m break LONG stop 0.25×ATR 4R days NONEWS",593,5056,8.53,35.1,1.11,1.07,4871,4,487,5305,10.89,35.5,1.11,0.94,3640,174,2106,1066,1711,1724,1374,2207
MNQ,ORB2,"ORB2 09:30 5m opening-candle direction LONG stop 0.25×ATR 4R days NONEWS",378,1901,5.03,32.8,1.07,0.50,2183,2,301,1356,4.51,33.6,1.04,0.30,2585,-939,2175,1843,-1178,-1553,1925,984
MNQ,ORB2,"ORB2 09:30 5m break SHORT stop 0.25×ATR 4R days NONEWS",570,8243,14.46,33.0,1.19,1.60,3658,2,505,1987,3.94,32.5,1.04,0.33,7405,-367,1761,8287,-1437,3918,108,-2038
MNQ,ORB2,"ORB2 09:30 5m opening-candle direction SHORT stop 0.25×ATR 4R days NONEWS",344,2150,6.25,30.5,1.08,0.54,1826,2,321,9011,28.07,35.5,1.28,1.73,3423,-1208,1373,2520,-535,3622,3085,2304
MNQ,ORB2,"ORB2 09:30 5m break BOTH stop 0.25×ATR 4R days NONEWS",722,11132,15.42,34.2,1.20,1.97,2379,2,623,5047,8.10,34.3,1.08,0.76,4498,-906,4012,9295,-1270,2388,348,2311
MNQ,ORB2,"ORB2 09:30 5m opening-candle direction BOTH stop 0.25×ATR 4R days NONEWS",722,4050,5.61,31.7,1.07,0.74,2793,2,622,10367,16.67,34.6,1.17,1.51,3406,-2147,3547,4362,-1713,2069,5010,3288
MNQ,ORB2,"ORB2 09:30 10m break LONG stop range to 15:55 days ALL",586,6547,11.17,38.7,1.14,1.29,4669,3,494,7285,14.75,39.7,1.15,1.07,4521,437,2689,-522,3943,1239,5258,789
MNQ,ORB2,"ORB2 09:30 10m opening-candle direction LONG stop range to 15:55 days ALL",414,4199,10.14,37.0,1.13,0.95,2779,3,324,2901,8.95,36.1,1.08,0.48,3295,-354,1194,1316,2043,-656,1885,1672
MNQ,ORB2,"ORB2 09:30 10m break SHORT stop range to 15:55 days ALL",567,4222,7.45,34.7,1.09,0.79,2758,2,504,4477,8.88,35.3,1.08,0.63,6268,-705,949,4465,-488,2512,3772,-1807
MNQ,ORB2,"ORB2 09:30 10m opening-candle direction SHORT stop range to 15:55 days ALL",368,-38,-0.10,35.1,1.00,-0.01,3298,2,352,4209,11.96,35.2,1.11,0.71,5197,-218,70,561,-451,3720,3204,-2715
MNQ,ORB2,"ORB2 09:30 10m break BOTH stop range to 15:55 days ALL",784,9568,12.20,37.0,1.15,1.52,4843,3,676,5907,8.74,37.4,1.08,0.71,8451,-1310,3363,5595,1920,2846,6897,-3836
MNQ,ORB2,"ORB2 09:30 10m opening-candle direction BOTH stop range to 15:55 days ALL",782,4161,5.32,36.1,1.06,0.67,3732,3,676,7110,10.52,35.7,1.10,0.84,6143,-572,1264,1877,1593,3065,5088,-1043
MNQ,ORB2,"ORB2 09:30 10m break LONG stop range to 15:55 days NARROW",223,1978,8.87,30.0,1.13,0.68,2813,2,214,2629,12.29,37.4,1.15,0.84,2264,-244,1674,-1010,1558,3867,-91,-1148
MNQ,ORB2,"ORB2 09:30 10m opening-candle direction LONG stop range to 15:55 days NARROW",154,3001,19.49,31.8,1.29,1.17,2463,3,141,586,4.15,31.2,1.05,0.22,2240,-509,1242,42,2226,1027,-1084,643
MNQ,ORB2,"ORB2 09:30 10m break SHORT stop range to 15:55 days NARROW",223,2930,13.14,28.3,1.19,0.90,2068,1,211,2877,13.63,31.8,1.15,0.76,2704,-583,-174,4763,-1077,2265,725,-113
MNQ,ORB2,"ORB2 09:30 10m opening-candle direction SHORT stop range to 15:55 days NARROW",136,969,7.12,28.7,1.10,0.38,1320,2,130,615,4.73,27.7,1.05,0.21,3915,-276,72,1432,-259,2099,922,-2406
MNQ,ORB2,"ORB2 09:30 10m break BOTH stop range to 15:55 days NARROW",291,6346,21.81,30.9,1.32,1.70,2664,3,272,2445,8.99,33.5,1.10,0.63,3691,-516,1870,2968,2025,3895,-346,-1104
MNQ,ORB2,"ORB2 09:30 10m opening-candle direction BOTH stop range to 15:55 days NARROW",290,3970,13.69,30.3,1.19,1.10,2588,3,271,1201,4.43,29.5,1.05,0.31,4386,-785,1314,1474,1967,3126,-162,-1763
MNQ,ORB2,"ORB2 09:30 10m break LONG stop range to 15:55 days NOTWIDE",556,4322,7.77,37.4,1.10,0.91,5642,3,468,6284,13.43,39.1,1.14,0.97,4081,421,1314,-725,3313,1865,4242,177
MNQ,ORB2,"ORB2 09:30 10m opening-candle direction LONG stop range to 15:55 days NOTWIDE",395,3709,9.39,36.5,1.12,0.91,3565,3,303,2657,8.77,35.3,1.08,0.45,2745,-242,1118,847,1987,-145,1914,889
MNQ,ORB2,"ORB2 09:30 10m break SHORT stop range to 15:55 days NOTWIDE",536,5024,9.37,34.3,1.12,0.98,2139,3,469,6236,13.30,35.0,1.13,0.91,4340,23,1184,4655,-837,1952,5034,-750
MNQ,ORB2,"ORB2 09:30 10m opening-candle direction SHORT stop range to 15:55 days NOTWIDE",344,997,2.90,35.2,1.03,0.24,3380,3,326,3944,12.10,34.4,1.11,0.70,4504,534,977,60,-574,2961,3135,-2152
MNQ,ORB2,"ORB2 09:30 10m break BOTH stop range to 15:55 days NOTWIDE",741,8507,11.48,36.2,1.15,1.44,5220,3,629,7017,11.16,36.9,1.11,0.89,7296,-445,2713,5136,1104,2814,7198,-2995
MNQ,ORB2,"ORB2 09:30 10m opening-candle direction BOTH stop range to 15:55 days NOTWIDE",739,4706,6.37,35.9,1.08,0.81,4640,4,629,6601,10.49,34.8,1.10,0.82,5269,292,2095,907,1413,2816,5048,-1263
MNQ,ORB2,"ORB2 09:30 10m break LONG stop range to 15:55 days NONEWS",542,6247,11.53,38.6,1.15,1.29,3913,4,455,8125,17.86,40.0,1.18,1.23,3575,162,2428,878,2781,187,6454,1484
MNQ,ORB2,"ORB2 09:30 10m opening-candle direction LONG stop range to 15:55 days NONEWS",389,3915,10.06,37.0,1.13,0.92,2779,3,302,2962,9.81,36.4,1.09,0.50,3294,-391,1012,1629,1665,-1212,3040,1133
MNQ,ORB2,"ORB2 09:30 10m break SHORT stop range to 15:55 days NONEWS",524,7125,13.60,35.3,1.17,1.37,1940,3,466,2154,4.62,35.8,1.04,0.33,6484,-347,1178,5804,490,2250,3863,-3959
MNQ,ORB2,"ORB2 09:30 10m opening-candle direction SHORT stop range to 15:55 days NONEWS",331,2324,7.02,36.6,1.08,0.56,2976,4,320,4211,13.16,36.6,1.12,0.78,5318,210,519,1387,208,4280,2889,-2957
MNQ,ORB2,"ORB2 09:30 10m break BOTH stop range to 15:55 days NONEWS",722,11979,16.59,37.4,1.21,1.98,4676,3,622,5224,8.40,38.1,1.08,0.67,9656,-1046,3536,6952,2537,2459,7324,-4559
MNQ,ORB2,"ORB2 09:30 10m opening-candle direction BOTH stop range to 15:55 days NONEWS",720,6238,8.66,36.8,1.11,1.05,3482,3,622,7173,11.53,36.5,1.11,0.89,7541,-182,1531,3016,1873,3068,5929,-1824
MNQ,ORB2,"ORB2 09:30 10m break LONG stop range 2R days ALL",586,4283,7.31,41.6,1.10,0.97,4071,3,494,4143,8.39,42.3,1.09,0.78,3264,363,2988,-344,1276,478,3084,581
MNQ,ORB2,"ORB2 09:30 10m opening-candle direction LONG stop range 2R days ALL",414,3594,8.68,41.1,1.11,0.95,2178,3,324,-472,-1.46,39.2,0.99,-0.10,3859,-481,644,1999,1432,-1185,-13,726
MNQ,ORB2,"ORB2 09:30 10m break SHORT stop range 2R days ALL",567,2967,5.23,39.5,1.07,0.65,3071,2,504,2491,4.94,40.3,1.05,0.44,4639,-454,1137,2870,-586,1602,1795,-906
MNQ,ORB2,"ORB2 09:30 10m opening-candle direction SHORT stop range 2R days ALL",368,-1204,-3.27,38.6,0.96,-0.32,4077,0,352,4958,14.09,40.1,1.13,0.99,4613,-513,-424,-54,-214,2946,2253,-241
MNQ,ORB2,"ORB2 09:30 10m break BOTH stop range 2R days ALL",784,4567,5.82,40.1,1.07,0.86,4230,3,676,3070,4.54,41.0,1.04,0.47,8051,-1438,2179,3558,268,1655,3727,-2311
MNQ,ORB2,"ORB2 09:30 10m opening-candle direction BOTH stop range 2R days ALL",782,2391,3.06,39.9,1.04,0.45,3454,3,676,4486,6.64,39.6,1.06,0.66,6799,-994,221,1946,1218,1761,2240,485
MNQ,ORB2,"ORB2 09:30 10m break LONG stop range 2R days NARROW",223,585,2.62,35.9,1.04,0.27,1532,2,214,1953,9.12,41.6,1.12,0.73,1872,-266,904,431,-485,2672,-229,-491
MNQ,ORB2,"ORB2 09:30 10m opening-candle direction LONG stop range 2R days NARROW",154,2686,17.44,40.9,1.30,1.45,905,3,141,-542,-3.84,35.5,0.95,-0.25,2433,-509,474,1032,1689,353,-1490,595
MNQ,ORB2,"ORB2 09:30 10m break SHORT stop range 2R days NARROW",223,478,2.14,35.4,1.03,0.22,2214,1,211,1797,8.52,38.9,1.10,0.63,2756,-443,-1097,2186,-169,490,2431,-1124
MNQ,ORB2,"ORB2 09:30 10m opening-candle direction SHORT stop range 2R days NARROW",136,701,5.15,36.8,1.08,0.38,1370,2,130,-747,-5.75,34.6,0.93,-0.35,3234,-40,-29,548,222,639,979,-2365
MNQ,ORB2,"ORB2 09:30 10m break BOTH stop range 2R days NARROW",291,1599,5.49,36.1,1.09,0.62,2067,3,272,410,1.51,39.0,1.02,0.13,3448,-477,54,1506,516,2084,-173,-1502
MNQ,ORB2,"ORB2 09:30 10m opening-candle direction BOTH stop range 2R days NARROW",290,3387,11.68,39.0,1.19,1.30,1924,3,271,-1289,-4.75,35.1,0.94,-0.43,3860,-549,445,1580,1911,992,-511,-1770
MNQ,ORB2,"ORB2 09:30 10m break LONG stop range 2R days NOTWIDE",556,2057,3.70,40.5,1.05,0.50,4708,3,468,3133,6.69,41.9,1.07,0.64,3106,347,1479,-211,442,1104,2060,-31
MNQ,ORB2,"ORB2 09:30 10m opening-candle direction LONG stop range 2R days NOTWIDE",395,3446,8.72,40.8,1.12,0.98,1985,3,303,-888,-2.93,38.6,0.97,-0.21,3198,-369,571,1869,1375,-674,-156,-58
MNQ,ORB2,"ORB2 09:30 10m break SHORT stop range 2R days NOTWIDE",536,3777,7.05,39.4,1.09,0.88,2404,3,469,3947,8.42,40.3,1.08,0.75,3818,129,1269,3045,-666,1043,3434,-530
MNQ,ORB2,"ORB2 09:30 10m opening-candle direction SHORT stop range 2R days NOTWIDE",344,185,0.54,39.0,1.01,0.05,3505,2,326,4280,13.13,39.6,1.13,0.93,4217,238,484,-494,-43,2237,2690,-647
MNQ,ORB2,"ORB2 09:30 10m break BOTH stop range 2R days NOTWIDE",741,4026,5.43,39.4,1.07,0.81,4414,2,629,3668,5.83,40.7,1.06,0.60,6914,-574,1648,3434,-483,1623,4197,-2152
MNQ,ORB2,"ORB2 09:30 10m opening-candle direction BOTH stop range 2R days NOTWIDE",739,3631,4.91,39.9,1.06,0.73,2991,3,629,3392,5.39,39.1,1.05,0.55,5924,-131,1055,1375,1332,1563,2534,-705
MNQ,ORB2,"ORB2 09:30 10m break LONG stop range 2R days NONEWS",542,3727,6.88,41.0,1.09,0.88,3810,4,455,4580,10.06,42.6,1.10,0.89,3026,88,2702,492,446,-861,4273,1167
MNQ,ORB2,"ORB2 09:30 10m opening-candle direction LONG stop range 2R days NONEWS",389,2834,7.29,40.4,1.10,0.77,2102,3,302,-583,-1.93,39.4,0.98,-0.13,3689,-518,462,1668,1222,-1838,1143,112
MNQ,ORB2,"ORB2 09:30 10m break SHORT stop range 2R days NONEWS",524,5737,10.95,40.3,1.14,1.32,2379,3,466,118,0.25,40.1,1.00,0.02,5278,-96,1473,3756,605,1335,1106,-2323
MNQ,ORB2,"ORB2 09:30 10m opening-candle direction SHORT stop range 2R days NONEWS",331,632,1.91,39.9,1.02,0.18,3269,2,320,4782,14.94,40.9,1.14,1.02,4458,-86,-282,265,735,3369,1577,-164
MNQ,ORB2,"ORB2 09:30 10m break BOTH stop range 2R days NONEWS",722,6103,8.45,40.0,1.11,1.20,4538,3,622,1908,3.07,41.3,1.03,0.31,8263,-1175,2453,3897,928,664,4142,-2898
MNQ,ORB2,"ORB2 09:30 10m opening-candle direction BOTH stop range 2R days NONEWS",720,3466,4.81,40.1,1.06,0.68,3016,3,622,4199,6.75,40.2,1.06,0.65,6654,-604,181,1933,1956,1532,2719,-52
MNQ,ORB2,"ORB2 09:30 10m break LONG stop range 4R days ALL",586,5459,9.31,38.9,1.12,1.11,4669,3,494,6018,12.18,39.7,1.12,0.98,4521,437,2647,-1251,3626,1163,4314,541
MNQ,ORB2,"ORB2 09:30 10m opening-candle direction LONG stop range 4R days ALL",414,3144,7.59,37.4,1.10,0.75,2779,3,324,751,2.32,36.1,1.02,0.15,3294,-222,1105,674,1587,-231,-117,1099
MNQ,ORB2,"ORB2 09:30 10m break SHORT stop range 4R days ALL",567,4966,8.76,35.3,1.11,0.94,2432,3,504,3734,7.41,35.7,1.07,0.56,5167,-734,2143,3360,197,1480,3354,-1099
MNQ,ORB2,"ORB2 09:30 10m opening-candle direction SHORT stop range 4R days ALL",368,846,2.30,35.3,1.03,0.19,3400,2,352,3844,10.92,35.5,1.10,0.68,5024,-323,733,460,-24,2348,4130,-2634
MNQ,ORB2,"ORB2 09:30 10m break BOTH stop range 4R days ALL",784,9197,11.73,37.2,1.15,1.50,4843,3,676,3297,4.88,37.4,1.04,0.44,8726,-1273,4036,4718,1716,1746,5731,-4180
MNQ,ORB2,"ORB2 09:30 10m opening-candle direction BOTH stop range 4R days ALL",782,3990,5.10,36.4,1.06,0.66,3732,3,676,4595,6.80,35.8,1.06,0.60,7155,-544,1838,1133,1563,2118,4013,-1535
MNQ,ORB2,"ORB2 09:30 10m break LONG stop range 4R days NARROW",223,638,2.86,30.5,1.04,0.25,3061,2,214,2410,11.26,37.4,1.14,0.78,2333,-244,1551,-1697,1027,3772,-97,-1266
MNQ,ORB2,"ORB2 09:30 10m opening-candle direction LONG stop range 4R days NARROW",154,1815,11.78,33.1,1.18,0.82,2463,2,141,474,3.36,31.2,1.04,0.19,2527,-509,1076,-586,1834,1465,-1372,381
MNQ,ORB2,"ORB2 09:30 10m break SHORT stop range 4R days NARROW",223,2427,10.88,29.6,1.16,0.84,1728,2,211,2745,13.01,32.2,1.15,0.76,2660,-483,245,2925,-261,1082,1994,-330
MNQ,ORB2,"ORB2 09:30 10m opening-candle direction SHORT stop range 4R days NARROW",136,1014,7.46,29.4,1.10,0.43,1543,3,130,-165,-1.27,28.5,0.99,-0.06,3744,-188,196,806,201,842,1273,-2279
MNQ,ORB2,"ORB2 09:30 10m break BOTH stop range 4R days NARROW",291,4471,15.36,31.6,1.23,1.35,2664,3,272,1475,5.42,33.5,1.06,0.40,3691,-415,1737,1399,1751,2668,123,-1316
MNQ,ORB2,"ORB2 09:30 10m opening-candle direction BOTH stop range 4R days NARROW",290,2829,9.75,31.4,1.14,0.87,3239,3,271,309,1.14,29.9,1.01,0.09,4466,-697,1271,220,2034,2306,-99,-1899
MNQ,ORB2,"ORB2 09:30 10m break LONG stop range 4R days NOTWIDE",556,3234,5.82,37.6,1.08,0.71,5642,3,468,4272,9.13,39.1,1.09,0.76,4081,421,1271,-1454,2996,1790,2554,-72
MNQ,ORB2,"ORB2 09:30 10m opening-candle direction LONG stop range 4R days NOTWIDE",395,2654,6.72,37.0,1.09,0.69,3565,3,303,507,1.67,35.3,1.02,0.11,2580,-110,1029,204,1531,280,-88,315
MNQ,ORB2,"ORB2 09:30 10m break SHORT stop range 4R days NOTWIDE",536,5768,10.76,34.9,1.13,1.15,2148,2,469,5494,11.71,35.4,1.11,0.86,4232,-7,2378,3550,-153,920,4616,-42
MNQ,ORB2,"ORB2 09:30 10m opening-candle direction SHORT stop range 4R days NOTWIDE",344,1880,5.47,35.5,1.06,0.46,3482,2,326,3579,10.98,34.7,1.10,0.67,4463,429,1640,-41,-147,1589,4061,-2071
MNQ,ORB2,"ORB2 09:30 10m break BOTH stop range 4R days NOTWIDE",741,8135,10.98,36.4,1.14,1.41,5220,3,629,4407,7.01,36.9,1.07,0.63,7590,-409,3386,4258,900,1713,6033,-3339
MNQ,ORB2,"ORB2 09:30 10m opening-candle direction BOTH stop range 4R days NOTWIDE",739,4534,6.14,36.3,1.08,0.80,4588,4,629,4086,6.50,35.0,1.06,0.57,6280,319,2669,163,1384,1869,3973,-1756
MNQ,ORB2,"ORB2 09:30 10m break LONG stop range 4R days NONEWS",542,4990,9.21,38.6,1.12,1.07,3913,4,455,6585,14.47,40.0,1.15,1.11,3575,162,2385,159,2285,112,5238,1236
MNQ,ORB2,"ORB2 09:30 10m opening-candle direction LONG stop range 4R days NONEWS",389,2764,7.11,37.3,1.09,0.68,2779,3,302,812,2.69,36.4,1.02,0.16,3294,-259,923,1001,1099,-787,1039,560
MNQ,ORB2,"ORB2 09:30 10m break SHORT stop range 4R days NONEWS",524,7776,14.84,35.9,1.19,1.53,1917,3,466,1456,3.12,36.1,1.03,0.23,5559,-376,2271,4672,1209,1174,3137,-2855
MNQ,ORB2,"ORB2 09:30 10m opening-candle direction SHORT stop range 4R days NONEWS",331,3346,10.11,36.9,1.12,0.81,2976,4,320,4279,13.37,36.9,1.12,0.81,5030,105,1182,1314,746,2908,3498,-2127
MNQ,ORB2,"ORB2 09:30 10m break BOTH stop range 4R days NONEWS",722,11463,15.88,37.5,1.20,1.94,4676,3,622,3289,5.29,38.1,1.05,0.46,9656,-1010,4210,6057,2207,1359,6159,-4228
MNQ,ORB2,"ORB2 09:30 10m opening-candle direction BOTH stop range 4R days NONEWS",720,6110,8.49,37.1,1.10,1.05,3482,3,622,5090,8.18,36.7,1.07,0.70,7804,-154,2105,2315,1845,2121,4537,-1568
MNQ,ORB2,"ORB2 09:30 10m break LONG stop 0.10×ATR to 15:55 days ALL",586,-1674,-2.86,15.9,0.93,-0.57,4588,3,494,672,1.36,18.0,1.03,0.18,3876,111,999,-3961,1178,-1157,-340,2169
MNQ,ORB2,"ORB2 09:30 10m opening-candle direction LONG stop 0.10×ATR to 15:55 days ALL",414,648,1.56,15.5,1.04,0.24,1939,2,324,1059,3.27,17.0,1.06,0.33,2366,-281,190,-203,941,-862,-715,2635
MNQ,ORB2,"ORB2 09:30 10m break SHORT stop 0.10×ATR to 15:55 days ALL",567,4090,7.21,15.0,1.17,1.06,2333,1,504,-2889,-5.73,13.9,0.90,-0.67,5711,-350,-353,6266,-1473,-1263,-3245,1619
MNQ,ORB2,"ORB2 09:30 10m opening-candle direction SHORT stop 0.10×ATR to 15:55 days ALL",368,3674,9.98,16.3,1.24,1.18,1717,4,352,2497,7.09,16.5,1.13,0.61,3164,166,702,2676,129,457,1310,730
MNQ,ORB2,"ORB2 09:30 10m break BOTH stop 0.10×ATR to 15:55 days ALL",784,4149,5.29,15.2,1.13,0.99,2382,2,676,62,0.09,16.9,1.00,0.01,5389,-421,1126,4173,-728,-1610,-2084,3755
MNQ,ORB2,"ORB2 09:30 10m opening-candle direction BOTH stop 0.10×ATR to 15:55 days ALL",782,4322,5.53,15.9,1.13,1.05,2398,3,676,3556,5.26,16.7,1.10,0.69,3674,-114,892,2474,1071,-404,595,3365
MNQ,ORB2,"ORB2 09:30 10m break LONG stop 0.10×ATR to 15:55 days NARROW",223,50,0.22,17.5,1.01,0.03,2923,2,214,-1838,-8.59,15.9,0.85,-0.81,2376,-110,1508,-2616,1267,-1051,-270,-517
MNQ,ORB2,"ORB2 09:30 10m opening-candle direction LONG stop 0.10×ATR to 15:55 days NARROW",154,127,0.82,14.3,1.02,0.07,2013,2,141,-539,-3.82,16.3,0.93,-0.28,1434,-320,504,-745,688,-361,-346,168
MNQ,ORB2,"ORB2 09:30 10m break SHORT stop 0.10×ATR to 15:55 days NARROW",223,2226,9.98,16.1,1.23,0.84,1906,1,211,-1816,-8.60,14.7,0.86,-0.69,4102,-348,-807,4427,-1047,-479,-3225,1889
MNQ,ORB2,"ORB2 09:30 10m opening-candle direction SHORT stop 0.10×ATR to 15:55 days NARROW",136,2516,18.50,19.1,1.43,1.14,996,2,130,-2282,-17.56,13.1,0.71,-1.21,2730,-254,140,3015,-384,-864,-256,-1162
MNQ,ORB2,"ORB2 09:30 10m break BOTH stop 0.10×ATR to 15:55 days NARROW",291,2972,10.21,16.8,1.23,1.06,1716,3,272,-2772,-10.19,15.4,0.82,-1.05,4252,-247,621,1324,1275,-1295,-2663,1187
MNQ,ORB2,"ORB2 09:30 10m opening-candle direction BOTH stop 0.10×ATR to 15:55 days NARROW",290,2643,9.11,16.6,1.21,0.93,1946,3,271,-2821,-10.41,14.8,0.82,-1.05,3554,-574,644,2270,304,-1225,-602,-995
MNQ,ORB2,"ORB2 09:30 10m break LONG stop 0.10×ATR to 15:55 days NOTWIDE",556,-1546,-2.78,16.0,0.93,-0.54,4340,3,468,1337,2.86,18.4,1.05,0.36,3362,58,1043,-3678,1030,-1134,16,2455
MNQ,ORB2,"ORB2 09:30 10m opening-candle direction LONG stop 0.10×ATR to 15:55 days NOTWIDE",395,1162,2.94,15.9,1.07,0.43,1808,3,303,156,0.52,16.8,1.01,0.05,3138,-429,516,25,1051,-655,-1529,2340
MNQ,ORB2,"ORB2 09:30 10m break SHORT stop 0.10×ATR to 15:55 days NOTWIDE",536,4215,7.86,15.3,1.19,1.12,2294,2,469,-1772,-3.78,14.1,0.93,-0.41,5131,-373,10,6586,-2008,-1436,-2543,2207
MNQ,ORB2,"ORB2 09:30 10m opening-candle direction SHORT stop 0.10×ATR to 15:55 days NOTWIDE",344,3307,9.61,16.6,1.23,1.10,1659,3,326,3018,9.26,16.3,1.17,0.75,2762,294,595,2840,-422,487,1774,756
MNQ,ORB2,"ORB2 09:30 10m break BOTH stop 0.10×ATR to 15:55 days NOTWIDE",741,4249,5.73,15.4,1.14,1.03,2251,2,629,1602,2.55,17.3,1.05,0.33,4531,-441,1271,4565,-1146,-1604,-1136,4342
MNQ,ORB2,"ORB2 09:30 10m opening-candle direction BOTH stop 0.10×ATR to 15:55 days NOTWIDE",739,4469,6.05,16.2,1.15,1.11,2506,3,629,3174,5.05,16.5,1.09,0.63,3797,-136,1110,2865,629,-167,245,3096
MNQ,ORB2,"ORB2 09:30 10m break LONG stop 0.10×ATR to 15:55 days NONEWS",542,-2844,-5.25,15.3,0.87,-1.06,4397,2,455,621,1.37,17.8,1.03,0.17,4337,21,807,-3611,-61,-1815,-17,2453
MNQ,ORB2,"ORB2 09:30 10m opening-candle direction LONG stop 0.10×ATR to 15:55 days NONEWS",389,-301,-0.77,14.9,0.98,-0.12,1850,1,302,282,0.94,16.2,1.02,0.09,3094,-238,-9,-255,201,-1848,-184,2315
MNQ,ORB2,"ORB2 09:30 10m break SHORT stop 0.10×ATR to 15:55 days NONEWS",524,4097,7.82,15.1,1.19,1.10,1870,1,466,-3691,-7.92,14.4,0.86,-0.97,5414,-273,-481,6250,-1399,-666,-2066,-958
MNQ,ORB2,"ORB2 09:30 10m opening-candle direction SHORT stop 0.10×ATR to 15:55 days NONEWS",331,4954,14.97,17.5,1.37,1.62,1717,4,320,2679,8.37,17.8,1.16,0.74,2589,276,1290,2820,568,1056,2049,-426
MNQ,ORB2,"ORB2 09:30 10m break BOTH stop 0.10×ATR to 15:55 days NONEWS",722,3958,5.48,15.2,1.13,0.98,2454,2,622,-363,-0.58,17.2,0.99,-0.08,4235,-367,939,4127,-741,-1936,-815,2387
MNQ,ORB2,"ORB2 09:30 10m opening-candle direction BOTH stop 0.10×ATR to 15:55 days NONEWS",720,4653,6.46,16.1,1.16,1.17,2082,4,622,2961,4.76,17.0,1.09,0.63,3240,38,1281,2565,769,-792,1865,1889
MNQ,ORB2,"ORB2 09:30 10m break LONG stop 0.10×ATR 2R days ALL",586,-4038,-6.89,30.5,0.80,-2.49,4479,0,494,-2679,-5.42,32.2,0.88,-1.26,3190,-44,-292,-2968,-734,-1125,-591,-963
MNQ,ORB2,"ORB2 09:30 10m opening-candle direction LONG stop 0.10×ATR 2R days ALL",414,-1788,-4.32,31.6,0.87,-1.31,2136,0,324,-307,-0.95,32.1,0.98,-0.17,1661,-201,-621,-896,-71,-1141,133,701
MNQ,ORB2,"ORB2 09:30 10m break SHORT stop 0.10×ATR 2R days ALL",567,-2431,-4.29,30.0,0.87,-1.45,3767,1,504,-6273,-12.45,28.2,0.74,-3.03,7304,-478,-2715,1821,-1059,-1161,-4580,-533
MNQ,ORB2,"ORB2 09:30 10m opening-candle direction SHORT stop 0.10×ATR 2R days ALL",368,828,2.25,36.1,1.07,0.60,860,3,352,2563,7.28,39.8,1.18,1.41,1264,76,-399,1077,74,1295,985,282
MNQ,ORB2,"ORB2 09:30 10m break BOTH stop 0.10×ATR 2R days ALL",784,-3617,-4.61,30.7,0.86,-1.88,3997,1,676,-4830,-7.15,31.2,0.84,-1.97,6005,-387,-1898,398,-1731,-1601,-3487,258
MNQ,ORB2,"ORB2 09:30 10m opening-candle direction BOTH stop 0.10×ATR 2R days ALL",782,-960,-1.23,33.8,0.96,-0.49,2004,2,676,2256,3.34,36.1,1.08,0.88,1531,-125,-1020,181,3,154,1118,983
MNQ,ORB2,"ORB2 09:30 10m break LONG stop 0.10×ATR 2R days NARROW",223,-1056,-4.74,32.3,0.87,-0.97,1914,2,214,-2049,-9.58,29.0,0.80,-1.39,2223,-218,434,-1281,8,-545,-1188,-317
MNQ,ORB2,"ORB2 09:30 10m opening-candle direction LONG stop 0.10×ATR 2R days NARROW",154,-435,-2.82,31.8,0.92,-0.47,934,1,141,-760,-5.39,28.4,0.89,-0.62,1256,-320,-351,348,-112,-658,-387,284
MNQ,ORB2,"ORB2 09:30 10m break SHORT stop 0.10×ATR 2R days NARROW",223,-379,-1.70,30.9,0.95,-0.33,1972,1,211,-2715,-12.87,28.0,0.75,-1.87,3271,-40,-1536,1572,-375,-741,-1990,16
MNQ,ORB2,"ORB2 09:30 10m opening-candle direction SHORT stop 0.10×ATR 2R days NARROW",136,911,6.70,36.8,1.20,0.96,837,1,130,521,4.01,37.7,1.09,0.44,926,-80,-296,1432,-145,250,672,-400
MNQ,ORB2,"ORB2 09:30 10m break BOTH stop 0.10×ATR 2R days NARROW",291,-752,-2.58,32.0,0.93,-0.58,1754,1,272,-2883,-10.60,29.0,0.78,-1.75,3598,-170,-756,456,-282,-798,-2223,138
MNQ,ORB2,"ORB2 09:30 10m opening-candle direction BOTH stop 0.10×ATR 2R days NARROW",290,476,1.64,34.1,1.05,0.36,1528,1,271,-239,-0.88,32.8,0.98,-0.14,1439,-400,-646,1780,-257,-408,285,-116
MNQ,ORB2,"ORB2 09:30 10m break LONG stop 0.10×ATR 2R days NOTWIDE",556,-3305,-5.94,31.3,0.83,-2.06,3967,1,468,-1916,-4.09,32.9,0.91,-0.91,2427,55,-40,-2685,-635,-1046,-331,-538
MNQ,ORB2,"ORB2 09:30 10m opening-candle direction LONG stop 0.10×ATR 2R days NOTWIDE",395,-1204,-3.05,32.7,0.91,-0.89,1622,1,303,-174,-0.58,32.3,0.99,-0.10,1587,-197,-379,-668,39,-935,-153,914
MNQ,ORB2,"ORB2 09:30 10m break SHORT stop 0.10×ATR 2R days NOTWIDE",536,-2713,-5.06,29.5,0.85,-1.66,3576,1,469,-5582,-11.90,28.4,0.75,-2.75,6468,-379,-2510,1482,-1306,-1054,-4129,-398
MNQ,ORB2,"ORB2 09:30 10m opening-candle direction SHORT stop 0.10×ATR 2R days NOTWIDE",344,451,1.31,35.5,1.04,0.33,895,2,326,1651,5.06,38.3,1.12,0.94,1203,81,-463,901,-68,1229,457,-35
MNQ,ORB2,"ORB2 09:30 10m break BOTH stop 0.10×ATR 2R days NOTWIDE",741,-3515,-4.74,30.6,0.86,-1.86,3590,1,629,-3730,-5.93,31.8,0.87,-1.55,4782,-255,-1704,303,-1859,-1469,-2790,530
MNQ,ORB2,"ORB2 09:30 10m opening-candle direction BOTH stop 0.10×ATR 2R days NOTWIDE",739,-753,-1.02,34.0,0.97,-0.39,1778,1,629,1477,2.35,35.5,1.06,0.60,1584,-115,-842,233,-29,294,304,879
MNQ,ORB2,"ORB2 09:30 10m break LONG stop 0.10×ATR 2R days NONEWS",542,-4021,-7.42,29.9,0.78,-2.58,4247,0,455,-2527,-5.55,31.9,0.88,-1.23,3037,-82,-378,-2401,-1160,-1533,-692,-301
MNQ,ORB2,"ORB2 09:30 10m opening-candle direction LONG stop 0.10×ATR 2R days NONEWS",389,-2200,-5.66,30.6,0.83,-1.67,2430,0,302,-227,-0.75,31.8,0.98,-0.13,1661,-158,-689,-915,-437,-1418,399,793
MNQ,ORB2,"ORB2 09:30 10m break SHORT stop 0.10×ATR 2R days NONEWS",524,-2399,-4.58,29.8,0.86,-1.50,3295,1,466,-5960,-12.79,28.3,0.73,-3.02,6449,-401,-2299,1583,-1283,-927,-3791,-1242
MNQ,ORB2,"ORB2 09:30 10m opening-candle direction SHORT stop 0.10×ATR 2R days NONEWS",331,833,2.52,36.6,1.08,0.63,576,3,320,3494,10.92,41.6,1.28,2.00,1054,186,-202,730,119,1496,1204,794
MNQ,ORB2,"ORB2 09:30 10m break BOTH stop 0.10×ATR 2R days NONEWS",722,-3779,-5.23,30.3,0.84,-2.06,3854,1,622,-3852,-6.19,31.5,0.86,-1.63,5087,-327,-1532,311,-2231,-1689,-2761,598
MNQ,ORB2,"ORB2 09:30 10m opening-candle direction BOTH stop 0.10×ATR 2R days NONEWS",720,-1367,-1.90,33.3,0.94,-0.73,1938,1,622,3267,5.25,36.8,1.13,1.32,1253,28,-891,-185,-318,78,1603,1587
MNQ,ORB2,"ORB2 09:30 10m break LONG stop 0.10×ATR 4R days ALL",586,-4591,-7.83,18.9,0.80,-2.09,5243,1,494,-573,-1.16,21.5,0.98,-0.19,3581,-13,318,-4019,-877,-1515,591,351
MNQ,ORB2,"ORB2 09:30 10m opening-candle direction LONG stop 0.10×ATR 4R days ALL",414,-1189,-2.87,19.6,0.93,-0.61,1727,0,324,1186,3.66,20.7,1.07,0.46,1758,-384,-476,-137,-191,-1186,348,2024
MNQ,ORB2,"ORB2 09:30 10m break SHORT stop 0.10×ATR 4R days ALL",567,-2624,-4.63,18.5,0.88,-1.12,3208,1,504,-5144,-10.21,17.9,0.81,-1.78,6800,-503,-1604,1693,-2211,-1492,-4625,974
MNQ,ORB2,"ORB2 09:30 10m opening-candle direction SHORT stop 0.10×ATR 4R days ALL",368,573,1.56,21.7,1.04,0.29,1331,1,352,1965,5.58,24.1,1.11,0.77,1446,-167,-145,1467,-582,469,1259,237
MNQ,ORB2,"ORB2 09:30 10m break BOTH stop 0.10×ATR 4R days ALL",784,-3316,-4.23,19.0,0.89,-1.22,3712,1,676,-1400,-2.07,20.9,0.96,-0.40,4887,-692,-830,410,-2204,-1851,-2031,2482
MNQ,ORB2,"ORB2 09:30 10m opening-candle direction BOTH stop 0.10×ATR 4R days ALL",782,-616,-0.79,20.6,0.98,-0.22,2832,1,676,3151,4.66,22.5,1.09,0.86,1854,-551,-621,1330,-773,-716,1607,2261
MNQ,ORB2,"ORB2 09:30 10m break LONG stop 0.10×ATR 4R days NARROW",223,-1239,-5.55,20.6,0.87,-0.84,2420,2,214,-2592,-12.11,17.3,0.78,-1.31,2951,-123,797,-2020,108,-1743,103,-952
MNQ,ORB2,"ORB2 09:30 10m opening-candle direction LONG stop 0.10×ATR 4R days NARROW",154,81,0.53,20.1,1.01,0.06,1107,1,141,-406,-2.88,18.4,0.95,-0.23,1504,-320,-254,848,-193,-580,-190,364
MNQ,ORB2,"ORB2 09:30 10m break SHORT stop 0.10×ATR 4R days NARROW",223,-586,-2.63,18.8,0.94,-0.36,2187,1,211,-2737,-12.97,17.5,0.78,-1.39,3706,-304,-1269,1742,-755,-920,-2695,878
MNQ,ORB2,"ORB2 09:30 10m opening-candle direction SHORT stop 0.10×ATR 4R days NARROW",136,2227,16.37,26.5,1.42,1.55,844,2,130,-1401,-10.78,18.5,0.81,-0.89,1716,-105,94,2444,-207,-830,653,-1224
MNQ,ORB2,"ORB2 09:30 10m break BOTH stop 0.10×ATR 4R days NARROW",291,4,0.01,20.6,1.00,0.00,1670,2,272,-3326,-12.23,17.6,0.78,-1.49,4040,-261,-366,516,115,-1510,-1988,172
MNQ,ORB2,"ORB2 09:30 10m opening-candle direction BOTH stop 0.10×ATR 4R days NARROW",290,2308,7.96,23.1,1.20,1.18,1926,1,271,-1807,-6.67,18.5,0.88,-0.77,2508,-425,-159,3292,-400,-1410,463,-860
MNQ,ORB2,"ORB2 09:30 10m break LONG stop 0.10×ATR 4R days NOTWIDE",556,-4048,-7.28,19.2,0.82,-1.86,4804,2,468,200,0.43,22.0,1.01,0.07,3174,22,536,-3736,-871,-1365,917,648
MNQ,ORB2,"ORB2 09:30 10m opening-candle direction LONG stop 0.10×ATR 4R days NOTWIDE",395,-584,-1.48,20.3,0.96,-0.30,1613,1,303,884,2.92,20.5,1.06,0.35,1775,-444,-150,91,-82,-979,-90,1953
MNQ,ORB2,"ORB2 09:30 10m break SHORT stop 0.10×ATR 4R days NOTWIDE",536,-2042,-3.81,18.8,0.90,-0.88,2928,1,469,-4590,-9.79,17.9,0.82,-1.62,6473,-467,-1395,2012,-2192,-1556,-4131,1097
MNQ,ORB2,"ORB2 09:30 10m opening-candle direction SHORT stop 0.10×ATR 4R days NOTWIDE",344,656,1.91,21.8,1.05,0.34,1482,1,326,1099,3.37,23.3,1.07,0.44,1422,-40,-380,1631,-555,163,1121,-185
MNQ,ORB2,"ORB2 09:30 10m break BOTH stop 0.10×ATR 4R days NOTWIDE",741,-2555,-3.45,19.3,0.91,-0.95,3325,1,629,-412,-0.65,21.3,0.99,-0.12,4180,-623,-666,802,-2067,-1736,-1290,2614
MNQ,ORB2,"ORB2 09:30 10m opening-candle direction BOTH stop 0.10×ATR 4R days NOTWIDE",739,71,0.10,21.0,1.00,0.03,2966,1,629,1983,3.15,21.9,1.06,0.56,1622,-483,-531,1722,-637,-816,1031,1768
MNQ,ORB2,"ORB2 09:30 10m break LONG stop 0.10×ATR 4R days NONEWS",542,-5415,-9.99,17.9,0.75,-2.62,5854,1,455,-583,-1.28,21.1,0.98,-0.20,4093,-121,213,-3725,-1782,-2129,765,781
MNQ,ORB2,"ORB2 09:30 10m opening-candle direction LONG stop 0.10×ATR 4R days NONEWS",389,-2370,-6.09,18.3,0.84,-1.29,2610,0,302,860,2.85,19.9,1.06,0.34,2295,-342,-593,-555,-880,-1902,879,1884
MNQ,ORB2,"ORB2 09:30 10m break SHORT stop 0.10×ATR 4R days NONEWS",524,-2363,-4.51,18.7,0.89,-1.05,2756,1,466,-5122,-10.99,17.8,0.80,-1.87,6351,-426,-1337,1284,-1884,-1500,-3654,32
MNQ,ORB2,"ORB2 09:30 10m opening-candle direction SHORT stop 0.10×ATR 4R days NONEWS",331,985,2.98,22.7,1.08,0.53,1193,1,320,2769,8.65,25.0,1.18,1.12,1440,-58,-45,1231,-143,671,1499,599
MNQ,ORB2,"ORB2 09:30 10m break BOTH stop 0.10×ATR 4R days NONEWS",722,-3764,-5.21,18.7,0.87,-1.46,3987,0,622,-1081,-1.74,20.7,0.97,-0.32,4564,-638,-614,-14,-2498,-2377,-969,2265
MNQ,ORB2,"ORB2 09:30 10m opening-candle direction BOTH stop 0.10×ATR 4R days NONEWS",720,-1384,-1.92,20.3,0.95,-0.53,2605,1,622,3629,5.83,22.5,1.12,1.02,2048,-399,-638,676,-1023,-1232,2377,2483
MNQ,ORB2,"ORB2 09:30 10m break LONG stop 0.15×ATR to 15:55 days ALL",586,2309,3.94,23.9,1.07,0.60,2468,3,494,5770,11.68,28.9,1.17,1.29,2414,900,472,-1305,2243,1893,1425,2452
MNQ,ORB2,"ORB2 09:30 10m opening-candle direction LONG stop 0.15×ATR to 15:55 days ALL",414,3025,7.31,24.2,1.13,0.92,3106,2,324,-620,-1.91,23.1,0.97,-0.17,2520,-569,2738,-831,1688,-543,-500,424
MNQ,ORB2,"ORB2 09:30 10m break SHORT stop 0.15×ATR to 15:55 days ALL",567,5647,9.96,22.8,1.18,1.30,2178,2,504,1637,3.25,22.4,1.04,0.30,4926,-721,2142,5367,-1142,1020,2111,-1494
MNQ,ORB2,"ORB2 09:30 10m opening-candle direction SHORT stop 0.15×ATR to 15:55 days ALL",368,1814,4.93,20.9,1.09,0.52,2533,4,352,5866,16.67,23.9,1.23,1.23,3208,30,754,504,527,2625,3744,-503
MNQ,ORB2,"ORB2 09:30 10m break BOTH stop 0.15×ATR to 15:55 days ALL",784,7976,10.17,23.0,1.18,1.59,3556,3,676,6536,9.67,26.2,1.14,1.13,3154,-644,2513,5359,748,2438,2478,1620
MNQ,ORB2,"ORB2 09:30 10m opening-candle direction BOTH stop 0.15×ATR to 15:55 days ALL",782,4839,6.19,22.6,1.11,1.01,3932,2,676,5247,7.76,23.5,1.11,0.88,3238,-540,3492,-327,2214,2081,3244,-78
MNQ,ORB2,"ORB2 09:30 10m break LONG stop 0.15×ATR to 15:55 days NARROW",223,2383,10.69,25.1,1.19,0.89,1755,2,214,1587,7.42,30.4,1.11,0.57,1492,-219,1246,-276,1631,1042,394,151
MNQ,ORB2,"ORB2 09:30 10m opening-candle direction LONG stop 0.15×ATR to 15:55 days NARROW",154,1659,10.78,24.0,1.18,0.75,2390,2,141,202,1.43,26.2,1.02,0.09,1199,-472,1757,-910,1286,266,64,-129
MNQ,ORB2,"ORB2 09:30 10m break SHORT stop 0.15×ATR to 15:55 days NARROW",223,2612,11.71,23.3,1.20,0.89,1847,2,211,1340,6.35,25.6,1.08,0.40,3293,-559,446,4056,-1331,1626,-963,677
MNQ,ORB2,"ORB2 09:30 10m opening-candle direction SHORT stop 0.15×ATR to 15:55 days NARROW",136,2029,14.92,25.7,1.25,0.85,992,2,130,1023,7.87,23.8,1.10,0.38,2768,-122,264,1982,-95,1273,1467,-1717
MNQ,ORB2,"ORB2 09:30 10m break BOTH stop 0.15×ATR to 15:55 days NARROW",291,6452,22.17,25.4,1.38,1.84,2103,3,272,1277,4.69,27.6,1.06,0.38,2210,-478,2166,3227,1537,1918,-1218,577
MNQ,ORB2,"ORB2 09:30 10m opening-candle direction BOTH stop 0.15×ATR to 15:55 days NARROW",290,3688,12.72,24.8,1.22,1.13,2213,3,271,1225,4.52,25.1,1.06,0.35,3614,-594,2021,1071,1190,1539,1531,-1845
MNQ,ORB2,"ORB2 09:30 10m break LONG stop 0.15×ATR to 15:55 days NOTWIDE",556,1541,2.77,23.6,1.05,0.41,2278,2,468,5150,11.01,29.1,1.16,1.19,2436,547,-7,-886,1886,1773,758,2620
MNQ,ORB2,"ORB2 09:30 10m opening-candle direction LONG stop 0.15×ATR to 15:55 days NOTWIDE",395,2887,7.31,24.3,1.13,0.90,2911,2,303,-1017,-3.36,23.4,0.95,-0.30,3000,-687,2218,-493,1849,-237,-1148,369
MNQ,ORB2,"ORB2 09:30 10m break SHORT stop 0.15×ATR to 15:55 days NOTWIDE",536,4785,8.93,22.8,1.16,1.14,2166,2,469,3429,7.31,23.0,1.10,0.63,4299,-668,1456,5585,-1589,938,3151,-661
MNQ,ORB2,"ORB2 09:30 10m opening-candle direction SHORT stop 0.15×ATR to 15:55 days NOTWIDE",344,1847,5.37,21.5,1.09,0.55,2447,4,326,6404,19.64,23.9,1.27,1.35,2933,218,815,747,68,2381,4432,-409
MNQ,ORB2,"ORB2 09:30 10m break BOTH stop 0.15×ATR to 15:55 days NOTWIDE",741,7138,9.63,23.1,1.17,1.47,3362,3,629,7502,11.93,26.7,1.17,1.32,2780,-572,1851,5684,175,2328,2595,2579
MNQ,ORB2,"ORB2 09:30 10m opening-candle direction BOTH stop 0.15×ATR to 15:55 days NOTWIDE",739,4734,6.41,23.0,1.11,1.02,3738,3,629,5387,8.56,23.7,1.12,0.92,3129,-469,3033,254,1917,2143,3284,-41
MNQ,ORB2,"ORB2 09:30 10m break LONG stop 0.15×ATR to 15:55 days NONEWS",542,1319,2.43,23.4,1.04,0.36,2031,3,455,6024,13.24,29.2,1.19,1.40,2786,717,407,-508,703,746,2081,3197
MNQ,ORB2,"ORB2 09:30 10m opening-candle direction LONG stop 0.15×ATR to 15:55 days NONEWS",389,2532,6.51,24.2,1.12,0.80,2856,2,302,-881,-2.92,22.8,0.96,-0.25,3156,-506,2598,-628,1068,-1455,288,287
MNQ,ORB2,"ORB2 09:30 10m break SHORT stop 0.15×ATR to 15:55 days NONEWS",524,6428,12.27,23.3,1.22,1.51,1893,2,466,686,1.47,23.0,1.02,0.14,6841,-608,2283,5600,-847,1906,2731,-3950
MNQ,ORB2,"ORB2 09:30 10m opening-candle direction SHORT stop 0.15×ATR to 15:55 days NONEWS",331,2756,8.33,22.1,1.15,0.83,2533,4,320,7007,21.90,25.9,1.31,1.60,3032,191,960,950,655,3502,4841,-1337
MNQ,ORB2,"ORB2 09:30 10m break BOTH stop 0.15×ATR to 15:55 days NONEWS",722,8421,11.66,23.3,1.21,1.74,3217,3,622,6587,10.59,27.0,1.15,1.22,4870,-533,2640,5755,559,2490,3341,756
MNQ,ORB2,"ORB2 09:30 10m opening-candle direction BOTH stop 0.15×ATR to 15:55 days NONEWS",720,5288,7.34,23.2,1.13,1.15,3365,3,622,6126,9.85,24.4,1.14,1.10,4837,-315,3558,322,1723,2047,5129,-1050
MNQ,ORB2,"ORB2 09:30 10m break LONG stop 0.15×ATR 2R days ALL",586,-2602,-4.44,32.6,0.91,-1.05,3834,1,494,5831,11.80,39.3,1.20,1.77,1488,341,-295,-1481,-1166,1602,3434,795
MNQ,ORB2,"ORB2 09:30 10m opening-candle direction LONG stop 0.15×ATR 2R days ALL",414,2230,5.39,37.0,1.12,1.05,1539,3,324,686,2.12,34.9,1.03,0.26,1895,-276,1278,124,1104,-58,612,133
MNQ,ORB2,"ORB2 09:30 10m break SHORT stop 0.15×ATR 2R days ALL",567,853,1.51,35.3,1.03,0.34,1794,1,504,-545,-1.08,33.9,0.98,-0.17,3688,-571,-509,2078,-146,416,-283,-678
MNQ,ORB2,"ORB2 09:30 10m opening-candle direction SHORT stop 0.15×ATR 2R days ALL",368,-297,-0.81,34.5,0.98,-0.15,3348,3,352,2420,6.88,37.8,1.11,0.90,2460,431,-1100,46,327,1100,1364,-44
MNQ,ORB2,"ORB2 09:30 10m break BOTH stop 0.15×ATR 2R days ALL",784,-615,-0.78,33.5,0.98,-0.21,3167,1,676,5540,8.20,37.9,1.13,1.45,2857,-579,-263,1644,-1418,1915,2566,1060
MNQ,ORB2,"ORB2 09:30 10m opening-candle direction BOTH stop 0.15×ATR 2R days ALL",782,1933,2.47,35.8,1.05,0.66,2750,4,676,3107,4.60,36.4,1.07,0.82,3555,154,179,170,1431,1042,1976,88
MNQ,ORB2,"ORB2 09:30 10m break LONG stop 0.15×ATR 2R days NARROW",223,727,3.26,35.4,1.07,0.43,959,2,214,1842,8.61,37.9,1.14,0.81,1100,-251,699,627,-348,668,908,266
MNQ,ORB2,"ORB2 09:30 10m opening-candle direction LONG stop 0.15×ATR 2R days NARROW",154,1336,8.67,37.0,1.18,0.94,692,3,141,902,6.40,35.5,1.10,0.49,1032,-472,648,799,360,158,447,297
MNQ,ORB2,"ORB2 09:30 10m break SHORT stop 0.15×ATR 2R days NARROW",223,795,3.57,35.4,1.07,0.46,1509,1,211,155,0.74,34.6,1.01,0.07,2229,-280,-360,1952,-517,68,1197,-1110
MNQ,ORB2,"ORB2 09:30 10m opening-candle direction SHORT stop 0.15×ATR 2R days NARROW",136,1307,9.61,39.0,1.20,0.94,1053,3,130,170,1.31,35.4,1.02,0.10,1839,136,-377,1051,497,-20,1552,-1362
MNQ,ORB2,"ORB2 09:30 10m break BOTH stop 0.15×ATR 2R days NARROW",291,1458,5.01,35.7,1.10,0.74,1284,2,272,1315,4.84,36.8,1.07,0.51,2304,-236,605,1510,-421,1116,966,-767
MNQ,ORB2,"ORB2 09:30 10m opening-candle direction BOTH stop 0.15×ATR 2R days NARROW",290,2643,9.11,37.9,1.19,1.33,1329,3,271,1072,3.95,35.4,1.06,0.42,2327,-336,271,1850,857,138,1999,-1065
MNQ,ORB2,"ORB2 09:30 10m break LONG stop 0.15×ATR 2R days NOTWIDE",556,-2551,-4.59,32.4,0.91,-1.05,3571,1,468,5209,11.13,39.1,1.18,1.61,1404,168,-455,-1062,-1204,1395,3064,751
MNQ,ORB2,"ORB2 09:30 10m opening-candle direction LONG stop 0.15×ATR 2R days NOTWIDE",395,2467,6.25,37.2,1.14,1.18,1345,3,303,1192,3.93,35.6,1.06,0.46,1663,-273,1012,462,1265,248,500,443
MNQ,ORB2,"ORB2 09:30 10m break SHORT stop 0.15×ATR 2R days NOTWIDE",536,811,1.51,35.3,1.03,0.33,1744,1,469,43,0.09,34.1,1.00,0.01,3040,-428,-524,2075,-312,149,380,-486
MNQ,ORB2,"ORB2 09:30 10m opening-candle direction SHORT stop 0.15×ATR 2R days NOTWIDE",344,-286,-0.83,34.6,0.98,-0.14,3231,3,326,1956,6.00,37.4,1.10,0.75,2647,435,-1069,31,317,971,1510,-525
MNQ,ORB2,"ORB2 09:30 10m break BOTH stop 0.15×ATR 2R days NOTWIDE",741,-622,-0.84,33.5,0.98,-0.22,2910,1,629,5504,8.75,38.2,1.14,1.48,2829,-387,-393,1748,-1590,1545,2956,1003
MNQ,ORB2,"ORB2 09:30 10m opening-candle direction BOTH stop 0.15×ATR 2R days NOTWIDE",739,2181,2.95,36.0,1.06,0.75,2604,3,629,3148,5.00,36.6,1.08,0.86,3428,163,-57,493,1582,1219,2011,-82
MNQ,ORB2,"ORB2 09:30 10m break LONG stop 0.15×ATR 2R days NONEWS",542,-2880,-5.31,31.9,0.89,-1.21,3627,1,455,5738,12.61,39.1,1.21,1.80,1483,147,-180,-881,-1966,874,3669,1195
MNQ,ORB2,"ORB2 09:30 10m opening-candle direction LONG stop 0.15×ATR 2R days NONEWS",389,1450,3.73,36.2,1.08,0.71,1665,2,302,641,2.12,34.4,1.03,0.25,1810,-397,1281,-134,700,-627,1002,265
MNQ,ORB2,"ORB2 09:30 10m break SHORT stop 0.15×ATR 2R days NONEWS",524,1453,2.77,36.1,1.06,0.60,1089,3,466,-879,-1.89,33.7,0.97,-0.29,3856,-458,102,1711,98,590,-181,-1289
MNQ,ORB2,"ORB2 09:30 10m opening-candle direction SHORT stop 0.15×ATR 2R days NONEWS",331,-145,-0.44,35.0,0.99,-0.08,3022,2,320,3721,11.63,39.4,1.20,1.44,2030,592,-899,-484,647,1390,2012,319
MNQ,ORB2,"ORB2 09:30 10m break BOTH stop 0.15×ATR 2R days NONEWS",722,-595,-0.82,33.7,0.98,-0.21,2332,2,622,5948,9.56,37.9,1.16,1.61,3026,-493,380,1261,-1743,1678,3295,975
MNQ,ORB2,"ORB2 09:30 10m opening-candle direction BOTH stop 0.15×ATR 2R days NONEWS",720,1305,1.81,35.7,1.04,0.47,2825,3,622,4362,7.01,37.0,1.11,1.19,3581,194,382,-619,1347,763,3014,584
MNQ,ORB2,"ORB2 09:30 10m break LONG stop 0.15×ATR 4R days ALL",586,156,0.27,25.1,1.00,0.05,3079,3,494,6555,13.27,30.2,1.20,1.55,2261,792,849,-2118,633,2293,2266,1996
MNQ,ORB2,"ORB2 09:30 10m opening-candle direction LONG stop 0.15×ATR 4R days ALL",414,2553,6.17,26.1,1.12,0.88,2906,2,324,943,2.91,26.2,1.04,0.28,2913,-595,2038,-242,1353,344,748,-149
MNQ,ORB2,"ORB2 09:30 10m break SHORT stop 0.15×ATR 4R days ALL",567,2786,4.91,24.9,1.09,0.80,1894,2,504,-394,-0.78,24.0,0.99,-0.09,3781,-563,1833,2332,-816,1596,-1244,-746
MNQ,ORB2,"ORB2 09:30 10m opening-candle direction SHORT stop 0.15×ATR 4R days ALL",368,87,0.24,23.4,1.00,0.03,3332,2,352,6038,17.15,27.8,1.25,1.63,2110,125,-338,-136,437,2389,2560,1089
MNQ,ORB2,"ORB2 09:30 10m break BOTH stop 0.15×ATR 4R days ALL",784,3490,4.45,24.7,1.08,0.86,3686,3,676,6841,10.12,28.1,1.15,1.39,3704,-683,1538,2600,35,3531,1466,1844
MNQ,ORB2,"ORB2 09:30 10m opening-candle direction BOTH stop 0.15×ATR 4R days ALL",782,2640,3.38,24.8,1.06,0.66,3849,2,676,6981,10.33,27.1,1.15,1.40,3804,-471,1699,-379,1790,2733,3309,939
MNQ,ORB2,"ORB2 09:30 10m break LONG stop 0.15×ATR 4R days NARROW",223,204,0.92,25.6,1.02,0.09,2090,2,214,2112,9.87,30.8,1.14,0.75,1492,-219,1172,-1225,476,1015,665,432
MNQ,ORB2,"ORB2 09:30 10m opening-candle direction LONG stop 0.15×ATR 4R days NARROW",154,1196,7.77,26.6,1.14,0.63,1929,2,141,652,4.63,27.7,1.07,0.29,1354,-472,1572,-481,577,195,75,382
MNQ,ORB2,"ORB2 09:30 10m break SHORT stop 0.15×ATR 4R days NARROW",223,1448,6.49,25.1,1.11,0.61,1522,2,211,499,2.37,27.0,1.03,0.18,3149,-435,209,1821,-146,937,-1202,764
MNQ,ORB2,"ORB2 09:30 10m opening-candle direction SHORT stop 0.15×ATR 4R days NARROW",136,795,5.84,26.5,1.10,0.42,975,2,130,173,1.33,26.2,1.02,0.08,2820,-122,-191,722,386,642,995,-1464
MNQ,ORB2,"ORB2 09:30 10m break BOTH stop 0.15×ATR 4R days NARROW",291,2576,8.85,26.5,1.16,0.96,2103,3,272,1514,5.57,29.0,1.08,0.48,2227,-478,1391,648,1014,1817,-1107,803
MNQ,ORB2,"ORB2 09:30 10m opening-candle direction BOTH stop 0.15×ATR 4R days NARROW",290,1991,6.87,26.6,1.12,0.75,2315,3,271,826,3.05,26.9,1.04,0.27,3496,-594,1380,242,963,837,1071,-1082
MNQ,ORB2,"ORB2 09:30 10m break LONG stop 0.15×ATR 4R days NOTWIDE",556,-286,-0.51,24.8,0.99,-0.09,3007,3,468,5747,12.28,30.3,1.18,1.40,2110,403,673,-1698,337,1962,1725,2061
MNQ,ORB2,"ORB2 09:30 10m opening-candle direction LONG stop 0.15×ATR 4R days NOTWIDE",395,2791,7.07,26.3,1.13,0.97,2712,3,303,470,1.55,26.4,1.02,0.15,2769,-687,1868,96,1515,650,85,-265
MNQ,ORB2,"ORB2 09:30 10m break SHORT stop 0.15×ATR 4R days NOTWIDE",536,2562,4.78,24.8,1.09,0.75,1740,2,469,343,0.73,24.5,1.01,0.08,3464,-515,1320,2550,-793,1096,-514,-239
MNQ,ORB2,"ORB2 09:30 10m opening-candle direction SHORT stop 0.15×ATR 4R days NOTWIDE",344,457,1.33,23.8,1.02,0.17,3341,3,326,5564,17.07,27.9,1.24,1.54,2110,313,-434,106,472,1847,2938,779
MNQ,ORB2,"ORB2 09:30 10m break BOTH stop 0.15×ATR 4R days NOTWIDE",741,3451,4.66,24.8,1.09,0.87,3491,2,629,6648,10.57,28.6,1.15,1.39,3227,-587,1181,2925,-68,2745,1543,2360
MNQ,ORB2,"ORB2 09:30 10m opening-candle direction BOTH stop 0.15×ATR 4R days NOTWIDE",739,3248,4.40,25.2,1.08,0.82,3683,3,629,6034,9.59,27.2,1.14,1.25,3570,-374,1434,202,1987,2497,3023,514
MNQ,ORB2,"ORB2 09:30 10m break LONG stop 0.15×ATR 4R days NONEWS",542,-688,-1.27,24.4,0.98,-0.22,2736,2,455,6649,14.61,30.5,1.22,1.64,3163,609,792,-1067,-1022,1049,2570,3029
MNQ,ORB2,"ORB2 09:30 10m opening-candle direction LONG stop 0.15×ATR 4R days NONEWS",389,1918,4.93,25.7,1.09,0.68,2657,3,302,217,0.72,25.5,1.01,0.07,3170,-532,1917,220,313,-955,1536,-365
MNQ,ORB2,"ORB2 09:30 10m break SHORT stop 0.15×ATR 4R days NONEWS",524,3895,7.43,25.6,1.14,1.15,1449,2,466,-911,-1.96,24.0,0.97,-0.23,5120,-450,2218,2465,-338,2115,-706,-2320
MNQ,ORB2,"ORB2 09:30 10m opening-candle direction SHORT stop 0.15×ATR 4R days NONEWS",331,1703,5.14,24.8,1.09,0.63,2616,4,320,6831,21.35,29.1,1.32,1.92,1927,286,150,442,826,2957,2910,965
MNQ,ORB2,"ORB2 09:30 10m break BOTH stop 0.15×ATR 4R days NONEWS",722,4002,5.54,24.9,1.10,1.02,3347,2,622,7207,11.59,28.6,1.17,1.52,3873,-572,1955,3327,-708,3056,2246,1905
MNQ,ORB2,"ORB2 09:30 10m opening-candle direction BOTH stop 0.15×ATR 4R days NONEWS",720,3620,5.03,25.3,1.09,0.93,3064,3,622,7048,11.33,27.3,1.16,1.46,4112,-247,2067,662,1138,2002,4446,600
MNQ,ORB2,"ORB2 09:30 10m break LONG stop 0.25×ATR to 15:55 days ALL",586,5364,9.15,36.0,1.12,1.10,4758,4,494,6114,12.38,39.1,1.13,1.11,4507,364,2474,229,2297,4378,329,1407
MNQ,ORB2,"ORB2 09:30 10m opening-candle direction LONG stop 0.25×ATR to 15:55 days ALL",414,5303,12.81,35.5,1.18,1.31,3242,3,324,-577,-1.78,33.0,0.98,-0.13,3666,-734,1899,1293,2844,-523,-1094,1040
MNQ,ORB2,"ORB2 09:30 10m break SHORT stop 0.25×ATR to 15:55 days ALL",567,7215,12.73,33.9,1.17,1.40,2442,3,504,5965,11.84,33.3,1.12,0.88,5919,-63,1175,5873,231,3149,3328,-511
MNQ,ORB2,"ORB2 09:30 10m opening-candle direction SHORT stop 0.25×ATR to 15:55 days ALL",368,1272,3.46,32.1,1.04,0.31,2850,2,352,9804,27.85,34.4,1.29,1.64,3699,-544,367,1528,-79,3216,4743,1845
MNQ,ORB2,"ORB2 09:30 10m break BOTH stop 0.25×ATR to 15:55 days ALL",784,10668,13.61,34.4,1.18,1.77,4298,3,676,6163,9.12,36.4,1.09,0.88,5175,-819,3421,6648,1417,5774,899,-510
MNQ,ORB2,"ORB2 09:30 10m opening-candle direction BOTH stop 0.25×ATR to 15:55 days ALL",782,6574,8.41,33.9,1.11,1.15,4262,3,676,9228,13.65,33.7,1.14,1.23,5087,-1278,2266,2820,2766,2693,3649,2886
MNQ,ORB2,"ORB2 09:30 10m break LONG stop 0.25×ATR to 15:55 days NARROW",223,1033,4.63,35.4,1.06,0.33,3614,2,214,4464,20.86,43.5,1.24,1.26,2667,-536,1981,-1642,1230,4835,-328,-43
MNQ,ORB2,"ORB2 09:30 10m opening-candle direction LONG stop 0.25×ATR to 15:55 days NARROW",154,3124,20.28,37.0,1.26,1.15,2319,3,141,763,5.41,36.2,1.06,0.27,2077,-718,1196,385,2261,554,-648,857
MNQ,ORB2,"ORB2 09:30 10m break SHORT stop 0.25×ATR to 15:55 days NARROW",223,2775,12.44,34.5,1.16,0.80,2426,1,211,3319,15.73,37.9,1.16,0.82,3355,-473,-501,5048,-1299,2256,505,559
MNQ,ORB2,"ORB2 09:30 10m opening-candle direction SHORT stop 0.25×ATR to 15:55 days NARROW",136,2621,19.27,36.8,1.24,0.94,1368,2,130,4082,31.40,33.8,1.32,1.06,2372,-269,378,3226,-714,1164,2408,511
MNQ,ORB2,"ORB2 09:30 10m break BOTH stop 0.25×ATR to 15:55 days NARROW",291,5188,17.83,35.4,1.23,1.31,2421,3,272,3476,12.78,40.1,1.13,0.81,3434,-533,1556,2851,1314,4583,-1207,101
MNQ,ORB2,"ORB2 09:30 10m opening-candle direction BOTH stop 0.25×ATR to 15:55 days NARROW",290,5745,19.81,36.9,1.25,1.47,1979,3,271,4845,17.88,35.1,1.18,1.01,3438,-987,1574,3611,1547,1718,1760,1368
MNQ,ORB2,"ORB2 09:30 10m break LONG stop 0.25×ATR to 15:55 days NOTWIDE",556,3547,6.38,36.0,1.08,0.77,5566,3,468,4477,9.57,39.1,1.10,0.85,3982,84,1957,-573,2080,4482,-1283,1278
MNQ,ORB2,"ORB2 09:30 10m opening-candle direction LONG stop 0.25×ATR to 15:55 days NOTWIDE",395,5240,13.26,35.7,1.18,1.32,2930,3,303,-247,-0.82,33.7,0.99,-0.06,3584,-789,1370,1851,2808,-18,-1409,1180
MNQ,ORB2,"ORB2 09:30 10m break SHORT stop 0.25×ATR to 15:55 days NOTWIDE",536,6270,11.70,34.0,1.15,1.25,1981,3,469,8225,17.54,34.3,1.17,1.23,4219,142,825,5797,-494,2545,5045,634
MNQ,ORB2,"ORB2 09:30 10m opening-candle direction SHORT stop 0.25×ATR to 15:55 days NOTWIDE",344,1759,5.11,33.1,1.06,0.45,2326,2,326,9721,29.82,34.7,1.30,1.66,3910,-234,764,1928,-699,2461,5141,2119
MNQ,ORB2,"ORB2 09:30 10m break BOTH stop 0.25×ATR to 15:55 days NOTWIDE",741,8787,11.86,34.7,1.16,1.53,4938,3,629,7324,11.64,37.0,1.12,1.07,4480,-563,2904,5808,638,5293,1797,234
MNQ,ORB2,"ORB2 09:30 10m opening-candle direction BOTH stop 0.25×ATR to 15:55 days NOTWIDE",739,6998,9.47,34.5,1.12,1.25,3940,3,629,9474,15.06,34.2,1.15,1.29,5198,-1023,2134,3779,2109,2443,3731,3300
MNQ,ORB2,"ORB2 09:30 10m break LONG stop 0.25×ATR to 15:55 days NONEWS",542,5162,9.52,36.2,1.13,1.10,3769,4,455,7256,15.95,39.3,1.17,1.36,3431,222,2192,1622,1125,2848,1653,2754
MNQ,ORB2,"ORB2 09:30 10m opening-candle direction LONG stop 0.25×ATR to 15:55 days NONEWS",389,5525,14.20,36.0,1.20,1.41,2780,3,302,-5,-0.02,33.4,1.00,0.00,3984,-630,1681,2005,2468,-1285,12,1269
MNQ,ORB2,"ORB2 09:30 10m break SHORT stop 0.25×ATR to 15:55 days NONEWS",524,9430,18.00,34.9,1.24,1.87,1973,4,466,3891,8.35,33.7,1.08,0.62,6928,122,1759,6752,796,3123,4561,-3793
MNQ,ORB2,"ORB2 09:30 10m opening-candle direction SHORT stop 0.25×ATR to 15:55 days NONEWS",331,3389,10.24,33.8,1.13,0.87,2180,3,320,10015,31.30,35.9,1.33,1.81,3175,-279,832,2580,256,3758,5937,320
MNQ,ORB2,"ORB2 09:30 10m break BOTH stop 0.25×ATR to 15:55 days NONEWS",722,13239,18.34,35.5,1.25,2.26,3772,3,622,7141,11.48,37.3,1.12,1.09,6195,-594,4082,8080,1671,4936,2887,-683
MNQ,ORB2,"ORB2 09:30 10m opening-candle direction BOTH stop 0.25×ATR to 15:55 days NONEWS",720,8913,12.38,35.0,1.17,1.62,3288,3,622,10010,16.09,34.7,1.16,1.41,4127,-909,2513,4585,2724,2472,5949,1589
MNQ,ORB2,"ORB2 09:30 10m break LONG stop 0.25×ATR 2R days ALL",586,1054,1.80,39.1,1.02,0.27,5871,3,494,6595,13.35,43.1,1.15,1.36,4108,138,1834,-2402,1483,5328,92,1174
MNQ,ORB2,"ORB2 09:30 10m opening-candle direction LONG stop 0.25×ATR 2R days ALL",414,2913,7.04,39.1,1.10,0.87,3180,3,324,-356,-1.10,38.3,0.99,-0.09,3162,-972,525,265,3095,505,-646,-214
MNQ,ORB2,"ORB2 09:30 10m break SHORT stop 0.25×ATR 2R days ALL",567,2559,4.51,38.4,1.06,0.65,2444,3,504,3356,6.66,38.9,1.07,0.67,6047,50,843,2643,-977,1949,1374,32
MNQ,ORB2,"ORB2 09:30 10m opening-candle direction SHORT stop 0.25×ATR 2R days ALL",368,-371,-1.01,36.1,0.99,-0.12,3625,1,352,4614,13.11,39.2,1.14,1.10,2897,-380,440,-388,-43,1761,895,1958
MNQ,ORB2,"ORB2 09:30 10m break BOTH stop 0.25×ATR 2R days ALL",784,3116,3.98,38.3,1.06,0.67,4497,3,676,6246,9.24,41.4,1.10,1.09,5070,-869,1736,1565,685,6147,538,-439
MNQ,ORB2,"ORB2 09:30 10m opening-candle direction BOTH stop 0.25×ATR 2R days ALL",782,2541,3.25,37.7,1.05,0.55,5300,2,676,4258,6.30,38.8,1.07,0.74,4496,-1352,965,-123,3051,2266,249,1743
MNQ,ORB2,"ORB2 09:30 10m break LONG stop 0.25×ATR 2R days NARROW",223,124,0.55,39.0,1.01,0.05,3488,2,214,3642,17.02,45.3,1.20,1.13,1897,-505,1733,-1882,778,3789,-335,187
MNQ,ORB2,"ORB2 09:30 10m opening-candle direction LONG stop 0.25×ATR 2R days NARROW",154,2504,16.26,42.9,1.23,1.16,2095,2,141,742,5.26,39.7,1.06,0.29,1777,-718,726,-40,2536,589,-588,740
MNQ,ORB2,"ORB2 09:30 10m break SHORT stop 0.25×ATR 2R days NARROW",223,-311,-1.39,37.2,0.98,-0.12,2311,1,211,2030,9.62,40.8,1.10,0.59,3192,-390,-956,1524,-488,268,1916,-154
MNQ,ORB2,"ORB2 09:30 10m opening-candle direction SHORT stop 0.25×ATR 2R days NARROW",136,623,4.58,39.0,1.06,0.29,1772,2,130,929,7.15,37.7,1.08,0.35,2699,-269,157,840,-105,-3,725,207
MNQ,ORB2,"ORB2 09:30 10m break BOTH stop 0.25×ATR 2R days NARROW",291,961,3.30,38.5,1.04,0.32,3084,2,272,1087,4.00,42.3,1.04,0.30,3711,-502,500,-217,1180,3135,-1366,-682
MNQ,ORB2,"ORB2 09:30 10m opening-candle direction BOTH stop 0.25×ATR 2R days NARROW",290,3128,10.78,41.0,1.15,1.04,3280,3,271,1671,6.17,38.7,1.07,0.45,2868,-987,883,801,2430,586,138,947
MNQ,ORB2,"ORB2 09:30 10m break LONG stop 0.25×ATR 2R days NOTWIDE",556,771,1.39,39.0,1.02,0.20,5729,2,468,5471,11.69,43.2,1.13,1.17,3681,-106,1698,-2235,1414,5335,-766,902
MNQ,ORB2,"ORB2 09:30 10m opening-candle direction LONG stop 0.25×ATR 2R days NOTWIDE",395,3395,8.59,39.5,1.12,1.03,2905,3,303,-640,-2.11,38.6,0.98,-0.17,3513,-969,433,823,3108,1010,-841,-808
MNQ,ORB2,"ORB2 09:30 10m break SHORT stop 0.25×ATR 2R days NOTWIDE",536,2783,5.19,38.6,1.07,0.72,2152,3,469,5075,10.82,40.1,1.11,1.03,4767,281,801,2784,-1083,1521,2782,772
MNQ,ORB2,"ORB2 09:30 10m opening-candle direction SHORT stop 0.25×ATR 2R days NOTWIDE",344,406,1.18,36.9,1.02,0.13,3412,2,326,4690,14.39,39.6,1.16,1.14,2897,-71,475,13,-12,1317,1441,1931
MNQ,ORB2,"ORB2 09:30 10m break BOTH stop 0.25×ATR 2R days NOTWIDE",741,3581,4.83,38.6,1.07,0.79,4459,3,629,6882,10.94,42.3,1.12,1.24,4267,-557,1880,1693,565,5657,1531,-306
MNQ,ORB2,"ORB2 09:30 10m opening-candle direction BOTH stop 0.25×ATR 2R days NOTWIDE",739,3801,5.14,38.3,1.07,0.83,4968,3,629,4050,6.44,39.1,1.07,0.73,4318,-1040,908,836,3097,2327,600,1123
MNQ,ORB2,"ORB2 09:30 10m break LONG stop 0.25×ATR 2R days NONEWS",542,970,1.79,38.9,1.02,0.26,4881,2,455,7462,16.40,43.5,1.19,1.61,2894,-4,1613,-774,134,3425,1166,2872
MNQ,ORB2,"ORB2 09:30 10m opening-candle direction LONG stop 0.25×ATR 2R days NONEWS",389,2897,7.45,39.1,1.11,0.90,2849,3,302,-267,-0.89,38.1,0.99,-0.07,2941,-867,319,1290,2156,-452,185,-1
MNQ,ORB2,"ORB2 09:30 10m break SHORT stop 0.25×ATR 2R days NONEWS",524,4566,8.71,39.5,1.12,1.19,1831,3,466,1207,2.59,38.2,1.03,0.25,7454,235,1299,3530,-499,2276,896,-1966
MNQ,ORB2,"ORB2 09:30 10m opening-candle direction SHORT stop 0.25×ATR 2R days NONEWS",331,1380,4.17,37.5,1.06,0.45,3011,3,320,4121,12.88,39.4,1.14,1.04,2931,-116,58,851,586,2184,716,1221
MNQ,ORB2,"ORB2 09:30 10m break BOTH stop 0.25×ATR 2R days NONEWS",722,5043,6.98,38.9,1.10,1.13,4023,2,622,7113,11.44,41.8,1.12,1.30,5131,-645,2323,3436,-70,4857,1805,450
MNQ,ORB2,"ORB2 09:30 10m opening-candle direction BOTH stop 0.25×ATR 2R days NONEWS",720,4277,5.94,38.3,1.08,0.96,4212,3,622,3853,6.19,38.7,1.07,0.70,3718,-983,377,2141,2742,1732,902,1220
MNQ,ORB2,"ORB2 09:30 10m break LONG stop 0.25×ATR 4R days ALL",586,4439,7.57,36.2,1.10,0.96,5354,3,494,7259,14.69,39.3,1.16,1.32,4348,417,3448,-1073,1647,5098,750,1411
MNQ,ORB2,"ORB2 09:30 10m opening-candle direction LONG stop 0.25×ATR 4R days ALL",414,5412,13.07,36.0,1.18,1.38,3161,3,324,-792,-2.44,33.0,0.98,-0.18,3227,-777,2611,771,2806,-347,-820,376
MNQ,ORB2,"ORB2 09:30 10m break SHORT stop 0.25×ATR 4R days ALL",567,8626,15.21,34.2,1.20,1.70,2214,2,504,6301,12.50,33.5,1.12,0.99,4905,-247,2300,6731,-158,2780,2554,967
MNQ,ORB2,"ORB2 09:30 10m opening-candle direction SHORT stop 0.25×ATR 4R days ALL",368,2040,5.54,32.1,1.07,0.50,2727,2,352,11662,33.13,35.2,1.34,2.11,3590,-800,776,2454,-389,2523,3680,5459
MNQ,ORB2,"ORB2 09:30 10m break BOTH stop 0.25×ATR 4R days ALL",784,10051,12.82,34.6,1.17,1.74,4248,3,676,8094,11.97,36.5,1.12,1.17,4706,-998,4570,5900,579,5731,1793,570
MNQ,ORB2,"ORB2 09:30 10m opening-candle direction BOTH stop 0.25×ATR 4R days ALL",782,7452,9.53,34.1,1.13,1.32,4034,3,676,10870,16.08,34.2,1.16,1.53,4717,-1577,3387,3225,2417,2176,2860,5834
MNQ,ORB2,"ORB2 09:30 10m break LONG stop 0.25×ATR 4R days NARROW",223,82,0.37,35.4,1.00,0.03,3639,2,214,4482,20.94,43.5,1.24,1.28,2667,-536,2038,-2230,810,4998,-328,-189
MNQ,ORB2,"ORB2 09:30 10m opening-candle direction LONG stop 0.25×ATR 4R days NARROW",154,2749,17.85,37.7,1.24,1.09,2347,2,141,922,6.54,36.2,1.07,0.32,2077,-718,1245,-172,2394,927,-648,643
MNQ,ORB2,"ORB2 09:30 10m break SHORT stop 0.25×ATR 4R days NARROW",223,3025,13.56,35.0,1.18,0.90,2116,2,211,4103,19.45,37.9,1.20,0.99,3390,-473,22,4725,-1248,1990,1814,300
MNQ,ORB2,"ORB2 09:30 10m opening-candle direction SHORT stop 0.25×ATR 4R days NARROW",136,2994,22.01,36.8,1.28,1.06,1368,2,130,2142,16.48,33.8,1.17,0.67,2525,-269,476,3486,-700,455,996,692
MNQ,ORB2,"ORB2 09:30 10m break BOTH stop 0.25×ATR 4R days NARROW",291,4608,15.83,35.4,1.20,1.21,2286,3,272,3479,12.79,40.1,1.13,0.81,3434,-533,1654,2543,944,4110,-327,-304
MNQ,ORB2,"ORB2 09:30 10m opening-candle direction BOTH stop 0.25×ATR 4R days NARROW",290,5743,19.80,37.2,1.26,1.52,1979,3,271,3065,11.31,35.1,1.12,0.72,3438,-987,1721,3314,1694,1382,347,1335
MNQ,ORB2,"ORB2 09:30 10m break LONG stop 0.25×ATR 4R days NOTWIDE",556,3031,5.45,36.2,1.07,0.68,5544,3,468,4780,10.21,39.3,1.11,0.92,3822,137,2880,-1257,1271,4650,-1152,1282
MNQ,ORB2,"ORB2 09:30 10m opening-candle direction LONG stop 0.25×ATR 4R days NOTWIDE",395,5354,13.55,36.2,1.19,1.39,2849,3,303,-658,-2.17,33.7,0.98,-0.15,3513,-832,2087,1329,2770,158,-1332,516
MNQ,ORB2,"ORB2 09:30 10m break SHORT stop 0.25×ATR 4R days NOTWIDE",536,7763,14.48,34.3,1.19,1.57,1769,2,469,7670,16.35,34.5,1.16,1.24,3870,-174,1871,6649,-583,2208,4272,1191
MNQ,ORB2,"ORB2 09:30 10m opening-candle direction SHORT stop 0.25×ATR 4R days NOTWIDE",344,2677,7.78,33.1,1.10,0.67,2326,2,326,10812,33.17,35.6,1.34,2.02,3569,-490,998,2854,-685,1544,4351,4917
MNQ,ORB2,"ORB2 09:30 10m break BOTH stop 0.25×ATR 4R days NOTWIDE",741,8994,12.14,34.8,1.16,1.60,4803,2,629,7541,11.99,37.2,1.12,1.14,3819,-742,4118,5678,-60,4731,2417,393
MNQ,ORB2,"ORB2 09:30 10m opening-candle direction BOTH stop 0.25×ATR 4R days NOTWIDE",739,8031,10.87,34.8,1.14,1.45,3713,3,629,10154,16.14,34.7,1.16,1.48,4762,-1323,3086,4183,2085,1702,3019,5432
MNQ,ORB2,"ORB2 09:30 10m break LONG stop 0.25×ATR 4R days NONEWS",542,4479,8.26,36.3,1.11,1.01,4365,4,455,8353,18.36,39.6,1.20,1.57,3306,275,3166,362,675,3483,2074,2796
MNQ,ORB2,"ORB2 09:30 10m opening-candle direction LONG stop 0.25×ATR 4R days NONEWS",389,5679,14.60,36.5,1.20,1.49,2699,3,302,-124,-0.41,33.4,1.00,-0.03,3522,-673,2393,1530,2429,-1085,285,676
MNQ,ORB2,"ORB2 09:30 10m break SHORT stop 0.25×ATR 4R days NONEWS",524,10828,20.66,35.3,1.28,2.19,1745,3,466,4486,9.63,33.7,1.10,0.75,5182,-62,2827,7611,452,2927,3081,-1523
MNQ,ORB2,"ORB2 09:30 10m opening-candle direction SHORT stop 0.25×ATR 4R days NONEWS",331,4269,12.90,33.8,1.17,1.09,2180,3,320,11276,35.24,36.3,1.37,2.17,3035,-536,1319,3418,67,3167,4203,3906
MNQ,ORB2,"ORB2 09:30 10m break BOTH stop 0.25×ATR 4R days NONEWS",722,12730,17.63,35.6,1.24,2.27,3688,3,622,9510,15.29,37.3,1.16,1.44,4704,-774,5304,7374,826,5005,3075,1430
MNQ,ORB2,"ORB2 09:30 10m opening-candle direction BOTH stop 0.25×ATR 4R days NONEWS",720,9948,13.82,35.3,1.19,1.83,3061,3,622,11152,17.93,34.9,1.18,1.64,3850,-1208,3713,4948,2497,2082,4488,4582
MNQ,ORB2,"ORB2 09:30 15m break LONG stop range to 15:55 days ALL",559,6171,11.04,42.2,1.14,1.22,4211,3,473,7731,16.34,43.6,1.16,1.16,5058,216,2520,-881,4316,1295,6127,310
MNQ,ORB2,"ORB2 09:30 15m opening-candle direction LONG stop range to 15:55 days ALL",418,7814,18.69,41.6,1.23,1.67,2514,3,336,3264,9.71,39.6,1.09,0.52,3758,-550,1383,2394,4587,473,2202,590
MNQ,ORB2,"ORB2 09:30 15m break SHORT stop range to 15:55 days ALL",527,5499,10.43,39.3,1.12,1.03,3156,2,469,5663,12.07,38.2,1.11,0.78,5507,-455,2206,4772,-1024,1951,4970,-1258
MNQ,ORB2,"ORB2 09:30 15m opening-candle direction SHORT stop range to 15:55 days ALL",364,-497,-1.37,36.8,0.99,-0.11,4183,2,339,6571,19.38,37.5,1.17,1.06,4652,142,-906,2370,-2103,4643,2747,-819
MNQ,ORB2,"ORB2 09:30 15m break BOTH stop range to 15:55 days ALL",783,10003,12.78,40.5,1.15,1.54,3767,3,676,6692,9.90,41.1,1.09,0.81,9201,-959,4376,5118,1468,2702,8096,-4106
MNQ,ORB2,"ORB2 09:30 15m opening-candle direction BOTH stop range to 15:55 days ALL",782,7317,9.36,39.4,1.11,1.11,3887,3,675,9835,14.57,38.5,1.13,1.11,6712,-408,477,4764,2484,5115,4949,-229
MNQ,ORB2,"ORB2 09:30 15m break LONG stop range to 15:55 days NARROW",140,-1354,-9.67,30.0,0.86,-0.75,2674,1,146,2970,20.34,43.2,1.28,1.21,1357,-214,1073,-1729,-484,2781,-313,502
MNQ,ORB2,"ORB2 09:30 15m opening-candle direction LONG stop range to 15:55 days NARROW",99,951,9.60,32.3,1.15,0.57,1248,2,97,-758,-7.81,32.0,0.91,-0.38,2720,-436,1077,729,-420,1071,-1396,-433
MNQ,ORB2,"ORB2 09:30 15m break SHORT stop range to 15:55 days NARROW",144,1685,11.70,29.9,1.18,0.68,1879,1,137,3596,26.25,30.7,1.30,1.00,1945,-668,-103,3651,-1196,1566,1924,107
MNQ,ORB2,"ORB2 09:30 15m opening-candle direction SHORT stop range to 15:55 days NARROW",87,764,8.78,29.9,1.13,0.39,1021,1,90,3430,38.11,31.1,1.43,1.17,2142,-112,-142,1675,-658,2545,-205,1090
MNQ,ORB2,"ORB2 09:30 15m break BOTH stop range to 15:55 days NARROW",187,809,4.32,28.3,1.06,0.30,2376,2,189,3844,20.34,36.5,1.24,1.13,2969,-687,1875,1090,-1469,4314,202,-672
MNQ,ORB2,"ORB2 09:30 15m opening-candle direction BOTH stop range to 15:55 days NARROW",186,1715,9.22,31.2,1.14,0.67,1636,2,187,2672,14.29,31.6,1.16,0.76,3836,-547,936,2404,-1078,3616,-1601,657
MNQ,ORB2,"ORB2 09:30 15m break LONG stop range to 15:55 days NOTWIDE",506,5124,10.13,41.1,1.13,1.12,4772,3,424,1876,4.42,42.0,1.04,0.37,4226,332,1524,-282,3550,1623,290,-37
MNQ,ORB2,"ORB2 09:30 15m opening-candle direction LONG stop range to 15:55 days NOTWIDE",384,7123,18.55,41.1,1.24,1.68,2922,3,296,-423,-1.43,38.2,0.99,-0.09,4487,-398,1073,2204,4244,1105,-2291,763
MNQ,ORB2,"ORB2 09:30 15m break SHORT stop range to 15:55 days NOTWIDE",467,5397,11.56,37.7,1.14,1.11,2428,2,410,7052,17.20,38.0,1.16,1.05,4718,-979,1986,5534,-1144,1276,4844,932
MNQ,ORB2,"ORB2 09:30 15m opening-candle direction SHORT stop range to 15:55 days NOTWIDE",311,-319,-1.02,35.4,0.99,-0.08,2946,2,290,7563,26.08,37.2,1.24,1.37,3878,-700,120,2266,-2005,3833,2614,1116
MNQ,ORB2,"ORB2 09:30 15m break BOTH stop range to 15:55 days NOTWIDE",696,8039,11.55,38.9,1.14,1.37,3944,3,587,2962,5.05,40.2,1.05,0.45,6643,-1112,3191,5479,481,2682,2724,-2444
MNQ,ORB2,"ORB2 09:30 15m opening-candle direction BOTH stop range to 15:55 days NOTWIDE",695,6805,9.79,38.6,1.12,1.16,3120,3,586,7140,12.18,37.7,1.11,1.00,4606,-1097,1193,4470,2240,4938,324,1879
MNQ,ORB2,"ORB2 09:30 15m break LONG stop range to 15:55 days NONEWS",516,6165,11.95,42.1,1.15,1.28,3479,3,435,9052,20.81,44.4,1.21,1.40,4128,-36,2168,741,3293,240,7597,1215
MNQ,ORB2,"ORB2 09:30 15m opening-candle direction LONG stop range to 15:55 days NONEWS",389,5995,15.41,40.9,1.19,1.33,2301,3,305,4582,15.02,40.3,1.13,0.74,3377,-671,1362,1846,3459,-403,3509,1477
MNQ,ORB2,"ORB2 09:30 15m break SHORT stop range to 15:55 days NONEWS",489,8520,17.42,40.1,1.21,1.65,2184,2,433,2728,6.30,38.3,1.05,0.40,7225,-178,2118,6607,-27,1741,5021,-4034
MNQ,ORB2,"ORB2 09:30 15m opening-candle direction SHORT stop range to 15:55 days NONEWS",331,2425,7.32,38.1,1.08,0.55,3245,2,316,2915,9.22,38.0,1.08,0.52,6879,531,-370,3792,-1529,3605,2347,-3037
MNQ,ORB2,"ORB2 09:30 15m break BOTH stop range to 15:55 days NONEWS",721,11771,16.33,40.8,1.20,1.88,3714,3,622,6235,10.02,42.0,1.09,0.80,9852,-862,3798,7225,1610,2071,8705,-4542
MNQ,ORB2,"ORB2 09:30 15m opening-candle direction BOTH stop range to 15:55 days NONEWS",720,8419,11.69,39.6,1.14,1.34,3597,3,621,7497,12.07,39.1,1.10,0.90,9417,-141,992,5638,1930,3202,5856,-1561
MNQ,ORB2,"ORB2 09:30 15m break LONG stop range 2R days ALL",559,5087,9.10,44.2,1.12,1.10,4163,3,473,5885,12.44,45.2,1.12,1.04,4912,203,3441,-1225,2668,673,5554,-342
MNQ,ORB2,"ORB2 09:30 15m opening-candle direction LONG stop range 2R days ALL",418,6360,15.22,43.8,1.19,1.54,3077,3,336,350,1.04,41.1,1.01,0.07,4180,-649,1530,1320,4160,-345,559,136
MNQ,ORB2,"ORB2 09:30 15m break SHORT stop range 2R days ALL",527,4818,9.14,41.9,1.11,1.00,3622,3,469,3330,7.10,42.0,1.06,0.56,5073,372,3081,2613,-1248,1692,1431,208
MNQ,ORB2,"ORB2 09:30 15m opening-candle direction SHORT stop range 2R days ALL",364,-1307,-3.59,39.6,0.96,-0.32,4431,2,339,4264,12.58,40.7,1.11,0.81,5136,346,-976,848,-1524,2771,2541,-1047
MNQ,ORB2,"ORB2 09:30 15m break BOTH stop range 2R days ALL",783,8005,10.22,42.8,1.12,1.37,3791,3,676,7474,11.06,43.8,1.10,1.04,8422,-550,5310,2666,580,2580,7263,-2368
MNQ,ORB2,"ORB2 09:30 15m opening-candle direction BOTH stop range 2R days ALL",782,5054,6.46,41.8,1.08,0.87,3135,3,675,4614,6.84,40.9,1.06,0.63,7832,-303,554,2168,2636,2426,3100,-912
MNQ,ORB2,"ORB2 09:30 15m break LONG stop range 2R days NARROW",140,-2,-0.01,35.7,1.00,0.00,1537,1,146,3954,27.08,47.9,1.39,1.76,1132,-214,980,-310,-457,2494,762,698
MNQ,ORB2,"ORB2 09:30 15m opening-candle direction LONG stop range 2R days NARROW",99,1360,13.74,37.4,1.23,0.91,1050,2,97,-841,-8.66,35.1,0.90,-0.47,2396,-436,776,1103,-83,639,-1493,13
MNQ,ORB2,"ORB2 09:30 15m break SHORT stop range 2R days NARROW",144,-748,-5.19,32.6,0.92,-0.43,1813,1,137,524,3.82,37.2,1.05,0.23,2149,-570,-542,1408,-1044,471,796,-742
MNQ,ORB2,"ORB2 09:30 15m opening-candle direction SHORT stop range 2R days NARROW",87,-143,-1.64,35.6,0.98,-0.10,1134,1,90,927,10.30,35.6,1.12,0.48,1928,-55,-266,581,-403,679,379,-130
MNQ,ORB2,"ORB2 09:30 15m break BOTH stop range 2R days NARROW",187,-549,-2.93,33.2,0.96,-0.27,1491,2,189,3169,16.77,42.3,1.21,1.18,3276,-619,1120,154,-1204,2867,1188,-886
MNQ,ORB2,"ORB2 09:30 15m opening-candle direction BOTH stop range 2R days NARROW",186,1218,6.55,36.6,1.10,0.59,1317,2,187,87,0.46,35.3,1.01,0.03,3672,-491,510,1684,-486,1318,-1114,-117
MNQ,ORB2,"ORB2 09:30 15m break LONG stop range 2R days NOTWIDE",506,4184,8.27,43.3,1.11,1.00,4421,3,424,1631,3.85,43.9,1.04,0.34,4082,319,2238,-291,1918,1001,1318,-688
MNQ,ORB2,"ORB2 09:30 15m opening-candle direction LONG stop range 2R days NOTWIDE",384,6323,16.47,43.5,1.22,1.66,3213,3,296,-1225,-4.14,39.9,0.96,-0.29,4691,-497,1190,1580,4050,288,-1821,309
MNQ,ORB2,"ORB2 09:30 15m break SHORT stop range 2R days NOTWIDE",467,4171,8.93,40.7,1.11,0.97,2765,2,410,4850,11.83,42.4,1.11,0.93,4368,-426,2418,3360,-1181,937,1871,2043
MNQ,ORB2,"ORB2 09:30 15m opening-candle direction SHORT stop range 2R days NOTWIDE",311,-1073,-3.45,38.6,0.96,-0.31,2754,1,290,5562,19.18,41.0,1.19,1.24,4871,-546,-190,890,-1228,1896,3072,595
MNQ,ORB2,"ORB2 09:30 15m break BOTH stop range 2R days NOTWIDE",696,6171,8.87,41.5,1.11,1.19,4374,2,587,5506,9.38,43.3,1.09,0.91,6922,-782,3795,3363,-205,2480,4087,-1060
MNQ,ORB2,"ORB2 09:30 15m opening-candle direction BOTH stop range 2R days NOTWIDE",695,5250,7.55,41.3,1.09,1.01,3145,3,586,4338,7.40,40.4,1.07,0.70,5610,-1042,1000,2470,2823,2184,1251,903
MNQ,ORB2,"ORB2 09:30 15m break LONG stop range 2R days NONEWS",516,5148,9.98,43.8,1.13,1.16,3569,3,435,6666,15.32,46.0,1.15,1.22,3896,-50,3039,518,1641,-551,6852,365
MNQ,ORB2,"ORB2 09:30 15m opening-candle direction LONG stop range 2R days NONEWS",389,4614,11.86,42.7,1.15,1.15,2875,3,305,1482,4.86,41.6,1.04,0.31,3850,-770,1509,860,3016,-1208,1866,824
MNQ,ORB2,"ORB2 09:30 15m break SHORT stop range 2R days NONEWS",489,7534,15.41,42.7,1.19,1.63,2650,3,433,362,0.84,41.6,1.01,0.07,6389,649,2852,4113,-80,1395,1039,-2072
MNQ,ORB2,"ORB2 09:30 15m opening-candle direction SHORT stop range 2R days NONEWS",331,1458,4.40,40.8,1.05,0.38,3095,2,316,2429,7.69,40.8,1.07,0.49,6152,734,-536,1955,-696,2388,1862,-1821
MNQ,ORB2,"ORB2 09:30 15m break BOTH stop range 2R days NONEWS",721,9375,13.00,42.9,1.16,1.68,3772,3,622,5816,9.35,44.2,1.09,0.85,8884,-453,4550,4561,718,1416,7390,-2990
MNQ,ORB2,"ORB2 09:30 15m opening-candle direction BOTH stop range 2R days NONEWS",720,6072,8.43,41.8,1.10,1.09,3030,3,621,3910,6.30,41.2,1.06,0.57,8779,-36,973,2814,2321,1180,3728,-997
MNQ,ORB2,"ORB2 09:30 15m break LONG stop range 4R days ALL",559,6015,10.76,42.4,1.13,1.20,4211,3,473,8899,18.81,43.6,1.18,1.32,5058,216,2515,-1445,4728,1363,6791,745
MNQ,ORB2,"ORB2 09:30 15m opening-candle direction LONG stop range 4R days ALL",418,7058,16.88,41.6,1.21,1.55,2514,3,336,2748,8.18,39.6,1.07,0.48,3843,-550,1365,1805,4438,738,1211,799
MNQ,ORB2,"ORB2 09:30 15m break SHORT stop range 4R days ALL",527,7554,14.33,39.7,1.17,1.39,3015,2,469,2746,5.86,38.4,1.05,0.42,5850,-408,3928,4714,-681,1727,2958,-1939
MNQ,ORB2,"ORB2 09:30 15m opening-candle direction SHORT stop range 4R days ALL",364,309,0.85,37.1,1.01,0.07,4015,3,339,5918,17.46,37.5,1.15,0.96,4653,113,4,2141,-1949,2569,4577,-1228
MNQ,ORB2,"ORB2 09:30 15m break BOTH stop range 4R days ALL",783,11333,14.47,40.9,1.17,1.75,4163,3,676,7173,10.61,41.1,1.09,0.87,9482,-846,5911,4429,1840,2272,9129,-4228
MNQ,ORB2,"ORB2 09:30 15m opening-candle direction BOTH stop range 4R days ALL",782,7366,9.42,39.5,1.11,1.13,3887,3,675,8665,12.84,38.5,1.11,1.03,7005,-437,1369,3945,2490,3306,5788,-429
MNQ,ORB2,"ORB2 09:30 15m break LONG stop range 4R days NARROW",140,-1078,-7.70,30.7,0.89,-0.60,2521,1,146,2986,20.45,43.2,1.28,1.22,1357,-214,1068,-1729,-203,2859,-313,440
MNQ,ORB2,"ORB2 09:30 15m opening-candle direction LONG stop range 4R days NARROW",99,787,7.94,32.3,1.12,0.48,1248,2,97,-508,-5.23,32.0,0.94,-0.25,2683,-436,1059,729,-566,1284,-1359,-433
MNQ,ORB2,"ORB2 09:30 15m break SHORT stop range 4R days NARROW",144,1598,11.09,30.6,1.17,0.68,1738,2,137,1897,13.84,31.4,1.16,0.65,1819,-555,122,2995,-964,499,1629,-231
MNQ,ORB2,"ORB2 09:30 15m opening-candle direction SHORT stop range 4R days NARROW",87,1101,12.66,31.0,1.18,0.56,931,2,90,1999,22.21,31.1,1.25,0.77,2142,-10,75,1604,-568,1216,-17,800
MNQ,ORB2,"ORB2 09:30 15m break BOTH stop range 4R days NARROW",187,658,3.52,29.4,1.05,0.26,2157,2,189,2945,15.58,36.5,1.19,0.92,3140,-574,2095,366,-1229,3394,554,-1003
MNQ,ORB2,"ORB2 09:30 15m opening-candle direction BOTH stop range 4R days NARROW",186,1888,10.15,31.7,1.15,0.74,1596,2,187,1492,7.98,31.6,1.09,0.46,3799,-446,1134,2333,-1134,2500,-1376,367
MNQ,ORB2,"ORB2 09:30 15m break LONG stop range 4R days NOTWIDE",506,4968,9.82,41.3,1.13,1.10,4772,3,424,2379,5.61,42.0,1.06,0.46,4226,332,1520,-846,3963,1691,290,398
MNQ,ORB2,"ORB2 09:30 15m opening-candle direction LONG stop range 4R days NOTWIDE",384,6367,16.58,41.1,1.21,1.55,2922,3,296,89,0.30,38.2,1.00,0.02,4411,-398,1055,1614,4096,1370,-2254,972
MNQ,ORB2,"ORB2 09:30 15m break SHORT stop range 4R days NOTWIDE",467,7153,15.32,38.1,1.19,1.45,2287,2,410,4135,10.09,38.3,1.09,0.69,4519,-932,3410,5476,-801,1052,2832,252
MNQ,ORB2,"ORB2 09:30 15m opening-candle direction SHORT stop range 4R days NOTWIDE",311,252,0.81,35.7,1.01,0.06,2856,2,290,6910,23.83,37.2,1.22,1.28,4056,-729,794,2037,-1850,1759,4444,707
MNQ,ORB2,"ORB2 09:30 15m break BOTH stop range 4R days NOTWIDE",696,9070,13.03,39.4,1.16,1.56,4294,3,587,2779,4.73,40.2,1.04,0.43,6924,-999,4426,4790,852,2252,3093,-2565
MNQ,ORB2,"ORB2 09:30 15m opening-candle direction BOTH stop range 4R days NOTWIDE",695,6619,9.52,38.7,1.11,1.15,3120,3,586,6998,11.94,37.7,1.11,0.99,4518,-1127,1849,3651,2246,3129,2191,1679
MNQ,ORB2,"ORB2 09:30 15m break LONG stop range 4R days NONEWS",516,5652,10.95,42.1,1.14,1.19,3479,3,435,10219,23.49,44.4,1.23,1.56,4128,-36,2163,177,3349,308,8261,1650
MNQ,ORB2,"ORB2 09:30 15m opening-candle direction LONG stop range 4R days NONEWS",389,5146,13.23,40.9,1.16,1.18,2301,3,305,4066,13.33,40.3,1.12,0.73,3617,-671,1344,1256,3218,-138,2518,1686
MNQ,ORB2,"ORB2 09:30 15m break SHORT stop range 4R days NONEWS",489,10441,21.35,40.5,1.26,1.99,2044,3,433,-253,-0.58,38.3,0.99,-0.04,7803,-131,3706,6549,317,1473,2702,-4427
MNQ,ORB2,"ORB2 09:30 15m opening-candle direction SHORT stop range 4R days NONEWS",331,3263,9.86,38.4,1.11,0.74,3155,3,316,2825,8.94,38.0,1.08,0.50,6879,501,540,3563,-1341,2101,3936,-3212
MNQ,ORB2,"ORB2 09:30 15m break BOTH stop range 4R days NONEWS",721,12745,17.68,41.1,1.21,2.05,3955,3,622,7004,11.26,42.0,1.10,0.89,9845,-749,5332,6536,1625,1641,9738,-4376
MNQ,ORB2,"ORB2 09:30 15m opening-candle direction BOTH stop range 4R days NONEWS",720,8409,11.68,39.7,1.14,1.36,3597,3,621,6891,11.10,39.1,1.10,0.87,9417,-170,1884,4819,1877,1963,6454,-1526
MNQ,ORB2,"ORB2 09:30 15m break LONG stop 0.10×ATR to 15:55 days ALL",559,-1648,-2.95,16.3,0.93,-0.59,3510,2,473,1065,2.25,18.6,1.04,0.29,2807,-302,1566,-3349,437,26,1173,-134
MNQ,ORB2,"ORB2 09:30 15m opening-candle direction LONG stop 0.10×ATR to 15:55 days ALL",418,3452,8.26,16.5,1.21,1.10,1517,3,336,2213,6.59,19.3,1.13,0.71,2469,-4,1474,1136,846,1262,318,632
MNQ,ORB2,"ORB2 09:30 15m break SHORT stop 0.10×ATR to 15:55 days ALL",527,1884,3.58,15.0,1.09,0.54,2911,2,469,-2350,-5.01,13.0,0.91,-0.53,4276,82,-1412,5721,-2507,1031,-1708,-1673
MNQ,ORB2,"ORB2 09:30 15m opening-candle direction SHORT stop 0.10×ATR to 15:55 days ALL",364,2465,6.77,15.1,1.16,0.81,2253,1,339,47,0.14,13.6,1.00,0.01,3519,-367,-838,4791,-1122,1278,-1170,-60
MNQ,ORB2,"ORB2 09:30 15m break BOTH stop 0.10×ATR to 15:55 days ALL",783,2835,3.62,16.0,1.09,0.71,2784,2,676,-1420,-2.10,16.1,0.96,-0.31,5086,-403,1037,4250,-2049,2216,-1643,-1994
MNQ,ORB2,"ORB2 09:30 15m opening-candle direction BOTH stop 0.10×ATR to 15:55 days ALL",782,5917,7.57,15.9,1.19,1.36,2982,2,675,2260,3.35,16.4,1.06,0.46,3890,-371,636,5927,-275,2540,-852,572
MNQ,ORB2,"ORB2 09:30 15m break LONG stop 0.10×ATR to 15:55 days NARROW",140,-1231,-8.79,16.4,0.79,-1.02,2300,1,146,-1367,-9.36,17.8,0.83,-0.77,1984,-110,772,-1028,-865,-157,-536,-674
MNQ,ORB2,"ORB2 09:30 15m opening-candle direction LONG stop 0.10×ATR to 15:55 days NARROW",99,-119,-1.20,17.2,0.97,-0.11,1159,1,97,-758,-7.82,17.5,0.86,-0.52,1700,-188,958,-657,-232,302,-651,-409
MNQ,ORB2,"ORB2 09:30 15m break SHORT stop 0.10×ATR to 15:55 days NARROW",144,296,2.05,15.3,1.05,0.16,1479,1,137,2618,19.11,17.5,1.34,0.86,2052,-350,-814,2342,-883,561,565,1492
MNQ,ORB2,"ORB2 09:30 15m opening-candle direction SHORT stop 0.10×ATR to 15:55 days NARROW",87,1174,13.49,16.1,1.30,0.68,1145,1,90,3212,35.68,20.0,1.66,1.30,1428,-140,-320,1890,-257,1463,119,1629
MNQ,ORB2,"ORB2 09:30 15m break BOTH stop 0.10×ATR to 15:55 days NARROW",187,513,2.75,16.0,1.06,0.25,1867,2,189,1587,8.40,19.0,1.15,0.62,2078,-337,485,1313,-948,2126,-506,-33
MNQ,ORB2,"ORB2 09:30 15m opening-candle direction BOTH stop 0.10×ATR to 15:55 days NARROW",186,1054,5.67,16.7,1.13,0.51,1016,2,187,2453,13.12,18.7,1.24,0.85,2490,-328,638,1233,-489,1766,-532,1219
MNQ,ORB2,"ORB2 09:30 15m break LONG stop 0.10×ATR to 15:55 days NOTWIDE",506,-1810,-3.58,16.6,0.91,-0.69,3654,1,424,859,2.03,18.9,1.04,0.25,2638,-107,1557,-3118,-143,178,147,534
MNQ,ORB2,"ORB2 09:30 15m opening-candle direction LONG stop 0.10×ATR to 15:55 days NOTWIDE",384,2191,5.71,16.9,1.14,0.81,2358,3,296,2072,7.00,19.6,1.13,0.70,2231,-137,1654,165,510,1284,309,479
MNQ,ORB2,"ORB2 09:30 15m break SHORT stop 0.10×ATR to 15:55 days NOTWIDE",467,1382,2.96,14.8,1.07,0.41,2787,1,410,-312,-0.76,13.9,0.99,-0.07,3665,-702,-1910,6032,-2037,350,-527,-135
MNQ,ORB2,"ORB2 09:30 15m opening-candle direction SHORT stop 0.10×ATR to 15:55 days NOTWIDE",311,1577,5.07,15.1,1.12,0.56,2622,1,290,2171,7.49,14.8,1.13,0.58,2660,-525,-1421,4951,-1428,1045,36,1090
MNQ,ORB2,"ORB2 09:30 15m break BOTH stop 0.10×ATR to 15:55 days NOTWIDE",696,1810,2.60,15.9,1.06,0.48,2739,2,587,1103,1.88,17.2,1.03,0.25,2716,-852,161,4429,-1928,1799,-411,-285
MNQ,ORB2,"ORB2 09:30 15m opening-candle direction BOTH stop 0.10×ATR to 15:55 days NOTWIDE",695,3767,5.42,16.1,1.13,0.97,2583,2,586,4243,7.24,17.2,1.13,0.89,3043,-663,233,5116,-919,2329,345,1569
MNQ,ORB2,"ORB2 09:30 15m break LONG stop 0.10×ATR to 15:55 days NONEWS",516,-1933,-3.75,16.1,0.91,-0.74,3532,1,435,1452,3.34,18.9,1.06,0.41,2602,-381,1404,-2942,-14,-220,1496,176
MNQ,ORB2,"ORB2 09:30 15m opening-candle direction LONG stop 0.10×ATR to 15:55 days NONEWS",389,3528,9.07,16.7,1.23,1.15,1372,3,305,2925,9.59,20.3,1.19,0.97,2528,-24,1477,1123,953,1145,1013,767
MNQ,ORB2,"ORB2 09:30 15m break SHORT stop 0.10×ATR to 15:55 days NONEWS",489,2096,4.29,15.1,1.10,0.62,2814,2,433,-3922,-9.06,13.2,0.84,-1.00,5989,125,-1601,6049,-2477,884,-634,-4172
MNQ,ORB2,"ORB2 09:30 15m opening-candle direction SHORT stop 0.10×ATR to 15:55 days NONEWS",331,2889,8.73,15.4,1.21,0.98,2336,1,316,-1817,-5.75,13.6,0.90,-0.56,5043,-290,-1080,5028,-769,1805,-1052,-2570
MNQ,ORB2,"ORB2 09:30 15m break BOTH stop 0.10×ATR to 15:55 days NONEWS",721,2947,4.09,16.1,1.10,0.77,3054,2,622,-2317,-3.72,16.4,0.93,-0.56,5725,-483,732,4605,-1908,1674,-733,-3257
MNQ,ORB2,"ORB2 09:30 15m opening-candle direction BOTH stop 0.10×ATR to 15:55 days NONEWS",720,6417,8.91,16.1,1.22,1.51,2681,3,621,1109,1.79,16.9,1.03,0.25,5084,-314,396,6151,184,2950,-39,-1803
MNQ,ORB2,"ORB2 09:30 15m break LONG stop 0.10×ATR 2R days ALL",559,-2612,-4.67,31.5,0.86,-1.62,2702,0,473,-2442,-5.16,33.0,0.89,-1.18,3807,-160,-316,-1599,-536,373,141,-2956
MNQ,ORB2,"ORB2 09:30 15m opening-candle direction LONG stop 0.10×ATR 2R days ALL",418,1230,2.94,36.6,1.10,0.85,791,3,336,1203,3.58,36.0,1.09,0.66,1099,-28,467,280,511,324,240,639
MNQ,ORB2,"ORB2 09:30 15m break SHORT stop 0.10×ATR 2R days ALL",527,-3237,-6.14,28.8,0.82,-2.03,3429,1,469,-5574,-11.88,28.8,0.75,-2.80,6084,-226,-2414,1476,-2074,157,-3228,-2504
MNQ,ORB2,"ORB2 09:30 15m opening-candle direction SHORT stop 0.10×ATR 2R days ALL",364,-1558,-4.28,31.9,0.87,-1.18,2656,1,339,-1958,-5.78,31.9,0.87,-1.14,2404,-260,-1150,21,-170,-362,-636,-960
MNQ,ORB2,"ORB2 09:30 15m break BOTH stop 0.10×ATR 2R days ALL",783,-3318,-4.24,31.2,0.87,-1.72,3410,1,676,-5354,-7.92,31.4,0.83,-2.21,6965,-179,-1556,532,-2115,1056,-2348,-4062
MNQ,ORB2,"ORB2 09:30 15m opening-candle direction BOTH stop 0.10×ATR 2R days ALL",782,-329,-0.42,34.4,0.99,-0.17,2530,2,675,-755,-1.12,33.9,0.97,-0.30,2198,-288,-683,302,341,-38,-396,-321
MNQ,ORB2,"ORB2 09:30 15m break LONG stop 0.10×ATR 2R days NARROW",140,-324,-2.32,32.1,0.93,-0.38,794,1,146,-1318,-9.03,30.1,0.82,-1.07,2048,-191,160,-272,-22,401,-859,-860
MNQ,ORB2,"ORB2 09:30 15m opening-candle direction LONG stop 0.10×ATR 2R days NARROW",99,38,0.38,33.3,1.01,0.05,798,2,97,-507,-5.23,29.9,0.89,-0.48,1277,-271,386,186,-264,298,-736,-69
MNQ,ORB2,"ORB2 09:30 15m break SHORT stop 0.10×ATR 2R days NARROW",144,-542,-3.76,29.9,0.89,-0.60,1311,1,137,-318,-2.32,33.6,0.95,-0.26,1408,-40,-1089,1149,-562,-79,-386,147
MNQ,ORB2,"ORB2 09:30 15m opening-candle direction SHORT stop 0.10×ATR 2R days NARROW",87,287,3.30,35.6,1.10,0.38,806,2,90,1287,14.30,41.1,1.35,1.26,578,38,-274,739,-216,474,564,249
MNQ,ORB2,"ORB2 09:30 15m break BOTH stop 0.10×ATR 2R days NARROW",187,-68,-0.36,33.2,0.99,-0.07,1074,1,189,-563,-2.98,33.3,0.94,-0.40,2639,-72,-383,760,-373,840,-829,-575
MNQ,ORB2,"ORB2 09:30 15m opening-candle direction BOTH stop 0.10×ATR 2R days NARROW",186,324,1.74,34.4,1.05,0.31,813,2,187,779,4.17,35.3,1.09,0.53,1175,-233,112,925,-480,771,-173,181
MNQ,ORB2,"ORB2 09:30 15m break LONG stop 0.10×ATR 2R days NOTWIDE",506,-1315,-2.60,33.0,0.92,-0.83,1785,1,424,-1665,-3.93,33.7,0.91,-0.84,3055,-60,181,-1027,-409,470,-53,-2082
MNQ,ORB2,"ORB2 09:30 15m opening-candle direction LONG stop 0.10×ATR 2R days NOTWIDE",384,1528,3.98,37.5,1.13,1.09,860,3,296,1446,4.88,36.5,1.12,0.83,858,-24,724,427,401,463,2,980
MNQ,ORB2,"ORB2 09:30 15m break SHORT stop 0.10×ATR 2R days NOTWIDE",467,-3046,-6.52,28.7,0.81,-2.00,3184,1,410,-3613,-8.81,30.2,0.81,-1.88,4169,-299,-2185,1254,-1815,-299,-2171,-1144
MNQ,ORB2,"ORB2 09:30 15m opening-candle direction SHORT stop 0.10×ATR 2R days NOTWIDE",311,-1586,-5.10,31.2,0.85,-1.27,2289,1,290,-391,-1.35,34.5,0.97,-0.24,1384,-245,-1057,146,-430,-183,445,-653
MNQ,ORB2,"ORB2 09:30 15m break BOTH stop 0.10×ATR 2R days NOTWIDE",696,-2388,-3.43,31.8,0.90,-1.29,2464,1,587,-2755,-4.69,33.0,0.90,-1.19,4422,-134,-1199,690,-1745,726,-1156,-2325
MNQ,ORB2,"ORB2 09:30 15m opening-candle direction BOTH stop 0.10×ATR 2R days NOTWIDE",695,-58,-0.08,34.7,1.00,-0.03,2136,1,586,1055,1.80,35.5,1.04,0.44,1600,-269,-333,573,-29,280,448,327
MNQ,ORB2,"ORB2 09:30 15m break LONG stop 0.10×ATR 2R days NONEWS",516,-2510,-4.86,31.2,0.85,-1.62,2510,0,435,-2287,-5.26,32.6,0.88,-1.14,3026,-197,-329,-1378,-607,-297,305,-2295
MNQ,ORB2,"ORB2 09:30 15m opening-candle direction LONG stop 0.10×ATR 2R days NONEWS",389,689,1.77,35.7,1.06,0.50,811,3,305,1024,3.36,35.7,1.08,0.59,1223,-169,522,125,211,36,378,610
MNQ,ORB2,"ORB2 09:30 15m break SHORT stop 0.10×ATR 2R days NONEWS",489,-2736,-5.60,29.0,0.84,-1.77,2928,1,433,-5726,-13.22,28.4,0.72,-3.03,6371,-183,-2135,1652,-2071,159,-2672,-3213
MNQ,ORB2,"ORB2 09:30 15m opening-candle direction SHORT stop 0.10×ATR 2R days NONEWS",331,-1440,-4.35,32.0,0.87,-1.15,2679,1,316,-2005,-6.34,32.0,0.86,-1.21,2534,-183,-1296,-3,43,-216,-583,-1205
MNQ,ORB2,"ORB2 09:30 15m break BOTH stop 0.10×ATR 2R days NONEWS",721,-3025,-4.20,31.1,0.87,-1.64,3117,1,622,-5010,-8.05,31.2,0.82,-2.15,5990,-217,-1310,690,-2189,374,-1662,-3722
MNQ,ORB2,"ORB2 09:30 15m opening-candle direction BOTH stop 0.10×ATR 2R days NONEWS",720,-751,-1.04,34.0,0.97,-0.40,2453,2,621,-980,-1.58,33.8,0.96,-0.41,2222,-352,-775,122,254,-180,-204,-596
MNQ,ORB2,"ORB2 09:30 15m break LONG stop 0.10×ATR 4R days ALL",559,-2850,-5.10,19.7,0.87,-1.28,3619,1,473,-234,-0.49,22.6,0.99,-0.08,3517,-307,586,-2307,-823,348,1320,-1902
MNQ,ORB2,"ORB2 09:30 15m opening-candle direction LONG stop 0.10×ATR 4R days ALL",418,1139,2.72,22.0,1.07,0.56,1178,3,336,3413,10.16,25.3,1.21,1.32,1481,-332,1005,354,112,1129,627,1656
MNQ,ORB2,"ORB2 09:30 15m break SHORT stop 0.10×ATR 4R days ALL",527,-3526,-6.69,18.0,0.83,-1.60,3890,1,469,-4707,-10.04,18.1,0.81,-1.70,6020,-196,-1569,879,-2641,598,-3449,-1856
MNQ,ORB2,"ORB2 09:30 15m opening-candle direction SHORT stop 0.10×ATR 4R days ALL",364,-1586,-4.36,18.7,0.89,-0.84,2398,1,339,-891,-2.63,20.1,0.95,-0.36,2590,-588,-1199,1624,-1423,358,-532,-716
MNQ,ORB2,"ORB2 09:30 15m break BOTH stop 0.10×ATR 4R days ALL",783,-4148,-5.30,19.0,0.87,-1.56,4188,0,676,-1666,-2.46,21.3,0.95,-0.49,5610,-641,-315,-673,-2520,2390,-1164,-2892
MNQ,ORB2,"ORB2 09:30 15m opening-candle direction BOTH stop 0.10×ATR 4R days ALL",782,-447,-0.57,20.5,0.99,-0.16,2724,1,675,2522,3.74,22.7,1.07,0.70,2536,-921,-194,1977,-1310,1487,95,940
MNQ,ORB2,"ORB2 09:30 15m break LONG stop 0.10×ATR 4R days NARROW",140,-501,-3.58,20.7,0.91,-0.43,1422,1,146,-1257,-8.61,19.9,0.84,-0.78,1868,-102,541,-810,-130,-495,-71,-692
MNQ,ORB2,"ORB2 09:30 15m opening-candle direction LONG stop 0.10×ATR 4R days NARROW",99,658,6.64,23.2,1.18,0.63,772,2,97,-1085,-11.19,18.6,0.80,-0.83,1986,-182,677,194,-31,64,-906,-244
MNQ,ORB2,"ORB2 09:30 15m break SHORT stop 0.10×ATR 4R days NARROW",144,-1724,-11.97,16.0,0.72,-1.50,1853,1,137,279,2.03,21.9,1.04,0.16,1827,-306,-810,313,-921,217,-496,558
MNQ,ORB2,"ORB2 09:30 15m opening-candle direction SHORT stop 0.10×ATR 4R days NARROW",87,76,0.87,19.5,1.02,0.07,889,1,90,1556,17.29,24.4,1.34,1.01,712,-140,-331,795,-247,248,1012,296
MNQ,ORB2,"ORB2 09:30 15m break BOTH stop 0.10×ATR 4R days NARROW",187,-876,-4.68,19.3,0.89,-0.63,1291,1,189,515,2.72,22.2,1.05,0.26,2661,-329,217,-283,-482,1226,-148,-563
MNQ,ORB2,"ORB2 09:30 15m opening-candle direction BOTH stop 0.10×ATR 4R days NARROW",186,733,3.94,21.5,1.10,0.49,1010,2,187,471,2.52,21.4,1.05,0.23,1503,-322,345,989,-278,312,107,52
MNQ,ORB2,"ORB2 09:30 15m break LONG stop 0.10×ATR 4R days NOTWIDE",506,-1887,-3.73,20.4,0.90,-0.87,3365,1,424,391,0.92,23.3,1.02,0.14,2922,-112,927,-1855,-846,628,1117,-1353
MNQ,ORB2,"ORB2 09:30 15m opening-candle direction LONG stop 0.10×ATR 4R days NOTWIDE",384,1537,4.00,22.7,1.11,0.77,1224,2,296,3563,12.04,26.0,1.25,1.44,1226,-392,1444,536,-51,1232,672,1660
MNQ,ORB2,"ORB2 09:30 15m break SHORT stop 0.10×ATR 4R days NOTWIDE",467,-3232,-6.92,18.0,0.83,-1.54,3361,1,410,-2934,-7.16,19.0,0.87,-1.10,4068,-471,-1614,1023,-2171,-141,-2474,-319
MNQ,ORB2,"ORB2 09:30 15m opening-candle direction SHORT stop 0.10×ATR 4R days NOTWIDE",311,-1552,-4.99,18.3,0.88,-0.87,2359,1,290,314,1.08,21.4,1.02,0.13,1695,-525,-1374,1697,-1349,379,467,-532
MNQ,ORB2,"ORB2 09:30 15m break BOTH stop 0.10×ATR 4R days NOTWIDE",696,-3394,-4.88,19.3,0.88,-1.33,3431,0,587,942,1.61,22.8,1.03,0.29,3165,-639,-389,-370,-1997,2123,121,-1303
MNQ,ORB2,"ORB2 09:30 15m opening-candle direction BOTH stop 0.10×ATR 4R days NOTWIDE",695,-14,-0.02,20.7,1.00,-0.01,2432,2,586,3877,6.62,23.7,1.13,1.14,1802,-917,70,2233,-1400,1611,1139,1128
MNQ,ORB2,"ORB2 09:30 15m break LONG stop 0.10×ATR 4R days NONEWS",516,-2925,-5.67,19.2,0.86,-1.37,3717,1,435,113,0.26,22.8,1.01,0.04,3043,-405,480,-1890,-1110,91,1494,-1472
MNQ,ORB2,"ORB2 09:30 15m opening-candle direction LONG stop 0.10×ATR 4R days NONEWS",389,1051,2.70,21.9,1.07,0.53,1139,2,305,3972,13.02,25.9,1.27,1.58,1350,-352,1069,378,-44,1019,1322,1631
MNQ,ORB2,"ORB2 09:30 15m break SHORT stop 0.10×ATR 4R days NONEWS",489,-3283,-6.71,18.0,0.83,-1.55,3646,1,433,-5148,-11.89,17.8,0.78,-1.98,6164,-154,-1440,873,-2562,231,-2581,-2797
MNQ,ORB2,"ORB2 09:30 15m opening-candle direction SHORT stop 0.10×ATR 4R days NONEWS",331,-1310,-3.96,19.0,0.90,-0.74,2166,1,316,-880,-2.78,20.3,0.95,-0.37,2870,-512,-1127,1398,-1070,885,-411,-1353
MNQ,ORB2,"ORB2 09:30 15m break BOTH stop 0.10×ATR 4R days NONEWS",721,-3854,-5.35,18.9,0.86,-1.51,4026,0,622,-2102,-3.38,21.1,0.93,-0.64,5092,-738,-264,-279,-2573,1617,-611,-3109
MNQ,ORB2,"ORB2 09:30 15m opening-candle direction BOTH stop 0.10×ATR 4R days NONEWS",720,-259,-0.36,20.6,0.99,-0.10,2423,1,621,3093,4.98,23.0,1.10,0.89,2372,-864,-57,1776,-1114,1904,911,278
MNQ,ORB2,"ORB2 09:30 15m break LONG stop 0.15×ATR to 15:55 days ALL",559,-111,-0.20,22.9,1.00,-0.03,3067,2,473,4776,10.10,29.2,1.15,1.12,2294,530,621,-1245,-17,2749,907,1120
MNQ,ORB2,"ORB2 09:30 15m opening-candle direction LONG stop 0.15×ATR to 15:55 days ALL",418,4073,9.74,22.7,1.18,1.13,1634,3,336,1842,5.48,25.0,1.08,0.49,2589,-399,1055,1952,1465,861,-1694,2675
MNQ,ORB2,"ORB2 09:30 15m break SHORT stop 0.15×ATR to 15:55 days ALL",527,5720,10.85,23.1,1.20,1.37,2038,2,469,-522,-1.11,20.0,0.99,-0.09,6830,-199,1143,6249,-1473,973,2530,-4025
MNQ,ORB2,"ORB2 09:30 15m opening-candle direction SHORT stop 0.15×ATR to 15:55 days ALL",364,5972,16.41,23.4,1.30,1.64,2672,3,339,7130,21.03,23.0,1.29,1.45,3833,232,1436,4819,-515,3748,2627,755
MNQ,ORB2,"ORB2 09:30 15m break BOTH stop 0.15×ATR to 15:55 days ALL",783,6976,8.91,22.7,1.16,1.41,2603,2,676,1323,1.96,24.4,1.03,0.24,6451,-9,2178,6545,-1739,4135,362,-3173
MNQ,ORB2,"ORB2 09:30 15m opening-candle direction BOTH stop 0.15×ATR to 15:55 days ALL",782,10045,12.85,23.0,1.23,1.96,2589,3,675,8972,13.29,24.0,1.18,1.45,3816,-167,2491,6771,950,4609,933,3430
MNQ,ORB2,"ORB2 09:30 15m break LONG stop 0.15×ATR to 15:55 days NARROW",140,-2550,-18.21,21.4,0.69,-1.82,3286,1,146,1287,8.81,33.6,1.13,0.59,1374,-177,552,-1468,-1457,1492,-872,666
MNQ,ORB2,"ORB2 09:30 15m opening-candle direction LONG stop 0.15×ATR to 15:55 days NARROW",99,569,5.75,24.2,1.11,0.39,950,2,97,-1653,-17.04,22.7,0.77,-0.97,2861,-358,556,384,-13,494,-1783,-365
MNQ,ORB2,"ORB2 09:30 15m break SHORT stop 0.15×ATR to 15:55 days NARROW",144,1505,10.45,22.9,1.18,0.66,1658,2,137,2339,17.07,23.4,1.23,0.70,2450,-561,290,2736,-960,601,855,883
MNQ,ORB2,"ORB2 09:30 15m opening-candle direction SHORT stop 0.15×ATR to 15:55 days NARROW",87,1460,16.78,25.3,1.29,0.78,1026,1,90,2123,23.58,23.3,1.31,0.80,1718,-201,-30,2184,-493,1395,-492,1220
MNQ,ORB2,"ORB2 09:30 15m break BOTH stop 0.15×ATR to 15:55 days NARROW",187,511,2.73,21.4,1.05,0.21,2917,2,189,2300,12.17,28.6,1.17,0.77,2207,-568,1752,1201,-1874,2907,-640,33
MNQ,ORB2,"ORB2 09:30 15m opening-candle direction BOTH stop 0.15×ATR to 15:55 days NARROW",186,2029,10.91,24.7,1.20,0.86,1477,2,187,469,2.51,23.0,1.03,0.15,3694,-559,526,2569,-507,1890,-2275,855
MNQ,ORB2,"ORB2 09:30 15m break LONG stop 0.15×ATR to 15:55 days NOTWIDE",506,-1178,-2.33,22.5,0.96,-0.34,2393,2,424,3878,9.15,29.2,1.13,0.96,2794,226,263,-901,-765,2819,-252,1311
MNQ,ORB2,"ORB2 09:30 15m opening-candle direction LONG stop 0.15×ATR to 15:55 days NOTWIDE",384,3134,8.16,23.4,1.15,0.97,1569,3,296,1932,6.53,25.3,1.09,0.54,2616,-502,1493,1204,938,1072,-1967,2826
MNQ,ORB2,"ORB2 09:30 15m break SHORT stop 0.15×ATR to 15:55 days NOTWIDE",467,3928,8.41,22.7,1.15,1.00,2574,2,410,1107,2.70,21.0,1.04,0.21,4222,-925,130,6503,-1781,71,2776,-1740
MNQ,ORB2,"ORB2 09:30 15m opening-candle direction SHORT stop 0.15×ATR to 15:55 days NOTWIDE",311,4986,16.03,23.8,1.29,1.47,2252,2,290,6990,24.10,24.5,1.33,1.55,2943,-262,726,5223,-701,2818,1706,2465
MNQ,ORB2,"ORB2 09:30 15m break BOTH stop 0.15×ATR to 15:55 days NOTWIDE",696,4363,6.27,22.4,1.11,0.94,3091,2,587,2697,4.59,25.2,1.06,0.51,3431,-784,823,6940,-2616,3331,416,-1050
MNQ,ORB2,"ORB2 09:30 15m opening-candle direction BOTH stop 0.15×ATR to 15:55 days NOTWIDE",695,8119,11.68,23.6,1.21,1.74,2378,3,586,8922,15.22,24.9,1.21,1.55,3566,-763,2219,6426,237,3891,-260,5291
MNQ,ORB2,"ORB2 09:30 15m break LONG stop 0.15×ATR to 15:55 days NONEWS",516,-31,-0.06,22.9,1.00,-0.01,2508,2,435,5835,13.41,30.1,1.20,1.41,2340,357,586,-392,-582,2380,1564,1892
MNQ,ORB2,"ORB2 09:30 15m opening-candle direction LONG stop 0.15×ATR to 15:55 days NONEWS",389,4095,10.53,22.9,1.19,1.17,1582,3,305,2874,9.42,25.9,1.13,0.79,2781,-399,994,2189,1310,496,-807,3185
MNQ,ORB2,"ORB2 09:30 15m break SHORT stop 0.15×ATR to 15:55 days NONEWS",489,6659,13.62,23.9,1.25,1.63,1657,2,433,-2965,-6.85,19.9,0.91,-0.59,9339,-136,1158,6881,-1244,1062,2996,-7023
MNQ,ORB2,"ORB2 09:30 15m opening-candle direction SHORT stop 0.15×ATR to 15:55 days NONEWS",331,6338,19.15,23.9,1.35,1.81,2398,3,316,4928,15.60,23.4,1.21,1.12,4302,345,1410,5103,-521,3614,2999,-1685
MNQ,ORB2,"ORB2 09:30 15m break BOTH stop 0.15×ATR to 15:55 days NONEWS",721,7930,11.00,23.3,1.20,1.66,2482,2,622,863,1.39,25.1,1.02,0.17,6449,-47,2171,7398,-1592,3982,813,-3932
MNQ,ORB2,"ORB2 09:30 15m opening-candle direction BOTH stop 0.15×ATR to 15:55 days NONEWS",720,10433,14.49,23.3,1.27,2.10,2210,3,621,7802,12.56,24.6,1.17,1.37,5584,-53,2404,7292,790,4110,2192,1500
MNQ,ORB2,"ORB2 09:30 15m break LONG stop 0.15×ATR 2R days ALL",559,-3965,-7.09,31.5,0.86,-1.66,4111,1,473,5864,12.40,39.7,1.21,1.82,1530,15,-756,-1588,-1636,2162,2826,876
MNQ,ORB2,"ORB2 09:30 15m opening-candle direction LONG stop 0.15×ATR 2R days ALL",418,1373,3.28,35.4,1.07,0.64,1363,3,336,2791,8.31,37.2,1.14,1.02,1389,-189,633,724,205,1099,3,1688
MNQ,ORB2,"ORB2 09:30 15m break SHORT stop 0.15×ATR 2R days ALL",527,1095,2.08,35.7,1.04,0.45,1688,1,469,-5049,-10.77,30.9,0.84,-1.68,6135,-375,-53,2624,-1102,-67,-3127,-1855
MNQ,ORB2,"ORB2 09:30 15m opening-candle direction SHORT stop 0.15×ATR 2R days ALL",364,550,1.51,34.9,1.03,0.27,1725,1,339,-215,-0.63,34.5,0.99,-0.08,2753,-110,-233,1197,-305,328,-1081,538
MNQ,ORB2,"ORB2 09:30 15m break BOTH stop 0.15×ATR 2R days ALL",783,-2475,-3.16,33.2,0.93,-0.86,2836,1,676,1635,2.42,36.1,1.04,0.44,1945,-496,-136,775,-2618,2197,-231,-331
MNQ,ORB2,"ORB2 09:30 15m opening-candle direction BOTH stop 0.15×ATR 2R days ALL",782,1922,2.46,35.2,1.05,0.65,2444,2,675,2575,3.82,35.9,1.06,0.69,2044,-299,400,1921,-100,1427,-1077,2226
MNQ,ORB2,"ORB2 09:30 15m break LONG stop 0.15×ATR 2R days NARROW",140,-599,-4.28,32.1,0.91,-0.47,1024,2,146,1680,11.51,39.7,1.19,0.89,1027,-214,372,28,-786,1092,3,585
MNQ,ORB2,"ORB2 09:30 15m opening-candle direction LONG stop 0.15×ATR 2R days NARROW",99,-382,-3.86,30.3,0.92,-0.36,816,2,97,-505,-5.20,30.9,0.93,-0.32,1590,-397,98,424,-507,489,-1327,333
MNQ,ORB2,"ORB2 09:30 15m break SHORT stop 0.15×ATR 2R days NARROW",144,166,1.15,34.0,1.02,0.12,1156,1,137,-576,-4.20,32.8,0.94,-0.33,1933,-283,-143,1195,-603,12,-151,-437
MNQ,ORB2,"ORB2 09:30 15m opening-candle direction SHORT stop 0.15×ATR 2R days NARROW",87,1130,12.99,39.1,1.27,1.00,830,2,90,115,1.27,33.3,1.02,0.08,1045,60,-125,1384,-190,153,-128,89
MNQ,ORB2,"ORB2 09:30 15m break BOTH stop 0.15×ATR 2R days NARROW",187,-239,-1.28,33.2,0.97,-0.16,1661,2,189,963,5.09,36.5,1.08,0.45,1589,-330,866,509,-1285,1285,133,-455
MNQ,ORB2,"ORB2 09:30 15m opening-candle direction BOTH stop 0.15×ATR 2R days NARROW",186,748,4.02,34.4,1.08,0.48,1368,1,187,-390,-2.09,32.1,0.97,-0.18,2068,-336,-27,1808,-697,642,-1455,423
MNQ,ORB2,"ORB2 09:30 15m break LONG stop 0.15×ATR 2R days NOTWIDE",506,-3330,-6.58,31.6,0.87,-1.44,3330,0,424,5976,14.10,40.3,1.24,1.94,1355,-158,-329,-992,-1852,2145,2658,1173
MNQ,ORB2,"ORB2 09:30 15m opening-candle direction LONG stop 0.15×ATR 2R days NOTWIDE",384,1909,4.97,36.2,1.11,0.92,1244,3,296,2738,9.25,37.8,1.15,1.06,1839,-329,1003,1200,36,1464,-523,1797
MNQ,ORB2,"ORB2 09:30 15m break SHORT stop 0.15×ATR 2R days NOTWIDE",467,1408,3.02,36.2,1.06,0.60,1417,1,410,-4084,-9.96,31.2,0.85,-1.44,4655,-492,-55,2846,-891,-967,-2252,-865
MNQ,ORB2,"ORB2 09:30 15m opening-candle direction SHORT stop 0.15×ATR 2R days NOTWIDE",311,62,0.20,34.1,1.00,0.03,2117,1,290,560,1.93,35.9,1.03,0.23,1955,-55,-729,1136,-291,278,-276,558
MNQ,ORB2,"ORB2 09:30 15m break BOTH stop 0.15×ATR 2R days NOTWIDE",696,-1716,-2.46,33.5,0.95,-0.62,2872,2,587,2836,4.83,37.1,1.08,0.80,1539,-620,49,1499,-2644,1509,887,440
MNQ,ORB2,"ORB2 09:30 15m opening-candle direction BOTH stop 0.15×ATR 2R days NOTWIDE",695,1971,2.84,35.3,1.06,0.70,2473,2,586,3298,5.63,36.9,1.09,0.94,2266,-383,274,2336,-255,1743,-799,2355
MNQ,ORB2,"ORB2 09:30 15m break LONG stop 0.15×ATR 2R days NONEWS",516,-4202,-8.14,30.8,0.84,-1.84,4268,0,435,6018,13.83,40.0,1.23,1.94,1389,-144,-641,-1505,-1913,1374,3061,1583
MNQ,ORB2,"ORB2 09:30 15m opening-candle direction LONG stop 0.15×ATR 2R days NONEWS",389,877,2.25,35.0,1.05,0.42,1482,3,305,3420,11.21,37.7,1.19,1.30,1167,-401,687,484,108,666,600,2155
MNQ,ORB2,"ORB2 09:30 15m break SHORT stop 0.15×ATR 2R days NONEWS",489,1983,4.05,36.6,1.09,0.84,1319,2,433,-5707,-13.18,30.3,0.81,-2.01,6576,-313,355,2876,-935,-74,-2916,-2716
MNQ,ORB2,"ORB2 09:30 15m opening-candle direction SHORT stop 0.15×ATR 2R days NONEWS",331,296,0.89,35.0,1.02,0.15,2168,3,316,-438,-1.39,34.5,0.98,-0.18,2608,3,-557,788,61,32,-637,166
MNQ,ORB2,"ORB2 09:30 15m break BOTH stop 0.15×ATR 2R days NONEWS",721,-2136,-2.96,33.3,0.94,-0.77,2875,2,622,1579,2.54,36.0,1.04,0.44,1892,-521,358,758,-2732,1385,303,-109
MNQ,ORB2,"ORB2 09:30 15m opening-candle direction BOTH stop 0.15×ATR 2R days NONEWS",720,1173,1.63,35.0,1.03,0.42,2610,3,621,2982,4.80,36.1,1.08,0.82,1995,-398,130,1272,169,697,-37,2321
MNQ,ORB2,"ORB2 09:30 15m break LONG stop 0.15×ATR 4R days ALL",559,-1455,-2.60,24.2,0.95,-0.46,2873,2,473,4437,9.38,29.8,1.14,1.10,2405,470,446,-1751,-620,3318,932,187
MNQ,ORB2,"ORB2 09:30 15m opening-candle direction LONG stop 0.15×ATR 4R days ALL",418,2867,6.86,25.1,1.13,0.97,1538,3,336,1989,5.92,26.8,1.08,0.58,2761,-602,1153,730,1586,1205,-1163,1947
MNQ,ORB2,"ORB2 09:30 15m break SHORT stop 0.15×ATR 4R days ALL",527,2714,5.15,24.7,1.09,0.80,1605,2,469,-2777,-5.92,22.4,0.92,-0.69,6118,-384,1323,2897,-1123,1267,-1961,-2083
MNQ,ORB2,"ORB2 09:30 15m opening-candle direction SHORT stop 0.15×ATR 4R days ALL",364,2749,7.55,25.0,1.14,0.96,2514,2,339,5189,15.31,27.1,1.22,1.41,3411,-142,607,3223,-939,2689,65,2435
MNQ,ORB2,"ORB2 09:30 15m break BOTH stop 0.15×ATR 4R days ALL",783,2153,2.75,24.1,1.05,0.54,2411,2,676,2018,2.98,26.5,1.04,0.42,4670,-366,1974,2167,-1622,4930,-1248,-1664
MNQ,ORB2,"ORB2 09:30 15m opening-candle direction BOTH stop 0.15×ATR 4R days ALL",782,5616,7.18,25.1,1.13,1.37,2514,3,675,7178,10.63,27.0,1.15,1.42,2940,-743,1760,3953,647,3895,-1098,4382
MNQ,ORB2,"ORB2 09:30 15m break LONG stop 0.15×ATR 4R days NARROW",140,-2179,-15.56,22.1,0.73,-1.52,2912,1,146,1632,11.18,33.6,1.17,0.75,1227,-177,538,-1478,-1061,1776,-558,414
MNQ,ORB2,"ORB2 09:30 15m opening-candle direction LONG stop 0.15×ATR 4R days NARROW",99,1376,13.89,26.3,1.27,0.91,737,3,97,-1793,-18.48,22.7,0.75,-1.08,2910,-358,673,671,390,404,-1843,-354
MNQ,ORB2,"ORB2 09:30 15m break SHORT stop 0.15×ATR 4R days NARROW",144,875,6.08,23.6,1.11,0.47,1308,2,137,-83,-0.61,24.8,0.99,-0.04,2324,-438,338,1541,-566,242,-591,266
MNQ,ORB2,"ORB2 09:30 15m opening-candle direction SHORT stop 0.15×ATR 4R days NARROW",87,1007,11.58,26.4,1.20,0.64,1023,2,90,363,4.03,25.6,1.05,0.19,1718,-201,15,1507,-314,695,-718,386
MNQ,ORB2,"ORB2 09:30 15m break BOTH stop 0.15×ATR 4R days NARROW",187,-335,-1.79,22.5,0.97,-0.17,2180,1,189,1559,8.25,29.6,1.12,0.60,2498,-568,1712,-124,-1356,2655,-415,-681
MNQ,ORB2,"ORB2 09:30 15m opening-candle direction BOTH stop 0.15×ATR 4R days NARROW",186,2383,12.81,26.3,1.24,1.10,1477,3,187,-1430,-7.65,24.1,0.90,-0.57,3740,-559,688,2178,75,1099,-2561,32
MNQ,ORB2,"ORB2 09:30 15m break LONG stop 0.15×ATR 4R days NOTWIDE",506,-2112,-4.17,23.7,0.92,-0.70,2896,2,424,3275,7.72,30.0,1.11,0.87,2441,82,442,-1307,-1328,3177,151,-53
MNQ,ORB2,"ORB2 09:30 15m opening-candle direction LONG stop 0.15×ATR 4R days NOTWIDE",384,3180,8.28,25.8,1.16,1.11,1413,3,296,2008,6.78,27.4,1.10,0.62,2673,-693,1796,994,1083,1351,-1218,1876
MNQ,ORB2,"ORB2 09:30 15m break SHORT stop 0.15×ATR 4R days NOTWIDE",467,1912,4.09,24.4,1.07,0.59,1640,2,410,-2209,-5.39,23.2,0.93,-0.59,4902,-802,945,2762,-993,345,-1043,-1512
MNQ,ORB2,"ORB2 09:30 15m opening-candle direction SHORT stop 0.15×ATR 4R days NOTWIDE",311,1975,6.35,25.1,1.12,0.74,2094,2,290,4453,15.35,27.9,1.22,1.32,2591,-294,66,3042,-839,1941,525,1987
MNQ,ORB2,"ORB2 09:30 15m break BOTH stop 0.15×ATR 4R days NOTWIDE",696,1006,1.45,23.9,1.03,0.26,2370,2,587,1815,3.09,27.3,1.04,0.41,3663,-913,1553,2448,-2083,3848,-332,-1701
MNQ,ORB2,"ORB2 09:30 15m opening-candle direction BOTH stop 0.15×ATR 4R days NOTWIDE",695,5155,7.42,25.5,1.14,1.32,2460,3,586,6461,11.03,27.6,1.16,1.38,2612,-987,1862,4036,244,3291,-693,3862
MNQ,ORB2,"ORB2 09:30 15m break LONG stop 0.15×ATR 4R days NONEWS",516,-1380,-2.67,23.8,0.95,-0.45,2490,2,435,5400,12.41,30.8,1.19,1.39,2195,298,389,-700,-1367,2944,1236,1220
MNQ,ORB2,"ORB2 09:30 15m opening-candle direction LONG stop 0.15×ATR 4R days NONEWS",389,2950,7.58,25.2,1.14,1.03,1487,3,305,3087,10.12,27.5,1.15,0.92,2961,-601,1090,1178,1283,646,-276,2717
MNQ,ORB2,"ORB2 09:30 15m break SHORT stop 0.15×ATR 4R days NONEWS",489,3843,7.86,25.6,1.15,1.17,1233,2,433,-4094,-9.45,21.9,0.87,-1.08,7616,-321,1505,3369,-710,1249,-1268,-4075
MNQ,ORB2,"ORB2 09:30 15m opening-candle direction SHORT stop 0.15×ATR 4R days NONEWS",331,3203,9.68,25.4,1.18,1.17,2240,2,316,4654,14.73,27.5,1.21,1.32,3018,-29,368,3542,-678,2630,547,1477
MNQ,ORB2,"ORB2 09:30 15m break BOTH stop 0.15×ATR 4R days NONEWS",721,3255,4.51,24.5,1.08,0.84,2005,2,622,2132,3.43,27.0,1.05,0.46,4088,-404,2144,3233,-1718,4656,-921,-1603
MNQ,ORB2,"ORB2 09:30 15m opening-candle direction BOTH stop 0.15×ATR 4R days NONEWS",720,6153,8.55,25.3,1.16,1.55,2434,3,621,7741,12.47,27.5,1.18,1.59,3755,-630,1458,4719,606,3275,272,4194
MNQ,ORB2,"ORB2 09:30 15m break LONG stop 0.25×ATR to 15:55 days ALL",559,2309,4.13,34.7,1.05,0.50,3255,4,473,3674,7.77,39.1,1.08,0.71,4093,415,999,315,580,4460,-584,-202
MNQ,ORB2,"ORB2 09:30 15m opening-candle direction LONG stop 0.25×ATR to 15:55 days ALL",418,5637,13.49,35.4,1.18,1.31,1903,3,336,-362,-1.08,35.4,0.99,-0.08,3880,-481,2253,1411,2454,1781,-1907,-236
MNQ,ORB2,"ORB2 09:30 15m break SHORT stop 0.25×ATR to 15:55 days ALL",527,9934,18.85,36.4,1.26,2.01,2451,3,469,6187,13.19,32.2,1.13,0.91,4767,60,3534,6428,-88,2193,4915,-921
MNQ,ORB2,"ORB2 09:30 15m opening-candle direction SHORT stop 0.25×ATR to 15:55 days ALL",364,3622,9.95,32.4,1.13,0.87,3202,2,339,7171,21.15,33.3,1.21,1.28,4158,-72,1214,3265,-785,4280,3289,-399
MNQ,ORB2,"ORB2 09:30 15m break BOTH stop 0.25×ATR to 15:55 days ALL",783,11084,14.16,35.0,1.19,1.85,3710,2,676,1463,2.16,35.1,1.02,0.22,9998,-185,5062,6643,-437,5560,301,-4398
MNQ,ORB2,"ORB2 09:30 15m opening-candle direction BOTH stop 0.25×ATR to 15:55 days ALL",782,9259,11.84,34.0,1.16,1.55,3249,3,675,6809,10.09,34.4,1.10,0.95,6920,-553,3468,4676,1668,6061,1383,-635
MNQ,ORB2,"ORB2 09:30 15m break LONG stop 0.25×ATR to 15:55 days NARROW",140,-1692,-12.08,34.3,0.84,-0.88,2986,1,146,3054,20.92,47.3,1.26,1.15,1763,-412,1229,-1490,-1019,3714,-899,239
MNQ,ORB2,"ORB2 09:30 15m opening-candle direction LONG stop 0.25×ATR to 15:55 days NARROW",99,358,3.62,35.4,1.05,0.21,1287,2,97,-172,-1.77,39.2,0.98,-0.08,2426,-462,1046,467,-693,1361,-789,-743
MNQ,ORB2,"ORB2 09:30 15m break SHORT stop 0.25×ATR to 15:55 days NARROW",144,1055,7.32,35.4,1.10,0.41,2122,1,137,3817,27.86,35.0,1.29,1.01,2279,-498,-91,3162,-1519,944,2065,808
MNQ,ORB2,"ORB2 09:30 15m opening-candle direction SHORT stop 0.25×ATR to 15:55 days NARROW",87,1181,13.58,34.5,1.18,0.55,1138,2,90,2637,29.30,35.6,1.29,0.87,2585,36,-407,2364,-812,2188,-795,1244
MNQ,ORB2,"ORB2 09:30 15m break BOTH stop 0.25×ATR to 15:55 days NARROW",187,-20,-0.11,33.2,1.00,-0.01,2815,2,189,3284,17.38,40.7,1.19,0.92,4604,-544,1958,804,-2238,4907,-536,-1087
MNQ,ORB2,"ORB2 09:30 15m opening-candle direction BOTH stop 0.25×ATR to 15:55 days NARROW",186,1539,8.28,34.9,1.11,0.56,1829,2,187,2465,13.18,37.4,1.14,0.66,4082,-426,639,2831,-1505,3549,-1584,501
MNQ,ORB2,"ORB2 09:30 15m break LONG stop 0.25×ATR to 15:55 days NOTWIDE",506,1361,2.69,35.4,1.04,0.32,3606,3,424,2069,4.88,39.4,1.05,0.43,3667,183,1348,-223,53,4445,-2222,-154
MNQ,ORB2,"ORB2 09:30 15m opening-candle direction LONG stop 0.25×ATR to 15:55 days NOTWIDE",384,5179,13.49,36.7,1.18,1.32,2733,3,296,576,1.95,36.5,1.02,0.14,3223,-521,2514,1108,2079,1935,-1557,198
MNQ,ORB2,"ORB2 09:30 15m break SHORT stop 0.25×ATR to 15:55 days NOTWIDE",467,6860,14.69,36.0,1.20,1.48,2576,2,410,8100,19.76,33.9,1.20,1.25,4391,-549,2199,6123,-913,1513,5032,1556
MNQ,ORB2,"ORB2 09:30 15m opening-candle direction SHORT stop 0.25×ATR to 15:55 days NOTWIDE",311,2111,6.79,32.5,1.09,0.55,2912,2,290,7552,26.04,35.2,1.26,1.47,3189,-399,621,3445,-1556,3193,3358,1002
MNQ,ORB2,"ORB2 09:30 15m break BOTH stop 0.25×ATR to 15:55 days NOTWIDE",696,7103,10.21,35.1,1.14,1.29,3562,2,587,1869,3.18,36.1,1.03,0.30,6566,-771,3810,5774,-1710,4867,-471,-2528
MNQ,ORB2,"ORB2 09:30 15m opening-candle direction BOTH stop 0.25×ATR to 15:55 days NOTWIDE",695,7290,10.49,34.8,1.14,1.33,2695,3,586,8128,13.87,35.8,1.14,1.22,5342,-920,3135,4553,523,5128,1801,1200
MNQ,ORB2,"ORB2 09:30 15m break LONG stop 0.25×ATR to 15:55 days NONEWS",516,2178,4.22,34.7,1.06,0.49,2353,3,435,5200,11.95,39.8,1.13,1.04,3661,283,747,1461,-313,3287,740,1172
MNQ,ORB2,"ORB2 09:30 15m opening-candle direction LONG stop 0.25×ATR to 15:55 days NONEWS",389,4999,12.85,35.5,1.17,1.21,1665,3,305,856,2.81,36.1,1.03,0.20,3520,-440,2136,1785,1517,644,-812,1024
MNQ,ORB2,"ORB2 09:30 15m break SHORT stop 0.25×ATR to 15:55 days NONEWS",489,12037,24.62,37.8,1.35,2.50,1934,4,433,3106,7.17,32.1,1.07,0.49,6851,163,3861,7473,540,2145,5760,-4800
MNQ,ORB2,"ORB2 09:30 15m opening-candle direction SHORT stop 0.25×ATR to 15:55 days NONEWS",331,5157,15.58,33.5,1.21,1.29,2751,3,316,6011,19.02,34.5,1.19,1.17,6347,113,1622,4085,-663,4542,4168,-2700
MNQ,ORB2,"ORB2 09:30 15m break BOTH stop 0.25×ATR to 15:55 days NONEWS",721,12867,17.85,35.9,1.24,2.23,3285,2,622,2255,3.63,35.9,1.04,0.35,8677,-142,5087,8297,-375,4945,1777,-4466
MNQ,ORB2,"ORB2 09:30 15m opening-candle direction BOTH stop 0.25×ATR to 15:55 days NONEWS",720,10156,14.10,34.6,1.19,1.77,2689,3,621,6867,11.06,35.3,1.11,1.03,9763,-327,3758,5870,854,5186,3357,-1676
MNQ,ORB2,"ORB2 09:30 15m break LONG stop 0.25×ATR 2R days ALL",559,-504,-0.90,37.9,0.99,-0.13,4013,2,473,5416,11.45,43.1,1.13,1.17,3508,206,762,-1152,-320,5670,-831,577
MNQ,ORB2,"ORB2 09:30 15m opening-candle direction LONG stop 0.25×ATR 2R days ALL",418,4305,10.30,40.2,1.15,1.26,2929,3,336,1000,2.98,40.2,1.03,0.25,4425,-749,1501,753,2800,2161,257,-1418
MNQ,ORB2,"ORB2 09:30 15m break SHORT stop 0.25×ATR 2R days ALL",527,5161,9.79,40.4,1.14,1.34,2852,3,469,1638,3.49,38.2,1.04,0.34,5620,49,3051,3481,-1420,1191,1013,-566
MNQ,ORB2,"ORB2 09:30 15m opening-candle direction SHORT stop 0.25×ATR 2R days ALL",364,810,2.23,36.5,1.03,0.25,2673,2,339,5899,17.40,40.7,1.19,1.41,3651,51,-48,1071,-264,2833,2278,787
MNQ,ORB2,"ORB2 09:30 15m break BOTH stop 0.25×ATR 2R days ALL",783,4688,5.99,39.0,1.08,1.01,4549,2,676,4072,6.02,40.7,1.06,0.72,6664,-439,4167,2024,-1064,6247,-393,-1782
MNQ,ORB2,"ORB2 09:30 15m opening-candle direction BOTH stop 0.25×ATR 2R days ALL",782,5115,6.54,38.5,1.09,1.09,3093,3,675,6899,10.22,40.4,1.11,1.20,7036,-698,1453,1824,2536,4994,2535,-630
MNQ,ORB2,"ORB2 09:30 15m break LONG stop 0.25×ATR 2R days NARROW",140,-345,-2.46,37.9,0.97,-0.18,1725,1,146,2919,19.99,47.9,1.25,1.14,1845,-412,1200,-870,-264,3216,-729,431
MNQ,ORB2,"ORB2 09:30 15m opening-candle direction LONG stop 0.25×ATR 2R days NARROW",99,2153,21.75,41.4,1.33,1.25,1216,3,97,-7,-0.08,40.2,1.00,0.00,1910,-462,954,1170,492,940,-751,-197
MNQ,ORB2,"ORB2 09:30 15m break SHORT stop 0.25×ATR 2R days NARROW",144,-780,-5.42,36.1,0.93,-0.39,1878,1,137,928,6.77,38.0,1.07,0.34,2567,-414,-266,1202,-1301,-562,1708,-218
MNQ,ORB2,"ORB2 09:30 15m opening-candle direction SHORT stop 0.25×ATR 2R days NARROW",87,457,5.25,36.8,1.07,0.27,1177,2,90,153,1.70,37.8,1.02,0.07,2530,36,-470,1444,-554,650,-692,196
MNQ,ORB2,"ORB2 09:30 15m break BOTH stop 0.25×ATR 2R days NARROW",187,-336,-1.80,36.4,0.98,-0.15,2032,1,189,1775,9.39,42.3,1.10,0.57,5495,-544,1656,-334,-1115,3313,215,-1752
MNQ,ORB2,"ORB2 09:30 15m opening-candle direction BOTH stop 0.25×ATR 2R days NARROW",186,2610,14.03,39.2,1.20,1.08,1273,2,187,146,0.78,39.0,1.01,0.05,4205,-426,484,2614,-62,1590,-1444,-1
MNQ,ORB2,"ORB2 09:30 15m break LONG stop 0.25×ATR 2R days NOTWIDE",506,-160,-0.32,38.3,1.00,-0.04,3395,1,424,4263,10.05,43.4,1.12,0.98,3407,-38,1130,-561,-691,5715,-1699,247
MNQ,ORB2,"ORB2 09:30 15m opening-candle direction LONG stop 0.25×ATR 2R days NOTWIDE",384,5488,14.29,41.7,1.21,1.65,2677,3,296,455,1.54,40.2,1.02,0.12,3506,-747,2190,1533,2511,2484,-681,-1347
MNQ,ORB2,"ORB2 09:30 15m break SHORT stop 0.25×ATR 2R days NOTWIDE",467,3434,7.35,39.8,1.10,0.94,2851,2,410,2930,7.15,39.5,1.08,0.64,3759,-151,2424,2875,-1715,68,2268,594
MNQ,ORB2,"ORB2 09:30 15m opening-candle direction SHORT stop 0.25×ATR 2R days NOTWIDE",311,219,0.70,36.3,1.01,0.07,2270,1,290,5678,19.58,41.7,1.22,1.47,4015,-211,-193,1057,-434,1969,3155,553
MNQ,ORB2,"ORB2 09:30 15m break BOTH stop 0.25×ATR 2R days NOTWIDE",696,3235,4.65,38.8,1.06,0.73,4605,2,587,4006,6.82,41.6,1.07,0.76,5749,-656,3761,1889,-1759,5307,368,-1669
MNQ,ORB2,"ORB2 09:30 15m opening-candle direction BOTH stop 0.25×ATR 2R days NOTWIDE",695,5707,8.21,39.3,1.12,1.27,3213,3,586,6133,10.47,41.0,1.11,1.15,6448,-958,1998,2590,2077,4453,2474,-794
MNQ,ORB2,"ORB2 09:30 15m break LONG stop 0.25×ATR 2R days NONEWS",516,-730,-1.41,37.6,0.98,-0.20,3023,3,435,6620,15.22,43.7,1.18,1.49,2544,74,542,172,-1518,4104,242,2275
MNQ,ORB2,"ORB2 09:30 15m opening-candle direction LONG stop 0.25×ATR 2R days NONEWS",389,3707,9.53,39.8,1.14,1.12,2363,3,305,2071,6.79,40.7,1.07,0.54,4030,-708,1379,1385,1652,954,1352,-235
MNQ,ORB2,"ORB2 09:30 15m break SHORT stop 0.25×ATR 2R days NONEWS",489,7225,14.77,41.9,1.22,1.94,2240,3,433,-690,-1.59,37.4,0.98,-0.15,7777,152,3173,4473,-574,1414,878,-2983
MNQ,ORB2,"ORB2 09:30 15m opening-candle direction SHORT stop 0.25×ATR 2R days NONEWS",331,1682,5.08,37.2,1.07,0.55,2221,3,316,5706,18.06,41.1,1.20,1.42,4472,237,197,1394,-146,3281,2262,163
MNQ,ORB2,"ORB2 09:30 15m break BOTH stop 0.25×ATR 2R days NONEWS",721,6213,8.62,39.7,1.12,1.39,3980,2,622,5134,8.25,41.2,1.09,0.94,6442,-397,4025,4000,-1416,5172,855,-893
MNQ,ORB2,"ORB2 09:30 15m opening-candle direction BOTH stop 0.25×ATR 2R days NONEWS",720,5389,7.49,38.6,1.11,1.20,2664,3,621,7778,12.52,40.9,1.14,1.40,7824,-472,1576,2779,1506,4235,3614,-71
MNQ,ORB2,"ORB2 09:30 15m break LONG stop 0.25×ATR 4R days ALL",559,1412,2.53,34.9,1.03,0.32,3843,3,473,5306,11.22,39.3,1.12,1.02,4093,467,1554,-882,273,5330,-24,0
MNQ,ORB2,"ORB2 09:30 15m opening-candle direction LONG stop 0.25×ATR 4R days ALL",418,4302,10.29,35.9,1.14,1.10,2644,3,336,162,0.48,35.4,1.00,0.04,3868,-536,3013,82,1742,2414,-1566,-687
MNQ,ORB2,"ORB2 09:30 15m break SHORT stop 0.25×ATR 4R days ALL",527,11426,21.68,36.8,1.30,2.34,2629,3,469,4504,9.60,32.6,1.09,0.74,4689,19,4881,7120,-594,1735,3136,-366
MNQ,ORB2,"ORB2 09:30 15m opening-candle direction SHORT stop 0.25×ATR 4R days ALL",364,4777,13.12,32.7,1.17,1.15,3202,2,339,7165,21.14,34.2,1.21,1.36,4773,-339,1893,4252,-1029,3180,4276,-291
MNQ,ORB2,"ORB2 09:30 15m break BOTH stop 0.25×ATR 4R days ALL",783,11304,14.44,35.4,1.19,1.98,3091,2,676,4148,6.14,35.5,1.06,0.62,8063,-169,6696,5998,-1222,6136,1444,-3432
MNQ,ORB2,"ORB2 09:30 15m opening-candle direction BOTH stop 0.25×ATR 4R days ALL",782,9079,11.61,34.4,1.15,1.59,2278,3,675,7328,10.86,34.8,1.11,1.06,7856,-874,4906,4333,714,5595,2711,-978
MNQ,ORB2,"ORB2 09:30 15m break LONG stop 0.25×ATR 4R days NARROW",140,-1678,-11.98,34.3,0.84,-0.87,2959,1,146,3251,22.27,47.3,1.27,1.22,1763,-412,1229,-1490,-1005,3911,-899,239
MNQ,ORB2,"ORB2 09:30 15m opening-candle direction LONG stop 0.25×ATR 4R days NARROW",99,461,4.66,35.4,1.06,0.26,1287,2,97,134,1.39,39.2,1.01,0.06,2426,-462,1046,467,-590,1667,-789,-743
MNQ,ORB2,"ORB2 09:30 15m break SHORT stop 0.25×ATR 4R days NARROW",144,1198,8.32,35.4,1.11,0.47,2122,2,137,2443,17.83,35.0,1.19,0.75,2166,-498,62,3152,-1519,386,1485,571
MNQ,ORB2,"ORB2 09:30 15m opening-candle direction SHORT stop 0.25×ATR 4R days NARROW",87,1774,20.39,34.5,1.26,0.78,1090,2,90,1809,20.10,35.6,1.20,0.64,2585,36,-153,2703,-812,1394,-582,996
MNQ,ORB2,"ORB2 09:30 15m break BOTH stop 0.25×ATR 4R days NARROW",187,-20,-0.11,33.2,1.00,-0.01,2800,2,189,3193,16.90,40.7,1.18,0.91,4680,-544,2111,638,-2224,4588,-71,-1324
MNQ,ORB2,"ORB2 09:30 15m opening-candle direction BOTH stop 0.25×ATR 4R days NARROW",186,2235,12.02,34.9,1.16,0.78,1726,2,187,1943,10.39,37.4,1.11,0.55,4082,-426,893,3170,-1402,3061,-1371,253
MNQ,ORB2,"ORB2 09:30 15m break LONG stop 0.25×ATR 4R days NOTWIDE",506,1080,2.13,35.6,1.03,0.26,3576,2,424,2759,6.51,39.6,1.07,0.58,3667,235,1833,-801,-187,4739,-2028,48
MNQ,ORB2,"ORB2 09:30 15m opening-candle direction LONG stop 0.25×ATR 4R days NOTWIDE",384,4871,12.68,37.2,1.17,1.30,2742,3,296,394,1.33,36.5,1.01,0.10,3476,-576,3327,512,1608,2188,-1541,-253
MNQ,ORB2,"ORB2 09:30 15m break SHORT stop 0.25×ATR 4R days NOTWIDE",467,8329,17.84,36.4,1.24,1.81,2754,2,410,6485,15.82,34.1,1.16,1.12,3970,-685,3351,6809,-1146,1004,4114,1366
MNQ,ORB2,"ORB2 09:30 15m opening-candle direction SHORT stop 0.25×ATR 4R days NOTWIDE",311,3587,11.53,32.8,1.15,0.92,2912,2,290,7657,26.40,35.9,1.27,1.55,4114,-600,1117,4585,-1516,1913,5308,436
MNQ,ORB2,"ORB2 09:30 15m break BOTH stop 0.25×ATR 4R days NOTWIDE",696,8252,11.86,35.5,1.16,1.54,3058,2,587,4045,6.89,36.5,1.07,0.65,5801,-718,5378,5747,-2155,4816,1536,-2307
MNQ,ORB2,"ORB2 09:30 15m opening-candle direction BOTH stop 0.25×ATR 4R days NOTWIDE",695,8458,12.17,35.3,1.16,1.57,2305,3,586,8051,13.74,36.2,1.14,1.25,6277,-1176,4445,5096,92,4101,3767,184
MNQ,ORB2,"ORB2 09:30 15m break LONG stop 0.25×ATR 4R days NONEWS",516,1453,2.82,34.9,1.04,0.35,2854,3,435,6687,15.37,40.0,1.17,1.34,3661,335,1302,249,-434,4002,1300,1385
MNQ,ORB2,"ORB2 09:30 15m opening-candle direction LONG stop 0.25×ATR 4R days NONEWS",389,3976,10.22,36.0,1.14,1.06,2078,3,305,1265,4.15,36.1,1.04,0.30,3787,-494,2896,455,1120,1152,-470,583
MNQ,ORB2,"ORB2 09:30 15m break SHORT stop 0.25×ATR 4R days NONEWS",489,13440,27.49,38.2,1.39,2.82,2017,4,433,2011,4.64,32.6,1.05,0.35,6795,122,5074,8165,79,1779,3785,-3553
MNQ,ORB2,"ORB2 09:30 15m opening-candle direction SHORT stop 0.25×ATR 4R days NONEWS",331,6472,19.55,33.8,1.26,1.61,2751,2,316,6507,20.59,35.1,1.21,1.30,6347,-153,2331,5071,-777,3615,4559,-1667
MNQ,ORB2,"ORB2 09:30 15m break BOTH stop 0.25×ATR 4R days NONEWS",721,13254,18.38,36.3,1.25,2.40,2530,2,622,5523,8.88,36.3,1.09,0.86,8236,-126,6717,7637,-974,5372,2724,-2572
MNQ,ORB2,"ORB2 09:30 15m opening-candle direction BOTH stop 0.25×ATR 4R days NONEWS",720,10448,14.51,35.0,1.20,1.90,2055,3,621,7771,12.51,35.6,1.13,1.18,9763,-648,5227,5526,342,4767,4089,-1084
MNQ,ORB2,"ORB2 09:30 30m break LONG stop range to 15:55 days ALL",488,6215,12.73,50.4,1.16,1.32,2708,4,422,7344,17.40,50.7,1.18,1.16,4080,201,2056,60,3898,2580,3849,915
MNQ,ORB2,"ORB2 09:30 30m opening-candle direction LONG stop range to 15:55 days ALL",430,4049,9.42,46.7,1.11,0.87,4403,2,341,6905,20.25,50.4,1.18,1.08,3108,-267,1691,-339,2964,281,5835,790
MNQ,ORB2,"ORB2 09:30 30m break SHORT stop range to 15:55 days ALL",458,5287,11.54,44.5,1.13,1.05,3185,2,391,2464,6.30,41.4,1.05,0.35,8027,-164,1370,4912,-831,3569,3794,-4899
MNQ,ORB2,"ORB2 09:30 30m opening-candle direction SHORT stop range to 15:55 days ALL",352,1443,4.10,43.8,1.04,0.30,4503,1,335,-426,-1.27,40.3,0.99,-0.07,5032,-228,-944,4130,-1515,833,676,-1934
MNQ,ORB2,"ORB2 09:30 30m break BOTH stop range to 15:55 days ALL",765,12450,16.27,47.6,1.19,1.95,3662,4,664,8840,13.31,47.3,1.12,1.04,7875,72,2525,5506,4347,6549,5469,-3178
MNQ,ORB2,"ORB2 09:30 30m opening-candle direction BOTH stop range to 15:55 days ALL",782,5492,7.02,45.4,1.08,0.83,5901,3,676,6480,9.59,45.4,1.08,0.75,6439,-495,747,3791,1449,1114,6510,-1144
MNQ,ORB2,"ORB2 09:30 30m break LONG stop range to 15:55 days NARROW",38,-2020,-53.16,18.4,0.37,-2.72,2136,0,55,1421,25.83,52.7,1.41,1.04,675,-189,-546,-660,-626,838,587,-5
MNQ,ORB2,"ORB2 09:30 30m opening-candle direction LONG stop range to 15:55 days NARROW",28,-865,-30.89,17.9,0.59,-1.13,1588,2,39,2011,51.56,53.8,1.86,1.62,433,-201,236,190,-1090,447,1664,-100
MNQ,ORB2,"ORB2 09:30 30m break SHORT stop range to 15:55 days NARROW",45,-1335,-29.67,20.0,0.63,-1.06,1466,1,46,-557,-12.10,28.3,0.88,-0.32,1778,-535,-411,139,-529,145,-1383,682
MNQ,ORB2,"ORB2 09:30 30m opening-candle direction SHORT stop range to 15:55 days NARROW",27,-1043,-38.61,18.5,0.58,-0.91,1409,0,36,-468,-13.00,27.8,0.87,-0.29,1547,-336,-250,-279,-178,-295,-1210,1036
MNQ,ORB2,"ORB2 09:30 30m break BOTH stop range to 15:55 days NARROW",56,-3307,-59.05,10.7,0.36,-2.68,3438,0,75,1500,19.99,45.3,1.25,0.75,1054,-616,-475,-1157,-1060,601,-166,1065
MNQ,ORB2,"ORB2 09:30 30m opening-candle direction BOTH stop range to 15:55 days NARROW",55,-1908,-34.68,18.2,0.58,-1.39,2816,0,75,1543,20.57,41.3,1.26,0.75,1115,-537,-14,-90,-1268,153,454,937
MNQ,ORB2,"ORB2 09:30 30m break LONG stop range to 15:55 days NOTWIDE",359,4922,13.71,49.6,1.19,1.35,2938,2,294,509,1.73,47.6,1.02,0.13,3838,-23,1781,-516,3679,3862,-869,-2485
MNQ,ORB2,"ORB2 09:30 30m opening-candle direction LONG stop range to 15:55 days NOTWIDE",318,1774,5.58,44.0,1.07,0.49,3427,2,234,-1465,-6.26,46.6,0.94,-0.40,5142,-514,1720,-2147,2714,1129,2257,-4850
MNQ,ORB2,"ORB2 09:30 30m break SHORT stop range to 15:55 days NOTWIDE",334,2302,6.89,41.3,1.08,0.57,2837,2,262,3310,12.63,42.0,1.11,0.60,4356,-803,300,4465,-1660,1872,4055,-2617
MNQ,ORB2,"ORB2 09:30 30m opening-candle direction SHORT stop range to 15:55 days NOTWIDE",237,1024,4.32,40.1,1.05,0.29,2330,1,212,136,0.64,38.2,1.01,0.03,3762,-979,-562,4108,-1544,274,1531,-1668
MNQ,ORB2,"ORB2 09:30 30m break BOTH stop range to 15:55 days NOTWIDE",548,7440,13.58,45.1,1.17,1.48,2081,3,437,197,0.45,45.3,1.00,0.03,7459,-608,1479,3601,2968,6102,360,-6265
MNQ,ORB2,"ORB2 09:30 30m opening-candle direction BOTH stop range to 15:55 days NOTWIDE",555,2797,5.04,42.3,1.06,0.55,2469,3,446,-1329,-2.98,42.6,0.97,-0.24,7870,-1492,1158,1962,1170,1403,3787,-6518
MNQ,ORB2,"ORB2 09:30 30m break LONG stop range to 15:55 days NONEWS",447,6890,15.41,51.0,1.20,1.54,2127,4,391,8847,22.63,51.7,1.23,1.43,3177,59,2009,1469,3353,2182,5000,1665
MNQ,ORB2,"ORB2 09:30 30m opening-candle direction LONG stop range to 15:55 days NONEWS",395,3334,8.44,47.1,1.10,0.75,3931,3,308,8591,27.89,51.9,1.26,1.39,3695,-278,1492,123,1996,-383,7334,1640
MNQ,ORB2,"ORB2 09:30 30m break SHORT stop range to 15:55 days NONEWS",428,7896,18.45,45.6,1.22,1.62,2321,3,358,696,1.94,41.9,1.02,0.11,8867,-164,2138,5914,7,3481,4013,-6798
MNQ,ORB2,"ORB2 09:30 30m opening-candle direction SHORT stop range to 15:55 days NONEWS",325,4260,13.11,45.2,1.14,0.94,3925,2,314,350,1.11,41.4,1.01,0.06,5017,218,-545,5455,-869,1244,1052,-1946
MNQ,ORB2,"ORB2 09:30 30m break BOTH stop range to 15:55 days NONEWS",705,14118,20.02,48.2,1.24,2.30,3555,3,611,8632,14.13,48.0,1.13,1.07,7790,-70,3048,6967,4173,6337,6051,-3756
MNQ,ORB2,"ORB2 09:30 30m opening-candle direction BOTH stop range to 15:55 days NONEWS",720,7593,10.55,46.3,1.12,1.19,5524,3,622,8941,14.37,46.6,1.12,1.07,5762,-60,947,5578,1128,861,8386,-306
MNQ,ORB2,"ORB2 09:30 30m break LONG stop range 2R days ALL",488,6315,12.94,51.0,1.16,1.37,2674,3,422,5366,12.71,50.9,1.13,0.99,4080,201,2516,-647,4245,1984,2684,698
MNQ,ORB2,"ORB2 09:30 30m opening-candle direction LONG stop range 2R days ALL",430,4729,11.00,47.7,1.13,1.04,4643,2,341,4552,13.35,51.0,1.12,0.85,3336,-169,2073,-524,3349,274,3746,532
MNQ,ORB2,"ORB2 09:30 30m break SHORT stop range 2R days ALL",458,3925,8.57,45.2,1.10,0.83,3210,2,391,451,1.15,43.5,1.01,0.07,7381,-259,1636,3581,-1033,2454,1351,-3354
MNQ,ORB2,"ORB2 09:30 30m opening-candle direction SHORT stop range 2R days ALL",352,686,1.95,44.3,1.02,0.15,4791,2,335,-766,-2.29,41.5,0.98,-0.14,4417,89,-801,2474,-1076,-36,395,-1125
MNQ,ORB2,"ORB2 09:30 30m break BOTH stop range 2R days ALL",765,10751,14.05,48.1,1.17,1.76,3959,3,664,6706,10.10,48.3,1.09,0.89,8050,-23,3027,3541,4207,5777,3090,-2162
MNQ,ORB2,"ORB2 09:30 30m opening-candle direction BOTH stop range 2R days ALL",782,5414,6.92,46.2,1.08,0.85,6502,3,676,3786,5.60,46.3,1.05,0.49,6690,-81,1272,1950,2273,239,4140,-593
MNQ,ORB2,"ORB2 09:30 30m break LONG stop range 2R days NARROW",38,-1617,-42.55,23.7,0.46,-2.14,1640,0,55,1498,27.24,54.5,1.45,1.19,675,-189,-546,-677,-206,1028,691,-221
MNQ,ORB2,"ORB2 09:30 30m opening-candle direction LONG stop range 2R days NARROW",28,-316,-11.27,25.0,0.84,-0.41,1024,2,39,1743,44.69,53.8,1.74,1.51,433,-201,372,40,-526,453,1615,-325
MNQ,ORB2,"ORB2 09:30 30m break SHORT stop range 2R days NARROW",45,-2185,-48.56,20.0,0.39,-2.76,2336,0,46,-1002,-21.78,34.8,0.78,-0.73,2148,-535,-639,-560,-452,-668,-735,401
MNQ,ORB2,"ORB2 09:30 30m opening-candle direction SHORT stop range 2R days NARROW",27,-1720,-63.69,18.5,0.30,-2.74,1727,0,36,-1427,-39.63,27.8,0.61,-1.26,2170,-336,-257,-970,-158,-927,-1210,710
MNQ,ORB2,"ORB2 09:30 30m break BOTH stop range 2R days NARROW",56,-3539,-63.19,14.3,0.29,-4.25,3679,0,75,706,9.41,48.0,1.12,0.43,983,-616,-703,-1801,-420,436,-298,568
MNQ,ORB2,"ORB2 09:30 30m opening-candle direction BOTH stop range 2R days NARROW",55,-2035,-37.00,21.8,0.53,-2.02,2232,1,75,317,4.22,41.3,1.05,0.19,1115,-537,116,-930,-684,-474,406,385
MNQ,ORB2,"ORB2 09:30 30m break LONG stop range 2R days NOTWIDE",359,5075,14.14,50.4,1.19,1.43,2959,2,294,473,1.61,48.0,1.02,0.12,3234,-23,2067,-885,3916,3267,-63,-2731
MNQ,ORB2,"ORB2 09:30 30m opening-candle direction LONG stop range 2R days NOTWIDE",318,2631,8.27,45.3,1.10,0.74,3638,2,234,-1522,-6.50,47.4,0.94,-0.42,5455,-416,2046,-1917,2917,1123,2519,-5163
MNQ,ORB2,"ORB2 09:30 30m break SHORT stop range 2R days NOTWIDE",334,1028,3.08,42.2,1.04,0.28,3162,2,262,-460,-1.76,44.3,0.98,-0.11,4214,-898,710,3107,-1890,104,1579,-2143
MNQ,ORB2,"ORB2 09:30 30m opening-candle direction SHORT stop range 2R days NOTWIDE",237,444,1.87,40.9,1.02,0.14,2028,1,212,-1577,-7.44,39.2,0.93,-0.44,3732,-663,-465,2570,-1000,-1355,1394,-1616
MNQ,ORB2,"ORB2 09:30 30m break BOTH stop range 2R days NOTWIDE",548,5837,10.65,45.8,1.13,1.25,2385,3,437,-1820,-4.16,46.5,0.96,-0.36,7581,-703,1904,1946,2690,4608,-80,-6348
MNQ,ORB2,"ORB2 09:30 30m opening-candle direction BOTH stop range 2R days NOTWIDE",555,3074,5.54,43.4,1.07,0.64,3278,3,446,-3098,-6.95,43.5,0.93,-0.61,8509,-1078,1581,654,1918,-233,3913,-6779
MNQ,ORB2,"ORB2 09:30 30m break LONG stop range 2R days NONEWS",447,6752,15.11,51.5,1.19,1.55,2093,4,391,6526,16.69,51.9,1.17,1.25,3177,59,2219,729,3746,1586,3493,1448
MNQ,ORB2,"ORB2 09:30 30m opening-candle direction LONG stop range 2R days NONEWS",395,3897,9.87,47.8,1.12,0.90,4171,2,308,5935,19.27,52.6,1.18,1.17,3397,-180,1641,-124,2560,-390,4943,1382
MNQ,ORB2,"ORB2 09:30 30m break SHORT stop range 2R days NONEWS",428,6619,15.46,46.3,1.18,1.43,2376,2,358,-2529,-7.06,43.3,0.94,-0.45,8258,-259,2340,4583,-45,2434,388,-5350
MNQ,ORB2,"ORB2 09:30 30m opening-candle direction SHORT stop range 2R days NONEWS",325,3727,11.47,45.8,1.12,0.87,4288,2,314,-313,-1.00,42.4,0.99,-0.06,4840,534,-402,3799,-204,376,414,-1102
MNQ,ORB2,"ORB2 09:30 30m break BOTH stop range 2R days NONEWS",705,12331,17.49,48.7,1.21,2.11,3994,3,611,5723,9.37,48.9,1.08,0.81,7471,-165,3300,4968,4229,5565,2930,-2771
MNQ,ORB2,"ORB2 09:30 30m opening-candle direction BOTH stop range 2R days NONEWS",720,7624,10.59,46.9,1.12,1.25,6071,4,622,5622,9.04,47.4,1.08,0.77,5978,355,1239,3675,2356,-14,5356,280
MNQ,ORB2,"ORB2 09:30 30m break LONG stop range 4R days ALL",488,6666,13.66,50.6,1.17,1.41,2708,4,422,6671,15.81,50.7,1.16,1.12,4080,201,2056,60,4349,2560,3197,915
MNQ,ORB2,"ORB2 09:30 30m opening-candle direction LONG stop range 4R days ALL",430,4580,10.65,47.0,1.12,0.98,4403,2,341,5964,17.49,50.4,1.16,1.01,3108,-267,1691,-339,3495,205,4970,790
MNQ,ORB2,"ORB2 09:30 30m break SHORT stop range 4R days ALL",458,6972,15.22,44.5,1.17,1.36,3185,2,391,556,1.42,41.4,1.01,0.08,7462,-156,2413,5506,-791,2869,2022,-4335
MNQ,ORB2,"ORB2 09:30 30m opening-candle direction SHORT stop range 4R days ALL",352,1798,5.11,43.8,1.05,0.38,4424,1,335,-524,-1.56,40.3,0.99,-0.09,4668,-228,-505,4045,-1515,-91,1015,-1447
MNQ,ORB2,"ORB2 09:30 30m break BOTH stop range 4R days ALL",765,14338,18.74,47.7,1.22,2.21,3732,4,664,7272,10.95,47.3,1.10,0.89,7563,80,3324,6100,4835,5915,3971,-2613
MNQ,ORB2,"ORB2 09:30 30m opening-candle direction BOTH stop range 4R days ALL",782,6378,8.16,45.5,1.09,0.96,6113,3,676,5441,8.05,45.4,1.07,0.65,5952,-495,1186,3707,1980,114,5984,-657
MNQ,ORB2,"ORB2 09:30 30m break LONG stop range 4R days NARROW",38,-1569,-41.29,21.1,0.49,-1.85,1688,0,55,1364,24.79,52.7,1.40,1.01,675,-189,-546,-660,-175,781,587,-5
MNQ,ORB2,"ORB2 09:30 30m opening-candle direction LONG stop range 4R days NARROW",28,-417,-14.89,21.4,0.79,-0.49,1140,2,39,2011,51.56,53.8,1.86,1.62,433,-201,236,190,-642,447,1664,-100
MNQ,ORB2,"ORB2 09:30 30m break SHORT stop range 4R days NARROW",45,-1633,-36.29,20.0,0.54,-1.60,1764,0,46,-748,-16.25,28.3,0.84,-0.45,1982,-535,-325,-245,-529,-106,-1323,682
MNQ,ORB2,"ORB2 09:30 30m opening-candle direction SHORT stop range 4R days NARROW",27,-1288,-47.70,18.5,0.48,-1.48,1409,0,36,-833,-23.14,27.8,0.77,-0.56,1903,-336,-65,-710,-178,-660,-1210,1036
MNQ,ORB2,"ORB2 09:30 30m break BOTH stop range 4R days NARROW",56,-3157,-56.38,12.5,0.38,-2.95,3288,0,75,1309,17.45,45.3,1.22,0.68,1054,-616,-389,-1541,-612,350,-106,1065
MNQ,ORB2,"ORB2 09:30 30m opening-candle direction BOTH stop range 4R days NARROW",55,-1705,-31.00,20.0,0.62,-1.40,2368,1,75,1178,15.71,41.3,1.20,0.61,1115,-537,172,-520,-820,-213,454,937
MNQ,ORB2,"ORB2 09:30 30m break LONG stop range 4R days NOTWIDE",359,5373,14.97,49.9,1.20,1.47,2938,2,294,489,1.66,47.6,1.02,0.12,3838,-23,1781,-516,4130,3842,-869,-2485
MNQ,ORB2,"ORB2 09:30 30m opening-candle direction LONG stop range 4R days NOTWIDE",318,2305,7.25,44.3,1.09,0.63,3427,2,234,-1541,-6.58,46.6,0.94,-0.42,5142,-514,1720,-2147,3245,1053,2257,-4850
MNQ,ORB2,"ORB2 09:30 30m break SHORT stop range 4R days NOTWIDE",334,3688,11.04,41.3,1.13,0.89,2837,2,262,838,3.20,42.0,1.03,0.17,4356,-795,1044,5059,-1620,1172,2283,-2617
MNQ,ORB2,"ORB2 09:30 30m opening-candle direction SHORT stop range 4R days NOTWIDE",237,1122,4.73,40.1,1.05,0.32,2330,1,212,-449,-2.12,38.2,0.98,-0.11,3478,-979,-380,4024,-1544,-651,1870,-1668
MNQ,ORB2,"ORB2 09:30 30m break BOTH stop range 4R days NOTWIDE",548,9029,16.48,45.3,1.21,1.77,2081,3,437,-1284,-2.94,45.3,0.97,-0.24,8305,-600,1979,4195,3456,5467,-486,-6265
MNQ,ORB2,"ORB2 09:30 30m opening-candle direction BOTH stop range 4R days NOTWIDE",555,3426,6.17,42.5,1.07,0.67,2682,3,446,-1990,-4.46,42.6,0.96,-0.37,7870,-1492,1341,1877,1701,403,4126,-6518
MNQ,ORB2,"ORB2 09:30 30m break LONG stop range 4R days NONEWS",447,6893,15.42,51.0,1.20,1.54,2127,4,391,8174,20.91,51.7,1.21,1.40,3177,59,2009,1469,3356,2162,4348,1665
MNQ,ORB2,"ORB2 09:30 30m opening-candle direction LONG stop range 4R days NONEWS",395,3334,8.44,47.1,1.10,0.75,3931,3,308,7650,24.84,51.9,1.23,1.34,3695,-278,1492,123,1996,-459,6469,1640
MNQ,ORB2,"ORB2 09:30 30m break SHORT stop range 4R days NONEWS",428,9336,21.81,45.6,1.26,1.87,2321,3,358,-1212,-3.38,41.9,0.97,-0.20,8303,-156,2937,6508,47,2780,2242,-6233
MNQ,ORB2,"ORB2 09:30 30m opening-candle direction SHORT stop range 4R days NONEWS",325,4614,14.20,45.2,1.15,1.02,4137,2,314,-33,-0.10,41.4,1.00,-0.01,5017,218,-106,5371,-869,320,1107,-1459
MNQ,ORB2,"ORB2 09:30 30m break BOTH stop range 4R days NONEWS",705,15558,22.07,48.2,1.27,2.50,3767,3,611,7064,11.56,48.0,1.10,0.91,7226,-62,3847,7561,4213,5702,4553,-3191
MNQ,ORB2,"ORB2 09:30 30m opening-candle direction BOTH stop range 4R days NONEWS",720,7948,11.04,46.3,1.12,1.25,5736,3,622,7617,12.25,46.6,1.11,0.95,5275,-60,1386,5494,1128,-139,7575,181
MNQ,ORB2,"ORB2 09:30 30m break LONG stop 0.10×ATR to 15:55 days ALL",488,-1572,-3.22,17.2,0.92,-0.63,3894,2,422,-5297,-12.55,16.1,0.77,-1.81,6288,-195,266,-2345,701,-2733,-1105,-1459
MNQ,ORB2,"ORB2 09:30 30m opening-candle direction LONG stop 0.10×ATR to 15:55 days ALL",430,73,0.17,16.5,1.00,0.03,2541,2,341,-1970,-5.78,18.2,0.89,-0.73,3096,65,1129,-806,-315,-361,-434,-1174
MNQ,ORB2,"ORB2 09:30 30m break SHORT stop 0.10×ATR to 15:55 days ALL",458,2282,4.98,15.5,1.12,0.70,2830,1,391,-3393,-8.68,12.8,0.85,-0.89,5739,-364,-1302,5659,-1710,1688,-2158,-2922
MNQ,ORB2,"ORB2 09:30 30m opening-candle direction SHORT stop 0.10×ATR to 15:55 days ALL",352,4995,14.19,18.8,1.36,1.67,1624,2,335,-68,-0.20,14.6,1.00,-0.02,4235,-444,956,5520,-1037,2547,631,-3246
MNQ,ORB2,"ORB2 09:30 30m break BOTH stop 0.10×ATR to 15:55 days ALL",765,3318,4.34,16.7,1.11,0.85,3503,2,664,-6677,-10.06,14.8,0.82,-1.66,9835,-522,-1206,4696,350,996,-4231,-3441
MNQ,ORB2,"ORB2 09:30 30m opening-candle direction BOTH stop 0.10×ATR to 15:55 days ALL",782,5068,6.48,17.5,1.16,1.28,1819,2,676,-2037,-3.01,16.4,0.94,-0.47,5930,-379,2085,4715,-1353,2186,197,-4420
MNQ,ORB2,"ORB2 09:30 30m break LONG stop 0.10×ATR to 15:55 days NARROW",38,-985,-25.91,10.5,0.43,-1.94,1141,0,55,-722,-13.13,25.5,0.76,-0.78,1370,-116,-226,-39,-603,-980,68,190
MNQ,ORB2,"ORB2 09:30 30m opening-candle direction LONG stop 0.10×ATR to 15:55 days NARROW",28,-1170,-41.79,3.6,0.13,-4.75,1170,0,39,1370,35.13,33.3,1.80,1.34,306,-109,-106,-402,-553,355,785,230
MNQ,ORB2,"ORB2 09:30 30m break SHORT stop 0.10×ATR to 15:55 days NARROW",45,-583,-12.95,8.9,0.72,-0.56,968,1,46,353,7.68,19.6,1.12,0.24,1258,-308,-339,550,-485,437,-1111,1028
MNQ,ORB2,"ORB2 09:30 30m opening-candle direction SHORT stop 0.10×ATR to 15:55 days NARROW",27,45,1.67,11.1,1.03,0.04,639,1,36,761,21.13,19.4,1.35,0.52,682,-209,-113,395,-27,308,-528,981
MNQ,ORB2,"ORB2 09:30 30m break BOTH stop 0.10×ATR to 15:55 days NARROW",56,-1327,-23.70,7.1,0.50,-1.31,1727,0,75,1296,17.28,28.0,1.33,0.79,1005,-352,-281,-54,-639,301,-507,1502
MNQ,ORB2,"ORB2 09:30 30m opening-candle direction BOTH stop 0.10×ATR to 15:55 days NARROW",55,-1125,-20.46,7.3,0.58,-1.04,1536,0,75,2131,28.41,26.7,1.55,1.19,538,-318,-219,-7,-580,663,257,1211
MNQ,ORB2,"ORB2 09:30 30m break LONG stop 0.10×ATR to 15:55 days NOTWIDE",359,-376,-1.05,18.7,0.97,-0.17,3334,2,294,-6762,-23.00,15.6,0.59,-3.28,6955,-109,674,-1526,585,-2082,-1068,-3612
MNQ,ORB2,"ORB2 09:30 30m opening-candle direction LONG stop 0.10×ATR to 15:55 days NOTWIDE",318,-2251,-7.08,14.8,0.83,-1.10,2854,1,234,-1324,-5.66,19.7,0.89,-0.63,2546,-573,395,-1384,-688,204,347,-1875
MNQ,ORB2,"ORB2 09:30 30m break SHORT stop 0.10×ATR to 15:55 days NOTWIDE",334,1232,3.69,16.5,1.09,0.45,2104,1,262,-754,-2.88,15.3,0.95,-0.22,3772,-666,-917,4241,-1426,1317,-1231,-840
MNQ,ORB2,"ORB2 09:30 30m opening-candle direction SHORT stop 0.10×ATR to 15:55 days NOTWIDE",237,1419,5.99,17.3,1.14,0.61,1494,1,212,2247,10.60,16.5,1.19,0.76,2125,-550,-276,3021,-777,2449,1150,-1352
MNQ,ORB2,"ORB2 09:30 30m break BOTH stop 0.10×ATR to 15:55 days NOTWIDE",548,2279,4.16,17.7,1.10,0.69,3643,2,437,-6791,-15.54,15.6,0.73,-2.25,8468,-555,-995,3263,566,1130,-3561,-4359
MNQ,ORB2,"ORB2 09:30 30m opening-candle direction BOTH stop 0.10×ATR to 15:55 days NOTWIDE",555,-832,-1.50,15.9,0.96,-0.27,3285,2,446,923,2.07,18.2,1.04,0.25,3680,-1123,118,1637,-1464,2653,1496,-3227
MNQ,ORB2,"ORB2 09:30 30m break LONG stop 0.10×ATR to 15:55 days NONEWS",447,-2494,-5.58,16.8,0.86,-1.09,3823,1,391,-4222,-10.80,16.6,0.80,-1.47,5129,-186,162,-1942,-528,-2408,-642,-1172
MNQ,ORB2,"ORB2 09:30 30m opening-candle direction LONG stop 0.10×ATR to 15:55 days NONEWS",395,-77,-0.19,16.5,1.00,-0.03,2841,2,308,-112,-0.36,19.8,0.99,-0.04,2647,141,1102,-1024,-295,-43,323,-392
MNQ,ORB2,"ORB2 09:30 30m break SHORT stop 0.10×ATR to 15:55 days NONEWS",428,2704,6.32,15.7,1.16,0.85,2655,1,358,-2702,-7.55,13.4,0.87,-0.75,5645,-364,-1351,6188,-1769,2149,-1171,-3681
MNQ,ORB2,"ORB2 09:30 30m opening-candle direction SHORT stop 0.10×ATR to 15:55 days NONEWS",325,5668,17.44,19.7,1.45,1.94,1454,2,314,876,2.79,15.3,1.05,0.26,3801,-368,1369,5950,-1283,2996,730,-2851
MNQ,ORB2,"ORB2 09:30 30m break BOTH stop 0.10×ATR to 15:55 days NONEWS",705,2413,3.42,16.5,1.09,0.65,3241,1,611,-4737,-7.75,15.4,0.86,-1.20,8331,-513,-1358,5307,-1023,1681,-3157,-3261
MNQ,ORB2,"ORB2 09:30 30m opening-candle direction BOTH stop 0.10×ATR to 15:55 days NONEWS",720,5591,7.77,17.9,1.20,1.45,1872,2,622,763,1.23,17.5,1.02,0.18,4246,-227,2471,4926,-1579,2953,1053,-3243
MNQ,ORB2,"ORB2 09:30 30m break LONG stop 0.10×ATR 2R days ALL",488,-3230,-6.62,29.5,0.81,-2.15,3299,0,422,-4359,-10.33,29.1,0.78,-2.28,4978,-386,-831,-1247,-766,-1268,-521,-2571
MNQ,ORB2,"ORB2 09:30 30m opening-candle direction LONG stop 0.10×ATR 2R days ALL",430,-3148,-7.32,29.3,0.79,-2.26,3618,1,341,-337,-0.99,33.7,0.98,-0.19,2377,7,-559,-1348,-1249,369,603,-1309
MNQ,ORB2,"ORB2 09:30 30m break SHORT stop 0.10×ATR 2R days ALL",458,-930,-2.03,31.0,0.94,-0.61,2457,1,391,-4966,-12.70,28.6,0.74,-2.71,5965,-33,-1639,2267,-1525,488,-3267,-2187
MNQ,ORB2,"ORB2 09:30 30m opening-candle direction SHORT stop 0.10×ATR 2R days ALL",352,854,2.43,37.2,1.08,0.64,805,3,335,3454,10.31,39.4,1.26,1.89,1114,-105,317,601,41,1041,1085,1328
MNQ,ORB2,"ORB2 09:30 30m break BOTH stop 0.10×ATR 2R days ALL",765,-2538,-3.32,31.1,0.90,-1.32,3126,1,664,-6564,-9.88,29.7,0.79,-2.76,8109,-224,-2391,1342,-1264,27,-3277,-3314
MNQ,ORB2,"ORB2 09:30 30m opening-candle direction BOTH stop 0.10×ATR 2R days ALL",782,-2294,-2.93,32.9,0.91,-1.19,2898,0,676,3117,4.61,36.5,1.11,1.21,1690,-98,-242,-747,-1207,1410,1688,19
MNQ,ORB2,"ORB2 09:30 30m break LONG stop 0.10×ATR 2R days NARROW",38,-277,-7.28,23.7,0.81,-0.56,445,1,55,-647,-11.76,30.9,0.77,-0.84,915,-116,-203,201,-158,-631,222,-237
MNQ,ORB2,"ORB2 09:30 30m opening-candle direction LONG stop 0.10×ATR 2R days NARROW",28,-768,-27.43,14.3,0.36,-2.50,768,0,39,331,8.48,33.3,1.19,0.46,306,-109,-162,-247,-250,-179,715,-206
MNQ,ORB2,"ORB2 09:30 30m break SHORT stop 0.10×ATR 2R days NARROW",45,-444,-9.87,24.4,0.73,-0.93,863,1,46,-647,-14.06,26.1,0.75,-0.82,1338,-151,-417,259,-135,-318,-946,617
MNQ,ORB2,"ORB2 09:30 30m opening-candle direction SHORT stop 0.10×ATR 2R days NARROW",27,-326,-12.07,25.9,0.69,-0.86,525,1,36,713,19.81,36.1,1.43,0.87,369,64,-234,-24,-131,-123,196,640
MNQ,ORB2,"ORB2 09:30 30m break BOTH stop 0.10×ATR 2R days NARROW",56,-361,-6.45,26.8,0.82,-0.65,819,2,75,163,2.17,34.7,1.04,0.16,848,-195,-397,218,12,-327,-175,665
MNQ,ORB2,"ORB2 09:30 30m opening-candle direction BOTH stop 0.10×ATR 2R days NARROW",55,-1094,-19.89,20.0,0.51,-2.24,1198,0,75,1044,13.92,34.7,1.31,0.96,591,-45,-397,-271,-381,-301,911,434
MNQ,ORB2,"ORB2 09:30 30m break LONG stop 0.10×ATR 2R days NOTWIDE",359,-1494,-4.16,31.5,0.88,-1.11,1615,0,294,-3427,-11.66,28.2,0.76,-2.09,3734,-265,-44,-827,-359,-912,-247,-2268
MNQ,ORB2,"ORB2 09:30 30m opening-candle direction LONG stop 0.10×ATR 2R days NOTWIDE",318,-2729,-8.58,28.0,0.76,-2.21,2873,0,234,-154,-0.66,34.6,0.99,-0.10,1461,-215,-373,-886,-1255,36,825,-1015
MNQ,ORB2,"ORB2 09:30 30m break SHORT stop 0.10×ATR 2R days NOTWIDE",334,233,0.70,32.9,1.02,0.17,1481,1,262,-2912,-11.12,29.8,0.78,-1.81,3673,-241,-824,2357,-1059,176,-2839,-249
MNQ,ORB2,"ORB2 09:30 30m opening-candle direction SHORT stop 0.10×ATR 2R days NOTWIDE",237,-559,-2.36,32.9,0.93,-0.50,885,2,212,2342,11.05,39.2,1.27,1.52,759,40,-484,369,-484,722,310,1311
MNQ,ORB2,"ORB2 09:30 30m break BOTH stop 0.10×ATR 2R days NOTWIDE",548,-890,-1.62,32.5,0.95,-0.52,2035,1,437,-4811,-11.01,29.1,0.77,-2.39,5300,-250,-1371,1277,-547,-145,-2745,-1921
MNQ,ORB2,"ORB2 09:30 30m opening-candle direction BOTH stop 0.10×ATR 2R days NOTWIDE",555,-3288,-5.93,30.1,0.83,-1.98,3554,0,446,2188,4.91,36.8,1.11,1.01,946,-175,-857,-517,-1740,757,1135,296
MNQ,ORB2,"ORB2 09:30 30m break LONG stop 0.10×ATR 2R days NONEWS",447,-3122,-6.99,28.9,0.80,-2.17,3144,0,391,-3917,-10.02,29.2,0.78,-2.12,4391,-331,-942,-830,-1020,-1215,-270,-2432
MNQ,ORB2,"ORB2 09:30 30m opening-candle direction LONG stop 0.10×ATR 2R days NONEWS",395,-3539,-8.96,28.4,0.74,-2.68,3799,0,308,61,0.20,34.1,1.00,0.04,1782,-40,-389,-1849,-1262,127,901,-967
MNQ,ORB2,"ORB2 09:30 30m break SHORT stop 0.10×ATR 2R days NONEWS",428,-1009,-2.36,30.8,0.93,-0.68,2333,1,358,-4272,-11.93,29.1,0.75,-2.43,5475,-33,-1434,1956,-1499,622,-2797,-2097
MNQ,ORB2,"ORB2 09:30 30m opening-candle direction SHORT stop 0.10×ATR 2R days NONEWS",325,1158,3.56,38.2,1.12,0.90,745,2,314,3058,9.74,38.9,1.25,1.72,1312,-28,632,625,-71,997,649,1412
MNQ,ORB2,"ORB2 09:30 30m break BOTH stop 0.10×ATR 2R days NONEWS",705,-2643,-3.75,30.6,0.89,-1.43,2965,1,611,-5975,-9.78,29.6,0.79,-2.61,7052,-169,-2234,1337,-1577,111,-2932,-3154
MNQ,ORB2,"ORB2 09:30 30m opening-candle direction BOTH stop 0.10×ATR 2R days NONEWS",720,-2381,-3.31,32.8,0.90,-1.29,3011,1,622,3119,5.01,36.5,1.12,1.26,1491,-69,244,-1224,-1332,1124,1550,445
MNQ,ORB2,"ORB2 09:30 30m break LONG stop 0.10×ATR 4R days ALL",488,-1454,-2.98,20.7,0.92,-0.69,2628,1,422,-7083,-16.78,18.2,0.69,-3.05,7867,-75,280,-1346,-313,-2451,-1721,-2910
MNQ,ORB2,"ORB2 09:30 30m opening-candle direction LONG stop 0.10×ATR 4R days ALL",430,-1275,-2.97,20.0,0.92,-0.64,2216,1,341,-2152,-6.31,20.8,0.88,-0.94,3553,-149,547,-1099,-574,400,-859,-1694
MNQ,ORB2,"ORB2 09:30 30m break SHORT stop 0.10×ATR 4R days ALL",458,-1438,-3.14,19.0,0.92,-0.67,3427,2,391,-4720,-12.07,17.9,0.78,-1.94,5818,231,-1094,1700,-2275,289,-3443,-1567
MNQ,ORB2,"ORB2 09:30 30m opening-candle direction SHORT stop 0.10×ATR 4R days ALL",352,661,1.88,21.9,1.05,0.35,1670,2,335,1239,3.70,22.7,1.07,0.51,2363,-443,215,2367,-1479,826,-631,1044
MNQ,ORB2,"ORB2 09:30 30m break BOTH stop 0.10×ATR 4R days ALL",765,-1932,-2.52,20.0,0.94,-0.72,3393,2,664,-9220,-13.89,18.5,0.74,-3.09,10725,230,-1177,409,-1393,-319,-5315,-3586
MNQ,ORB2,"ORB2 09:30 30m opening-candle direction BOTH stop 0.10×ATR 4R days ALL",782,-614,-0.79,20.8,0.98,-0.22,2244,2,676,-913,-1.35,21.7,0.97,-0.27,4041,-592,762,1268,-2053,1226,-1490,-649
MNQ,ORB2,"ORB2 09:30 30m break LONG stop 0.10×ATR 4R days NARROW",38,-730,-19.20,13.2,0.56,-1.32,880,0,55,-974,-17.71,25.5,0.67,-1.24,1348,-116,-226,-45,-343,-957,68,-85
MNQ,ORB2,"ORB2 09:30 30m opening-candle direction LONG stop 0.10×ATR 4R days NARROW",28,-665,-23.76,10.7,0.47,-1.60,767,0,39,964,24.72,33.3,1.56,1.11,306,-109,-106,-402,-49,232,785,-53
MNQ,ORB2,"ORB2 09:30 30m break SHORT stop 0.10×ATR 4R days NARROW",45,-1354,-30.08,8.9,0.34,-2.97,1482,0,46,-824,-17.91,19.6,0.71,-0.90,1563,-308,-339,-218,-488,-301,-1111,588
MNQ,ORB2,"ORB2 09:30 30m opening-candle direction SHORT stop 0.10×ATR 4R days NARROW",27,-748,-27.70,11.1,0.42,-1.84,792,0,36,36,0.99,22.2,1.02,0.04,706,-209,-157,-342,-40,-178,-528,742
MNQ,ORB2,"ORB2 09:30 30m break BOTH stop 0.10×ATR 4R days NARROW",56,-1759,-31.40,8.9,0.33,-3.49,1887,0,75,-133,-1.78,28.0,0.97,-0.12,1332,-352,-282,-743,-381,-414,-507,789
MNQ,ORB2,"ORB2 09:30 30m opening-candle direction BOTH stop 0.10×ATR 4R days NARROW",55,-1413,-25.70,10.9,0.44,-2.46,1475,0,75,1000,13.33,28.0,1.26,0.79,538,-318,-263,-743,-89,54,257,689
MNQ,ORB2,"ORB2 09:30 30m break LONG stop 0.10×ATR 4R days NOTWIDE",359,-318,-0.89,22.0,0.98,-0.17,1936,1,294,-6574,-22.36,17.3,0.60,-3.53,6991,-163,797,-911,-41,-2059,-1059,-3455
MNQ,ORB2,"ORB2 09:30 30m opening-candle direction LONG stop 0.10×ATR 4R days NOTWIDE",318,-1962,-6.17,18.2,0.85,-1.13,2156,1,234,-1034,-4.42,22.6,0.91,-0.54,2331,-573,218,-877,-729,284,206,-1525
MNQ,ORB2,"ORB2 09:30 30m break SHORT stop 0.10×ATR 4R days NOTWIDE",334,-874,-2.62,19.5,0.94,-0.47,2435,1,262,-3855,-14.71,17.6,0.74,-1.87,4037,-268,-552,1730,-1784,-531,-3248,-76
MNQ,ORB2,"ORB2 09:30 30m opening-candle direction SHORT stop 0.10×ATR 4R days NOTWIDE",237,-873,-3.68,19.0,0.91,-0.56,1367,1,212,842,3.97,23.1,1.08,0.42,1867,-362,-600,1059,-969,491,-910,1261
MNQ,ORB2,"ORB2 09:30 30m break BOTH stop 0.10×ATR 4R days NOTWIDE",548,-1162,-2.12,20.4,0.95,-0.50,2703,1,437,-8684,-19.87,17.6,0.64,-3.69,9219,-232,-700,470,-701,-892,-4304,-3488
MNQ,ORB2,"ORB2 09:30 30m opening-candle direction BOTH stop 0.10×ATR 4R days NOTWIDE",555,-2835,-5.11,18.6,0.87,-1.21,2835,1,446,-193,-0.43,22.9,0.99,-0.07,2726,-935,-383,182,-1699,776,-704,-264
MNQ,ORB2,"ORB2 09:30 30m break LONG stop 0.10×ATR 4R days NONEWS",447,-1684,-3.77,20.1,0.90,-0.84,2631,1,391,-5820,-14.88,18.9,0.72,-2.56,6535,-85,230,-984,-845,-2024,-1258,-2538
MNQ,ORB2,"ORB2 09:30 30m opening-candle direction LONG stop 0.10×ATR 4R days NONEWS",395,-1540,-3.90,19.5,0.90,-0.81,2320,1,308,-835,-2.71,22.1,0.95,-0.38,2770,-74,587,-1256,-797,570,-102,-1303
MNQ,ORB2,"ORB2 09:30 30m break SHORT stop 0.10×ATR 4R days NONEWS",428,-731,-1.71,19.4,0.96,-0.35,2945,2,358,-3964,-11.07,18.4,0.79,-1.71,5298,231,-1040,2159,-2081,390,-2659,-1695
MNQ,ORB2,"ORB2 09:30 30m opening-candle direction SHORT stop 0.10×ATR 4R days NONEWS",325,1520,4.68,23.1,1.12,0.82,1588,2,314,1666,5.31,22.9,1.11,0.70,2739,-366,628,2655,-1397,1090,-862,1439
MNQ,ORB2,"ORB2 09:30 30m break BOTH stop 0.10×ATR 4R days NONEWS",705,-1876,-2.66,19.7,0.93,-0.72,3150,2,611,-7516,-12.30,19.1,0.77,-2.60,9159,221,-1189,908,-1817,107,-4444,-3179
MNQ,ORB2,"ORB2 09:30 30m opening-candle direction BOTH stop 0.10×ATR 4R days NONEWS",720,-20,-0.03,21.1,1.00,-0.01,2385,2,622,831,1.34,22.5,1.03,0.25,2907,-440,1215,1399,-2194,1659,-964,136
MNQ,ORB2,"ORB2 09:30 30m break LONG stop 0.15×ATR to 15:55 days ALL",488,-379,-0.78,25.4,0.99,-0.12,2672,2,422,52,0.12,28.2,1.00,0.01,3049,-188,72,-962,700,1936,-1138,-746
MNQ,ORB2,"ORB2 09:30 30m opening-candle direction LONG stop 0.15×ATR to 15:55 days ALL",430,-943,-2.19,22.6,0.96,-0.31,2740,1,341,429,1.26,28.2,1.02,0.13,2720,-311,805,-1422,-16,1425,-217,-780
MNQ,ORB2,"ORB2 09:30 30m break SHORT stop 0.15×ATR to 15:55 days ALL",458,2754,6.01,23.8,1.11,0.75,3538,2,391,-2613,-6.68,19.2,0.91,-0.55,6191,-593,894,4502,-2048,609,2436,-5657
MNQ,ORB2,"ORB2 09:30 30m opening-candle direction SHORT stop 0.15×ATR to 15:55 days ALL",352,6507,18.49,25.9,1.35,1.89,1331,3,335,-765,-2.28,20.3,0.97,-0.19,4394,-298,1105,5574,126,2244,-367,-2642
MNQ,ORB2,"ORB2 09:30 30m break BOTH stop 0.15×ATR to 15:55 days ALL",765,3932,5.14,24.1,1.09,0.87,2867,3,664,-2015,-3.03,24.4,0.96,-0.40,7546,-876,228,4460,121,4524,-1459,-5080
MNQ,ORB2,"ORB2 09:30 30m opening-candle direction BOTH stop 0.15×ATR to 15:55 days ALL",782,5564,7.12,24.0,1.13,1.21,2252,3,676,-337,-0.50,24.3,0.99,-0.06,5545,-608,1910,4152,111,3669,-584,-3421
MNQ,ORB2,"ORB2 09:30 30m break LONG stop 0.15×ATR to 15:55 days NARROW",38,-1653,-43.51,13.2,0.33,-2.89,1681,0,55,773,14.06,43.6,1.24,0.63,519,-171,-450,-300,-732,203,572,-1
MNQ,ORB2,"ORB2 09:30 30m opening-candle direction LONG stop 0.15×ATR to 15:55 days NARROW",28,-1185,-42.30,7.1,0.36,-1.90,1277,1,39,1590,40.78,43.6,1.75,1.41,302,-160,-244,38,-818,426,1109,56
MNQ,ORB2,"ORB2 09:30 30m break SHORT stop 0.15×ATR to 15:55 days NARROW",45,-869,-19.30,13.3,0.70,-0.74,1296,1,46,-869,-18.89,19.6,0.79,-0.56,1911,-455,-151,240,-503,-64,-1693,888
MNQ,ORB2,"ORB2 09:30 30m opening-candle direction SHORT stop 0.15×ATR to 15:55 days NARROW",27,-359,-13.28,18.5,0.79,-0.33,949,1,36,-167,-4.64,22.2,0.95,-0.11,1127,-187,-220,124,-77,-251,-843,927
MNQ,ORB2,"ORB2 09:30 30m break BOTH stop 0.15×ATR to 15:55 days NARROW",56,-1914,-34.18,10.7,0.50,-1.66,2283,0,75,2101,28.01,40.0,1.43,1.13,932,-519,-144,-519,-731,1254,-465,1312
MNQ,ORB2,"ORB2 09:30 30m opening-candle direction BOTH stop 0.15×ATR to 15:55 days NARROW",55,-1543,-28.06,12.7,0.57,-1.24,2179,1,75,1423,18.98,33.3,1.27,0.74,935,-347,-464,163,-895,175,266,982
MNQ,ORB2,"ORB2 09:30 30m break LONG stop 0.15×ATR to 15:55 days NOTWIDE",359,-1671,-4.66,25.9,0.92,-0.65,3591,2,294,-2113,-7.19,29.3,0.90,-0.74,4760,-308,204,-2155,588,2339,-641,-3811
MNQ,ORB2,"ORB2 09:30 30m opening-candle direction LONG stop 0.15×ATR to 15:55 days NOTWIDE",318,-2325,-7.31,21.7,0.87,-0.92,2727,1,234,-1724,-7.37,27.8,0.90,-0.68,3657,-845,590,-1641,-430,1367,155,-3246
MNQ,ORB2,"ORB2 09:30 30m break SHORT stop 0.15×ATR to 15:55 days NOTWIDE",334,886,2.65,24.0,1.05,0.29,2898,1,262,363,1.39,21.8,1.02,0.09,3832,-821,-231,3309,-1371,682,2451,-2770
MNQ,ORB2,"ORB2 09:30 30m opening-candle direction SHORT stop 0.15×ATR to 15:55 days NOTWIDE",237,3342,14.10,25.7,1.26,1.20,1052,3,212,325,1.53,22.2,1.02,0.10,3973,-706,136,3767,144,2103,77,-1855
MNQ,ORB2,"ORB2 09:30 30m break BOTH stop 0.15×ATR to 15:55 days NOTWIDE",548,794,1.45,23.9,1.03,0.21,4453,2,437,-2829,-6.47,26.3,0.91,-0.73,8433,-1040,-712,1926,621,4712,-1409,-6132
MNQ,ORB2,"ORB2 09:30 30m opening-candle direction BOTH stop 0.15×ATR to 15:55 days NOTWIDE",555,1017,1.83,23.4,1.03,0.27,2529,2,446,-1399,-3.14,25.1,0.96,-0.34,5894,-1550,726,2127,-285,3470,232,-5100
MNQ,ORB2,"ORB2 09:30 30m break LONG stop 0.15×ATR to 15:55 days NONEWS",447,-707,-1.58,25.3,0.97,-0.24,2322,1,391,1238,3.17,29.2,1.05,0.34,2451,-257,51,-139,-361,2267,-397,-632
MNQ,ORB2,"ORB2 09:30 30m opening-candle direction LONG stop 0.15×ATR to 15:55 days NONEWS",395,-426,-1.08,23.0,0.98,-0.14,2970,2,308,1864,6.05,29.5,1.09,0.58,2693,-199,919,-1383,239,1470,515,-121
MNQ,ORB2,"ORB2 09:30 30m break SHORT stop 0.15×ATR to 15:55 days NONEWS",428,3459,8.08,24.1,1.15,0.96,3028,2,358,-2811,-7.85,19.3,0.90,-0.62,7329,-593,869,5149,-1966,1293,2772,-6877
MNQ,ORB2,"ORB2 09:30 30m opening-candle direction SHORT stop 0.15×ATR to 15:55 days NONEWS",325,7410,22.80,27.1,1.44,2.20,1208,2,314,118,0.37,21.0,1.01,0.03,3744,-185,1311,6299,-16,2216,-45,-2054
MNQ,ORB2,"ORB2 09:30 30m break BOTH stop 0.15×ATR to 15:55 days NONEWS",705,3929,5.57,24.1,1.10,0.90,2525,2,611,-1125,-1.84,24.9,0.97,-0.23,7635,-945,196,5661,-984,5388,-833,-5679
MNQ,ORB2,"ORB2 09:30 30m opening-candle direction BOTH stop 0.15×ATR to 15:55 days NONEWS",720,6984,9.70,24.9,1.18,1.56,2331,3,622,1981,3.19,25.2,1.05,0.39,4692,-384,2230,4915,223,3687,469,-2175
MNQ,ORB2,"ORB2 09:30 30m break LONG stop 0.15×ATR 2R days ALL",488,-2284,-4.68,32.4,0.90,-1.01,2437,0,422,-1328,-3.15,34.8,0.95,-0.46,3271,-317,-1062,-392,-514,1368,-176,-2520
MNQ,ORB2,"ORB2 09:30 30m opening-candle direction LONG stop 0.15×ATR 2R days ALL",430,-2416,-5.62,31.9,0.88,-1.14,3190,0,341,2281,6.69,37.8,1.11,0.86,2110,-687,-477,-880,-372,1181,1499,-398
MNQ,ORB2,"ORB2 09:30 30m break SHORT stop 0.15×ATR 2R days ALL",458,99,0.22,34.7,1.00,0.04,1925,1,391,-3498,-8.95,31.7,0.87,-1.25,5717,-166,-250,1820,-1305,1019,-1246,-3271
MNQ,ORB2,"ORB2 09:30 30m opening-candle direction SHORT stop 0.15×ATR 2R days ALL",352,1135,3.23,36.1,1.07,0.57,991,3,335,2866,8.55,37.0,1.14,1.08,2152,53,114,1184,-216,1148,796,922
MNQ,ORB2,"ORB2 09:30 30m break BOTH stop 0.15×ATR 2R days ALL",765,-2791,-3.65,32.7,0.92,-0.98,3647,1,664,-2949,-4.44,34.0,0.93,-0.82,7346,-494,-1567,334,-1064,3714,-1980,-4683
MNQ,ORB2,"ORB2 09:30 30m opening-candle direction BOTH stop 0.15×ATR 2R days ALL",782,-1280,-1.64,33.8,0.97,-0.44,2747,1,676,5147,7.61,37.4,1.13,1.37,2524,-634,-363,304,-588,2329,2295,524
MNQ,ORB2,"ORB2 09:30 30m break LONG stop 0.15×ATR 2R days NARROW",38,-798,-20.99,21.1,0.64,-1.20,867,0,55,965,17.54,47.3,1.31,0.84,478,-171,-293,-56,-277,230,1086,-351
MNQ,ORB2,"ORB2 09:30 30m opening-candle direction LONG stop 0.15×ATR 2R days NARROW",28,-249,-8.90,25.0,0.83,-0.42,587,1,39,1503,38.54,48.7,1.73,1.47,304,-160,-237,511,-364,205,1602,-304
MNQ,ORB2,"ORB2 09:30 30m break SHORT stop 0.15×ATR 2R days NARROW",45,-1286,-28.58,22.2,0.51,-2.05,1617,0,46,-1163,-25.28,28.3,0.70,-1.04,1568,-455,-503,-282,-47,-338,-1080,255
MNQ,ORB2,"ORB2 09:30 30m opening-candle direction SHORT stop 0.15×ATR 2R days NARROW",27,-460,-17.02,29.6,0.70,-0.83,847,1,36,293,8.14,36.1,1.11,0.27,738,50,-157,-314,-38,-369,-299,962
MNQ,ORB2,"ORB2 09:30 30m break BOTH stop 0.15×ATR 2R days NARROW",56,-1380,-24.65,23.2,0.58,-1.84,1651,1,75,1722,22.96,46.7,1.38,1.19,723,-519,-469,-571,180,1006,388,328
MNQ,ORB2,"ORB2 09:30 30m opening-candle direction BOTH stop 0.15×ATR 2R days NARROW",55,-709,-12.89,27.3,0.76,-0.89,899,1,75,1796,23.95,42.7,1.39,1.21,530,-111,-394,197,-402,-164,1303,658
MNQ,ORB2,"ORB2 09:30 30m break LONG stop 0.15×ATR 2R days NOTWIDE",359,-1290,-3.59,33.1,0.93,-0.65,1873,0,294,-575,-1.96,35.4,0.97,-0.23,2954,-461,-175,-506,-147,1351,871,-2797
MNQ,ORB2,"ORB2 09:30 30m opening-candle direction LONG stop 0.15×ATR 2R days NOTWIDE",318,-2383,-7.50,30.8,0.85,-1.28,2750,0,234,932,3.98,37.2,1.06,0.41,2362,-845,-213,-688,-637,318,2177,-1562
MNQ,ORB2,"ORB2 09:30 30m break SHORT stop 0.15×ATR 2R days NOTWIDE",334,50,0.15,34.7,1.00,0.03,1422,1,262,-2112,-8.06,31.7,0.88,-0.87,3024,-484,-216,1619,-869,225,-1572,-765
MNQ,ORB2,"ORB2 09:30 30m opening-candle direction SHORT stop 0.15×ATR 2R days NOTWIDE",237,-63,-0.27,33.8,0.99,-0.04,1190,2,212,1465,6.91,36.3,1.11,0.67,1663,98,-669,806,-298,212,-42,1295
MNQ,ORB2,"ORB2 09:30 30m break BOTH stop 0.15×ATR 2R days NOTWIDE",548,-2225,-4.06,32.5,0.92,-0.89,3396,0,437,-1656,-3.79,34.3,0.94,-0.54,4815,-863,-1004,-44,-314,2588,-1136,-3107
MNQ,ORB2,"ORB2 09:30 30m opening-candle direction BOTH stop 0.15×ATR 2R days NOTWIDE",555,-2446,-4.41,32.1,0.91,-0.97,2791,1,446,2398,5.38,36.8,1.09,0.76,1757,-747,-882,117,-935,530,2135,-267
MNQ,ORB2,"ORB2 09:30 30m break LONG stop 0.15×ATR 2R days NONEWS",447,-2213,-4.95,31.8,0.90,-1.02,2332,1,391,-163,-0.42,35.8,0.99,-0.06,2423,-372,-936,220,-1125,1437,421,-2021
MNQ,ORB2,"ORB2 09:30 30m opening-candle direction LONG stop 0.15×ATR 2R days NONEWS",395,-2492,-6.31,31.6,0.87,-1.23,3114,0,308,2583,8.39,38.3,1.14,1.01,1962,-576,-406,-1260,-250,791,1936,-144
MNQ,ORB2,"ORB2 09:30 30m break SHORT stop 0.15×ATR 2R days NONEWS",428,793,1.85,35.5,1.04,0.36,1188,1,358,-3351,-9.36,31.6,0.86,-1.26,5622,-166,-96,1991,-936,1212,-1162,-3401
MNQ,ORB2,"ORB2 09:30 30m opening-candle direction SHORT stop 0.15×ATR 2R days NONEWS",325,1797,5.53,37.5,1.12,0.94,1014,4,314,2933,9.34,36.9,1.16,1.14,2115,166,496,1130,5,722,700,1510
MNQ,ORB2,"ORB2 09:30 30m break BOTH stop 0.15×ATR 2R days NONEWS",705,-2340,-3.32,32.6,0.93,-0.85,3353,1,611,-2123,-3.47,34.4,0.95,-0.61,6743,-549,-1315,956,-1432,3826,-1535,-4414
MNQ,ORB2,"ORB2 09:30 30m opening-candle direction BOTH stop 0.15×ATR 2R days NONEWS",720,-696,-0.97,34.3,0.98,-0.25,2501,1,622,5516,8.87,37.6,1.15,1.52,2601,-410,89,-130,-245,1514,2636,1366
MNQ,ORB2,"ORB2 09:30 30m break LONG stop 0.15×ATR 4R days ALL",488,-453,-0.93,26.8,0.98,-0.16,2544,2,422,-296,-0.70,28.7,0.99,-0.08,3062,-91,351,-1369,656,2497,-1387,-1406
MNQ,ORB2,"ORB2 09:30 30m opening-candle direction LONG stop 0.15×ATR 4R days ALL",430,-643,-1.50,24.2,0.97,-0.23,3057,1,341,2966,8.70,29.9,1.13,0.89,2467,-305,1004,-1255,-87,2806,314,-154
MNQ,ORB2,"ORB2 09:30 30m break SHORT stop 0.15×ATR 4R days ALL",458,2097,4.58,25.8,1.08,0.68,3319,2,391,-5022,-12.84,21.2,0.83,-1.42,6464,-8,1496,2380,-1772,220,-1502,-3739
MNQ,ORB2,"ORB2 09:30 30m opening-candle direction SHORT stop 0.15×ATR 4R days ALL",352,4889,13.89,26.7,1.26,1.69,1331,3,335,-1011,-3.02,23.3,0.96,-0.30,3846,-261,1202,3873,75,1414,-1914,-512
MNQ,ORB2,"ORB2 09:30 30m break BOTH stop 0.15×ATR 4R days ALL",765,2118,2.77,25.6,1.05,0.55,3067,2,664,-2594,-3.91,25.8,0.94,-0.58,8285,-197,1222,1313,-219,4835,-3442,-3987
MNQ,ORB2,"ORB2 09:30 30m opening-candle direction BOTH stop 0.15×ATR 4R days ALL",782,4246,5.43,25.3,1.10,1.05,2176,2,676,1955,2.89,26.6,1.04,0.41,5520,-566,2206,2618,-12,4220,-1600,-666
MNQ,ORB2,"ORB2 09:30 30m break LONG stop 0.15×ATR 4R days NARROW",38,-1287,-33.88,15.8,0.46,-1.95,1315,0,55,687,12.49,43.6,1.21,0.59,519,-171,-450,-300,-366,237,572,-122
MNQ,ORB2,"ORB2 09:30 30m opening-candle direction LONG stop 0.15×ATR 4R days NARROW",28,-818,-29.23,10.7,0.54,-1.16,911,1,39,1550,39.73,43.6,1.73,1.43,302,-160,-244,38,-452,516,1109,-75
MNQ,ORB2,"ORB2 09:30 30m break SHORT stop 0.15×ATR 4R days NARROW",45,-1401,-31.13,13.3,0.51,-1.81,1697,0,46,-1528,-33.21,19.6,0.63,-1.20,2492,-455,-312,-318,-316,-671,-1693,837
MNQ,ORB2,"ORB2 09:30 30m opening-candle direction SHORT stop 0.15×ATR 4R days NARROW",27,-876,-32.43,18.5,0.50,-1.43,1025,1,36,-1065,-29.58,22.2,0.66,-0.93,1848,-187,-185,-505,1,-972,-843,750
MNQ,ORB2,"ORB2 09:30 30m break BOTH stop 0.15×ATR 4R days NARROW",56,-2104,-37.58,12.5,0.43,-2.60,2328,0,75,1355,18.07,40.0,1.28,0.84,932,-519,-306,-1101,-178,681,-465,1139
MNQ,ORB2,"ORB2 09:30 30m opening-candle direction BOTH stop 0.15×ATR 4R days NARROW",55,-1694,-30.80,14.5,0.52,-1.83,1735,0,75,485,6.46,33.3,1.09,0.30,935,-347,-429,-466,-451,-456,266,675
MNQ,ORB2,"ORB2 09:30 30m break LONG stop 0.15×ATR 4R days NOTWIDE",359,-1463,-4.08,27.0,0.92,-0.60,2879,2,294,-2249,-7.65,29.3,0.89,-0.81,4606,-324,299,-1823,385,2049,-590,-3708
MNQ,ORB2,"ORB2 09:30 30m opening-candle direction LONG stop 0.15×ATR 4R days NOTWIDE",318,-2154,-6.77,22.6,0.88,-0.89,2783,1,234,-76,-0.32,29.5,1.00,-0.03,3301,-845,439,-839,-909,1783,1232,-3091
MNQ,ORB2,"ORB2 09:30 30m break SHORT stop 0.15×ATR 4R days NOTWIDE",334,943,2.82,25.7,1.05,0.35,2320,2,262,-3026,-11.55,22.5,0.85,-1.00,4436,-416,473,1753,-866,174,-1237,-1963
MNQ,ORB2,"ORB2 09:30 30m opening-candle direction SHORT stop 0.15×ATR 4R days NOTWIDE",237,2851,12.03,26.6,1.22,1.18,863,3,212,-918,-4.33,23.6,0.94,-0.34,3596,-424,387,2677,211,940,-1404,-455
MNQ,ORB2,"ORB2 09:30 30m break BOTH stop 0.15×ATR 4R days NOTWIDE",548,-463,-0.85,25.0,0.98,-0.14,3988,2,437,-3823,-8.75,26.8,0.88,-1.07,8448,-650,-171,43,315,4053,-2474,-5401
MNQ,ORB2,"ORB2 09:30 30m opening-candle direction BOTH stop 0.15×ATR 4R days NOTWIDE",555,697,1.26,24.3,1.02,0.20,2196,2,446,-994,-2.23,26.7,0.97,-0.26,4821,-1269,825,1838,-698,2723,-172,-3546
MNQ,ORB2,"ORB2 09:30 30m break LONG stop 0.15×ATR 4R days NONEWS",447,-454,-1.02,26.6,0.98,-0.17,2377,1,391,801,2.05,29.7,1.03,0.24,2157,-160,313,-400,-208,2773,-646,-1327
MNQ,ORB2,"ORB2 09:30 30m opening-candle direction LONG stop 0.15×ATR 4R days NONEWS",395,-294,-0.74,24.6,0.99,-0.11,3112,1,308,3742,12.15,31.2,1.18,1.18,2318,-193,1101,-1080,-122,2528,676,538
MNQ,ORB2,"ORB2 09:30 30m break SHORT stop 0.15×ATR 4R days NONEWS",428,2760,6.45,26.2,1.12,0.91,2627,2,358,-4546,-12.70,21.5,0.83,-1.36,6874,-8,1424,2851,-1507,904,-938,-4512
MNQ,ORB2,"ORB2 09:30 30m opening-candle direction SHORT stop 0.15×ATR 4R days NONEWS",325,6073,18.69,28.0,1.36,2.15,1208,3,314,-281,-0.90,23.9,0.99,-0.09,3860,-148,1431,4598,192,1605,-1963,76
MNQ,ORB2,"ORB2 09:30 30m break BOTH stop 0.15×ATR 4R days NONEWS",705,2432,3.45,25.7,1.06,0.65,3004,2,611,-1377,-2.25,26.4,0.97,-0.32,8026,-266,1158,2483,-943,5644,-2589,-4433
MNQ,ORB2,"ORB2 09:30 30m opening-candle direction BOTH stop 0.15×ATR 4R days NONEWS",720,5779,8.03,26.1,1.15,1.47,2087,3,622,3461,5.56,27.5,1.08,0.76,4634,-342,2533,3518,70,4133,-1287,614
MNQ,ORB2,"ORB2 09:30 30m break LONG stop 0.25×ATR to 15:55 days ALL",488,1688,3.46,38.5,1.05,0.42,2423,3,422,2396,5.68,40.3,1.07,0.54,2923,515,503,-474,1145,4562,-2404,238
MNQ,ORB2,"ORB2 09:30 30m opening-candle direction LONG stop 0.25×ATR to 15:55 days ALL",430,-526,-1.22,34.4,0.98,-0.14,4113,3,341,1246,3.65,39.3,1.04,0.30,3188,31,1835,-2622,229,2041,-489,-306
MNQ,ORB2,"ORB2 09:30 30m break SHORT stop 0.25×ATR to 15:55 days ALL",458,7452,16.27,37.6,1.22,1.67,2003,2,391,-765,-1.96,30.4,0.98,-0.13,6230,-40,2356,6145,-1011,1490,2940,-5194
MNQ,ORB2,"ORB2 09:30 30m opening-candle direction SHORT stop 0.25×ATR to 15:55 days ALL",352,3908,11.10,34.7,1.15,1.01,2603,1,335,-3097,-9.25,29.6,0.91,-0.66,4859,-529,-488,5081,-156,972,-649,-3420
MNQ,ORB2,"ORB2 09:30 30m break BOTH stop 0.25×ATR to 15:55 days ALL",765,10402,13.60,37.9,1.19,1.86,2564,4,664,205,0.31,35.5,1.00,0.03,7128,466,1902,6303,1731,6619,-1664,-4750
MNQ,ORB2,"ORB2 09:30 30m opening-candle direction BOTH stop 0.25×ATR to 15:55 days ALL",782,3381,4.32,34.5,1.06,0.62,2500,3,676,-1851,-2.74,34.5,0.97,-0.30,6034,-498,1347,2459,73,3013,-1138,-3726
MNQ,ORB2,"ORB2 09:30 30m break LONG stop 0.25×ATR to 15:55 days NARROW",38,-2209,-58.14,21.1,0.37,-2.77,2265,0,55,2027,36.85,56.4,1.56,1.34,794,-281,-626,-430,-871,1168,925,-66
MNQ,ORB2,"ORB2 09:30 30m opening-candle direction LONG stop 0.25×ATR to 15:55 days NARROW",28,-811,-28.98,25.0,0.63,-1.01,1677,2,39,1870,47.96,53.8,1.75,1.49,495,-52,230,130,-1120,282,1650,-62
MNQ,ORB2,"ORB2 09:30 30m break SHORT stop 0.25×ATR to 15:55 days NARROW",45,-1482,-32.93,24.4,0.62,-1.14,1705,0,46,-843,-18.32,32.6,0.84,-0.46,1988,-476,-334,-32,-639,-43,-1410,609
MNQ,ORB2,"ORB2 09:30 30m opening-candle direction SHORT stop 0.25×ATR to 15:55 days NARROW",27,-752,-27.86,29.6,0.69,-0.64,1454,0,36,-908,-25.22,30.6,0.78,-0.53,1978,-121,-129,-249,-253,-482,-1462,1036
MNQ,ORB2,"ORB2 09:30 30m break BOTH stop 0.25×ATR to 15:55 days NARROW",56,-3438,-61.40,16.1,0.39,-2.64,3569,0,75,2369,31.59,50.7,1.39,1.13,1002,-583,-437,-1058,-1361,996,380,993
MNQ,ORB2,"ORB2 09:30 30m opening-candle direction BOTH stop 0.25×ATR to 15:55 days NARROW",55,-1564,-28.43,27.3,0.66,-1.10,2939,1,75,962,12.83,42.7,1.14,0.45,1322,-173,102,-119,-1373,-199,188,974
MNQ,ORB2,"ORB2 09:30 30m break LONG stop 0.25×ATR to 15:55 days NOTWIDE",359,948,2.64,40.7,1.04,0.29,3042,2,294,1760,5.99,43.5,1.07,0.49,3447,-26,1496,-1879,1357,5208,-651,-2796
MNQ,ORB2,"ORB2 09:30 30m opening-candle direction LONG stop 0.25×ATR to 15:55 days NOTWIDE",318,-1014,-3.19,34.6,0.96,-0.32,3096,2,234,-83,-0.36,40.6,1.00,-0.03,3519,-450,1650,-2218,3,1598,1250,-2931
MNQ,ORB2,"ORB2 09:30 30m break SHORT stop 0.25×ATR to 15:55 days NOTWIDE",334,3599,10.78,37.7,1.15,0.97,1850,2,262,1221,4.66,33.6,1.05,0.24,3200,-637,407,4525,-695,-54,4032,-2758
MNQ,ORB2,"ORB2 09:30 30m opening-candle direction SHORT stop 0.25×ATR to 15:55 days NOTWIDE",237,2229,9.40,35.4,1.13,0.70,1581,1,212,-2360,-11.13,30.2,0.89,-0.65,4759,-777,-452,4350,-893,-120,-208,-2033
MNQ,ORB2,"ORB2 09:30 30m break BOTH stop 0.25×ATR to 15:55 days NOTWIDE",548,5251,9.58,38.5,1.13,1.15,3635,3,437,-209,-0.48,38.9,0.99,-0.04,7634,-489,1253,2521,1966,5961,593,-6763
MNQ,ORB2,"ORB2 09:30 30m opening-candle direction BOTH stop 0.25×ATR to 15:55 days NOTWIDE",555,1214,2.19,35.0,1.03,0.27,2834,2,446,-2443,-5.48,35.7,0.94,-0.50,5553,-1226,1197,2133,-889,1478,1043,-4964
MNQ,ORB2,"ORB2 09:30 30m break LONG stop 0.25×ATR to 15:55 days NONEWS",447,1946,4.35,38.7,1.06,0.51,2047,4,391,3763,9.62,41.2,1.11,0.87,2750,427,737,589,193,4373,-1563,953
MNQ,ORB2,"ORB2 09:30 30m opening-candle direction LONG stop 0.25×ATR to 15:55 days NONEWS",395,101,0.25,34.7,1.00,0.03,3418,3,308,2738,8.89,40.6,1.10,0.69,2963,119,1950,-2069,100,1266,877,595
MNQ,ORB2,"ORB2 09:30 30m break SHORT stop 0.25×ATR to 15:55 days NONEWS",428,8828,20.63,38.3,1.29,2.02,1605,2,358,-968,-2.71,30.7,0.97,-0.17,6356,-40,2540,6988,-661,1298,3912,-6178
MNQ,ORB2,"ORB2 09:30 30m opening-candle direction SHORT stop 0.25×ATR to 15:55 days NONEWS",325,5323,16.38,36.0,1.23,1.41,2023,2,314,-1557,-4.96,30.3,0.95,-0.34,3828,-344,63,5872,-269,1096,-208,-2445
MNQ,ORB2,"ORB2 09:30 30m break BOTH stop 0.25×ATR to 15:55 days NONEWS",705,11269,15.98,38.3,1.23,2.09,2138,4,611,1489,2.44,36.2,1.03,0.24,5795,378,2270,7698,923,6564,-452,-4622
MNQ,ORB2,"ORB2 09:30 30m opening-candle direction BOTH stop 0.25×ATR to 15:55 days NONEWS",720,5423,7.53,35.3,1.10,1.03,2992,2,622,1181,1.90,35.4,1.02,0.19,4681,-225,2013,3804,-169,2362,669,-1850
MNQ,ORB2,"ORB2 09:30 30m break LONG stop 0.25×ATR 2R days ALL",488,236,0.48,40.8,1.01,0.07,2092,3,422,3721,8.82,43.4,1.11,0.89,2768,485,434,-1321,638,4686,-1400,435
MNQ,ORB2,"ORB2 09:30 30m opening-candle direction LONG stop 0.25×ATR 2R days ALL",430,-2372,-5.52,36.5,0.93,-0.72,4959,2,341,3000,8.80,42.8,1.10,0.77,3247,-36,1072,-3811,404,2594,-235,641
MNQ,ORB2,"ORB2 09:30 30m break SHORT stop 0.25×ATR 2R days ALL",458,3834,8.37,40.6,1.12,1.07,2839,3,391,-2471,-6.32,36.6,0.94,-0.58,6381,391,2628,2879,-2064,1011,-267,-3215
MNQ,ORB2,"ORB2 09:30 30m opening-candle direction SHORT stop 0.25×ATR 2R days ALL",352,2597,7.38,38.1,1.10,0.82,1505,2,335,1515,4.52,36.4,1.05,0.38,3525,-298,379,2666,-149,468,5,1042
MNQ,ORB2,"ORB2 09:30 30m break BOTH stop 0.25×ATR 2R days ALL",765,4649,6.08,40.7,1.09,1.03,2772,3,664,1829,2.75,40.5,1.03,0.34,6484,894,2539,1274,-57,7315,-2742,-2745
MNQ,ORB2,"ORB2 09:30 30m opening-candle direction BOTH stop 0.25×ATR 2R days ALL",782,226,0.29,37.2,1.00,0.05,3176,2,676,4515,6.68,39.6,1.07,0.81,4024,-334,1451,-1145,254,3062,-231,1684
MNQ,ORB2,"ORB2 09:30 30m break LONG stop 0.25×ATR 2R days NARROW",38,-1542,-40.59,26.3,0.53,-1.78,1572,0,55,1657,30.12,56.4,1.46,1.19,794,-281,-626,-430,-204,996,925,-264
MNQ,ORB2,"ORB2 09:30 30m opening-candle direction LONG stop 0.25×ATR 2R days NARROW",28,-102,-3.66,32.1,0.95,-0.12,924,2,39,1636,41.95,53.8,1.66,1.40,495,-52,230,83,-363,322,1583,-269
MNQ,ORB2,"ORB2 09:30 30m break SHORT stop 0.25×ATR 2R days NARROW",45,-2207,-49.05,24.4,0.43,-2.47,2420,0,46,-1468,-31.90,37.0,0.71,-0.98,2370,-476,-506,-696,-530,-674,-1158,364
MNQ,ORB2,"ORB2 09:30 30m opening-candle direction SHORT stop 0.25×ATR 2R days NARROW",27,-1354,-50.15,29.6,0.43,-1.89,1422,0,36,-1741,-48.36,30.6,0.58,-1.36,2517,-121,-80,-932,-221,-1021,-1462,742
MNQ,ORB2,"ORB2 09:30 30m break BOTH stop 0.25×ATR 2R days NARROW",56,-3379,-60.35,19.6,0.37,-3.44,3541,0,75,1427,19.03,52.0,1.24,0.79,804,-583,-608,-1694,-494,605,273,550
MNQ,ORB2,"ORB2 09:30 30m opening-candle direction BOTH stop 0.25×ATR 2R days NARROW",55,-1457,-26.48,30.9,0.66,-1.31,2150,1,75,-105,-1.40,42.7,0.98,-0.06,1322,-173,150,-849,-584,-699,121,473
MNQ,ORB2,"ORB2 09:30 30m break LONG stop 0.25×ATR 2R days NOTWIDE",359,733,2.04,42.3,1.03,0.25,2056,2,294,2644,8.99,45.6,1.11,0.77,2432,-25,1069,-1022,711,4307,436,-2098
MNQ,ORB2,"ORB2 09:30 30m opening-candle direction LONG stop 0.25×ATR 2R days NOTWIDE",318,-2343,-7.37,36.2,0.90,-0.81,3653,1,234,835,3.57,43.6,1.04,0.27,3540,-409,973,-2581,-326,1228,1463,-1856
MNQ,ORB2,"ORB2 09:30 30m break SHORT stop 0.25×ATR 2R days NOTWIDE",334,1805,5.40,40.4,1.08,0.59,1772,2,262,-2210,-8.44,37.4,0.91,-0.62,4334,-342,861,2475,-1190,-534,-332,-1345
MNQ,ORB2,"ORB2 09:30 30m opening-candle direction SHORT stop 0.25×ATR 2R days NOTWIDE",237,960,4.05,37.1,1.06,0.36,1355,1,212,-695,-3.28,34.9,0.97,-0.22,3471,-577,-275,2546,-733,-1962,602,665
MNQ,ORB2,"ORB2 09:30 30m break BOTH stop 0.25×ATR 2R days NOTWIDE",548,1786,3.26,40.5,1.05,0.46,2575,3,437,-354,-0.81,42.1,0.99,-0.08,6552,-192,1172,285,521,5397,-866,-4885
MNQ,ORB2,"ORB2 09:30 30m opening-candle direction BOTH stop 0.25×ATR 2R days NOTWIDE",555,-1383,-2.49,36.6,0.97,-0.35,3010,1,446,140,0.31,39.5,1.00,0.03,3288,-987,698,-36,-1059,-734,2065,-1191
MNQ,ORB2,"ORB2 09:30 30m break LONG stop 0.25×ATR 2R days NONEWS",447,623,1.39,40.7,1.02,0.19,2083,2,391,4925,12.60,44.5,1.15,1.23,3115,398,684,-132,-327,4537,-867,1255
MNQ,ORB2,"ORB2 09:30 30m opening-candle direction LONG stop 0.25×ATR 2R days NONEWS",395,-1867,-4.73,36.5,0.94,-0.59,4031,2,308,3425,11.12,43.5,1.13,0.93,2815,52,1187,-3019,-86,1372,863,1190
MNQ,ORB2,"ORB2 09:30 30m break SHORT stop 0.25×ATR 2R days NONEWS",428,4858,11.35,41.4,1.16,1.40,2357,3,358,-3324,-9.28,36.3,0.91,-0.83,6807,391,2392,3570,-1496,1374,-534,-4164
MNQ,ORB2,"ORB2 09:30 30m opening-candle direction SHORT stop 0.25×ATR 2R days NONEWS",325,3922,12.07,39.4,1.18,1.28,1305,3,314,1295,4.12,36.3,1.04,0.34,3602,-113,556,3448,31,551,-615,1359
MNQ,ORB2,"ORB2 09:30 30m break BOTH stop 0.25×ATR 2R days NONEWS",705,5299,7.52,40.9,1.11,1.23,2611,3,611,2007,3.28,41.1,1.04,0.39,6639,807,2510,2644,-661,7574,-2717,-2850
MNQ,ORB2,"ORB2 09:30 30m opening-candle direction BOTH stop 0.25×ATR 2R days NONEWS",720,2055,2.85,37.8,1.04,0.47,2465,2,622,4720,7.59,39.9,1.08,0.89,3847,-61,1742,429,-55,1923,248,2549
MNQ,ORB2,"ORB2 09:30 30m break LONG stop 0.25×ATR 4R days ALL",488,697,1.43,38.5,1.02,0.18,2820,3,422,2265,5.37,40.3,1.06,0.51,2923,622,601,-1342,816,4396,-2038,-94
MNQ,ORB2,"ORB2 09:30 30m opening-candle direction LONG stop 0.25×ATR 4R days ALL",430,-151,-0.35,34.7,1.00,-0.04,4158,3,341,1893,5.55,39.3,1.06,0.45,3188,118,2575,-3017,173,2674,-430,-351
MNQ,ORB2,"ORB2 09:30 30m break SHORT stop 0.25×ATR 4R days ALL",458,8185,17.87,37.6,1.25,1.84,2198,3,391,-1041,-2.66,30.9,0.97,-0.20,6338,50,3141,6343,-1349,1662,1603,-4306
MNQ,ORB2,"ORB2 09:30 30m opening-candle direction SHORT stop 0.25×ATR 4R days ALL",352,5808,16.50,34.9,1.22,1.45,2223,2,335,552,1.65,31.0,1.02,0.11,3552,-498,21,6665,-380,1248,1808,-2505
MNQ,ORB2,"ORB2 09:30 30m break BOTH stop 0.25×ATR 4R days ALL",765,9944,13.00,37.9,1.18,1.84,2570,4,664,1500,2.26,35.8,1.02,0.24,7319,532,2715,5633,1064,6809,-910,-4398
MNQ,ORB2,"ORB2 09:30 30m opening-candle direction BOTH stop 0.25×ATR 4R days ALL",782,5657,7.23,34.8,1.10,1.03,2442,2,676,2445,3.62,35.2,1.04,0.38,5725,-380,2596,3648,-208,3922,1378,-2856
MNQ,ORB2,"ORB2 09:30 30m break LONG stop 0.25×ATR 4R days NARROW",38,-2209,-58.14,21.1,0.37,-2.77,2265,0,55,2008,36.50,56.4,1.56,1.34,794,-281,-626,-430,-871,1149,925,-66
MNQ,ORB2,"ORB2 09:30 30m opening-candle direction LONG stop 0.25×ATR 4R days NARROW",28,-811,-28.98,25.0,0.63,-1.01,1677,2,39,1870,47.96,53.8,1.75,1.49,495,-52,230,130,-1120,282,1650,-62
MNQ,ORB2,"ORB2 09:30 30m break SHORT stop 0.25×ATR 4R days NARROW",45,-1757,-39.05,24.4,0.54,-1.62,1888,0,46,-856,-18.61,32.6,0.83,-0.48,2001,-476,-242,-400,-639,-169,-1297,609
MNQ,ORB2,"ORB2 09:30 30m opening-candle direction SHORT stop 0.25×ATR 4R days NARROW",27,-977,-36.18,29.6,0.59,-1.05,1454,1,36,-1148,-31.89,30.6,0.72,-0.71,2218,-121,61,-664,-253,-722,-1462,1036
MNQ,ORB2,"ORB2 09:30 30m break BOTH stop 0.25×ATR 4R days NARROW",56,-3714,-66.32,16.1,0.34,-3.46,3845,0,75,2356,31.41,50.7,1.39,1.13,1002,-583,-344,-1426,-1361,870,493,993
MNQ,ORB2,"ORB2 09:30 30m opening-candle direction BOTH stop 0.25×ATR 4R days NARROW",55,-1788,-32.52,27.3,0.61,-1.47,2939,1,75,722,9.63,42.7,1.11,0.35,1322,-173,292,-534,-1373,-439,188,974
MNQ,ORB2,"ORB2 09:30 30m break LONG stop 0.25×ATR 4R days NOTWIDE",359,805,2.24,40.7,1.03,0.25,3042,2,294,1607,5.46,43.5,1.06,0.45,3447,-26,1496,-1851,1186,5054,-651,-2796
MNQ,ORB2,"ORB2 09:30 30m opening-candle direction LONG stop 0.25×ATR 4R days NOTWIDE",318,-961,-3.02,34.6,0.96,-0.30,3111,2,234,-37,-0.16,40.6,1.00,-0.01,3519,-450,1650,-2188,26,1631,1263,-2931
MNQ,ORB2,"ORB2 09:30 30m break SHORT stop 0.25×ATR 4R days NOTWIDE",334,4214,12.62,37.7,1.17,1.13,1959,2,262,231,0.88,33.6,1.01,0.05,3583,-773,1107,4740,-860,-86,2870,-2553
MNQ,ORB2,"ORB2 09:30 30m opening-candle direction SHORT stop 0.25×ATR 4R days NOTWIDE",237,3235,13.65,35.4,1.18,0.99,1427,1,212,-983,-4.64,30.7,0.95,-0.25,3811,-777,-213,5045,-821,-637,1686,-2033
MNQ,ORB2,"ORB2 09:30 30m break BOTH stop 0.25×ATR 4R days NOTWIDE",548,5553,10.13,38.5,1.14,1.22,3567,3,437,265,0.61,38.9,1.01,0.05,7634,-625,1783,2764,1631,5874,1154,-6763
MNQ,ORB2,"ORB2 09:30 30m opening-candle direction BOTH stop 0.25×ATR 4R days NOTWIDE",555,2273,4.10,35.0,1.05,0.50,2980,2,446,-1021,-2.29,35.9,0.98,-0.20,5141,-1226,1437,2858,-795,993,2950,-4964
MNQ,ORB2,"ORB2 09:30 30m break LONG stop 0.25×ATR 4R days NONEWS",447,1095,2.45,38.7,1.03,0.30,2444,3,391,3632,9.29,41.2,1.11,0.85,2756,534,835,-346,72,4207,-1197,621
MNQ,ORB2,"ORB2 09:30 30m opening-candle direction LONG stop 0.25×ATR 4R days NONEWS",395,309,0.78,34.9,1.01,0.09,3459,2,308,3337,10.83,40.6,1.12,0.83,2963,206,2691,-2502,-86,1851,936,550
MNQ,ORB2,"ORB2 09:30 30m break SHORT stop 0.25×ATR 4R days NONEWS",428,9258,21.63,38.3,1.30,2.14,1890,3,358,-1582,-4.42,31.3,0.96,-0.32,6558,50,2976,7186,-954,1556,2379,-5517
MNQ,ORB2,"ORB2 09:30 30m opening-candle direction SHORT stop 0.25×ATR 4R days NONEWS",325,7163,22.04,36.3,1.31,1.84,1770,2,314,687,2.19,31.2,1.02,0.15,3478,-312,391,7457,-373,1338,878,-1530
MNQ,ORB2,"ORB2 09:30 30m break BOTH stop 0.25×ATR 4R days NONEWS",705,10778,15.29,38.3,1.22,2.07,2286,4,611,2566,4.20,36.5,1.04,0.43,6074,444,2864,6962,508,6754,105,-4293
MNQ,ORB2,"ORB2 09:30 30m opening-candle direction BOTH stop 0.25×ATR 4R days NONEWS",720,7471,10.38,35.6,1.14,1.42,2992,2,622,4023,6.47,35.9,1.07,0.65,4592,-107,3082,4955,-459,3188,1815,-980
MNQ,CAL,"FOMC DAY hold 18:00→13:59 LONG",26,2906,111.77,69.2,2.69,1.72,1046,3,22,2333,106.02,59.1,2.55,1.47,538,590,-741,2776,282,2012,253,69
MNQ,CAL,"FOMC DAY hold 09:30→13:59 LONG",26,720,27.67,57.7,1.69,1.07,495,3,22,-637,-28.95,40.9,0.65,-0.79,1225,133,-495,908,174,417,-443,-611
MNQ,CAL,"TURN OF MONTH hold 09:30→15:55 LONG",156,738,4.73,52.6,1.04,0.18,4865,3,134,9793,73.08,62.7,1.52,1.89,2588,91,-2387,493,2541,86,3957,5750
MNQ,CAL,"TURN OF MONTH hold 18:00→15:55 LONG",155,730,4.71,45.8,1.03,0.16,4064,2,134,6504,48.54,59.0,1.26,1.04,5287,759,-465,-1467,1903,-2572,1610,7466
MNQ,CAL,"Monday hold 09:30→15:55 LONG",146,4045,27.71,57.5,1.29,1.20,2422,2,131,8863,67.66,58.8,1.56,1.90,2678,-625,234,-16,4452,1441,3765,3658
MNQ,CAL,"Monday hold 18:00→09:29 LONG",145,-3303,-22.78,50.3,0.72,-1.51,3853,1,130,9624,74.03,56.9,1.73,2.16,3163,-265,249,-2495,-792,699,2601,6325
MNQ,CAL,"Tuesday hold 09:30→15:55 LONG",166,-1839,-11.08,48.8,0.91,-0.50,5560,2,142,2562,18.04,55.6,1.13,0.51,3083,513,-706,-3546,1900,794,453,1316
MNQ,CAL,"Tuesday hold 18:00→09:29 LONG",166,919,5.53,48.8,1.07,0.32,2137,3,142,-7329,-51.61,47.9,0.63,-1.80,8025,271,179,1810,-1342,-2171,-2732,-2426
MNQ,CAL,"Wednesday hold 09:30→15:55 LONG",167,-2941,-17.61,49.1,0.87,-0.68,3713,1,139,2267,16.31,51.1,1.10,0.36,5396,-422,-489,545,-2576,-1152,6220,-2802
MNQ,CAL,"Wednesday hold 18:00→09:29 LONG",167,1238,7.41,55.1,1.11,0.45,2563,3,139,7055,50.75,57.6,1.60,2.00,1409,533,-436,1055,86,971,2151,3933
MNQ,CAL,"Thursday hold 09:30→15:55 LONG",162,1899,11.72,57.4,1.09,0.40,4560,3,136,-11595,-85.26,47.1,0.61,-2.10,17721,794,1372,-633,367,-5146,-7768,1319
MNQ,CAL,"Thursday hold 18:00→09:29 LONG",162,-2370,-14.63,51.9,0.84,-0.80,5591,3,136,6658,48.95,58.8,1.47,1.64,3379,376,1293,-4829,791,6005,1329,-676
MNQ,CAL,"Friday hold 09:30→15:55 LONG",143,1826,12.77,55.9,1.10,0.45,6204,2,129,-2542,-19.70,55.8,0.89,-0.50,4138,-332,1715,-3359,3802,214,-2246,-509
MNQ,CAL,"Friday hold 18:00→09:29 LONG",143,-380,-2.65,53.8,0.96,-0.17,3175,2,129,-109,-0.84,58.9,0.99,-0.03,5060,-82,1520,-1885,67,436,-589,45
MNQ,CAL,"FOMC DAY hold 18:00→13:59 SHORT",26,-3036,-116.77,30.8,0.36,-1.80,3477,1,22,-2443,-111.02,40.9,0.37,-1.54,2671,-600,701,-2816,-322,-2052,-293,-99
MNQ,CAL,"FOMC DAY hold 09:30→13:59 SHORT",26,-850,-32.67,42.3,0.54,-1.27,1206,1,22,527,23.95,59.1,1.43,0.65,654,-143,455,-948,-214,-457,403,581
MNQ,CAL,"TURN OF MONTH hold 09:30→15:55 SHORT",156,-1518,-9.73,46.2,0.93,-0.37,5889,1,134,-10463,-78.08,37.3,0.64,-2.02,11414,-151,2147,-733,-2781,-326,-4197,-5940
MNQ,CAL,"TURN OF MONTH hold 18:00→15:55 SHORT",155,-1505,-9.71,52.9,0.93,-0.32,3438,2,134,-7174,-53.54,41.0,0.78,-1.14,10249,-819,230,1227,-2143,2332,-1850,-7656
MNQ,CAL,"Monday hold 09:30→15:55 SHORT",146,-4775,-32.71,41.1,0.74,-1.42,6224,1,131,-9518,-72.66,40.5,0.62,-2.04,10382,570,-469,-205,-4672,-1681,-4005,-3833
MNQ,CAL,"Monday hold 18:00→09:29 SHORT",145,2578,17.78,49.0,1.30,1.18,1264,3,130,-10274,-79.03,41.5,0.56,-2.31,12294,210,-479,2275,572,-934,-2841,-6500
MNQ,CAL,"Tuesday hold 09:30→15:55 SHORT",166,1009,6.08,50.0,1.05,0.27,2504,2,142,-3272,-23.04,43.7,0.86,-0.65,5465,-568,446,3286,-2155,-1054,-713,-1506
MNQ,CAL,"Tuesday hold 18:00→09:29 SHORT",166,-1749,-10.53,50.0,0.87,-0.62,3325,1,142,6619,46.61,51.4,1.52,1.63,1984,-326,-439,-2070,1087,1911,2472,2236
MNQ,CAL,"Wednesday hold 09:30→15:55 SHORT",167,2106,12.61,49.1,1.10,0.48,4057,3,139,-2962,-21.31,48.2,0.88,-0.47,9197,367,229,-805,2316,907,-6475,2607
MNQ,CAL,"Wednesday hold 18:00→09:29 SHORT",167,-2073,-12.41,43.1,0.84,-0.75,3985,1,139,-7750,-55.75,41.0,0.60,-2.20,9120,-588,176,-1315,-346,-1216,-2406,-4128
MNQ,CAL,"Thursday hold 09:30→15:55 SHORT",162,-2709,-16.72,41.4,0.89,-0.57,6729,1,136,10915,80.26,52.9,1.59,1.98,5298,-839,-1627,378,-622,4896,7533,-1514
MNQ,CAL,"Thursday hold 18:00→09:29 SHORT",162,1560,9.63,46.3,1.12,0.53,2476,1,136,-7338,-53.95,39.7,0.65,-1.81,8980,-421,-1548,4574,-1046,-6255,-1564,481
MNQ,CAL,"Friday hold 09:30→15:55 SHORT",143,-2541,-17.77,43.4,0.88,-0.62,6322,2,129,1897,14.70,44.2,1.10,0.37,2368,302,-1940,3129,-4032,-444,2016,324
MNQ,CAL,"Friday hold 18:00→09:29 SHORT",143,-336,-2.35,44.8,0.97,-0.15,1788,2,129,-536,-4.16,40.3,0.97,-0.14,3141,52,-1745,1655,-297,-666,359,-230
MGC,ORB,"ORB 08:20 5m LONG stop OPP 1R entries 90m",627,-3538,-5.64,43.9,0.68,-4.42,3864,1,561,-5390,-9.61,44.9,0.71,-3.18,5589,247,-1803,-746,-1235,-1228,306,-4468
MGC,ORB,"ORB 08:20 5m LONG stop OPP 1R entries 240m",666,-3487,-5.24,44.4,0.70,-4.21,3872,1,599,-5136,-8.57,45.6,0.74,-2.90,5336,315,-1800,-741,-1261,-1160,566,-4542
MGC,ORB,"ORB 08:20 5m LONG stop OPP 1.5R entries 90m",627,-3474,-5.54,35.6,0.73,-3.65,4016,1,561,-4061,-7.24,38.1,0.80,-2.05,5239,330,-1763,-707,-1333,-802,1499,-4758
MGC,ORB,"ORB 08:20 5m LONG stop OPP 1.5R entries 240m",666,-3435,-5.16,36.0,0.74,-3.48,3917,1,599,-4002,-6.68,38.9,0.82,-1.94,5479,294,-1841,-605,-1284,-659,1656,-4999
MGC,ORB,"ORB 08:20 5m LONG stop OPP 2R entries 90m",627,-3640,-5.80,30.0,0.73,-3.40,3823,1,561,-3543,-6.32,32.1,0.84,-1.58,4797,65,-1953,-406,-1345,-354,946,-4135
MGC,ORB,"ORB 08:20 5m LONG stop OPP 2R entries 240m",666,-3656,-5.49,30.6,0.75,-3.32,3832,1,599,-3560,-5.94,33.1,0.85,-1.54,5057,14,-2057,-335,-1278,-207,1042,-4395
MGC,ORB,"ORB 08:20 5m LONG stop OPP 3R entries 90m",627,-2935,-4.68,24.9,0.80,-2.31,3027,0,561,-1082,-1.93,26.7,0.95,-0.41,3559,-227,-2008,-197,-502,33,1265,-2380
MGC,ORB,"ORB 08:20 5m LONG stop OPP 3R entries 240m",666,-2933,-4.40,25.7,0.81,-2.26,2991,0,599,-1584,-2.64,27.4,0.94,-0.58,4225,-278,-2131,-35,-489,54,1390,-3028
MGC,ORB,"ORB 08:20 5m LONG stop OPP to 15:55 entries 90m",627,-694,-1.11,19.9,0.95,-0.38,1794,2,561,-4312,-7.69,15.3,0.84,-1.22,7032,-179,-1167,616,37,-1332,2143,-5123
MGC,ORB,"ORB 08:20 5m LONG stop OPP to 15:55 entries 240m",666,-432,-0.65,21.0,0.97,-0.23,1793,2,599,-4799,-8.01,16.7,0.83,-1.34,7546,-230,-1290,1015,73,-1420,2285,-5664
MGC,ORB,"ORB 08:20 5m LONG stop MID 1R entries 90m",627,-3532,-5.63,37.2,0.47,-8.81,3566,0,561,-6221,-11.09,33.5,0.45,-7.50,6318,-112,-1341,-1156,-923,-1338,-1601,-3281
MGC,ORB,"ORB 08:20 5m LONG stop MID 1R entries 240m",666,-3617,-5.43,37.7,0.48,-8.69,3659,0,599,-6892,-11.51,33.6,0.44,-7.96,6989,-82,-1338,-1194,-1004,-1360,-1824,-3708
MGC,ORB,"ORB 08:20 5m LONG stop MID 1.5R entries 90m",627,-3570,-5.69,29.7,0.52,-7.51,3632,0,561,-5945,-10.60,27.5,0.52,-6.16,6093,-42,-1466,-1233,-830,-1252,-1446,-3246
MGC,ORB,"ORB 08:20 5m LONG stop MID 1.5R entries 240m",666,-3566,-5.35,30.5,0.55,-7.19,3628,1,599,-6444,-10.76,27.9,0.51,-6.41,6612,11,-1461,-1229,-886,-1200,-1646,-3598
MGC,ORB,"ORB 08:20 5m LONG stop MID 2R entries 90m",627,-3621,-5.78,24.6,0.55,-6.70,3734,0,561,-5682,-10.13,23.5,0.56,-5.22,5893,-20,-1383,-1440,-778,-1279,-1377,-3026
MGC,ORB,"ORB 08:20 5m LONG stop MID 2R entries 240m",666,-3515,-5.28,25.5,0.58,-6.20,3635,1,599,-6194,-10.34,23.7,0.56,-5.47,6393,56,-1329,-1432,-811,-1253,-1555,-3385
MGC,ORB,"ORB 08:20 5m LONG stop MID 3R entries 90m",627,-3511,-5.60,19.1,0.59,-5.40,3656,0,561,-4303,-7.67,20.1,0.68,-3.29,4551,-110,-1328,-1293,-779,-842,-477,-2983
MGC,ORB,"ORB 08:20 5m LONG stop MID 3R entries 240m",666,-3392,-5.09,20.0,0.63,-4.97,3535,0,599,-4708,-7.86,20.2,0.68,-3.46,4937,-108,-1308,-1213,-763,-700,-790,-3218
MGC,ORB,"ORB 08:20 5m LONG stop MID to 15:55 entries 90m",627,-2126,-3.39,10.5,0.78,-1.74,2803,1,561,-6796,-12.11,7.1,0.57,-3.65,6796,-479,-819,-1169,342,-887,-1698,-4212
MGC,ORB,"ORB 08:20 5m LONG stop MID to 15:55 entries 240m",666,-1884,-2.83,11.6,0.81,-1.48,2647,1,599,-7410,-12.37,7.7,0.56,-3.87,7508,-493,-891,-912,412,-941,-2011,-4458
MGC,ORB,"ORB 08:20 5m SHORT stop OPP 1R entries 90m",631,-3356,-5.32,44.5,0.69,-4.29,3653,0,565,-4077,-7.22,43.9,0.77,-2.50,4306,-245,-541,-928,-1641,-1303,-1266,-1508
MGC,ORB,"ORB 08:20 5m SHORT stop OPP 1R entries 240m",665,-3718,-5.59,43.9,0.68,-4.58,3933,0,603,-4749,-7.88,43.4,0.76,-2.79,4978,-476,-519,-971,-1751,-1522,-1774,-1454
MGC,ORB,"ORB 08:20 5m SHORT stop OPP 1.5R entries 90m",631,-3299,-5.23,36.5,0.74,-3.53,3631,0,565,-1477,-2.61,37.2,0.93,-0.72,2254,-117,-324,-1242,-1616,-1033,-411,-34
MGC,ORB,"ORB 08:20 5m SHORT stop OPP 1.5R entries 240m",665,-3877,-5.83,35.8,0.71,-4.03,4128,0,603,-1946,-3.23,37.0,0.91,-0.91,3024,-348,-430,-1386,-1713,-1189,-836,79
MGC,ORB,"ORB 08:20 5m SHORT stop OPP 2R entries 90m",631,-3049,-4.83,31.1,0.77,-2.86,3383,0,565,-2956,-5.23,31.0,0.87,-1.30,3517,-88,-552,-1119,-1289,-931,-419,-1606
MGC,ORB,"ORB 08:20 5m SHORT stop OPP 2R entries 240m",665,-3636,-5.47,30.5,0.75,-3.33,3892,0,603,-3092,-5.13,31.0,0.87,-1.29,3653,-319,-617,-1313,-1386,-1074,-762,-1257
MGC,ORB,"ORB 08:20 5m SHORT stop OPP 3R entries 90m",631,-3563,-5.65,24.9,0.76,-2.96,3867,0,565,-2259,-4.00,25.0,0.91,-0.82,3098,-258,-188,-1663,-1453,-1289,639,-1609
MGC,ORB,"ORB 08:20 5m SHORT stop OPP 3R entries 240m",665,-4327,-6.51,24.4,0.72,-3.54,4550,0,603,-2424,-4.02,25.2,0.91,-0.85,3196,-489,-451,-1836,-1550,-1500,320,-1245
MGC,ORB,"ORB 08:20 5m SHORT stop OPP to 15:55 entries 90m",631,-3268,-5.18,17.4,0.79,-1.89,3810,0,565,-2404,-4.25,14.5,0.91,-0.57,5598,-211,-525,-844,-1687,-95,2168,-4477
MGC,ORB,"ORB 08:20 5m SHORT stop OPP to 15:55 entries 240m",665,-4027,-6.06,17.3,0.76,-2.32,4488,0,603,-3235,-5.37,14.9,0.89,-0.76,5766,-442,-788,-1012,-1784,-299,1709,-4646
MGC,ORB,"ORB 08:20 5m SHORT stop MID 1R entries 90m",631,-3357,-5.32,37.4,0.48,-8.50,3392,0,565,-5504,-9.74,33.3,0.50,-6.85,5593,-268,-605,-1141,-1342,-1956,-1651,-1897
MGC,ORB,"ORB 08:20 5m SHORT stop MID 1R entries 240m",665,-3597,-5.41,37.3,0.48,-8.71,3625,0,603,-5885,-9.76,33.2,0.50,-6.99,5974,-360,-719,-1141,-1376,-2042,-2055,-1788
MGC,ORB,"ORB 08:20 5m SHORT stop MID 1.5R entries 90m",631,-3337,-5.29,30.4,0.54,-7.08,3368,0,565,-4639,-8.21,28.1,0.61,-4.72,4793,-240,-597,-1085,-1416,-1955,-1252,-1433
MGC,ORB,"ORB 08:20 5m SHORT stop MID 1.5R entries 240m",665,-3565,-5.36,30.2,0.54,-7.24,3597,0,603,-4968,-8.24,28.0,0.61,-4.81,5121,-363,-679,-1064,-1458,-2050,-1647,-1271
MGC,ORB,"ORB 08:20 5m SHORT stop MID 2R entries 90m",631,-3124,-4.95,26.5,0.60,-5.77,3177,0,565,-4258,-7.54,23.2,0.66,-3.67,4475,-172,-592,-967,-1393,-1857,-1556,-846
MGC,ORB,"ORB 08:20 5m SHORT stop MID 2R entries 240m",665,-3361,-5.05,26.2,0.60,-5.94,3414,0,603,-4753,-7.88,22.9,0.65,-3.91,4970,-296,-700,-950,-1416,-1985,-1943,-825
MGC,ORB,"ORB 08:20 5m SHORT stop MID 3R entries 90m",631,-3564,-5.65,19.3,0.59,-5.63,3658,0,565,-2651,-4.69,18.8,0.80,-1.77,3188,-181,-606,-1236,-1540,-1750,-1048,147
MGC,ORB,"ORB 08:20 5m SHORT stop MID 3R entries 240m",665,-4054,-6.10,18.8,0.56,-6.24,4149,0,603,-2906,-4.82,18.7,0.80,-1.84,3742,-305,-848,-1351,-1550,-1837,-1418,348
MGC,ORB,"ORB 08:20 5m SHORT stop MID to 15:55 entries 90m",631,-3597,-5.70,7.4,0.63,-2.88,3811,0,565,-6090,-10.78,5.0,0.62,-2.12,6649,-219,-486,-1443,-1448,-2162,-2217,-1711
MGC,ORB,"ORB 08:20 5m SHORT stop MID to 15:55 entries 240m",665,-4051,-6.09,7.5,0.61,-3.22,4249,0,603,-6205,-10.29,5.6,0.64,-2.12,6764,-343,-728,-1522,-1458,-2320,-2374,-1511
MGC,ORB,"ORB 08:20 5m BOTH stop OPP 1R entries 90m",760,-3332,-4.38,46.2,0.75,-3.70,3736,0,666,-3010,-4.52,49.4,0.85,-1.59,3585,-12,-931,-772,-1617,-658,842,-3193
MGC,ORB,"ORB 08:20 5m BOTH stop OPP 1R entries 240m",760,-3332,-4.38,46.2,0.75,-3.70,3736,0,666,-3010,-4.52,49.4,0.85,-1.59,3585,-12,-931,-772,-1617,-658,842,-3193
MGC,ORB,"ORB 08:20 5m BOTH stop OPP 1.5R entries 90m",760,-3558,-4.68,37.4,0.77,-3.32,4092,1,666,-396,-0.59,40.8,0.98,-0.17,2590,135,-879,-1140,-1674,-517,1969,-1848
MGC,ORB,"ORB 08:20 5m BOTH stop OPP 1.5R entries 240m",760,-3558,-4.68,37.4,0.77,-3.32,4092,1,666,-396,-0.59,40.8,0.98,-0.17,2590,135,-879,-1140,-1674,-517,1969,-1848
MGC,ORB,"ORB 08:20 5m BOTH stop OPP 2R entries 90m",760,-3638,-4.79,31.6,0.78,-3.00,3918,0,666,-1778,-2.67,33.9,0.93,-0.69,4042,-108,-1269,-927,-1334,-178,1705,-3304
MGC,ORB,"ORB 08:20 5m BOTH stop OPP 2R entries 240m",760,-3638,-4.79,31.6,0.78,-3.00,3918,0,666,-1778,-2.67,33.9,0.93,-0.69,4042,-108,-1269,-927,-1334,-178,1705,-3304
MGC,ORB,"ORB 08:20 5m BOTH stop OPP 3R entries 90m",760,-3485,-4.59,25.5,0.81,-2.46,3873,0,666,-1178,-1.77,27.3,0.96,-0.39,4205,-413,-1352,-906,-814,-248,2177,-3106
MGC,ORB,"ORB 08:20 5m BOTH stop OPP 3R entries 240m",760,-3485,-4.59,25.5,0.81,-2.46,3873,0,666,-1178,-1.77,27.3,0.96,-0.39,4205,-413,-1352,-906,-814,-248,2177,-3106
MGC,ORB,"ORB 08:20 5m BOTH stop OPP to 15:55 entries 90m",760,-644,-0.85,19.5,0.97,-0.31,1817,2,666,-3082,-4.63,16.1,0.91,-0.69,7456,-356,-810,389,133,-475,4078,-6684
MGC,ORB,"ORB 08:20 5m BOTH stop OPP to 15:55 entries 240m",760,-644,-0.85,19.5,0.97,-0.31,1817,2,666,-3082,-4.63,16.1,0.91,-0.69,7456,-356,-810,389,133,-475,4078,-6684
MGC,ORB,"ORB 08:20 5m BOTH stop MID 1R entries 90m",760,-3062,-4.03,42.4,0.59,-6.69,3166,0,666,-5682,-8.53,37.7,0.55,-6.07,5771,-165,-575,-1123,-1198,-1711,-1580,-2391
MGC,ORB,"ORB 08:20 5m BOTH stop MID 1R entries 240m",760,-3062,-4.03,42.4,0.59,-6.69,3166,0,666,-5682,-8.53,37.7,0.55,-6.07,5771,-165,-575,-1123,-1198,-1711,-1580,-2391
MGC,ORB,"ORB 08:20 5m BOTH stop MID 1.5R entries 90m",760,-3009,-3.96,34.3,0.65,-5.45,3127,0,666,-4574,-6.87,32.1,0.67,-4.08,4727,-118,-542,-1199,-1150,-1663,-886,-2025
MGC,ORB,"ORB 08:20 5m BOTH stop MID 1.5R entries 240m",760,-3009,-3.96,34.3,0.65,-5.45,3127,0,666,-4574,-6.87,32.1,0.67,-4.08,4727,-118,-542,-1199,-1150,-1663,-886,-2025
MGC,ORB,"ORB 08:20 5m BOTH stop MID 2R entries 90m",760,-2999,-3.95,28.8,0.68,-4.73,3184,0,666,-3924,-5.89,27.2,0.73,-3.02,4141,-32,-548,-1316,-1102,-1371,-1060,-1492
MGC,ORB,"ORB 08:20 5m BOTH stop MID 2R entries 240m",760,-2999,-3.95,28.8,0.68,-4.73,3184,0,666,-3924,-5.89,27.2,0.73,-3.02,4141,-32,-548,-1316,-1102,-1371,-1060,-1492
MGC,ORB,"ORB 08:20 5m BOTH stop MID 3R entries 90m",760,-3368,-4.43,21.6,0.68,-4.49,3545,0,666,-1561,-2.34,22.1,0.90,-0.93,2336,-112,-445,-1573,-1238,-1069,-290,-202
MGC,ORB,"ORB 08:20 5m BOTH stop MID 3R entries 240m",760,-3368,-4.43,21.6,0.68,-4.49,3545,0,666,-1561,-2.34,22.1,0.90,-0.93,2336,-112,-445,-1573,-1238,-1069,-290,-202
MGC,ORB,"ORB 08:20 5m BOTH stop MID to 15:55 entries 90m",760,-3082,-4.06,9.6,0.74,-2.31,3654,0,666,-5615,-8.43,6.9,0.71,-1.83,5871,-605,-170,-2162,-145,-796,-2460,-2360
MGC,ORB,"ORB 08:20 5m BOTH stop MID to 15:55 entries 240m",760,-3082,-4.06,9.6,0.74,-2.31,3654,0,666,-5615,-8.43,6.9,0.71,-1.83,5871,-605,-170,-2162,-145,-796,-2460,-2360
MGC,ORB,"ORB 08:20 15m LONG stop OPP 1R entries 90m",517,-1695,-3.28,47.4,0.88,-1.27,2011,0,485,-5902,-12.17,48.5,0.79,-2.11,7416,-30,-1309,-210,-145,-12,13,-5902
MGC,ORB,"ORB 08:20 15m LONG stop OPP 1R entries 240m",576,-2182,-3.79,46.9,0.86,-1.58,2605,1,537,-5255,-9.79,49.5,0.83,-1.78,7413,81,-1677,-291,-294,-147,493,-5600
MGC,ORB,"ORB 08:20 15m LONG stop OPP 1.5R entries 90m",517,-1303,-2.52,40.8,0.92,-0.86,1640,0,485,-7876,-16.24,39.8,0.75,-2.57,9612,-36,-1187,-42,-38,-29,31,-7877
MGC,ORB,"ORB 08:20 15m LONG stop OPP 1.5R entries 240m",576,-1637,-2.84,40.6,0.90,-1.05,2063,0,537,-8214,-15.30,41.2,0.76,-2.55,10460,-13,-1521,-9,-94,-193,476,-8497
MGC,ORB,"ORB 08:20 15m LONG stop OPP 2R entries 90m",517,-723,-1.40,38.7,0.96,-0.45,1323,2,485,-5444,-11.22,36.1,0.83,-1.60,8301,-381,-679,263,75,-98,959,-6304
MGC,ORB,"ORB 08:20 15m LONG stop OPP 2R entries 240m",576,-1080,-1.87,38.5,0.94,-0.65,1572,1,537,-5945,-11.07,37.6,0.83,-1.68,9373,-358,-1018,354,-57,-359,1413,-6998
MGC,ORB,"ORB 08:20 15m LONG stop OPP 3R entries 90m",517,463,0.90,36.6,1.03,0.26,1358,2,485,-7625,-15.72,31.8,0.78,-2.14,9854,-763,-493,1139,581,223,-692,-7155
MGC,ORB,"ORB 08:20 15m LONG stop OPP 3R entries 240m",576,242,0.42,36.6,1.01,0.13,1748,2,537,-7804,-14.53,33.7,0.79,-2.09,10522,-740,-879,1312,550,55,-136,-7722
MGC,ORB,"ORB 08:20 15m LONG stop OPP to 15:55 entries 90m",517,1490,2.88,34.4,1.09,0.72,1669,2,485,-7031,-14.50,29.1,0.80,-1.74,11228,-510,-1003,1922,1082,306,864,-8200
MGC,ORB,"ORB 08:20 15m LONG stop OPP to 15:55 entries 240m",576,1269,2.20,34.5,1.07,0.59,2031,2,537,-6970,-12.98,31.1,0.82,-1.63,12285,-487,-1389,2078,1068,-55,1642,-8556
MGC,ORB,"ORB 08:20 15m LONG stop MID 1R entries 90m",517,-1962,-3.80,46.6,0.77,-2.53,2329,1,485,-2807,-5.79,48.5,0.81,-1.80,3650,140,-721,-769,-612,105,-494,-2418
MGC,ORB,"ORB 08:20 15m LONG stop MID 1R entries 240m",576,-2179,-3.78,46.7,0.77,-2.66,2530,1,537,-2554,-4.76,48.8,0.84,-1.55,3699,124,-772,-669,-863,99,-218,-2435
MGC,ORB,"ORB 08:20 15m LONG stop MID 1.5R entries 90m",517,-1836,-3.55,38.5,0.81,-2.00,2228,0,485,-2762,-5.69,39.6,0.84,-1.54,4114,-6,-868,-737,-225,193,331,-3285
MGC,ORB,"ORB 08:20 15m LONG stop MID 1.5R entries 240m",576,-2058,-3.57,38.5,0.81,-2.13,2407,0,537,-2525,-4.70,40.0,0.87,-1.32,4380,-18,-917,-593,-530,105,793,-3424
MGC,ORB,"ORB 08:20 15m LONG stop MID 2R entries 90m",517,-1944,-3.76,32.1,0.82,-1.90,2269,1,485,-2684,-5.54,33.6,0.86,-1.35,4262,82,-909,-627,-490,210,506,-3400
MGC,ORB,"ORB 08:20 15m LONG stop MID 2R entries 240m",576,-2418,-4.20,32.1,0.80,-2.28,2724,1,537,-2502,-4.66,34.3,0.88,-1.18,4441,90,-1098,-660,-750,256,781,-3539
MGC,ORB,"ORB 08:20 15m LONG stop MID 3R entries 90m",517,-1470,-2.84,26.7,0.87,-1.26,1862,1,485,-4415,-9.10,25.8,0.79,-2.00,5873,60,-737,-478,-315,236,-254,-4396
MGC,ORB,"ORB 08:20 15m LONG stop MID 3R entries 240m",576,-1910,-3.32,26.7,0.85,-1.58,2276,1,537,-5179,-9.64,26.1,0.77,-2.26,6761,1,-958,-411,-542,145,-153,-5171
MGC,ORB,"ORB 08:20 15m LONG stop MID to 15:55 entries 90m",517,-670,-1.30,20.9,0.95,-0.43,2107,1,485,-3858,-7.95,18.4,0.83,-1.30,7136,-399,-545,-199,473,715,397,-4969
MGC,ORB,"ORB 08:20 15m LONG stop MID to 15:55 entries 240m",576,-878,-1.52,21.4,0.94,-0.54,2085,2,537,-4899,-9.12,19.2,0.80,-1.61,8331,-459,-839,67,353,427,795,-6120
MGC,ORB,"ORB 08:20 15m SHORT stop OPP 1R entries 90m",521,67,0.13,51.8,1.01,0.05,1287,1,487,-2021,-4.15,50.1,0.92,-0.75,5140,-155,-41,-3,267,103,-2112,-12
MGC,ORB,"ORB 08:20 15m SHORT stop OPP 1R entries 240m",574,-10,-0.02,51.9,1.00,-0.01,1538,2,538,-2582,-4.80,49.8,0.91,-0.89,6492,-281,282,-234,223,-30,-2820,267
MGC,ORB,"ORB 08:20 15m SHORT stop OPP 1.5R entries 90m",521,244,0.47,44.3,1.02,0.17,1198,3,487,-515,-1.06,42.5,0.98,-0.16,3575,-211,175,277,3,-419,-693,597
MGC,ORB,"ORB 08:20 15m SHORT stop OPP 1.5R entries 240m",574,-88,-0.15,44.4,0.99,-0.06,1164,2,538,-640,-1.19,42.8,0.98,-0.19,4244,-334,214,85,-52,-487,-1160,1007
MGC,ORB,"ORB 08:20 15m SHORT stop OPP 2R entries 90m",521,1261,2.42,41.5,1.08,0.80,1255,3,487,-385,-0.79,37.2,0.99,-0.11,3410,-36,393,380,525,-662,132,145
MGC,ORB,"ORB 08:20 15m SHORT stop OPP 2R entries 240m",574,817,1.42,41.6,1.05,0.50,1283,3,538,-708,-1.32,37.4,0.98,-0.19,4192,-211,361,226,441,-793,-479,563
MGC,ORB,"ORB 08:20 15m SHORT stop OPP 3R entries 90m",521,472,0.91,37.0,1.03,0.28,1329,2,487,603,1.24,32.6,1.02,0.15,3539,-198,513,163,-5,-994,1639,-42
MGC,ORB,"ORB 08:20 15m SHORT stop OPP 3R entries 240m",574,121,0.21,37.6,1.01,0.07,1258,2,538,310,0.58,32.9,1.01,0.07,3465,-373,497,86,-89,-1177,1043,443
MGC,ORB,"ORB 08:20 15m SHORT stop OPP to 15:55 entries 90m",521,502,0.96,34.4,1.03,0.26,1519,1,487,-1177,-2.42,29.0,0.97,-0.25,4488,-101,-160,1079,-315,-405,2585,-3357
MGC,ORB,"ORB 08:20 15m SHORT stop OPP to 15:55 entries 240m",574,72,0.13,35.2,1.00,0.04,1661,1,538,-2567,-4.77,29.2,0.93,-0.54,5084,-276,-233,980,-399,-678,1704,-3594
MGC,ORB,"ORB 08:20 15m SHORT stop MID 1R entries 90m",521,-1623,-3.12,47.2,0.80,-2.26,1935,0,487,-1836,-3.77,48.5,0.87,-1.30,2308,-81,-638,-494,-410,-65,-648,-1122
MGC,ORB,"ORB 08:20 15m SHORT stop MID 1R entries 240m",574,-1957,-3.41,47.2,0.78,-2.57,2241,0,538,-2086,-3.88,47.8,0.87,-1.36,2722,-232,-664,-614,-446,-152,-925,-1009
MGC,ORB,"ORB 08:20 15m SHORT stop MID 1.5R entries 90m",521,-1827,-3.51,37.8,0.81,-2.14,2229,0,487,-2843,-5.84,37.4,0.83,-1.69,3308,-130,-567,-866,-263,-1085,-1091,-667
MGC,ORB,"ORB 08:20 15m SHORT stop MID 1.5R entries 240m",574,-2251,-3.92,38.0,0.79,-2.50,2687,0,538,-3160,-5.87,37.0,0.83,-1.71,4099,-254,-651,-1117,-228,-1170,-1304,-686
MGC,ORB,"ORB 08:20 15m SHORT stop MID 2R entries 90m",521,-1200,-2.30,33.6,0.88,-1.22,1896,0,487,-2833,-5.82,31.0,0.84,-1.49,3365,-80,-173,-904,-43,-924,-939,-969
MGC,ORB,"ORB 08:20 15m SHORT stop MID 2R entries 240m",574,-1464,-2.55,34.1,0.87,-1.42,2221,1,538,-3208,-5.96,31.0,0.84,-1.55,4091,-177,-185,-1151,49,-1001,-1383,-823
MGC,ORB,"ORB 08:20 15m SHORT stop MID 3R entries 90m",521,-1868,-3.58,25.9,0.83,-1.70,2194,0,487,-2222,-4.56,24.8,0.89,-0.99,2681,-229,-64,-1375,-200,-1136,-372,-714
MGC,ORB,"ORB 08:20 15m SHORT stop MID 3R entries 240m",574,-2332,-4.06,26.7,0.81,-2.04,2795,0,538,-2124,-3.95,25.5,0.90,-0.88,2927,-330,-283,-1584,-135,-1185,-652,-287
MGC,ORB,"ORB 08:20 15m SHORT stop MID to 15:55 entries 90m",521,-1259,-2.42,18.6,0.89,-0.80,2054,0,487,-5407,-11.10,14.2,0.76,-1.74,5727,-152,-395,-490,-222,-1055,614,-4966
MGC,ORB,"ORB 08:20 15m SHORT stop MID to 15:55 entries 240m",574,-1712,-2.98,20.0,0.87,-1.07,2281,0,538,-5809,-10.80,15.2,0.76,-1.79,6333,-304,-615,-606,-186,-1126,177,-4860
MGC,ORB,"ORB 08:20 15m BOTH stop OPP 1R entries 90m",744,-1877,-2.52,48.8,0.91,-1.14,2665,0,662,-5947,-8.98,48.3,0.84,-1.79,7326,-129,-794,-851,-103,-151,-807,-4988
MGC,ORB,"ORB 08:20 15m BOTH stop OPP 1R entries 240m",760,-2347,-3.09,48.2,0.89,-1.41,3059,0,664,-5635,-8.49,48.3,0.85,-1.69,7339,-165,-904,-1000,-278,-151,-807,-4677
MGC,ORB,"ORB 08:20 15m BOTH stop OPP 1.5R entries 90m",744,-1947,-2.62,41.7,0.92,-1.06,2845,1,662,-6487,-9.80,40.6,0.85,-1.74,8162,6,-870,-835,-248,-62,-259,-6166
MGC,ORB,"ORB 08:20 15m BOTH stop OPP 1.5R entries 240m",760,-2339,-3.08,41.2,0.90,-1.26,3161,0,664,-6175,-9.30,40.7,0.85,-1.65,8175,-30,-980,-906,-423,-62,-259,-5855
MGC,ORB,"ORB 08:20 15m BOTH stop OPP 2R entries 90m",744,-661,-0.89,39.2,0.97,-0.33,2211,1,662,-5386,-8.14,36.1,0.88,-1.32,8631,-165,-303,-632,439,-178,1094,-6301
MGC,ORB,"ORB 08:20 15m BOTH stop OPP 2R entries 240m",760,-1034,-1.36,38.8,0.96,-0.51,2352,1,664,-5074,-7.64,36.1,0.89,-1.24,8644,-201,-413,-684,264,-178,1094,-5990
MGC,ORB,"ORB 08:20 15m BOTH stop OPP 3R entries 90m",744,-573,-0.77,35.9,0.98,-0.26,2217,2,662,-5872,-8.87,32.0,0.87,-1.30,9235,-811,-291,242,287,244,894,-7009
MGC,ORB,"ORB 08:20 15m BOTH stop OPP 3R entries 240m",760,-953,-1.25,35.5,0.96,-0.43,2362,2,664,-5560,-8.37,32.1,0.88,-1.23,9248,-847,-401,183,112,244,894,-6698
MGC,ORB,"ORB 08:20 15m BOTH stop OPP to 15:55 entries 90m",744,221,0.30,33.5,1.01,0.09,2443,2,662,-5288,-7.99,29.2,0.89,-1.00,12782,-634,-1122,1895,82,1520,3767,-10574
MGC,ORB,"ORB 08:20 15m BOTH stop OPP to 15:55 entries 240m",760,-159,-0.21,33.2,0.99,-0.06,2556,1,664,-4976,-7.49,29.2,0.90,-0.93,12795,-670,-1232,1836,-93,1520,3767,-10263
MGC,ORB,"ORB 08:20 15m BOTH stop MID 1R entries 90m",744,-2166,-2.91,48.1,0.82,-2.26,2512,1,662,-2018,-3.05,50.5,0.90,-1.10,2957,136,-726,-905,-671,438,-353,-2103
MGC,ORB,"ORB 08:20 15m BOTH stop MID 1R entries 240m",760,-2496,-3.28,47.8,0.81,-2.55,2768,1,664,-1764,-2.66,50.5,0.91,-0.95,2970,100,-798,-1012,-786,438,-353,-1849
MGC,ORB,"ORB 08:20 15m BOTH stop MID 1.5R entries 90m",744,-2365,-3.18,39.1,0.84,-2.09,2832,0,662,-1915,-2.89,40.2,0.92,-0.89,2702,-22,-655,-1420,-267,-325,-123,-1467
MGC,ORB,"ORB 08:20 15m BOTH stop MID 1.5R entries 240m",760,-2846,-3.75,38.7,0.81,-2.48,3262,0,664,-1527,-2.30,40.2,0.93,-0.70,2715,-58,-727,-1679,-383,-325,-123,-1079
MGC,ORB,"ORB 08:20 15m BOTH stop MID 2R entries 90m",744,-1991,-2.68,33.7,0.87,-1.56,2551,1,662,-2366,-3.57,33.1,0.91,-0.98,3520,105,-458,-1340,-298,-387,371,-2349
MGC,ORB,"ORB 08:20 15m BOTH stop MID 2R entries 240m",760,-2433,-3.20,33.4,0.85,-1.88,2954,1,664,-2054,-3.09,33.1,0.92,-0.84,3533,69,-530,-1559,-413,-387,371,-2038
MGC,ORB,"ORB 08:20 15m BOTH stop MID 3R entries 90m",744,-2524,-3.39,26.7,0.85,-1.77,3179,1,662,-4125,-6.23,25.8,0.85,-1.52,5695,128,-427,-1819,-406,-84,-566,-3475
MGC,ORB,"ORB 08:20 15m BOTH stop MID 3R entries 240m",760,-2888,-3.80,26.6,0.84,-1.99,3469,1,664,-3814,-5.74,25.9,0.87,-1.40,5708,92,-499,-1960,-521,-84,-566,-3164
MGC,ORB,"ORB 08:20 15m BOTH stop MID to 15:55 entries 90m",744,-1123,-1.51,19.9,0.94,-0.56,2588,1,662,-4657,-7.03,17.1,0.85,-1.21,8707,-415,-553,-523,369,1094,1220,-6971
MGC,ORB,"ORB 08:20 15m BOTH stop MID to 15:55 entries 240m",760,-1475,-1.94,19.9,0.92,-0.72,2741,1,664,-4345,-6.54,17.2,0.86,-1.13,8720,-451,-626,-652,254,1094,1220,-6659
MGC,ORB,"ORB 08:20 30m LONG stop OPP 1R entries 90m",446,-1998,-4.48,47.5,0.86,-1.43,2772,1,440,-5281,-12.00,48.9,0.83,-1.60,8484,-812,-1212,-447,474,483,1575,-7339
MGC,ORB,"ORB 08:20 30m LONG stop OPP 1R entries 240m",519,-2398,-4.62,47.0,0.85,-1.62,3221,1,491,-5789,-11.79,48.7,0.83,-1.67,8864,-707,-1529,-623,461,23,1423,-7235
MGC,ORB,"ORB 08:20 30m LONG stop OPP 1.5R entries 90m",446,-1656,-3.71,42.8,0.89,-1.07,2123,1,440,-5707,-12.97,42.0,0.83,-1.57,9405,-761,-900,-22,27,333,1053,-7094
MGC,ORB,"ORB 08:20 30m LONG stop OPP 1.5R entries 240m",519,-1930,-3.72,42.8,0.89,-1.17,2527,1,491,-7241,-14.75,42.2,0.80,-1.92,10889,-749,-1231,-59,109,-179,1012,-8074
MGC,ORB,"ORB 08:20 30m LONG stop OPP 2R entries 90m",446,-425,-0.95,41.7,0.97,-0.25,1761,2,440,-2937,-6.68,40.5,0.91,-0.75,8162,-937,-415,658,270,818,2249,-6004
MGC,ORB,"ORB 08:20 30m LONG stop OPP 2R entries 240m",519,-567,-1.09,41.8,0.97,-0.32,2035,2,491,-4663,-9.50,40.5,0.87,-1.16,9544,-925,-745,685,418,325,2216,-7204
MGC,ORB,"ORB 08:20 30m LONG stop OPP 3R entries 90m",446,81,0.18,39.7,1.01,0.04,2085,2,440,-3102,-7.05,38.2,0.91,-0.75,8851,-797,-834,1091,622,633,2495,-6230
MGC,ORB,"ORB 08:20 30m LONG stop OPP 3R entries 240m",519,0,0.00,39.9,1.00,0.00,2372,2,491,-4555,-9.28,38.5,0.88,-1.06,10029,-785,-1164,990,959,178,2493,-7226
MGC,ORB,"ORB 08:20 30m LONG stop OPP to 15:55 entries 90m",446,818,1.83,38.6,1.05,0.41,2135,2,440,-2691,-6.12,37.3,0.92,-0.62,8948,-778,-859,1356,1100,673,3672,-7036
MGC,ORB,"ORB 08:20 30m LONG stop OPP to 15:55 entries 240m",519,675,1.30,38.9,1.04,0.33,2422,2,491,-3868,-7.88,37.7,0.90,-0.85,10269,-766,-1189,1255,1375,180,3670,-7718
MGC,ORB,"ORB 08:20 30m LONG stop MID 1R entries 90m",446,-2130,-4.78,45.5,0.77,-2.40,2186,0,440,-3403,-7.73,49.8,0.80,-1.80,4462,-288,-498,-832,-512,267,-367,-3303
MGC,ORB,"ORB 08:20 30m LONG stop MID 1R entries 240m",519,-2303,-4.44,45.9,0.79,-2.38,2358,0,491,-2955,-6.02,50.1,0.84,-1.47,4232,-236,-433,-884,-750,173,-193,-2935
MGC,ORB,"ORB 08:20 30m LONG stop MID 1.5R entries 90m",446,-2162,-4.85,38.1,0.79,-2.18,2464,0,440,-2318,-5.27,41.8,0.88,-1.06,4515,-419,-761,-879,-103,509,448,-3275
MGC,ORB,"ORB 08:20 30m LONG stop MID 1.5R entries 240m",519,-2653,-5.11,38.3,0.78,-2.49,2832,0,491,-2703,-5.50,41.5,0.88,-1.16,4802,-356,-1024,-917,-355,259,230,-3192
MGC,ORB,"ORB 08:20 30m LONG stop MID 2R entries 90m",446,-1878,-4.21,33.6,0.83,-1.72,2137,0,440,-2504,-5.69,35.0,0.88,-1.04,4458,-648,-599,-465,-166,780,181,-3465
MGC,ORB,"ORB 08:20 30m LONG stop MID 2R entries 240m",519,-2333,-4.49,34.1,0.81,-2.00,2554,0,491,-3599,-7.33,35.0,0.85,-1.42,5248,-573,-912,-463,-384,378,-11,-3965
MGC,ORB,"ORB 08:20 30m LONG stop MID 3R entries 90m",446,-1554,-3.48,29.4,0.86,-1.25,1614,0,440,-2295,-5.22,29.1,0.90,-0.84,5294,-606,-423,-136,-390,710,251,-3256
MGC,ORB,"ORB 08:20 30m LONG stop MID 3R entries 240m",519,-1900,-3.66,30.3,0.86,-1.43,2144,1,491,-4242,-8.64,29.1,0.83,-1.51,7007,-601,-749,4,-554,293,43,-4577
MGC,ORB,"ORB 08:20 30m LONG stop MID to 15:55 entries 90m",446,-121,-0.27,25.3,0.99,-0.08,1438,2,440,1322,3.01,25.9,1.06,0.38,3373,-645,-415,565,375,971,1906,-1555
MGC,ORB,"ORB 08:20 30m LONG stop MID to 15:55 entries 240m",519,-443,-0.85,26.6,0.97,-0.26,1761,2,491,-985,-2.01,26.1,0.96,-0.28,4879,-640,-742,661,278,573,1640,-3198
MGC,ORB,"ORB 08:20 30m SHORT stop OPP 1R entries 90m",462,-63,-0.14,51.5,1.00,-0.05,1523,1,455,-2989,-6.57,49.7,0.90,-0.90,5377,-224,-154,775,-460,-112,-2272,-605
MGC,ORB,"ORB 08:20 30m SHORT stop OPP 1R entries 240m",512,-160,-0.31,51.2,0.99,-0.11,1531,1,506,-4094,-8.09,49.8,0.88,-1.13,6966,-290,-91,650,-429,111,-3317,-888
MGC,ORB,"ORB 08:20 30m SHORT stop OPP 1.5R entries 90m",462,557,1.21,45.5,1.04,0.36,1175,2,455,-197,-0.43,42.9,0.99,-0.05,2902,-319,46,1146,-315,-881,-288,973
MGC,ORB,"ORB 08:20 30m SHORT stop OPP 1.5R entries 240m",512,255,0.50,45.3,1.02,0.16,1381,2,506,-927,-1.83,43.1,0.97,-0.22,3673,-385,11,1075,-445,-774,-1208,1054
MGC,ORB,"ORB 08:20 30m SHORT stop OPP 2R entries 90m",462,1099,2.38,43.1,1.07,0.66,1182,2,455,-1375,-3.02,38.0,0.96,-0.32,3363,-255,347,1387,-380,-838,478,-1015
MGC,ORB,"ORB 08:20 30m SHORT stop OPP 2R entries 240m",512,826,1.61,43.2,1.05,0.48,1395,2,506,-2128,-4.21,38.1,0.95,-0.47,4014,-321,334,1323,-510,-697,-562,-869
MGC,ORB,"ORB 08:20 30m SHORT stop OPP 3R entries 90m",462,801,1.73,40.3,1.05,0.44,1499,2,455,-1401,-3.08,34.9,0.96,-0.30,3925,-196,426,1056,-485,-932,1497,-1966
MGC,ORB,"ORB 08:20 30m SHORT stop OPP 3R entries 240m",512,501,0.98,40.6,1.03,0.27,1677,2,506,-3238,-6.40,35.2,0.92,-0.67,4949,-262,379,999,-615,-1046,451,-2643
MGC,ORB,"ORB 08:20 30m SHORT stop OPP to 15:55 entries 90m",462,593,1.28,39.2,1.04,0.31,1724,1,455,-1199,-2.64,33.4,0.97,-0.23,4183,-20,-146,1399,-640,-483,-125,-591
MGC,ORB,"ORB 08:20 30m SHORT stop OPP to 15:55 entries 240m",512,293,0.57,39.6,1.02,0.15,1774,1,506,-3036,-6.00,33.8,0.93,-0.57,5207,-86,-193,1342,-770,-597,-1171,-1268
MGC,ORB,"ORB 08:20 30m SHORT stop MID 1R entries 90m",462,-1871,-4.05,48.5,0.79,-2.21,2290,0,455,-4769,-10.48,47.0,0.73,-2.72,5364,-165,-656,-551,-499,-388,-1854,-2527
MGC,ORB,"ORB 08:20 30m SHORT stop MID 1R entries 240m",512,-1910,-3.73,48.8,0.81,-2.13,2321,0,506,-5524,-10.92,46.6,0.73,-2.78,6202,-214,-533,-711,-452,-281,-2200,-3043
MGC,ORB,"ORB 08:20 30m SHORT stop MID 1.5R entries 90m",462,-1767,-3.82,40.0,0.83,-1.81,2139,0,455,-3727,-8.19,39.3,0.81,-1.79,5216,-361,-570,-508,-329,-170,-2122,-1435
MGC,ORB,"ORB 08:20 30m SHORT stop MID 1.5R entries 240m",512,-1767,-3.45,40.6,0.84,-1.70,2184,0,506,-3766,-7.44,39.3,0.83,-1.58,5223,-367,-390,-720,-291,-119,-2330,-1317
MGC,ORB,"ORB 08:20 30m SHORT stop MID 2R entries 90m",462,-1624,-3.52,34.4,0.85,-1.48,2002,0,455,-4259,-9.36,33.6,0.80,-1.84,4858,-457,-632,-231,-304,-230,-1859,-2170
MGC,ORB,"ORB 08:20 30m SHORT stop MID 2R entries 240m",512,-1844,-3.60,35.0,0.85,-1.61,2267,0,506,-5092,-10.06,33.8,0.79,-2.03,5804,-508,-606,-453,-276,-69,-2384,-2639
MGC,ORB,"ORB 08:20 30m SHORT stop MID 3R entries 90m",462,-1940,-4.20,28.4,0.84,-1.59,2419,0,455,-3211,-7.06,26.6,0.86,-1.14,3840,-562,-613,-591,-174,-897,-999,-1315
MGC,ORB,"ORB 08:20 30m SHORT stop MID 3R entries 240m",512,-2256,-4.41,29.3,0.83,-1.79,2779,0,506,-3650,-7.21,27.1,0.86,-1.21,4504,-613,-672,-779,-190,-762,-1398,-1491
MGC,ORB,"ORB 08:20 30m SHORT stop MID to 15:55 entries 90m",462,-2300,-4.98,22.7,0.82,-1.60,2812,0,455,-3683,-8.09,18.9,0.85,-1.00,3868,-485,-813,-590,-412,-323,-329,-3031
MGC,ORB,"ORB 08:20 30m SHORT stop MID to 15:55 entries 240m",512,-2587,-5.05,24.2,0.81,-1.75,3144,0,506,-4950,-9.78,19.8,0.83,-1.29,5473,-536,-884,-738,-428,-311,-900,-3739
MGC,ORB,"ORB 08:20 30m BOTH stop OPP 1R entries 90m",719,-2030,-2.82,49.2,0.91,-1.12,2977,1,647,-10583,-16.36,47.3,0.77,-2.53,13843,-860,-1647,595,-118,626,-664,-10545
MGC,ORB,"ORB 08:20 30m BOTH stop OPP 1R entries 240m",747,-1956,-2.62,49.3,0.92,-1.06,3119,1,660,-10290,-15.59,47.6,0.78,-2.44,13906,-912,-1568,556,-32,658,-664,-10284
MGC,ORB,"ORB 08:20 30m BOTH stop OPP 1.5R entries 90m",719,-1076,-1.50,44.6,0.95,-0.54,2496,1,647,-8661,-13.39,40.8,0.83,-1.84,12623,-819,-1093,1008,-171,-42,1219,-9838
MGC,ORB,"ORB 08:20 30m BOTH stop OPP 1.5R entries 240m",747,-920,-1.23,44.8,0.96,-0.45,2638,1,660,-8369,-12.68,41.2,0.84,-1.77,12686,-872,-1014,1080,-113,-10,1219,-9577
MGC,ORB,"ORB 08:20 30m BOTH stop OPP 2R entries 90m",719,410,0.57,42.8,1.02,0.19,1931,2,647,-7218,-11.16,37.7,0.86,-1.42,12714,-978,-277,1651,14,386,2910,-10514
MGC,ORB,"ORB 08:20 30m BOTH stop OPP 2R entries 240m",747,617,0.83,43.1,1.02,0.28,1944,2,660,-6925,-10.49,38.2,0.87,-1.35,12778,-1030,-198,1774,71,418,2910,-10253
MGC,ORB,"ORB 08:20 30m BOTH stop OPP 3R entries 90m",719,233,0.32,40.3,1.01,0.10,2384,2,647,-7786,-12.03,35.2,0.86,-1.45,13954,-871,-670,1663,111,318,2962,-11066
MGC,ORB,"ORB 08:20 30m BOTH stop OPP 3R entries 240m",747,433,0.58,40.7,1.02,0.18,2357,2,660,-7493,-11.35,35.8,0.86,-1.39,14017,-923,-591,1779,168,350,2962,-10805
MGC,ORB,"ORB 08:20 30m BOTH stop OPP to 15:55 entries 90m",719,572,0.80,39.4,1.02,0.23,2871,2,647,-8529,-13.18,34.2,0.84,-1.52,14628,-819,-1260,2515,136,1478,2542,-12549
MGC,ORB,"ORB 08:20 30m BOTH stop OPP to 15:55 entries 240m",747,772,1.03,39.8,1.03,0.30,2844,2,660,-8236,-12.48,34.7,0.85,-1.46,14691,-871,-1181,2631,193,1510,2542,-12288
MGC,ORB,"ORB 08:20 30m BOTH stop MID 1R entries 90m",719,-2890,-4.02,48.1,0.81,-2.51,3356,0,647,-7064,-10.92,48.1,0.74,-3.10,7819,-211,-1023,-917,-739,175,-2215,-5024
MGC,ORB,"ORB 08:20 30m BOTH stop MID 1R entries 240m",747,-2858,-3.83,48.2,0.82,-2.38,3357,0,660,-6723,-10.19,48.3,0.75,-2.90,7800,-226,-969,-1037,-626,231,-2215,-4739
MGC,ORB,"ORB 08:20 30m BOTH stop MID 1.5R entries 90m",719,-3097,-4.31,39.9,0.82,-2.39,3623,0,647,-5216,-8.06,40.8,0.82,-1.96,6597,-524,-1386,-922,-264,492,-1270,-4438
MGC,ORB,"ORB 08:20 30m BOTH stop MID 1.5R entries 240m",747,-3138,-4.20,40.2,0.82,-2.34,3664,0,660,-5080,-7.70,41.1,0.83,-1.88,6918,-539,-1362,-1025,-211,548,-1270,-4358
MGC,ORB,"ORB 08:20 30m BOTH stop MID 2R entries 90m",719,-3084,-4.29,34.4,0.83,-2.16,3504,0,647,-6653,-10.28,34.2,0.80,-2.28,8504,-873,-1293,-515,-402,735,-1530,-5858
MGC,ORB,"ORB 08:20 30m BOTH stop MID 2R entries 240m",747,-3065,-4.10,34.8,0.84,-2.07,3548,0,660,-6683,-10.13,34.5,0.80,-2.27,8825,-888,-1287,-575,-314,702,-1530,-5855
MGC,ORB,"ORB 08:20 30m BOTH stop MID 3R entries 90m",719,-3280,-4.56,29.2,0.83,-2.06,3783,0,647,-6247,-9.66,27.7,0.82,-1.83,7280,-862,-1144,-782,-492,182,-753,-5676
MGC,ORB,"ORB 08:20 30m BOTH stop MID 3R entries 240m",747,-3180,-4.26,29.9,0.84,-1.93,3683,0,660,-6277,-9.51,28.2,0.82,-1.83,7601,-877,-1139,-731,-433,149,-753,-5673
MGC,ORB,"ORB 08:20 30m BOTH stop MID to 15:55 entries 90m",719,-2617,-3.64,24.1,0.87,-1.33,3667,0,647,-3689,-5.70,22.6,0.90,-0.85,6996,-824,-1390,-263,-140,1706,153,-5548
MGC,ORB,"ORB 08:20 30m BOTH stop MID to 15:55 entries 240m",747,-2472,-3.31,24.9,0.88,-1.22,3438,0,660,-3718,-5.63,23.2,0.90,-0.85,7317,-839,-1384,-167,-81,1673,153,-5545
MGC,ORB,"ORB 08:20 60m LONG stop OPP 1R entries 90m",395,-657,-1.66,48.4,0.95,-0.45,2026,2,380,-4949,-13.02,51.6,0.84,-1.34,7766,-917,-778,584,454,-13,-223,-4713
MGC,ORB,"ORB 08:20 60m LONG stop OPP 1R entries 240m",455,-545,-1.20,48.6,0.96,-0.36,2005,2,434,-6745,-15.54,50.9,0.80,-1.72,8625,-901,-779,513,622,-365,-420,-5960
MGC,ORB,"ORB 08:20 60m LONG stop OPP 1.5R entries 90m",395,-381,-0.97,45.1,0.97,-0.23,2409,2,380,-5647,-14.86,46.3,0.82,-1.45,8769,-1024,-1024,930,737,700,-600,-5747
MGC,ORB,"ORB 08:20 60m LONG stop OPP 1.5R entries 240m",455,-226,-0.50,45.1,0.98,-0.13,2513,2,434,-7398,-17.05,46.1,0.80,-1.78,9770,-1102,-1070,922,1024,333,-1110,-6621
MGC,ORB,"ORB 08:20 60m LONG stop OPP 2R entries 90m",395,627,1.59,45.1,1.05,0.36,2412,2,380,-5054,-13.30,45.5,0.84,-1.25,8272,-952,-1009,1458,1130,785,78,-5917
MGC,ORB,"ORB 08:20 60m LONG stop OPP 2R entries 240m",455,974,2.14,45.1,1.07,0.55,2516,2,434,-6470,-14.91,45.4,0.82,-1.49,9420,-1029,-1055,1524,1534,440,-346,-6564
MGC,ORB,"ORB 08:20 60m LONG stop OPP 3R entries 90m",395,389,0.98,43.0,1.03,0.22,2239,2,380,-3763,-9.90,44.7,0.88,-0.87,7016,-870,-871,1520,610,185,959,-4907
MGC,ORB,"ORB 08:20 60m LONG stop OPP 3R entries 240m",455,693,1.52,43.1,1.05,0.37,2343,2,434,-4835,-11.14,44.7,0.87,-1.05,7914,-947,-917,1440,1117,-116,615,-5334
MGC,ORB,"ORB 08:20 60m LONG stop OPP to 15:55 entries 90m",395,889,2.25,42.8,1.06,0.48,2231,2,380,-4101,-10.79,44.2,0.87,-0.94,7556,-852,-885,1579,1047,11,1514,-5626
MGC,ORB,"ORB 08:20 60m LONG stop OPP to 15:55 entries 240m",455,1154,2.54,42.9,1.08,0.60,2335,2,434,-5652,-13.02,44.2,0.85,-1.22,8695,-929,-931,1499,1515,-346,977,-6283
MGC,ORB,"ORB 08:20 60m LONG stop MID 1R entries 90m",395,-1383,-3.50,46.6,0.85,-1.47,1812,1,380,-4044,-10.64,49.2,0.79,-1.83,4396,-432,-1143,245,-53,-218,-1949,-1877
MGC,ORB,"ORB 08:20 60m LONG stop MID 1R entries 240m",455,-1251,-2.75,47.5,0.88,-1.26,1840,2,434,-3417,-7.87,49.8,0.84,-1.44,3982,-422,-1131,209,92,-638,-1684,-1095
MGC,ORB,"ORB 08:20 60m LONG stop MID 1.5R entries 90m",395,-1269,-3.21,39.7,0.88,-1.18,1733,1,380,-3220,-8.47,42.4,0.85,-1.30,4628,-652,-854,297,-60,515,-1698,-2038
MGC,ORB,"ORB 08:20 60m LONG stop MID 1.5R entries 240m",455,-1355,-2.98,40.7,0.88,-1.20,1795,1,434,-4277,-9.85,42.2,0.82,-1.61,5445,-631,-932,246,-38,112,-1516,-2873
MGC,ORB,"ORB 08:20 60m LONG stop MID 2R entries 90m",395,-220,-0.56,37.7,0.98,-0.18,1611,2,380,-2429,-6.39,37.6,0.89,-0.90,4045,-664,-734,917,261,61,-1095,-1395
MGC,ORB,"ORB 08:20 60m LONG stop MID 2R entries 240m",455,-225,-0.49,38.7,0.98,-0.18,1690,2,434,-3970,-9.15,37.6,0.84,-1.39,5138,-631,-847,917,336,-420,-1033,-2516
MGC,ORB,"ORB 08:20 60m LONG stop MID 3R entries 90m",395,388,0.98,34.9,1.04,0.28,1789,2,380,-3035,-7.99,32.4,0.87,-1.03,4075,-691,-788,1271,597,361,-1383,-2013
MGC,ORB,"ORB 08:20 60m LONG stop MID 3R entries 240m",455,395,0.87,35.6,1.03,0.28,1983,2,434,-4680,-10.78,32.7,0.83,-1.50,5237,-728,-946,1333,735,-99,-1693,-2888
MGC,ORB,"ORB 08:20 60m LONG stop MID to 15:55 entries 90m",395,1180,2.99,32.9,1.11,0.75,1611,2,380,-732,-1.93,30.5,0.97,-0.21,3818,-519,-649,1719,630,122,565,-1418
MGC,ORB,"ORB 08:20 60m LONG stop MID to 15:55 entries 240m",455,1193,2.62,33.6,1.10,0.73,1805,2,434,-2036,-4.69,31.1,0.93,-0.54,4235,-556,-807,1733,823,-328,285,-1993
MGC,ORB,"ORB 08:20 60m SHORT stop OPP 1R entries 90m",411,956,2.33,52.8,1.08,0.67,1508,3,375,1384,3.69,50.1,1.05,0.37,2582,66,64,1015,-188,-774,45,2113
MGC,ORB,"ORB 08:20 60m SHORT stop OPP 1R entries 240m",460,1110,2.41,52.6,1.08,0.74,1453,4,428,91,0.21,48.8,1.00,0.02,2859,2,33,871,204,-1070,-754,1915
MGC,ORB,"ORB 08:20 60m SHORT stop OPP 1.5R entries 90m",411,777,1.89,47.0,1.06,0.49,1757,2,375,1729,4.61,45.3,1.06,0.41,3206,108,-217,1392,-505,-444,-408,2581
MGC,ORB,"ORB 08:20 60m SHORT stop OPP 1.5R entries 240m",460,880,1.91,47.2,1.06,0.53,1446,2,428,1044,2.44,44.6,1.03,0.24,3384,44,-210,1277,-232,-613,-954,2611
MGC,ORB,"ORB 08:20 60m SHORT stop OPP 2R entries 90m",411,307,0.75,45.0,1.02,0.18,2014,1,375,-2226,-5.94,41.3,0.93,-0.52,3606,-37,-128,1125,-652,-521,-307,-1398
MGC,ORB,"ORB 08:20 60m SHORT stop OPP 2R entries 240m",460,428,0.93,45.4,1.03,0.25,1654,1,428,-2929,-6.84,41.1,0.92,-0.65,3782,-101,-181,1052,-342,-707,-928,-1294
MGC,ORB,"ORB 08:20 60m SHORT stop OPP 3R entries 90m",411,-115,-0.28,44.0,0.99,-0.07,2036,1,375,-1534,-4.09,40.5,0.95,-0.34,3625,-47,-267,925,-725,-903,119,-750
MGC,ORB,"ORB 08:20 60m SHORT stop OPP 3R entries 240m",460,-73,-0.16,44.6,1.00,-0.04,1727,1,428,-2046,-4.78,40.4,0.94,-0.43,3515,-111,-320,825,-467,-1056,-320,-670
MGC,ORB,"ORB 08:20 60m SHORT stop OPP to 15:55 entries 90m",411,-350,-0.85,43.6,0.97,-0.20,2122,2,375,-676,-1.80,40.5,0.98,-0.14,3691,43,-644,911,-659,-434,-1041,799
MGC,ORB,"ORB 08:20 60m SHORT stop OPP to 15:55 entries 240m",460,-308,-0.67,44.1,0.98,-0.17,1864,1,428,-1102,-2.58,40.4,0.97,-0.22,3495,-21,-697,811,-401,-346,-1635,879
MGC,ORB,"ORB 08:20 60m SHORT stop MID 1R entries 90m",411,-223,-0.54,50.9,0.97,-0.24,1479,1,375,-916,-2.44,48.8,0.95,-0.43,1861,220,-215,-148,-79,-914,39,-40
MGC,ORB,"ORB 08:20 60m SHORT stop MID 1R entries 240m",460,-243,-0.53,50.7,0.97,-0.24,1501,2,428,-2532,-5.92,48.6,0.88,-1.09,3332,174,-240,-227,50,-852,-663,-1017
MGC,ORB,"ORB 08:20 60m SHORT stop MID 1.5R entries 90m",411,-425,-1.03,42.3,0.96,-0.39,1460,3,375,1330,3.55,41.1,1.07,0.51,1874,31,163,-771,153,-1494,788,2036
MGC,ORB,"ORB 08:20 60m SHORT stop MID 1.5R entries 240m",460,-414,-0.90,42.6,0.96,-0.36,1667,2,428,-293,-0.69,40.9,0.99,-0.10,2101,-3,200,-937,327,-1519,127,1098
MGC,ORB,"ORB 08:20 60m SHORT stop MID 2R entries 90m",411,-306,-0.74,38.2,0.97,-0.26,1359,0,375,2375,6.33,36.0,1.12,0.81,1970,-74,-29,-162,-40,-1357,2123,1609
MGC,ORB,"ORB 08:20 60m SHORT stop MID 2R entries 240m",460,-312,-0.68,38.7,0.97,-0.25,1385,1,428,98,0.23,35.0,1.00,0.03,2625,-108,-106,-304,206,-1648,1219,527
MGC,ORB,"ORB 08:20 60m SHORT stop MID 3R entries 90m",411,-640,-1.56,32.6,0.94,-0.49,1659,1,375,3628,9.67,31.7,1.17,1.06,1804,-155,-223,32,-293,-812,1799,2641
MGC,ORB,"ORB 08:20 60m SHORT stop MID 3R entries 240m",460,-588,-1.28,33.7,0.95,-0.43,1489,0,428,1803,4.21,31.3,1.07,0.50,2448,-189,-262,-81,-56,-1016,1004,1815
MGC,ORB,"ORB 08:20 60m SHORT stop MID to 15:55 entries 90m",411,-1069,-2.60,30.2,0.91,-0.73,2079,1,375,295,0.79,27.7,1.01,0.08,2305,-252,-610,376,-583,-701,1399,-403
MGC,ORB,"ORB 08:20 60m SHORT stop MID to 15:55 entries 240m",460,-1078,-2.34,31.5,0.92,-0.71,1894,1,428,-1391,-3.25,27.8,0.95,-0.36,2682,-286,-709,278,-361,-1008,769,-1152
MGC,ORB,"ORB 08:20 60m BOTH stop OPP 1R entries 90m",682,935,1.37,51.3,1.04,0.49,1994,2,617,-1511,-2.45,51.7,0.97,-0.31,7325,-874,-775,2139,445,103,1777,-3390
MGC,ORB,"ORB 08:20 60m BOTH stop OPP 1R entries 240m",721,1166,1.62,51.5,1.05,0.59,2067,2,646,-1332,-2.06,51.4,0.97,-0.27,6855,-945,-691,1963,839,-160,2036,-3207
MGC,ORB,"ORB 08:20 60m BOTH stop OPP 1.5R entries 90m",682,1127,1.65,46.9,1.05,0.52,2574,2,617,-1416,-2.30,47.0,0.97,-0.26,7708,-983,-1146,2653,603,1303,977,-3696
MGC,ORB,"ORB 08:20 60m BOTH stop OPP 1.5R entries 240m",721,1420,1.97,47.3,1.06,0.65,2648,2,646,-946,-1.46,46.9,0.98,-0.17,7829,-1053,-1062,2516,1019,1040,1321,-3307
MGC,ORB,"ORB 08:20 60m BOTH stop OPP 2R entries 90m",682,1629,2.39,45.9,1.07,0.72,2577,2,617,-3853,-6.24,44.9,0.93,-0.70,10994,-898,-1153,2729,951,1427,1834,-7113
MGC,ORB,"ORB 08:20 60m BOTH stop OPP 2R entries 240m",721,2025,2.81,46.3,1.08,0.88,2651,2,646,-3375,-5.22,44.9,0.94,-0.60,10219,-969,-1069,2644,1419,1164,1965,-6503
MGC,ORB,"ORB 08:20 60m BOTH stop OPP 3R entries 90m",682,873,1.28,44.4,1.04,0.38,2741,2,617,-2506,-4.06,43.9,0.95,-0.43,9914,-884,-1288,2636,409,500,2911,-5916
MGC,ORB,"ORB 08:20 60m BOTH stop OPP 3R entries 240m",721,1260,1.75,44.9,1.05,0.53,2815,2,646,-1986,-3.07,44.0,0.96,-0.34,9527,-955,-1204,2544,875,237,3042,-5264
MGC,ORB,"ORB 08:20 60m BOTH stop OPP to 15:55 entries 90m",682,1064,1.56,44.0,1.04,0.44,2885,2,617,-2522,-4.09,43.6,0.95,-0.42,9812,-866,-1623,2692,861,774,2217,-5512
MGC,ORB,"ORB 08:20 60m BOTH stop OPP to 15:55 entries 240m",721,1451,2.01,44.5,1.06,0.59,2959,2,646,-2002,-3.10,43.7,0.96,-0.33,10276,-937,-1539,2600,1327,511,2348,-4860
MGC,ORB,"ORB 08:20 60m BOTH stop MID 1R entries 90m",682,-675,-0.99,50.0,0.96,-0.53,1614,2,617,-3035,-4.92,51.2,0.90,-1.08,4810,-194,-1120,408,232,-97,-1026,-1912
MGC,ORB,"ORB 08:20 60m BOTH stop MID 1R entries 240m",721,-476,-0.66,50.3,0.97,-0.36,1675,2,646,-3646,-5.64,50.8,0.88,-1.27,4853,-227,-1072,277,546,-368,-1302,-1976
MGC,ORB,"ORB 08:20 60m BOTH stop MID 1.5R entries 90m",682,-860,-1.26,41.9,0.95,-0.59,1563,2,617,-1078,-1.75,43.1,0.97,-0.33,4281,-677,-545,37,325,-19,-81,-978
MGC,ORB,"ORB 08:20 60m BOTH stop MID 1.5R entries 240m",721,-709,-0.98,42.6,0.96,-0.47,1695,1,646,-2070,-3.20,42.7,0.94,-0.61,4431,-710,-540,-117,658,-285,-276,-1508
MGC,ORB,"ORB 08:20 60m BOTH stop MID 2R entries 90m",682,244,0.36,39.0,1.01,0.15,1531,2,617,1476,2.39,38.2,1.04,0.40,2289,-789,-570,1141,462,-379,2031,-176
MGC,ORB,"ORB 08:20 60m BOTH stop MID 2R entries 240m",721,459,0.64,39.8,1.02,0.28,1598,2,646,587,0.91,38.1,1.02,0.15,3149,-822,-565,990,856,-734,1917,-595
MGC,ORB,"ORB 08:20 60m BOTH stop MID 3R entries 90m",682,511,0.75,34.6,1.03,0.28,1660,2,617,2039,3.30,33.5,1.05,0.48,3427,-911,-530,1462,490,378,1637,24
MGC,ORB,"ORB 08:20 60m BOTH stop MID 3R entries 240m",721,789,1.09,35.6,1.04,0.43,1728,2,646,1312,2.03,33.6,1.03,0.31,4087,-944,-524,1351,907,23,1464,-174
MGC,ORB,"ORB 08:20 60m BOTH stop MID to 15:55 entries 90m",682,927,1.36,32.4,1.05,0.45,1898,2,617,1942,3.15,30.8,1.05,0.41,4979,-686,-960,2125,447,426,2914,-1398
MGC,ORB,"ORB 08:20 60m BOTH stop MID to 15:55 entries 240m",721,1298,1.80,33.6,1.06,0.62,1966,2,646,1479,2.29,31.0,1.04,0.31,5639,-719,-954,2059,913,71,2741,-1333
MGC,ORB,"ORB 09:30 5m LONG stop OPP 1R entries 90m",619,-1904,-3.08,48.1,0.82,-2.29,2019,0,545,-1481,-2.72,49.0,0.93,-0.68,1959,-178,-880,-402,-444,-836,-294,-351
MGC,ORB,"ORB 09:30 5m LONG stop OPP 1R entries 240m",650,-2069,-3.18,47.8,0.81,-2.43,2168,0,576,-845,-1.47,49.5,0.96,-0.38,2134,-220,-988,-365,-496,-912,352,-284
MGC,ORB,"ORB 09:30 5m LONG stop OPP 1.5R entries 90m",619,-2618,-4.23,38.1,0.79,-2.68,2704,0,545,-1128,-2.07,40.7,0.95,-0.44,2880,-373,-846,-913,-487,-488,422,-1062
MGC,ORB,"ORB 09:30 5m LONG stop OPP 1.5R entries 240m",650,-2708,-4.17,38.2,0.79,-2.70,2794,0,576,-476,-0.83,41.1,0.98,-0.18,2888,-415,-913,-862,-518,-615,1272,-1133
MGC,ORB,"ORB 09:30 5m LONG stop OPP 2R entries 90m",619,-1776,-2.87,33.8,0.87,-1.59,1973,0,545,-2062,-3.78,34.9,0.92,-0.72,2852,-340,-527,-600,-309,-223,-403,-1436
MGC,ORB,"ORB 09:30 5m LONG stop OPP 2R entries 240m",650,-1837,-2.83,34.0,0.87,-1.61,2020,0,576,-1459,-2.53,35.2,0.95,-0.49,2811,-382,-553,-590,-312,-331,244,-1371
MGC,ORB,"ORB 09:30 5m LONG stop OPP 3R entries 90m",619,-1020,-1.65,29.7,0.93,-0.80,1373,1,545,-342,-0.63,30.3,0.99,-0.10,3081,-464,-584,417,-389,-22,295,-615
MGC,ORB,"ORB 09:30 5m LONG stop OPP 3R entries 240m",650,-1031,-1.59,30.2,0.93,-0.79,1480,1,576,-53,-0.09,30.7,1.00,-0.02,3074,-506,-649,472,-348,-91,533,-494
MGC,ORB,"ORB 09:30 5m LONG stop OPP to 15:55 entries 90m",619,-642,-1.04,25.2,0.96,-0.40,1559,1,545,-596,-1.09,26.1,0.98,-0.16,4593,-153,-984,662,-167,-248,2314,-2662
MGC,ORB,"ORB 09:30 5m LONG stop OPP to 15:55 entries 240m",650,-604,-0.93,25.8,0.96,-0.37,1624,1,576,-263,-0.46,26.7,0.99,-0.07,4801,-195,-1049,786,-146,-133,2552,-2681
MGC,ORB,"ORB 09:30 5m LONG stop MID 1R entries 90m",619,-2696,-4.36,42.0,0.58,-6.34,2744,0,545,-3978,-7.30,40.6,0.68,-3.61,3978,-233,-902,-606,-954,-1438,-1229,-1311
MGC,ORB,"ORB 09:30 5m LONG stop MID 1R entries 240m",650,-2709,-4.17,42.5,0.60,-6.19,2775,0,576,-3725,-6.47,41.3,0.71,-3.28,3725,-216,-955,-566,-973,-1499,-1004,-1222
MGC,ORB,"ORB 09:30 5m LONG stop MID 1.5R entries 90m",619,-2671,-4.32,34.4,0.64,-5.25,2759,0,545,-3784,-6.94,33.4,0.73,-2.87,3784,-192,-734,-609,-1136,-1436,-1057,-1291
MGC,ORB,"ORB 09:30 5m LONG stop MID 1.5R entries 240m",650,-2838,-4.37,34.2,0.63,-5.44,2904,0,576,-3502,-6.08,34.2,0.76,-2.58,3502,-215,-826,-628,-1170,-1510,-636,-1356
MGC,ORB,"ORB 09:30 5m LONG stop MID 2R entries 90m",619,-2596,-4.19,29.2,0.67,-4.48,2655,0,545,-2562,-4.70,29.0,0.83,-1.66,2562,-237,-918,-486,-955,-1414,-673,-474
MGC,ORB,"ORB 09:30 5m LONG stop MID 2R entries 240m",650,-2698,-4.15,29.2,0.68,-4.54,2757,0,576,-2197,-3.81,29.7,0.86,-1.38,2331,-259,-998,-481,-960,-1517,-199,-480
MGC,ORB,"ORB 09:30 5m LONG stop MID 3R entries 90m",619,-3263,-5.27,20.8,0.64,-4.84,3318,0,545,-3460,-6.35,21.8,0.79,-1.94,3460,-301,-1048,-1019,-895,-1547,-407,-1506
MGC,ORB,"ORB 09:30 5m LONG stop MID 3R entries 240m",650,-3328,-5.12,21.1,0.64,-4.79,3382,0,576,-3090,-5.37,22.6,0.82,-1.68,3090,-323,-1105,-1003,-897,-1679,256,-1667
MGC,ORB,"ORB 09:30 5m LONG stop MID to 15:55 entries 90m",619,-3187,-5.15,12.0,0.68,-3.04,3210,0,545,-526,-0.97,13.6,0.97,-0.18,3045,-273,-969,-746,-1199,-651,1734,-1610
MGC,ORB,"ORB 09:30 5m LONG stop MID to 15:55 entries 240m",650,-3345,-5.15,12.5,0.68,-3.16,3368,0,576,-801,-1.39,14.1,0.96,-0.27,3158,-295,-1043,-825,-1181,-783,1817,-1836
MGC,ORB,"ORB 09:30 5m SHORT stop OPP 1R entries 90m",612,-565,-0.92,51.6,0.94,-0.67,953,1,549,1676,3.05,51.4,1.08,0.76,1742,-126,208,-165,-481,-276,-219,2171
MGC,ORB,"ORB 09:30 5m SHORT stop OPP 1R entries 240m",638,-388,-0.61,51.7,0.96,-0.46,918,1,566,1301,2.30,51.1,1.06,0.58,1978,-154,319,-125,-428,-279,-453,2033
MGC,ORB,"ORB 09:30 5m SHORT stop OPP 1.5R entries 90m",612,-815,-1.33,41.5,0.93,-0.80,1348,2,549,2030,3.70,41.9,1.08,0.73,1690,58,177,-612,-437,-65,-70,2166
MGC,ORB,"ORB 09:30 5m SHORT stop OPP 1.5R entries 240m",638,-667,-1.05,41.7,0.95,-0.64,1297,2,566,1834,3.24,41.9,1.07,0.65,1782,30,239,-619,-318,-40,-290,2164
MGC,ORB,"ORB 09:30 5m SHORT stop OPP 2R entries 90m",612,-292,-0.48,36.8,0.98,-0.25,1305,2,549,2528,4.60,35.0,1.10,0.78,2130,79,347,-204,-513,-442,712,2258
MGC,ORB,"ORB 09:30 5m SHORT stop OPP 2R entries 240m",638,-174,-0.27,37.1,0.99,-0.15,1337,2,566,2285,4.04,34.8,1.08,0.69,2518,51,443,-211,-457,-562,455,2392
MGC,ORB,"ORB 09:30 5m SHORT stop OPP 3R entries 90m",612,-405,-0.66,30.6,0.97,-0.30,1227,1,549,746,1.36,27.3,1.03,0.20,2449,236,-306,-287,-47,-385,-813,1944
MGC,ORB,"ORB 09:30 5m SHORT stop OPP 3R entries 240m",638,-241,-0.38,31.2,0.98,-0.18,1042,2,566,-256,-0.45,27.0,0.99,-0.07,2767,208,-185,-294,30,-505,-1011,1260
MGC,ORB,"ORB 09:30 5m SHORT stop OPP to 15:55 entries 90m",612,-1608,-2.63,24.7,0.89,-1.02,2079,1,549,-3243,-5.91,23.7,0.89,-0.86,4564,59,-722,-386,-558,-834,-609,-1800
MGC,ORB,"ORB 09:30 5m SHORT stop OPP to 15:55 entries 240m",638,-1485,-2.33,25.5,0.90,-0.93,1944,1,566,-4289,-7.58,23.5,0.87,-1.13,5508,31,-575,-393,-548,-954,-851,-2484
MGC,ORB,"ORB 09:30 5m SHORT stop MID 1R entries 90m",612,-2527,-4.13,42.2,0.60,-5.92,2534,0,549,-5317,-9.69,40.1,0.60,-4.82,5595,-279,-447,-934,-867,-1021,-1302,-2993
MGC,ORB,"ORB 09:30 5m SHORT stop MID 1R entries 240m",638,-2565,-4.02,42.3,0.61,-5.87,2572,0,566,-5675,-10.03,39.8,0.59,-5.04,5953,-294,-508,-913,-849,-1086,-1490,-3099
MGC,ORB,"ORB 09:30 5m SHORT stop MID 1.5R entries 90m",612,-2217,-3.62,34.6,0.69,-4.24,2229,0,549,-4097,-7.46,34.4,0.72,-3.11,4436,-227,-419,-728,-843,-789,-699,-2609
MGC,ORB,"ORB 09:30 5m SHORT stop MID 1.5R entries 240m",638,-2155,-3.38,35.1,0.71,-4.02,2167,0,566,-4473,-7.90,34.1,0.70,-3.33,4812,-243,-445,-675,-792,-853,-973,-2647
MGC,ORB,"ORB 09:30 5m SHORT stop MID 2R entries 90m",612,-1837,-3.00,30.4,0.76,-3.02,1861,0,549,-3209,-5.84,29.3,0.79,-2.09,3786,-242,-447,-472,-676,-955,-737,-1517
MGC,ORB,"ORB 09:30 5m SHORT stop MID 2R entries 240m",638,-1760,-2.76,30.7,0.78,-2.82,1790,0,566,-3492,-6.17,29.2,0.78,-2.23,4069,-257,-495,-415,-592,-1019,-986,-1487
MGC,ORB,"ORB 09:30 5m SHORT stop MID 3R entries 90m",612,-1678,-2.74,23.0,0.80,-2.22,1733,0,549,-3185,-5.80,22.2,0.81,-1.74,3986,-133,-596,-577,-372,-856,-809,-1519
MGC,ORB,"ORB 09:30 5m SHORT stop MID 3R entries 240m",638,-1634,-2.56,23.4,0.81,-2.12,1743,0,566,-3365,-5.94,22.1,0.81,-1.79,4167,-148,-709,-556,-220,-920,-1091,-1353
MGC,ORB,"ORB 09:30 5m SHORT stop MID to 15:55 entries 90m",612,-1530,-2.50,12.4,0.84,-1.23,1912,1,549,-6268,-11.42,10.9,0.68,-2.54,7155,-206,-1177,289,-436,-342,-2179,-3746
MGC,ORB,"ORB 09:30 5m SHORT stop MID to 15:55 entries 240m",638,-1638,-2.57,13.0,0.83,-1.31,2034,1,566,-6949,-12.28,10.8,0.66,-2.80,7655,-221,-1290,310,-437,-407,-2416,-4126
MGC,ORB,"ORB 09:30 5m BOTH stop OPP 1R entries 90m",761,-2187,-2.87,48.5,0.84,-2.29,2239,0,666,-1221,-1.83,50.8,0.95,-0.49,2830,-180,-756,-797,-454,-558,-960,298
MGC,ORB,"ORB 09:30 5m BOTH stop OPP 1R entries 240m",761,-2187,-2.87,48.5,0.84,-2.29,2239,0,666,-1221,-1.83,50.8,0.95,-0.49,2830,-180,-756,-797,-454,-558,-960,298
MGC,ORB,"ORB 09:30 5m BOTH stop OPP 1.5R entries 90m",761,-2457,-3.23,38.6,0.84,-2.13,2567,0,666,-3385,-5.08,40.1,0.89,-1.15,4303,-154,-916,-943,-444,-478,-1627,-1280
MGC,ORB,"ORB 09:30 5m BOTH stop OPP 1.5R entries 240m",761,-2457,-3.23,38.6,0.84,-2.13,2567,0,666,-3385,-5.08,40.1,0.89,-1.15,4303,-154,-916,-943,-444,-478,-1627,-1280
MGC,ORB,"ORB 09:30 5m BOTH stop OPP 2R entries 90m",761,-1431,-1.88,34.0,0.91,-1.08,1592,0,666,-3316,-4.98,33.6,0.90,-0.98,4253,-146,-482,-488,-315,-653,-1912,-750
MGC,ORB,"ORB 09:30 5m BOTH stop OPP 2R entries 240m",761,-1431,-1.88,34.0,0.91,-1.08,1592,0,666,-3316,-4.98,33.6,0.90,-0.98,4253,-146,-482,-488,-315,-653,-1912,-750
MGC,ORB,"ORB 09:30 5m BOTH stop OPP 3R entries 90m",761,-1041,-1.37,28.8,0.94,-0.68,1512,1,666,-4160,-6.25,27.0,0.89,-1.06,5411,-105,-890,96,-142,-776,-2485,-898
MGC,ORB,"ORB 09:30 5m BOTH stop OPP 3R entries 240m",761,-1041,-1.37,28.8,0.94,-0.68,1512,1,666,-4160,-6.25,27.0,0.89,-1.06,5411,-105,-890,96,-142,-776,-2485,-898
MGC,ORB,"ORB 09:30 5m BOTH stop OPP to 15:55 entries 90m",761,-1899,-2.50,23.5,0.90,-1.04,2161,1,666,-5443,-8.17,22.8,0.86,-1.25,6499,-34,-1576,186,-475,-898,-677,-3867
MGC,ORB,"ORB 09:30 5m BOTH stop OPP to 15:55 entries 240m",761,-1899,-2.50,23.5,0.90,-1.04,2161,1,666,-5443,-8.17,22.8,0.86,-1.25,6499,-34,-1576,186,-475,-898,-677,-3867
MGC,ORB,"ORB 09:30 5m BOTH stop MID 1R entries 90m",761,-2561,-3.37,45.3,0.66,-5.23,2616,0,666,-3994,-6.00,45.0,0.73,-3.18,4048,-326,-941,-709,-585,-1157,-1153,-1684
MGC,ORB,"ORB 09:30 5m BOTH stop MID 1R entries 240m",761,-2561,-3.37,45.3,0.66,-5.23,2616,0,666,-3994,-6.00,45.0,0.73,-3.18,4048,-326,-941,-709,-585,-1157,-1153,-1684
MGC,ORB,"ORB 09:30 5m BOTH stop MID 1.5R entries 90m",761,-2667,-3.50,36.3,0.70,-4.50,2683,0,666,-3707,-5.57,37.5,0.79,-2.47,3903,-288,-1050,-564,-765,-887,-1027,-1793
MGC,ORB,"ORB 09:30 5m BOTH stop MID 1.5R entries 240m",761,-2667,-3.50,36.3,0.70,-4.50,2683,0,666,-3707,-5.57,37.5,0.79,-2.47,3903,-288,-1050,-564,-765,-887,-1027,-1793
MGC,ORB,"ORB 09:30 5m BOTH stop MID 2R entries 90m",761,-2303,-3.03,31.3,0.76,-3.36,2332,0,666,-2263,-3.40,32.3,0.88,-1.29,2806,-318,-1074,-337,-574,-1137,-801,-326
MGC,ORB,"ORB 09:30 5m BOTH stop MID 2R entries 240m",761,-2303,-3.03,31.3,0.76,-3.36,2332,0,666,-2263,-3.40,32.3,0.88,-1.29,2806,-318,-1074,-337,-574,-1137,-801,-326
MGC,ORB,"ORB 09:30 5m BOTH stop MID 3R entries 90m",761,-2401,-3.15,23.1,0.78,-2.85,2456,0,666,-3963,-5.95,23.3,0.81,-1.94,4566,-235,-1275,-552,-339,-1389,-1463,-1110
MGC,ORB,"ORB 09:30 5m BOTH stop MID 3R entries 240m",761,-2401,-3.15,23.1,0.78,-2.85,2456,0,666,-3963,-5.95,23.3,0.81,-1.94,4566,-235,-1275,-552,-339,-1389,-1463,-1110
MGC,ORB,"ORB 09:30 5m BOTH stop MID to 15:55 entries 90m",761,-2100,-2.76,12.7,0.83,-1.53,2240,1,666,-4090,-6.14,12.0,0.83,-1.30,4591,-194,-1367,53,-593,-672,-1260,-2158
MGC,ORB,"ORB 09:30 5m BOTH stop MID to 15:55 entries 240m",761,-2100,-2.76,12.7,0.83,-1.53,2240,1,666,-4090,-6.14,12.0,0.83,-1.30,4591,-194,-1367,53,-593,-672,-1260,-2158
MGC,ORB,"ORB 09:30 15m LONG stop OPP 1R entries 90m",511,499,0.98,52.3,1.04,0.44,1238,2,466,-905,-1.94,51.3,0.96,-0.31,4526,-304,320,707,-223,273,1184,-2362
MGC,ORB,"ORB 09:30 15m LONG stop OPP 1R entries 240m",553,409,0.74,51.7,1.03,0.35,1245,2,511,-790,-1.55,51.3,0.97,-0.27,4911,-331,296,653,-210,431,1301,-2522
MGC,ORB,"ORB 09:30 15m LONG stop OPP 1.5R entries 90m",511,226,0.44,44.8,1.02,0.17,1449,2,466,-2378,-5.10,42.9,0.92,-0.72,4774,-449,477,731,-533,254,527,-3159
MGC,ORB,"ORB 09:30 15m LONG stop OPP 1.5R entries 240m",553,198,0.36,44.8,1.01,0.15,1450,2,511,-2388,-4.67,42.9,0.92,-0.70,5152,-476,479,682,-487,345,538,-3271
MGC,ORB,"ORB 09:30 15m LONG stop OPP 2R entries 90m",511,-355,-0.69,39.9,0.97,-0.26,1725,2,466,-1624,-3.48,40.3,0.95,-0.46,4530,-496,167,700,-725,192,1201,-3017
MGC,ORB,"ORB 09:30 15m LONG stop OPP 2R entries 240m",553,-579,-1.05,40.1,0.96,-0.41,1772,2,511,-1918,-3.75,40.3,0.94,-0.53,4932,-523,119,525,-701,347,1042,-3307
MGC,ORB,"ORB 09:30 15m LONG stop OPP 3R entries 90m",511,-108,-0.21,38.6,0.99,-0.07,1820,1,466,-1076,-2.31,38.2,0.97,-0.29,5406,-445,-260,935,-337,-188,2607,-3495
MGC,ORB,"ORB 09:30 15m LONG stop OPP 3R entries 240m",553,-298,-0.54,38.9,0.98,-0.20,1867,1,511,-1252,-2.45,38.4,0.96,-0.32,5886,-472,-308,811,-330,8,2448,-3708
MGC,ORB,"ORB 09:30 15m LONG stop OPP to 15:55 entries 90m",511,1340,2.62,38.0,1.10,0.79,1937,2,466,763,1.64,37.6,1.02,0.19,5847,-425,-300,1870,196,-275,3697,-2659
MGC,ORB,"ORB 09:30 15m LONG stop OPP to 15:55 entries 240m",553,1149,2.08,38.3,1.08,0.66,1984,2,511,753,1.47,37.8,1.02,0.18,6373,-452,-348,1745,203,-79,3538,-2706
MGC,ORB,"ORB 09:30 15m LONG stop MID 1R entries 90m",511,-2046,-4.00,45.6,0.73,-3.25,2140,0,466,-2926,-6.28,45.7,0.82,-1.79,3043,-270,-767,-486,-522,-1522,758,-2162
MGC,ORB,"ORB 09:30 15m LONG stop MID 1R entries 240m",553,-2064,-3.73,45.9,0.75,-3.16,2177,0,511,-2673,-5.23,46.2,0.84,-1.57,2752,-227,-794,-484,-559,-1619,1134,-2188
MGC,ORB,"ORB 09:30 15m LONG stop MID 1.5R entries 90m",511,-1621,-3.17,38.4,0.81,-2.15,1719,0,466,-2381,-5.11,38.6,0.87,-1.23,2985,-357,-291,-661,-312,-924,1438,-2894
MGC,ORB,"ORB 09:30 15m LONG stop MID 1.5R entries 240m",553,-1516,-2.74,38.9,0.84,-1.94,1614,0,511,-2044,-4.00,38.9,0.90,-1.01,2882,-340,-245,-620,-311,-1008,1755,-2791
MGC,ORB,"ORB 09:30 15m LONG stop MID 2R entries 90m",511,-1810,-3.54,32.9,0.81,-2.16,1896,0,466,-4294,-9.21,32.2,0.79,-2.04,4811,-327,-341,-722,-420,-555,717,-4456
MGC,ORB,"ORB 09:30 15m LONG stop MID 2R entries 240m",553,-1638,-2.96,33.6,0.84,-1.88,1725,0,511,-4349,-8.51,32.5,0.80,-1.99,4965,-334,-319,-611,-374,-608,794,-4535
MGC,ORB,"ORB 09:30 15m LONG stop MID 3R entries 90m",511,-1542,-3.02,27.6,0.85,-1.58,1647,0,466,-4165,-8.94,26.8,0.81,-1.74,5253,-416,-280,-427,-419,-457,666,-4374
MGC,ORB,"ORB 09:30 15m LONG stop MID 3R entries 240m",553,-1364,-2.47,28.6,0.87,-1.35,1469,0,511,-4080,-7.98,27.2,0.83,-1.63,4808,-423,-232,-368,-341,-527,637,-4190
MGC,ORB,"ORB 09:30 15m LONG stop MID to 15:55 entries 90m",511,-1701,-3.33,22.1,0.84,-1.36,1712,0,466,-2138,-4.59,21.7,0.91,-0.66,5000,-405,-795,-241,-259,-1174,3001,-3965
MGC,ORB,"ORB 09:30 15m LONG stop MID to 15:55 entries 240m",553,-1657,-3.00,23.3,0.85,-1.29,1733,0,511,-2020,-3.95,22.3,0.92,-0.61,4831,-412,-797,-228,-219,-1138,2834,-3716
MGC,ORB,"ORB 09:30 15m SHORT stop OPP 1R entries 90m",511,-495,-0.97,50.7,0.96,-0.42,1144,2,466,-3209,-6.89,49.1,0.89,-0.97,5275,81,-268,149,-457,-396,-2249,-563
MGC,ORB,"ORB 09:30 15m SHORT stop OPP 1R entries 240m",548,-254,-0.46,50.7,0.98,-0.21,1097,2,497,-2888,-5.81,49.1,0.91,-0.84,5213,71,-106,280,-499,-392,-2196,-299
MGC,ORB,"ORB 09:30 15m SHORT stop OPP 1.5R entries 90m",511,-348,-0.68,43.8,0.97,-0.25,1198,2,466,-2456,-5.27,42.1,0.92,-0.66,4658,154,-568,616,-550,-1099,-792,-566
MGC,ORB,"ORB 09:30 15m SHORT stop OPP 1.5R entries 240m",548,0,0.00,44.3,1.00,0.00,1006,2,497,-3266,-6.57,42.1,0.90,-0.85,5157,144,-394,803,-553,-1025,-806,-1434
MGC,ORB,"ORB 09:30 15m SHORT stop OPP 2R entries 90m",511,-322,-0.63,39.9,0.98,-0.21,1112,1,466,-2185,-4.69,39.1,0.93,-0.57,4684,-231,-511,985,-565,-1051,-557,-576
MGC,ORB,"ORB 09:30 15m SHORT stop OPP 2R entries 240m",548,195,0.36,40.7,1.01,0.13,954,1,497,-2839,-5.71,39.2,0.92,-0.72,5027,-241,-290,1241,-515,-899,-619,-1320
MGC,ORB,"ORB 09:30 15m SHORT stop OPP 3R entries 90m",511,-618,-1.21,37.0,0.96,-0.39,1542,1,466,-1435,-3.08,36.7,0.96,-0.34,4621,-336,-597,465,-150,-722,-384,-328
MGC,ORB,"ORB 09:30 15m SHORT stop OPP 3R entries 240m",548,-74,-0.14,37.8,1.00,-0.05,1406,2,497,-1755,-3.53,37.0,0.95,-0.40,4620,-346,-531,797,6,-453,-368,-933
MGC,ORB,"ORB 09:30 15m SHORT stop OPP to 15:55 entries 90m",511,-765,-1.50,36.6,0.95,-0.47,1693,1,466,-4686,-10.06,35.8,0.86,-1.13,7474,-225,-912,675,-303,-1018,-2221,-1446
MGC,ORB,"ORB 09:30 15m SHORT stop OPP to 15:55 entries 240m",548,-452,-0.83,37.2,0.97,-0.27,1549,1,497,-4952,-9.96,36.2,0.86,-1.15,7419,-235,-838,832,-211,-594,-2306,-2051
MGC,ORB,"ORB 09:30 15m SHORT stop MID 1R entries 90m",511,-432,-0.85,51.5,0.94,-0.67,790,1,466,-1399,-3.00,46.8,0.91,-0.82,2729,-298,-127,494,-501,-765,-1418,785
MGC,ORB,"ORB 09:30 15m SHORT stop MID 1R entries 240m",548,-471,-0.86,51.3,0.94,-0.72,875,1,497,-1515,-3.05,46.7,0.91,-0.85,2743,-317,-95,530,-590,-909,-1288,682
MGC,ORB,"ORB 09:30 15m SHORT stop MID 1.5R entries 90m",511,-23,-0.04,43.2,1.00,-0.03,670,1,466,-1434,-3.08,36.3,0.92,-0.66,3574,-240,-48,411,-145,-785,-1832,1183
MGC,ORB,"ORB 09:30 15m SHORT stop MID 1.5R entries 240m",548,15,0.03,43.2,1.00,0.02,692,1,497,-1391,-2.80,36.2,0.93,-0.61,3686,-260,-12,474,-187,-945,-1784,1338
MGC,ORB,"ORB 09:30 15m SHORT stop MID 2R entries 90m",511,-254,-0.50,35.6,0.97,-0.28,884,2,466,-3365,-7.22,29.6,0.84,-1.37,4646,-243,-377,225,142,-857,-2410,-99
MGC,ORB,"ORB 09:30 15m SHORT stop MID 2R entries 240m",548,-287,-0.52,35.6,0.97,-0.31,893,2,497,-3551,-7.14,29.4,0.84,-1.38,4713,-262,-415,274,116,-973,-2396,-182
MGC,ORB,"ORB 09:30 15m SHORT stop MID 3R entries 90m",511,-377,-0.74,29.0,0.96,-0.35,1013,1,466,-3616,-7.76,22.7,0.84,-1.30,4608,-108,-455,497,-311,-1245,-1867,-504
MGC,ORB,"ORB 09:30 15m SHORT stop MID 3R entries 240m",548,-360,-0.66,29.4,0.97,-0.33,1019,1,497,-5010,-10.08,22.3,0.79,-1.77,5695,-128,-528,592,-297,-1583,-1921,-1505
MGC,ORB,"ORB 09:30 15m SHORT stop MID to 15:55 entries 90m",511,-159,-0.31,23.9,0.98,-0.12,1584,1,466,-5684,-12.20,18.2,0.75,-1.86,6739,-506,-712,1096,-36,-1099,-2970,-1615
MGC,ORB,"ORB 09:30 15m SHORT stop MID to 15:55 entries 240m",548,-177,-0.32,24.3,0.98,-0.13,1739,2,497,-7148,-14.38,18.1,0.71,-2.31,7896,-526,-785,1104,29,-1437,-3094,-2616
MGC,ORB,"ORB 09:30 15m BOTH stop OPP 1R entries 90m",753,559,0.74,52.1,1.03,0.38,1181,2,659,-4640,-7.04,49.8,0.89,-1.19,5325,-21,279,776,-475,-408,-1059,-3174
MGC,ORB,"ORB 09:30 15m BOTH stop OPP 1R entries 240m",757,603,0.80,52.0,1.03,0.41,1181,2,664,-4661,-7.02,49.7,0.89,-1.19,5506,-21,296,804,-475,-467,-746,-3448
MGC,ORB,"ORB 09:30 15m BOTH stop OPP 1.5R entries 90m",753,746,0.99,44.9,1.04,0.44,1354,3,659,-6050,-9.18,41.7,0.87,-1.39,7337,10,307,1306,-877,-1323,-778,-3950
MGC,ORB,"ORB 09:30 15m BOTH stop OPP 1.5R entries 240m",757,785,1.04,44.9,1.04,0.46,1354,3,664,-6221,-9.37,41.7,0.87,-1.43,7508,10,315,1336,-877,-1381,-616,-4224
MGC,ORB,"ORB 09:30 15m BOTH stop OPP 2R entries 90m",753,-149,-0.20,39.7,0.99,-0.08,1834,1,659,-6019,-9.13,39.2,0.87,-1.35,7448,-269,-201,1550,-1229,-1217,456,-5259
MGC,ORB,"ORB 09:30 15m BOTH stop OPP 2R entries 240m",757,-111,-0.15,39.8,0.99,-0.06,1834,1,664,-6190,-9.32,39.2,0.87,-1.39,7723,-269,-193,1581,-1229,-1276,619,-5533
MGC,ORB,"ORB 09:30 15m BOTH stop OPP 3R entries 90m",753,-769,-1.02,37.2,0.96,-0.40,1716,1,659,-5460,-8.29,36.6,0.89,-1.12,8081,-338,-851,1326,-906,-1430,1412,-5443
MGC,ORB,"ORB 09:30 15m BOTH stop OPP 3R entries 240m",757,-731,-0.97,37.3,0.97,-0.38,1716,1,664,-5631,-8.48,36.6,0.89,-1.15,8355,-338,-843,1357,-906,-1489,1575,-5717
MGC,ORB,"ORB 09:30 15m BOTH stop OPP to 15:55 entries 90m",753,299,0.40,36.5,1.01,0.14,1828,1,659,-7134,-10.83,36.0,0.85,-1.45,9274,-210,-986,2333,-838,-1527,1034,-6642
MGC,ORB,"ORB 09:30 15m BOTH stop OPP to 15:55 entries 240m",757,337,0.45,36.6,1.02,0.16,1828,1,664,-7305,-11.00,36.0,0.85,-1.49,9548,-210,-978,2364,-838,-1586,1197,-6916
MGC,ORB,"ORB 09:30 15m BOTH stop MID 1R entries 90m",753,-1290,-1.71,50.5,0.88,-1.61,1522,1,659,-3313,-5.03,47.0,0.85,-1.59,3545,-483,-652,170,-325,-1451,-492,-1371
MGC,ORB,"ORB 09:30 15m BOTH stop MID 1R entries 240m",757,-1290,-1.70,50.5,0.88,-1.61,1521,1,664,-3225,-4.86,47.1,0.86,-1.53,3421,-483,-664,181,-325,-1456,-259,-1510
MGC,ORB,"ORB 09:30 15m BOTH stop MID 1.5R entries 90m",753,-835,-1.11,41.8,0.93,-0.86,1120,0,659,-3142,-4.77,38.1,0.88,-1.22,3283,-400,-252,-130,-52,-1218,-123,-1801
MGC,ORB,"ORB 09:30 15m BOTH stop MID 1.5R entries 240m",757,-804,-1.06,41.9,0.94,-0.82,1089,0,664,-3108,-4.68,38.1,0.88,-1.20,3313,-400,-250,-102,-52,-1249,81,-1939
MGC,ORB,"ORB 09:30 15m BOTH stop MID 2R entries 90m",753,-1171,-1.55,34.8,0.92,-1.06,1319,0,659,-6136,-9.31,31.7,0.80,-2.16,6425,-366,-498,-237,-71,-959,-911,-4267
MGC,ORB,"ORB 09:30 15m BOTH stop MID 2R entries 240m",757,-1110,-1.47,34.9,0.92,-1.00,1258,0,664,-6013,-9.06,31.8,0.80,-2.10,6302,-366,-482,-191,-71,-990,-618,-4405
MGC,ORB,"ORB 09:30 15m BOTH stop MID 3R entries 90m",753,-649,-0.86,28.8,0.96,-0.49,1046,1,659,-7273,-11.04,24.9,0.78,-2.31,7849,-279,-338,342,-374,-1368,-502,-5404
MGC,ORB,"ORB 09:30 15m BOTH stop MID 3R entries 240m",757,-595,-0.79,28.9,0.96,-0.45,1046,1,664,-7300,-10.99,25.0,0.78,-2.31,7876,-279,-332,390,-374,-1399,-359,-5542
MGC,ORB,"ORB 09:30 15m BOTH stop MID to 15:55 entries 90m",753,-1523,-2.02,22.7,0.91,-0.95,2304,1,659,-8534,-12.95,20.0,0.75,-2.36,8665,-584,-1237,839,-541,-1547,127,-7114
MGC,ORB,"ORB 09:30 15m BOTH stop MID to 15:55 entries 240m",757,-1469,-1.94,22.9,0.91,-0.92,2249,1,664,-8561,-12.89,20.2,0.75,-2.36,8692,-584,-1231,887,-541,-1578,270,-7252
MGC,ORB,"ORB 09:30 30m LONG stop OPP 1R entries 90m",424,-494,-1.17,48.6,0.96,-0.40,1459,2,401,-1416,-3.53,51.6,0.94,-0.47,6270,-489,100,187,-292,2201,1647,-5264
MGC,ORB,"ORB 09:30 30m LONG stop OPP 1R entries 240m",469,-114,-0.24,49.3,0.99,-0.09,1368,2,462,-1633,-3.53,51.3,0.94,-0.51,5373,-530,266,360,-210,1922,1541,-5095
MGC,ORB,"ORB 09:30 30m LONG stop OPP 1.5R entries 90m",424,-738,-1.74,45.5,0.94,-0.57,1601,0,401,-1120,-2.79,47.6,0.96,-0.34,5879,-389,-12,-51,-286,1478,1594,-4192
MGC,ORB,"ORB 09:30 30m LONG stop OPP 1.5R entries 240m",469,-397,-0.85,46.5,0.97,-0.30,1467,2,462,-1429,-3.09,47.4,0.95,-0.41,5022,-430,81,92,-139,1295,1443,-4167
MGC,ORB,"ORB 09:30 30m LONG stop OPP 2R entries 90m",424,-495,-1.17,44.6,0.96,-0.37,1635,2,401,-540,-1.35,45.9,0.98,-0.15,5515,-423,-103,14,17,1181,2617,-4338
MGC,ORB,"ORB 09:30 30m LONG stop OPP 2R entries 240m",469,-162,-0.35,45.6,0.99,-0.12,1582,2,462,-596,-1.29,45.9,0.98,-0.16,4970,-464,-10,198,114,1094,2509,-4198
MGC,ORB,"ORB 09:30 30m LONG stop OPP 3R entries 90m",424,113,0.27,44.1,1.01,0.08,1456,2,401,1186,2.96,45.4,1.04,0.31,5194,-413,-69,259,336,621,3971,-3406
MGC,ORB,"ORB 09:30 30m LONG stop OPP 3R entries 240m",469,390,0.83,45.2,1.03,0.26,1403,3,462,1623,3.51,45.5,1.05,0.40,4238,-454,24,428,392,637,3827,-2840
MGC,ORB,"ORB 09:30 30m LONG stop OPP to 15:55 entries 90m",424,1026,2.42,44.1,1.08,0.64,1396,2,401,1329,3.31,45.4,1.05,0.35,5110,-413,-131,724,846,621,3883,-3175
MGC,ORB,"ORB 09:30 30m LONG stop OPP to 15:55 entries 240m",469,1303,2.78,45.2,1.10,0.80,1343,2,462,2119,4.59,45.5,1.07,0.51,3807,-454,-38,893,902,683,3739,-2302
MGC,ORB,"ORB 09:30 30m LONG stop MID 1R entries 90m",424,-602,-1.42,50.5,0.92,-0.80,1113,1,401,-2526,-6.30,49.4,0.85,-1.28,5246,-33,104,-345,-328,87,2166,-4780
MGC,ORB,"ORB 09:30 30m LONG stop MID 1R entries 240m",469,-553,-1.18,50.7,0.93,-0.71,989,1,462,-3096,-6.70,48.3,0.84,-1.47,5105,-102,136,-348,-239,-272,1747,-4570
MGC,ORB,"ORB 09:30 30m LONG stop MID 1.5R entries 90m",424,-875,-2.06,41.5,0.90,-0.99,1460,1,401,-3234,-8.06,40.6,0.84,-1.46,6376,-177,233,-521,-409,609,1833,-5676
MGC,ORB,"ORB 09:30 30m LONG stop MID 1.5R entries 240m",469,-722,-1.54,42.2,0.92,-0.78,1349,1,462,-4602,-9.96,40.0,0.80,-1.96,7132,-232,219,-477,-233,272,1481,-6355
MGC,ORB,"ORB 09:30 30m LONG stop MID 2R entries 90m",424,-1105,-2.61,36.1,0.88,-1.13,1279,1,401,-4723,-11.78,34.9,0.78,-2.02,7348,-425,72,-524,-229,962,1393,-7079
MGC,ORB,"ORB 09:30 30m LONG stop MID 2R entries 240m",469,-984,-2.10,37.1,0.90,-0.97,1240,1,462,-5775,-12.50,34.8,0.76,-2.31,7908,-504,105,-463,-123,673,1018,-7466
MGC,ORB,"ORB 09:30 30m LONG stop MID 3R entries 90m",424,-1548,-3.65,33.0,0.84,-1.50,1563,1,401,-4536,-11.31,31.7,0.79,-1.79,7192,-325,26,-795,-454,561,1466,-6564
MGC,ORB,"ORB 09:30 30m LONG stop MID 3R entries 240m",469,-1488,-3.17,34.3,0.86,-1.39,1504,1,462,-5605,-12.13,31.8,0.78,-2.07,7700,-404,4,-805,-283,368,966,-6939
MGC,ORB,"ORB 09:30 30m LONG stop MID to 15:55 entries 90m",424,-252,-0.59,31.8,0.97,-0.19,994,1,401,-1711,-4.27,29.2,0.92,-0.53,6547,-330,-158,-14,249,-525,3653,-4838
MGC,ORB,"ORB 09:30 30m LONG stop MID to 15:55 entries 240m",469,-283,-0.60,33.3,0.97,-0.21,1012,1,462,-2473,-5.35,29.7,0.90,-0.74,6957,-409,-180,-24,329,-474,3152,-5151
MGC,ORB,"ORB 09:30 30m SHORT stop OPP 1R entries 90m",409,1607,3.93,53.3,1.16,1.29,1071,2,387,252,0.65,47.8,1.01,0.07,3794,-43,-547,1734,463,-490,-212,954
MGC,ORB,"ORB 09:30 30m SHORT stop OPP 1R entries 240m",465,1640,3.53,52.3,1.14,1.26,976,2,427,418,0.98,47.3,1.01,0.11,3798,-161,-343,1861,283,-266,-141,825
MGC,ORB,"ORB 09:30 30m SHORT stop OPP 1.5R entries 90m",409,624,1.53,46.2,1.05,0.45,1515,2,387,2447,6.32,44.2,1.09,0.59,3085,-262,-777,1547,116,-362,895,1914
MGC,ORB,"ORB 09:30 30m SHORT stop OPP 1.5R entries 240m",465,764,1.64,46.0,1.06,0.53,1468,2,427,2654,6.22,44.0,1.09,0.62,3191,-380,-599,1725,18,-130,814,1970
MGC,ORB,"ORB 09:30 30m SHORT stop OPP 2R entries 90m",409,464,1.13,44.3,1.04,0.32,1538,2,387,1521,3.93,42.1,1.05,0.36,3515,-208,-970,1567,75,-794,704,1611
MGC,ORB,"ORB 09:30 30m SHORT stop OPP 2R entries 240m",465,565,1.22,44.1,1.04,0.37,1614,2,427,1941,4.55,42.2,1.06,0.44,3826,-326,-966,1798,59,-522,711,1752
MGC,ORB,"ORB 09:30 30m SHORT stop OPP 3R entries 90m",409,305,0.75,43.0,1.03,0.21,1854,2,387,855,2.21,41.3,1.03,0.19,3825,-309,-959,1196,377,-896,516,1235
MGC,ORB,"ORB 09:30 30m SHORT stop OPP 3R entries 240m",465,376,0.81,43.0,1.03,0.25,1947,2,427,1155,2.71,41.5,1.04,0.25,4205,-427,-955,1471,287,-643,427,1371
MGC,ORB,"ORB 09:30 30m SHORT stop OPP to 15:55 entries 90m",409,-23,-0.06,42.8,1.00,-0.02,1996,2,387,-1691,-4.37,41.1,0.94,-0.38,5932,-330,-1124,1076,355,-972,-790,71
MGC,ORB,"ORB 09:30 30m SHORT stop OPP to 15:55 entries 240m",465,-121,-0.26,42.6,0.99,-0.08,2089,2,427,-1391,-3.26,41.2,0.96,-0.31,6067,-448,-1120,1182,265,-719,-879,207
MGC,ORB,"ORB 09:30 30m SHORT stop MID 1R entries 90m",409,-524,-1.28,51.3,0.93,-0.69,1392,1,387,-2105,-5.44,47.8,0.88,-1.03,3489,-415,-704,730,-135,-108,-1678,-319
MGC,ORB,"ORB 09:30 30m SHORT stop MID 1R entries 240m",465,-804,-1.73,50.5,0.90,-0.99,1359,1,427,-1616,-3.78,48.2,0.91,-0.75,3060,-522,-593,699,-388,21,-1564,-74
MGC,ORB,"ORB 09:30 30m SHORT stop MID 1.5R entries 90m",409,-244,-0.60,43.0,0.97,-0.26,1281,2,387,236,0.61,39.0,1.01,0.09,2421,-293,-720,436,334,-161,-492,889
MGC,ORB,"ORB 09:30 30m SHORT stop MID 1.5R entries 240m",465,-427,-0.92,42.8,0.95,-0.44,1250,2,427,707,1.66,39.1,1.03,0.26,2294,-391,-577,473,68,-41,-585,1333
MGC,ORB,"ORB 09:30 30m SHORT stop MID 2R entries 90m",409,410,1.00,39.4,1.05,0.40,1077,2,387,1680,4.34,34.6,1.08,0.56,2107,-147,-534,672,419,-47,190,1536
MGC,ORB,"ORB 09:30 30m SHORT stop MID 2R entries 240m",465,358,0.77,39.4,1.04,0.33,1050,2,427,1529,3.58,34.7,1.07,0.49,2345,-245,-340,750,194,143,325,1061
MGC,ORB,"ORB 09:30 30m SHORT stop MID 3R entries 90m",409,113,0.28,33.7,1.01,0.09,1008,2,387,2512,6.49,29.7,1.12,0.74,2510,-205,-510,724,104,-113,439,2187
MGC,ORB,"ORB 09:30 30m SHORT stop MID 3R entries 240m",465,147,0.32,34.4,1.01,0.12,976,1,427,2459,5.76,30.2,1.10,0.70,2408,-303,-342,832,-39,44,422,1993
MGC,ORB,"ORB 09:30 30m SHORT stop MID to 15:55 entries 90m",409,110,0.27,31.8,1.01,0.09,1282,2,387,-166,-0.43,27.4,0.99,-0.05,3443,-272,-771,816,337,-577,-1121,1532
MGC,ORB,"ORB 09:30 30m SHORT stop MID to 15:55 entries 240m",465,-115,-0.25,32.3,0.99,-0.09,1453,2,427,-148,-0.35,28.1,0.99,-0.04,3115,-370,-742,795,202,-420,-1147,1419
MGC,ORB,"ORB 09:30 30m BOTH stop OPP 1R entries 90m",697,661,0.95,50.2,1.04,0.40,1190,1,640,-2088,-3.26,48.9,0.95,-0.46,6001,-553,-360,1676,-101,1543,479,-4110
MGC,ORB,"ORB 09:30 30m BOTH stop OPP 1R entries 240m",728,1013,1.39,50.4,1.05,0.61,1200,1,657,-1732,-2.64,48.7,0.96,-0.38,5915,-553,-87,1844,-191,1478,857,-4067
MGC,ORB,"ORB 09:30 30m BOTH stop OPP 1.5R entries 90m",697,-682,-0.98,44.9,0.97,-0.38,1613,1,640,-1330,-2.08,44.7,0.97,-0.27,4951,-741,-552,1360,-749,950,854,-3134
MGC,ORB,"ORB 09:30 30m BOTH stop OPP 1.5R entries 240m",728,-307,-0.42,45.3,0.99,-0.17,1463,1,657,-1386,-2.11,44.6,0.97,-0.28,5094,-741,-332,1549,-784,885,992,-3262
MGC,ORB,"ORB 09:30 30m BOTH stop OPP 2R entries 90m",697,-760,-1.09,43.6,0.96,-0.41,2000,1,640,-2641,-4.13,42.7,0.94,-0.53,6673,-674,-995,1467,-557,448,1670,-4759
MGC,ORB,"ORB 09:30 30m BOTH stop OPP 2R entries 240m",728,-530,-0.73,44.0,0.97,-0.28,1953,1,657,-2697,-4.10,42.6,0.94,-0.53,6816,-674,-949,1698,-605,383,1808,-4888
MGC,ORB,"ORB 09:30 30m BOTH stop OPP 3R entries 90m",697,-494,-0.71,42.9,0.98,-0.26,2086,2,640,-1866,-2.92,42.3,0.96,-0.36,5655,-717,-1015,1189,50,-32,2482,-4316
MGC,ORB,"ORB 09:30 30m BOTH stop OPP 3R entries 240m",728,-259,-0.36,43.3,0.99,-0.13,2039,2,657,-1922,-2.92,42.3,0.96,-0.37,5798,-717,-969,1405,22,-97,2620,-4445
MGC,ORB,"ORB 09:30 30m BOTH stop OPP to 15:55 entries 90m",697,210,0.30,42.8,1.01,0.10,2172,2,640,-4276,-6.68,42.2,0.91,-0.85,7732,-738,-1101,1457,593,-111,1477,-5642
MGC,ORB,"ORB 09:30 30m BOTH stop OPP to 15:55 entries 240m",728,445,0.61,43.1,1.02,0.22,2125,2,657,-4332,-6.59,42.2,0.91,-0.85,7875,-738,-1055,1673,565,-176,1615,-5771
MGC,ORB,"ORB 09:30 30m BOTH stop MID 1R entries 90m",697,-1467,-2.10,49.6,0.89,-1.45,1657,1,640,-5539,-8.65,47.2,0.81,-2.08,6118,-602,-722,312,-455,-202,-259,-5078
MGC,ORB,"ORB 09:30 30m BOTH stop MID 1R entries 240m",728,-1392,-1.91,50.0,0.90,-1.35,1504,1,657,-5428,-8.26,47.2,0.82,-2.01,6256,-602,-594,265,-460,-242,51,-5237
MGC,ORB,"ORB 09:30 30m BOTH stop MID 1.5R entries 90m",697,-1445,-2.07,41.3,0.90,-1.20,2018,0,640,-4436,-6.93,39.1,0.87,-1.41,6939,-595,-512,-247,-92,374,524,-5333
MGC,ORB,"ORB 09:30 30m BOTH stop MID 1.5R entries 240m",728,-1254,-1.72,41.9,0.92,-1.02,1775,0,657,-4231,-6.44,39.1,0.88,-1.32,7014,-595,-327,-235,-97,363,815,-5409
MGC,ORB,"ORB 09:30 30m BOTH stop MID 2R entries 90m",697,-936,-1.34,37.0,0.94,-0.70,1670,1,640,-3972,-6.21,34.4,0.89,-1.12,7798,-587,-515,-46,213,730,1107,-5808
MGC,ORB,"ORB 09:30 30m BOTH stop MID 2R entries 240m",728,-737,-1.01,37.6,0.96,-0.54,1415,2,657,-3498,-5.32,34.6,0.90,-0.97,7789,-587,-268,14,105,719,1582,-5799
MGC,ORB,"ORB 09:30 30m BOTH stop MID 3R entries 90m",697,-1774,-2.55,32.6,0.89,-1.20,1974,0,640,-3819,-5.97,30.2,0.90,-0.98,7321,-614,-351,-352,-457,405,1236,-5459
MGC,ORB,"ORB 09:30 30m BOTH stop MID 3R entries 240m",728,-1593,-2.19,33.4,0.91,-1.06,1791,0,657,-3757,-5.72,30.4,0.90,-0.96,7484,-614,-157,-311,-510,394,1471,-5622
MGC,ORB,"ORB 09:30 30m BOTH stop MID to 15:55 entries 90m",697,-570,-0.82,31.4,0.97,-0.34,1798,2,640,-4837,-7.56,28.1,0.87,-1.19,7048,-612,-856,285,613,-821,1866,-5883
MGC,ORB,"ORB 09:30 30m BOTH stop MID to 15:55 entries 240m",728,-521,-0.72,32.1,0.97,-0.30,1744,2,657,-4776,-7.27,28.5,0.88,-1.17,7174,-612,-802,326,567,-832,2102,-6046
MGC,ORB,"ORB 09:30 60m LONG stop OPP 1R entries 90m",316,-1874,-5.93,45.9,0.79,-1.74,2036,0,306,1701,5.56,52.0,1.09,0.57,3582,-681,-291,-861,-41,302,2418,-1019
MGC,ORB,"ORB 09:30 60m LONG stop OPP 1R entries 240m",378,-1658,-4.39,47.4,0.83,-1.47,2017,1,375,919,2.45,50.9,1.04,0.28,4642,-638,-431,-626,36,482,2342,-1905
MGC,ORB,"ORB 09:30 60m LONG stop OPP 1.5R entries 90m",316,-1374,-4.35,45.3,0.85,-1.19,2011,1,306,2499,8.17,50.0,1.14,0.79,3520,-681,-308,-872,487,-63,3042,-480
MGC,ORB,"ORB 09:30 60m LONG stop OPP 1.5R entries 240m",378,-1090,-2.88,46.8,0.89,-0.90,1873,1,375,1474,3.93,49.1,1.07,0.43,4989,-638,-448,-637,632,312,2970,-1808
MGC,ORB,"ORB 09:30 60m LONG stop OPP 2R entries 90m",316,-989,-3.13,45.3,0.89,-0.81,1739,1,306,2304,7.53,49.3,1.12,0.70,3345,-681,-330,-578,600,-268,2878,-306
MGC,ORB,"ORB 09:30 60m LONG stop OPP 2R entries 240m",378,-668,-1.77,46.8,0.93,-0.52,1560,1,375,1211,3.23,48.5,1.05,0.34,4814,-638,-470,-302,741,-59,2792,-1522
MGC,ORB,"ORB 09:30 60m LONG stop OPP 3R entries 90m",316,-865,-2.74,44.9,0.90,-0.68,1633,1,306,3012,9.84,49.3,1.16,0.86,2929,-681,-313,-489,618,-360,3001,371
MGC,ORB,"ORB 09:30 60m LONG stop OPP 3R entries 240m",378,-423,-1.12,46.6,0.96,-0.32,1469,1,375,2143,5.71,48.5,1.09,0.57,4398,-638,-453,-228,895,-151,2915,-621
MGC,ORB,"ORB 09:30 60m LONG stop OPP to 15:55 entries 90m",316,-893,-2.83,44.9,0.90,-0.71,1659,1,306,2656,8.68,49.3,1.14,0.77,2989,-681,-313,-515,616,-380,2725,311
MGC,ORB,"ORB 09:30 60m LONG stop OPP to 15:55 entries 240m",378,-283,-0.75,46.6,0.97,-0.21,1495,1,375,1512,4.03,48.5,1.07,0.41,4458,-638,-453,-254,1061,-171,2639,-956
MGC,ORB,"ORB 09:30 60m LONG stop MID 1R entries 90m",316,-1241,-3.93,49.7,0.83,-1.48,1296,0,306,228,0.74,50.7,1.02,0.11,4325,-304,-184,-239,-514,-99,2413,-2087
MGC,ORB,"ORB 09:30 60m LONG stop MID 1R entries 240m",378,-1351,-3.57,50.3,0.83,-1.53,1410,0,375,-1423,-3.79,49.3,0.92,-0.62,5791,-273,-398,-226,-453,-357,2291,-3356
MGC,ORB,"ORB 09:30 60m LONG stop MID 1.5R entries 90m",316,-1601,-5.07,43.4,0.80,-1.74,1632,0,306,-1242,-4.06,44.4,0.93,-0.53,4556,-485,-44,-590,-482,41,1434,-2716
MGC,ORB,"ORB 09:30 60m LONG stop MID 1.5R entries 240m",378,-1542,-4.08,45.0,0.83,-1.59,1597,0,375,-2815,-7.51,43.5,0.86,-1.09,5844,-475,-231,-490,-345,-77,1203,-3941
MGC,ORB,"ORB 09:30 60m LONG stop MID 2R entries 90m",316,-2042,-6.46,39.2,0.75,-2.14,2070,0,306,-2185,-7.14,41.2,0.88,-0.89,5447,-608,-452,-631,-351,-19,1227,-3393
MGC,ORB,"ORB 09:30 60m LONG stop MID 2R entries 240m",378,-2095,-5.54,41.3,0.77,-2.08,2211,0,375,-3355,-8.95,40.8,0.85,-1.23,6708,-599,-642,-544,-310,-18,1084,-4421
MGC,ORB,"ORB 09:30 60m LONG stop MID 3R entries 90m",316,-1686,-5.34,38.6,0.80,-1.64,1820,1,306,-1923,-6.29,39.2,0.89,-0.73,5580,-608,-523,-632,77,-322,1432,-3034
MGC,ORB,"ORB 09:30 60m LONG stop MID 3R entries 240m",378,-1743,-4.61,40.7,0.81,-1.62,2021,1,375,-3223,-8.59,39.2,0.85,-1.12,7013,-599,-714,-586,155,-200,1245,-4267
MGC,ORB,"ORB 09:30 60m LONG stop MID to 15:55 entries 90m",316,-1252,-3.96,38.3,0.85,-1.10,1488,1,306,-2119,-6.93,37.9,0.88,-0.76,5613,-608,-465,-275,96,-679,1092,-2532
MGC,ORB,"ORB 09:30 60m LONG stop MID to 15:55 entries 240m",378,-1276,-3.38,40.5,0.86,-1.07,1598,1,375,-3476,-9.27,38.1,0.84,-1.15,7046,-599,-655,-229,206,-676,905,-3705
MGC,ORB,"ORB 09:30 60m SHORT stop OPP 1R entries 90m",294,168,0.57,50.3,1.02,0.16,1369,2,269,6462,24.02,53.9,1.45,2.19,981,-178,-497,402,440,658,942,4861
MGC,ORB,"ORB 09:30 60m SHORT stop OPP 1R entries 240m",367,-24,-0.06,48.5,1.00,-0.02,1483,2,319,6161,19.31,51.7,1.35,1.93,1747,-352,-472,441,360,518,1216,4427
MGC,ORB,"ORB 09:30 60m SHORT stop OPP 1.5R entries 90m",294,347,1.18,49.3,1.05,0.32,1155,2,269,4030,14.98,50.6,1.27,1.37,1479,-145,-242,557,177,146,622,3263
MGC,ORB,"ORB 09:30 60m SHORT stop OPP 1.5R entries 240m",367,330,0.90,47.7,1.04,0.28,1092,2,319,3887,12.19,48.6,1.21,1.21,2632,-319,-185,681,153,99,476,3313
MGC,ORB,"ORB 09:30 60m SHORT stop OPP 2R entries 90m",294,43,0.15,48.6,1.01,0.04,1234,2,269,4278,15.90,50.2,1.28,1.40,1350,-185,-428,403,252,242,882,3153
MGC,ORB,"ORB 09:30 60m SHORT stop OPP 2R entries 240m",367,41,0.11,46.9,1.00,0.03,1451,2,319,4190,13.13,48.3,1.23,1.25,2418,-359,-498,609,290,231,676,3283
MGC,ORB,"ORB 09:30 60m SHORT stop OPP 3R entries 90m",294,33,0.11,48.6,1.00,0.03,1378,2,269,3545,13.18,49.8,1.23,1.13,1435,-167,-504,499,204,-127,803,2868
MGC,ORB,"ORB 09:30 60m SHORT stop OPP 3R entries 240m",367,-32,-0.09,46.9,1.00,-0.03,1628,2,319,3828,12.00,48.0,1.21,1.10,2325,-341,-653,702,261,-72,597,3303
MGC,ORB,"ORB 09:30 60m SHORT stop OPP to 15:55 entries 90m",294,-214,-0.73,48.3,0.97,-0.20,1378,2,269,3589,13.34,49.8,1.24,1.13,1435,-167,-550,298,204,-127,565,3150
MGC,ORB,"ORB 09:30 60m SHORT stop OPP to 15:55 entries 240m",367,-510,-1.39,46.3,0.94,-0.44,1674,2,319,3728,11.69,48.0,1.20,1.07,2325,-341,-699,332,199,167,359,3202
MGC,ORB,"ORB 09:30 60m SHORT stop MID 1R entries 90m",294,116,0.39,51.4,1.02,0.16,1296,2,269,3368,12.52,54.3,1.28,1.51,1669,-319,-756,535,656,183,2184,1001
MGC,ORB,"ORB 09:30 60m SHORT stop MID 1R entries 240m",367,130,0.35,49.3,1.02,0.15,1157,2,319,1890,5.92,51.4,1.12,0.79,1693,-276,-629,537,498,-62,1751,201
MGC,ORB,"ORB 09:30 60m SHORT stop MID 1.5R entries 90m",294,183,0.62,44.6,1.03,0.21,1516,2,269,3339,12.41,46.5,1.25,1.33,1734,-248,-742,363,810,183,1021,2135
MGC,ORB,"ORB 09:30 60m SHORT stop MID 1.5R entries 240m",367,216,0.59,43.6,1.03,0.22,1491,2,319,1610,5.05,43.9,1.09,0.60,1647,-328,-730,530,744,-36,568,1078
MGC,ORB,"ORB 09:30 60m SHORT stop MID 2R entries 90m",294,-119,-0.41,41.8,0.98,-0.13,1404,2,269,2629,9.77,42.8,1.18,0.97,1787,-288,-706,436,439,336,27,2266
MGC,ORB,"ORB 09:30 60m SHORT stop MID 2R entries 240m",367,-166,-0.45,41.1,0.98,-0.16,1451,2,319,1357,4.25,40.8,1.08,0.47,2347,-368,-646,523,325,171,-189,1375
MGC,ORB,"ORB 09:30 60m SHORT stop MID 3R entries 90m",294,38,0.13,40.8,1.01,0.04,1068,2,269,452,1.68,39.0,1.03,0.17,2375,-231,-491,583,176,-169,-641,1262
MGC,ORB,"ORB 09:30 60m SHORT stop MID 3R entries 240m",367,145,0.39,40.3,1.02,0.13,1012,2,319,-753,-2.36,37.3,0.96,-0.26,3815,-310,-398,735,118,-287,-1170,704
MGC,ORB,"ORB 09:30 60m SHORT stop MID to 15:55 entries 90m",294,-467,-1.59,39.8,0.93,-0.49,1491,2,269,669,2.49,38.7,1.04,0.22,1891,-254,-863,446,203,-437,-491,1596
MGC,ORB,"ORB 09:30 60m SHORT stop MID to 15:55 entries 240m",367,-498,-1.36,39.2,0.94,-0.47,1626,2,319,-332,-1.04,37.0,0.98,-0.10,2817,-333,-942,613,164,-217,-1080,965
MGC,ORB,"ORB 09:30 60m BOTH stop OPP 1R entries 90m",587,-1736,-2.96,48.0,0.89,-1.19,2554,1,529,7066,13.36,52.4,1.24,1.76,2414,-812,-935,-382,394,555,2419,4091
MGC,ORB,"ORB 09:30 60m BOTH stop OPP 1R entries 240m",667,-1595,-2.39,48.4,0.91,-1.04,2645,1,602,6564,10.90,51.2,1.19,1.55,2856,-855,-896,-388,545,327,3417,2820
MGC,ORB,"ORB 09:30 60m BOTH stop OPP 1.5R entries 90m",587,-1073,-1.83,47.2,0.93,-0.69,2096,1,529,5115,9.67,49.9,1.17,1.25,2708,-779,-703,-239,648,-257,2550,2822
MGC,ORB,"ORB 09:30 60m BOTH stop OPP 1.5R entries 240m",667,-748,-1.12,47.7,0.96,-0.46,2147,1,602,4429,7.36,49.0,1.13,1.03,3375,-822,-679,-164,918,-410,3222,1618
MGC,ORB,"ORB 09:30 60m BOTH stop OPP 2R entries 90m",587,-1088,-1.85,46.8,0.93,-0.69,2344,1,529,5461,10.32,49.5,1.18,1.29,2767,-819,-953,-98,783,-548,3236,2772
MGC,ORB,"ORB 09:30 60m BOTH stop OPP 2R entries 240m",667,-833,-1.25,47.2,0.95,-0.50,2547,2,602,4731,7.86,48.7,1.13,1.07,3295,-862,-1105,57,1078,-749,3894,1586
MGC,ORB,"ORB 09:30 60m BOTH stop OPP 3R entries 90m",587,-1015,-1.73,46.7,0.94,-0.62,2257,2,529,5221,9.87,49.3,1.17,1.19,3122,-801,-946,87,646,-906,3144,2982
MGC,ORB,"ORB 09:30 60m BOTH stop OPP 3R entries 240m",667,-712,-1.07,47.1,0.96,-0.41,2469,2,602,4715,7.83,48.5,1.13,1.02,3550,-844,-1098,199,1032,-1107,3802,2020
MGC,ORB,"ORB 09:30 60m BOTH stop OPP to 15:55 entries 90m",587,-1296,-2.21,46.5,0.92,-0.81,2304,1,529,5005,9.46,49.3,1.16,1.15,3122,-801,-992,-140,638,-926,2910,3020
MGC,ORB,"ORB 09:30 60m BOTH stop OPP to 15:55 entries 240m",667,-1058,-1.59,46.9,0.94,-0.62,2535,1,602,4224,7.02,48.5,1.12,0.93,3550,-844,-1144,-28,959,-1127,3568,1783
MGC,ORB,"ORB 09:30 60m BOTH stop MID 1R entries 90m",587,-992,-1.69,50.9,0.92,-0.90,2066,2,529,2758,5.21,51.6,1.11,0.93,5293,-572,-1043,377,247,-179,4362,-1425
MGC,ORB,"ORB 09:30 60m BOTH stop MID 1R entries 240m",667,-601,-0.90,51.1,0.96,-0.50,1826,2,602,335,0.56,49.8,1.01,0.11,7106,-422,-896,338,380,-575,4133,-3223
MGC,ORB,"ORB 09:30 60m BOTH stop MID 1.5R entries 90m",587,-1338,-2.28,44.3,0.90,-1.07,2632,1,529,1610,3.04,45.0,1.06,0.49,4355,-682,-977,-156,477,-170,2147,-367
MGC,ORB,"ORB 09:30 60m BOTH stop MID 1.5R entries 240m",667,-950,-1.42,45.1,0.94,-0.71,2521,1,602,-354,-0.59,43.9,0.99,-0.10,5935,-673,-969,-46,737,-485,1991,-1860
MGC,ORB,"ORB 09:30 60m BOTH stop MID 2R entries 90m",587,-2007,-3.42,40.9,0.86,-1.53,2982,1,529,-26,-0.05,41.8,1.00,-0.01,4755,-845,-1299,-80,217,-152,753,-627
MGC,ORB,"ORB 09:30 60m BOTH stop MID 2R entries 240m",667,-1808,-2.71,42.0,0.89,-1.31,2975,1,602,-1513,-2.51,41.0,0.96,-0.40,6200,-836,-1266,-121,415,-409,868,-1973
MGC,ORB,"ORB 09:30 60m BOTH stop MID 3R entries 90m",587,-1457,-2.48,40.0,0.90,-1.04,2559,2,529,-2421,-4.58,39.1,0.92,-0.68,5115,-788,-1161,67,425,-903,273,-1791
MGC,ORB,"ORB 09:30 60m BOTH stop MID 3R entries 240m",667,-1114,-1.67,41.2,0.93,-0.76,2528,2,602,-4127,-6.85,38.7,0.88,-1.09,7130,-779,-1143,66,742,-1159,103,-3070
MGC,ORB,"ORB 09:30 60m BOTH stop MID to 15:55 entries 90m",587,-1504,-2.56,39.4,0.90,-1.03,2767,2,529,-2324,-4.39,38.6,0.92,-0.62,5165,-811,-1451,287,471,-1608,719,-1435
MGC,ORB,"ORB 09:30 60m BOTH stop MID to 15:55 entries 240m",667,-1240,-1.86,40.5,0.92,-0.81,2865,2,602,-4062,-6.75,38.2,0.89,-1.02,6891,-802,-1574,297,839,-1864,549,-2747
MGC,FADE,"FAILED BREAK 08:20 15m LONG target OPP",353,-2203,-6.24,23.5,0.59,-3.88,2251,0,297,-3967,-13.36,19.9,0.54,-3.43,3967,-14,-428,-726,-1036,-692,-1775,-1500
MGC,FADE,"FAILED BREAK 08:20 15m LONG target 1R",353,-2168,-6.14,38.8,0.53,-4.48,2238,0,297,-3002,-10.11,37.0,0.59,-2.87,3561,-20,-640,-576,-933,-231,-1472,-1300
MGC,FADE,"FAILED BREAK 08:20 15m LONG target 2R",353,-1685,-4.77,28.9,0.68,-2.70,1947,1,297,-1955,-6.58,26.6,0.77,-1.28,2925,69,-259,-682,-814,-498,-1340,-117
MGC,FADE,"FAILED BREAK 08:20 15m SHORT target OPP",365,-965,-2.64,25.8,0.82,-1.51,1204,2,340,178,0.52,25.3,1.02,0.14,1740,117,11,-801,-292,-325,-800,1303
MGC,FADE,"FAILED BREAK 08:20 15m SHORT target 1R",365,-505,-1.38,44.7,0.87,-0.96,982,2,340,-994,-2.92,45.0,0.84,-1.13,1875,2,335,-620,-222,-423,-1006,435
MGC,FADE,"FAILED BREAK 08:20 15m SHORT target 2R",365,-610,-1.67,32.3,0.88,-0.92,1175,2,340,-1231,-3.62,31.8,0.85,-1.07,2006,188,208,-641,-364,-713,-763,245
MGC,FADE,"FAILED BREAK 08:20 15m BOTH target OPP",718,-3168,-4.41,24.7,0.70,-3.70,3403,1,637,-3789,-5.95,22.8,0.77,-2.23,4048,103,-417,-1527,-1328,-1017,-2575,-197
MGC,FADE,"FAILED BREAK 08:20 15m BOTH target 1R",718,-2673,-3.72,41.8,0.69,-3.72,2812,0,637,-3996,-6.27,41.3,0.71,-2.92,4732,-18,-305,-1196,-1155,-654,-2478,-864
MGC,FADE,"FAILED BREAK 08:20 15m BOTH target 2R",718,-2295,-3.20,30.6,0.78,-2.52,2969,1,637,-3186,-5.00,29.4,0.81,-1.67,4383,257,-51,-1323,-1178,-1211,-2103,128
MGC,FADE,"FAILED BREAK 08:20 30m LONG target OPP",353,-2143,-6.07,19.3,0.61,-3.54,2236,1,310,-454,-1.46,21.9,0.95,-0.30,1557,73,-598,-1098,-521,-851,621,-224
MGC,FADE,"FAILED BREAK 08:20 30m LONG target 1R",353,-1875,-5.31,41.1,0.56,-4.20,1900,0,310,-1224,-3.95,41.9,0.81,-1.17,1314,-45,-483,-779,-569,-267,-297,-660
MGC,FADE,"FAILED BREAK 08:20 30m LONG target 2R",353,-1862,-5.28,29.7,0.63,-3.41,1909,1,310,273,0.88,32.3,1.04,0.18,1284,12,-391,-924,-560,-495,536,232
MGC,FADE,"FAILED BREAK 08:20 30m SHORT target OPP",349,-1300,-3.73,19.5,0.75,-2.03,1442,0,320,-1098,-3.43,20.9,0.85,-0.95,1967,-90,-596,-456,-159,-82,-1012,-4
MGC,FADE,"FAILED BREAK 08:20 30m SHORT target 1R",349,-505,-1.45,45.8,0.86,-1.07,729,1,320,-1030,-3.22,42.2,0.81,-1.27,1723,-140,-197,-212,45,-300,-450,-280
MGC,FADE,"FAILED BREAK 08:20 30m SHORT target 2R",349,-569,-1.63,30.9,0.88,-0.93,904,1,320,-1168,-3.65,30.6,0.83,-1.12,1697,-89,-206,-428,153,-183,-251,-734
MGC,FADE,"FAILED BREAK 08:20 30m BOTH target OPP",702,-3443,-4.90,19.4,0.68,-3.91,3501,0,630,-1552,-2.46,21.4,0.90,-0.81,2779,-17,-1194,-1554,-679,-932,-391,-228
MGC,FADE,"FAILED BREAK 08:20 30m BOTH target 1R",702,-2380,-3.39,43.4,0.70,-3.66,2405,0,630,-2254,-3.58,42.1,0.81,-1.70,2793,-185,-680,-991,-525,-566,-747,-940
MGC,FADE,"FAILED BREAK 08:20 30m BOTH target 2R",702,-2432,-3.46,30.3,0.75,-2.96,2475,0,630,-895,-1.42,31.4,0.94,-0.49,1683,-77,-597,-1352,-407,-677,285,-502
MGC,FADE,"FAILED BREAK 08:20 60m LONG target OPP",344,-1941,-5.64,18.6,0.66,-2.91,1990,0,284,-4281,-15.07,17.6,0.58,-3.10,4549,-175,-895,-473,-398,-249,-1955,-2077
MGC,FADE,"FAILED BREAK 08:20 60m LONG target 1R",344,-2097,-6.10,39.5,0.53,-4.65,2173,0,285,-5396,-18.93,32.6,0.41,-4.97,5404,-296,-639,-711,-451,-704,-1832,-2860
MGC,FADE,"FAILED BREAK 08:20 60m LONG target 2R",344,-2212,-6.43,29.1,0.58,-4.09,2313,0,285,-5252,-18.43,24.2,0.48,-4.21,5410,-272,-893,-556,-491,-125,-2175,-2952
MGC,FADE,"FAILED BREAK 08:20 60m SHORT target OPP",322,-1729,-5.37,19.3,0.67,-2.74,1846,0,311,-2649,-8.52,18.0,0.71,-1.94,3145,-11,-193,-1016,-509,-489,325,-2485
MGC,FADE,"FAILED BREAK 08:20 60m SHORT target 1R",323,-1338,-4.14,44.0,0.66,-2.71,1488,0,311,-413,-1.33,43.7,0.93,-0.42,1127,-28,-189,-800,-322,-882,698,-229
MGC,FADE,"FAILED BREAK 08:20 60m SHORT target 2R",323,-1433,-4.44,30.0,0.70,-2.41,1742,2,311,-1508,-4.85,29.9,0.81,-1.22,1717,68,50,-987,-565,-676,210,-1042
MGC,FADE,"FAILED BREAK 08:20 60m BOTH target OPP",666,-3669,-5.51,18.9,0.66,-4.00,3695,0,595,-6930,-11.65,17.8,0.64,-3.57,7564,-186,-1088,-1489,-906,-738,-1630,-4561
MGC,FADE,"FAILED BREAK 08:20 60m BOTH target 1R",667,-3435,-5.15,41.7,0.59,-5.14,3607,0,596,-5809,-9.75,38.4,0.62,-3.94,5819,-324,-828,-1511,-773,-1587,-1134,-3088
MGC,FADE,"FAILED BREAK 08:20 60m BOTH target 2R",667,-3645,-5.46,29.5,0.64,-4.54,3742,0,596,-6759,-11.34,27.2,0.63,-3.84,7031,-204,-843,-1543,-1055,-801,-1965,-3993
MGC,FADE,"FAILED BREAK 09:30 15m LONG target OPP",350,-1624,-4.64,27.1,0.70,-2.73,1818,0,306,206,0.67,28.8,1.02,0.14,1163,-212,-917,-339,-155,-664,1490,-620
MGC,FADE,"FAILED BREAK 09:30 15m LONG target 1R",350,-2140,-6.11,38.9,0.56,-4.32,2156,0,307,-382,-1.24,43.6,0.95,-0.32,1281,-257,-985,-287,-611,-839,1367,-910
MGC,FADE,"FAILED BREAK 09:30 15m LONG target 2R",350,-2242,-6.41,26.0,0.62,-3.51,2291,0,307,229,0.75,32.2,1.03,0.14,1259,-287,-1070,-458,-427,-293,979,-457
MGC,FADE,"FAILED BREAK 09:30 15m SHORT target OPP",350,-1385,-3.96,26.0,0.70,-2.74,1486,0,320,46,0.14,26.6,1.01,0.04,1654,-101,-249,-853,-182,-1153,578,621
MGC,FADE,"FAILED BREAK 09:30 15m SHORT target 1R",351,-1340,-3.82,40.5,0.66,-3.23,1472,1,322,-765,-2.37,46.0,0.88,-0.79,1205,41,-462,-634,-285,-941,588,-411
MGC,FADE,"FAILED BREAK 09:30 15m SHORT target 2R",351,-724,-2.06,30.5,0.84,-1.25,1259,1,322,-633,-1.97,32.3,0.92,-0.50,1530,-23,-298,-512,110,-697,285,-221
MGC,FADE,"FAILED BREAK 09:30 15m BOTH target OPP",700,-3008,-4.30,26.6,0.70,-3.86,3195,0,626,251,0.40,27.6,1.02,0.13,2284,-314,-1166,-1191,-337,-1817,2068,1
MGC,FADE,"FAILED BREAK 09:30 15m BOTH target 1R",701,-3480,-4.96,39.7,0.60,-5.38,3480,0,629,-1146,-1.82,44.8,0.92,-0.74,2050,-217,-1447,-921,-896,-1780,1955,-1321
MGC,FADE,"FAILED BREAK 09:30 15m BOTH target 2R",701,-2966,-4.23,28.2,0.71,-3.43,3059,0,629,-404,-0.64,32.3,0.98,-0.19,2087,-311,-1368,-970,-317,-989,1264,-678
MGC,FADE,"FAILED BREAK 09:30 30m LONG target OPP",323,-1741,-5.39,20.4,0.65,-2.96,1983,1,302,4213,13.95,29.1,1.49,1.97,852,16,-479,-678,-600,-3,1320,2897
MGC,FADE,"FAILED BREAK 09:30 30m LONG target 1R",323,-1684,-5.21,39.9,0.58,-3.87,1927,0,302,1491,4.94,46.4,1.22,1.17,938,-89,-500,-592,-503,-150,603,1039
MGC,FADE,"FAILED BREAK 09:30 30m LONG target 2R",323,-1380,-4.27,28.2,0.71,-2.37,1663,1,302,3859,12.78,36.8,1.48,2.10,994,15,-522,-262,-611,353,650,2857
MGC,FADE,"FAILED BREAK 09:30 30m SHORT target OPP",333,-1178,-3.54,23.1,0.75,-2.00,1641,1,310,-1363,-4.40,20.6,0.84,-0.94,3685,52,-500,-696,-34,-1015,-982,635
MGC,FADE,"FAILED BREAK 09:30 30m SHORT target 1R",333,-1433,-4.30,42.0,0.62,-3.28,1575,0,311,-1377,-4.43,44.4,0.79,-1.32,2782,-87,-411,-674,-261,-953,-692,268
MGC,FADE,"FAILED BREAK 09:30 30m SHORT target 2R",333,-1494,-4.49,29.7,0.68,-2.68,1802,0,311,-1677,-5.39,32.2,0.80,-1.24,3195,-42,-484,-828,-140,-1046,-976,345
MGC,FADE,"FAILED BREAK 09:30 30m BOTH target OPP",656,-2919,-4.45,21.8,0.70,-3.51,3495,1,612,2851,4.66,24.8,1.17,1.10,1986,69,-979,-1375,-634,-1018,337,3531
MGC,FADE,"FAILED BREAK 09:30 30m BOTH target 1R",656,-3117,-4.75,41.0,0.60,-5.06,3478,0,613,115,0.19,45.4,1.01,0.07,2676,-175,-911,-1267,-764,-1103,-89,1306
MGC,FADE,"FAILED BREAK 09:30 30m BOTH target 2R",656,-2874,-4.38,29.0,0.69,-3.57,3379,0,613,2182,3.56,34.4,1.13,0.95,2252,-26,-1006,-1091,-751,-693,-326,3201
MGC,FADE,"FAILED BREAK 09:30 60m LONG target OPP",292,-1283,-4.39,19.2,0.70,-2.31,1546,1,244,-2478,-10.16,18.0,0.71,-1.63,2529,175,-357,-443,-657,-652,-1385,-441
MGC,FADE,"FAILED BREAK 09:30 60m LONG target 1R",292,-1169,-4.00,44.2,0.63,-3.13,1297,1,244,-768,-3.15,44.7,0.88,-0.61,1435,57,-339,-522,-364,-590,-288,110
MGC,FADE,"FAILED BREAK 09:30 60m LONG target 2R",292,-1379,-4.72,31.2,0.64,-3.05,1638,1,244,-1292,-5.30,29.9,0.83,-0.91,2023,227,-412,-598,-595,-689,-733,130
MGC,FADE,"FAILED BREAK 09:30 60m SHORT target OPP",307,-901,-2.93,18.6,0.77,-1.62,1252,1,300,-623,-2.08,16.3,0.92,-0.40,3110,179,-534,-266,-279,-261,-2150,1788
MGC,FADE,"FAILED BREAK 09:30 60m SHORT target 1R",307,-926,-3.02,44.3,0.66,-2.79,941,0,300,-2060,-6.87,42.3,0.64,-2.40,2250,-85,-309,-39,-492,-554,-1301,-205
MGC,FADE,"FAILED BREAK 09:30 60m SHORT target 2R",307,-1267,-4.13,31.6,0.63,-3.29,1316,0,300,-1806,-6.02,31.3,0.73,-1.93,2452,-16,-513,-257,-480,-354,-1642,190
MGC,FADE,"FAILED BREAK 09:30 60m BOTH target OPP",599,-2183,-3.64,18.9,0.73,-2.78,2615,1,544,-3101,-5.70,17.1,0.81,-1.43,4856,354,-892,-708,-937,-913,-3535,1347
MGC,FADE,"FAILED BREAK 09:30 60m BOTH target 1R",599,-2094,-3.50,44.2,0.65,-4.19,2127,0,544,-2828,-5.20,43.4,0.76,-1.86,3204,-28,-649,-560,-857,-1144,-1589,-95
MGC,FADE,"FAILED BREAK 09:30 60m BOTH target 2R",599,-2645,-4.42,31.4,0.63,-4.46,2917,1,544,-3098,-5.70,30.7,0.78,-1.82,4226,211,-926,-854,-1076,-1043,-2375,320
MGC,TIME,"HOLD 18:00→03:00 LONG no stop",749,-3442,-4.60,45.1,0.84,-1.88,4680,1,658,12357,18.78,52.6,1.22,1.53,4598,230,-497,-2747,-428,-177,4609,7924
MGC,TIME,"HOLD 18:00→03:00 LONG stop 0.5×ATR",749,-4943,-6.60,44.9,0.78,-2.63,5984,1,658,9032,13.73,51.2,1.16,1.21,6050,155,-1441,-2895,-762,-493,2597,6928
MGC,TIME,"HOLD 18:00→03:00 SHORT no stop",749,-2250,-3.00,51.1,0.89,-1.23,2667,1,658,-17357,-26.38,44.2,0.76,-2.15,19034,-602,-1297,939,-1290,-1617,-6433,-9308
MGC,TIME,"HOLD 18:00→03:00 SHORT stop 0.5×ATR",749,-2673,-3.57,50.7,0.87,-1.49,2732,1,658,-16944,-25.75,43.6,0.75,-2.42,18621,-788,-1193,1064,-1756,-1956,-6188,-8800
MGC,TIME,"HOLD 18:00→08:00 LONG no stop",749,-6559,-8.76,47.9,0.78,-2.48,7430,0,658,16340,24.83,56.5,1.24,1.78,5411,-569,-2179,-3799,-12,1480,6860,7999
MGC,TIME,"HOLD 18:00→08:00 LONG stop 0.5×ATR",749,-7160,-9.56,47.0,0.76,-2.88,7888,0,658,14099,21.43,54.6,1.20,1.64,6649,-564,-2660,-3046,-890,1336,7113,5650
MGC,TIME,"HOLD 18:00→08:00 SHORT no stop",749,867,1.16,47.1,1.03,0.33,2264,3,658,-21340,-32.43,41.9,0.76,-2.32,23613,197,385,1991,-1706,-3274,-8684,-9383
MGC,TIME,"HOLD 18:00→08:00 SHORT stop 0.5×ATR",749,-232,-0.31,46.5,0.99,-0.09,2911,2,658,-16168,-24.57,40.6,0.80,-1.95,19281,-83,31,2272,-2452,-3582,-6774,-5811
MGC,TIME,"HOLD 18:00→09:29 LONG no stop",749,-6541,-8.73,51.1,0.82,-1.91,7766,1,658,15285,23.23,57.6,1.19,1.43,8248,114,-2524,-4013,-118,1051,8797,5436
MGC,TIME,"HOLD 18:00→09:29 LONG stop 0.5×ATR",749,-6538,-8.73,47.5,0.81,-2.23,7909,1,658,18237,27.72,55.3,1.24,1.98,6527,303,-2055,-3338,-1448,1558,7817,8861
MGC,TIME,"HOLD 18:00→09:29 SHORT no stop",749,849,1.13,45.8,1.03,0.25,2790,2,658,-20285,-30.83,41.3,0.80,-1.90,24232,-486,730,2205,-1600,-2845,-10621,-6820
MGC,TIME,"HOLD 18:00→09:29 SHORT stop 0.5×ATR",749,184,0.25,43.7,1.01,0.06,2840,2,658,-13820,-21.00,39.5,0.85,-1.43,20319,-410,725,2124,-2255,-3362,-7779,-2680
MGC,TIME,"HOLD 18:00→10:00 LONG no stop",749,-7237,-9.66,48.5,0.82,-1.90,8503,0,658,13060,19.85,55.0,1.15,1.18,7633,-224,-3498,-3162,-353,321,6021,6717
MGC,TIME,"HOLD 18:00→10:00 LONG stop 0.5×ATR",749,-7046,-9.41,44.9,0.82,-2.23,8861,1,658,15483,23.53,52.4,1.19,1.63,6728,253,-2889,-2746,-1663,1532,5613,8339
MGC,TIME,"HOLD 18:00→10:00 SHORT no stop",749,1545,2.06,48.1,1.04,0.41,2899,2,658,-18060,-27.45,43.6,0.82,-1.63,21854,-148,1704,1354,-1365,-2115,-7845,-8101
MGC,TIME,"HOLD 18:00→10:00 SHORT stop 0.5×ATR",749,1726,2.30,45.4,1.05,0.50,2528,3,658,-12964,-19.70,41.3,0.86,-1.30,19659,105,1945,1535,-1859,-2480,-6003,-4481
MGC,TIME,"HOLD 18:00→11:00 LONG no stop",749,-6278,-8.38,48.9,0.86,-1.51,7800,0,658,13849,21.05,57.0,1.15,1.16,8421,-559,-3148,-2551,-20,908,7577,5363
MGC,TIME,"HOLD 18:00→11:00 LONG stop 0.5×ATR",749,-6238,-8.33,44.3,0.85,-1.81,7688,0,658,16695,25.37,52.7,1.19,1.64,7130,-103,-2891,-1854,-1391,2004,8491,6200
MGC,TIME,"HOLD 18:00→11:00 SHORT no stop",749,586,0.78,48.7,1.01,0.14,3799,3,658,-18849,-28.65,42.4,0.83,-1.58,23856,187,1354,743,-1698,-2702,-9401,-6747
MGC,TIME,"HOLD 18:00→11:00 SHORT stop 0.5×ATR",749,1023,1.37,45.0,1.03,0.28,3190,3,658,-13132,-19.96,39.8,0.87,-1.26,20389,331,1780,1387,-2476,-1870,-6329,-4933
MGC,TIME,"HOLD 18:00→12:00 LONG no stop",749,-5791,-7.73,47.5,0.87,-1.36,6931,0,658,14505,22.04,55.9,1.15,1.18,11147,-242,-2342,-2410,-797,223,9554,4727
MGC,TIME,"HOLD 18:00→12:00 LONG stop 0.5×ATR",749,-6729,-8.98,42.6,0.84,-1.90,8146,0,658,17698,26.90,51.5,1.19,1.67,6860,-72,-2291,-2191,-2176,1711,9525,6462
MGC,TIME,"HOLD 18:00→12:00 SHORT no stop",749,99,0.13,49.7,1.00,0.02,3481,2,658,-19505,-29.64,43.2,0.83,-1.58,26967,-130,548,602,-921,-2017,-11378,-6111
MGC,TIME,"HOLD 18:00→12:00 SHORT stop 0.5×ATR",749,559,0.75,45.3,1.01,0.15,2839,3,658,-14842,-22.56,39.8,0.86,-1.38,20963,18,950,1527,-1936,-871,-8163,-5808
MGC,TIME,"HOLD 18:00→13:00 LONG no stop",749,-7006,-9.35,48.5,0.85,-1.62,8142,0,658,12264,18.64,55.6,1.12,0.98,11750,-360,-3253,-3173,-220,1000,8964,2299
MGC,TIME,"HOLD 18:00→13:00 LONG stop 0.5×ATR",749,-7361,-9.83,43.0,0.83,-2.08,8869,0,658,16056,24.40,50.8,1.17,1.52,7029,-35,-2731,-2795,-1801,2186,9272,4599
MGC,TIME,"HOLD 18:00→13:00 SHORT no stop",749,1314,1.75,49.5,1.03,0.30,3581,2,658,-17264,-26.24,43.0,0.85,-1.38,26421,-12,1459,1365,-1498,-2794,-10788,-3683
MGC,TIME,"HOLD 18:00→13:00 SHORT stop 0.5×ATR",749,980,1.31,44.9,1.02,0.25,2826,3,658,-13397,-20.36,39.2,0.87,-1.22,20561,162,1527,1740,-2449,-1066,-8198,-4133
MGC,TIME,"HOLD 18:00→14:00 LONG no stop",749,-6944,-9.27,48.1,0.85,-1.57,8570,1,658,12779,19.42,55.0,1.12,1.02,10945,-766,-3207,-3327,356,1227,8607,2944
MGC,TIME,"HOLD 18:00→14:00 LONG stop 0.5×ATR",749,-7793,-10.40,42.6,0.83,-2.14,9082,0,658,16571,25.18,50.3,1.18,1.56,7607,-212,-3180,-2873,-1529,2269,9457,4846
MGC,TIME,"HOLD 18:00→14:00 SHORT no stop",749,1252,1.67,49.5,1.03,0.28,4299,3,658,-17779,-27.02,44.2,0.85,-1.42,26564,394,1413,1519,-2074,-3021,-10431,-4328
MGC,TIME,"HOLD 18:00→14:00 SHORT stop 0.5×ATR",749,1208,1.61,44.9,1.03,0.31,3102,3,658,-13329,-20.26,40.3,0.87,-1.21,20057,371,1369,2256,-2788,-845,-7553,-4931
MGC,TIME,"HOLD 18:00→15:00 LONG no stop",749,-6141,-8.20,47.8,0.87,-1.36,8405,1,658,10275,15.61,55.5,1.10,0.80,13397,-560,-3044,-3262,725,1930,8510,-166
MGC,TIME,"HOLD 18:00→15:00 LONG stop 0.5×ATR",749,-6838,-9.13,42.3,0.85,-1.81,8494,0,658,16036,24.37,50.9,1.17,1.49,8367,-91,-2935,-2655,-1157,3027,10116,2892
MGC,TIME,"HOLD 18:00→15:00 SHORT no stop",749,449,0.60,50.3,1.01,0.10,4619,3,658,-15275,-23.21,43.9,0.87,-1.19,27165,188,1250,1454,-2443,-3724,-10334,-1218
MGC,TIME,"HOLD 18:00→15:00 SHORT stop 0.5×ATR",749,409,0.55,44.9,1.01,0.10,3255,3,658,-12206,-18.55,39.5,0.89,-1.09,20452,154,1000,2119,-2864,-1086,-7467,-3653
MGC,TIME,"HOLD 18:00→15:55 LONG no stop",749,-6331,-8.45,48.1,0.87,-1.39,8280,1,658,13225,20.10,54.1,1.12,0.99,14166,-409,-2909,-3452,439,1172,10802,1250
MGC,TIME,"HOLD 18:00→15:55 LONG stop 0.5×ATR",749,-7108,-9.49,42.1,0.85,-1.86,8857,0,658,19168,29.13,50.2,1.20,1.71,8011,-35,-2953,-2888,-1232,2326,11148,5694
MGC,TIME,"HOLD 18:00→15:55 SHORT no stop",749,639,0.85,50.3,1.01,0.14,4438,3,658,-18225,-27.70,44.7,0.85,-1.36,30714,37,1115,1644,-2157,-2966,-12626,-2634
MGC,TIME,"HOLD 18:00→15:55 SHORT stop 0.5×ATR",749,513,0.69,44.5,1.01,0.13,3089,3,658,-10843,-16.48,40.3,0.90,-0.95,20471,30,880,2086,-2483,-742,-8127,-1974
MGC,TIME,"HOLD 18:00→16:44 LONG no stop",749,-6648,-8.88,48.1,0.87,-1.45,8258,0,658,11976,18.20,54.4,1.11,0.89,15029,-238,-3175,-3228,-7,1550,11703,-1278
MGC,TIME,"HOLD 18:00→16:44 LONG stop 0.5×ATR",749,-7160,-9.56,42.2,0.85,-1.87,8974,1,658,17467,26.55,50.3,1.18,1.56,9245,87,-2863,-2856,-1528,2772,11415,3280
MGC,TIME,"HOLD 18:00→16:44 SHORT no stop",749,956,1.28,50.3,1.02,0.21,4389,2,658,-16976,-25.80,45.0,0.86,-1.26,31672,-134,1381,1420,-1711,-3344,-13527,-106
MGC,TIME,"HOLD 18:00→16:44 SHORT stop 0.5×ATR",749,827,1.10,44.5,1.02,0.21,2927,3,658,-9629,-14.63,40.3,0.91,-0.84,20134,66,1244,1828,-2311,-477,-8285,-867
MGC,TIME,"HOLD 20:00→03:00 LONG no stop",751,-2809,-3.74,47.1,0.85,-1.62,4143,2,659,5093,7.73,50.5,1.09,0.72,6298,375,453,-2462,-1175,-424,2688,2828
MGC,TIME,"HOLD 20:00→03:00 LONG stop 0.5×ATR",751,-4320,-5.75,46.7,0.79,-2.47,5017,1,659,2915,4.42,49.8,1.05,0.46,5424,172,-736,-2675,-1080,-358,-633,3906
MGC,TIME,"HOLD 20:00→03:00 SHORT no stop",751,-2899,-3.86,49.3,0.85,-1.67,3504,1,659,-10101,-15.33,47.2,0.84,-1.43,13346,-747,-2255,654,-551,-1378,-4512,-4212
MGC,TIME,"HOLD 20:00→03:00 SHORT stop 0.5×ATR",751,-2813,-3.75,49.1,0.85,-1.66,3330,1,659,-11018,-16.72,46.7,0.82,-1.60,14086,-816,-2151,824,-669,-1477,-6637,-2904
MGC,TIME,"HOLD 20:00→08:00 LONG no stop",751,-5994,-7.98,49.5,0.80,-2.32,6619,0,659,8940,13.57,55.7,1.13,1.06,6817,-424,-1272,-3514,-784,1097,4939,2903
MGC,TIME,"HOLD 20:00→08:00 LONG stop 0.5×ATR",751,-7004,-9.33,48.2,0.76,-2.89,7423,0,659,9418,14.29,54.3,1.14,1.23,5904,-624,-1798,-3286,-1296,1877,3695,3846
MGC,TIME,"HOLD 20:00→08:00 SHORT no stop",751,286,0.38,46.1,1.01,0.11,1899,2,659,-13948,-21.17,42.3,0.82,-1.65,18073,52,-530,1706,-942,-2899,-6763,-4287
MGC,TIME,"HOLD 20:00→08:00 SHORT stop 0.5×ATR",751,-280,-0.37,45.8,0.99,-0.11,1721,1,659,-12050,-18.29,41.4,0.84,-1.52,17200,-29,-881,1536,-906,-2985,-7649,-1416
MGC,TIME,"HOLD 20:00→09:29 LONG no stop",751,-6014,-8.01,50.3,0.83,-1.78,6895,1,659,7822,11.87,55.5,1.10,0.77,10371,259,-1636,-3728,-909,605,6876,340
MGC,TIME,"HOLD 20:00→09:29 LONG stop 0.5×ATR",751,-6452,-8.59,47.4,0.82,-2.22,7291,1,659,13598,20.63,53.6,1.19,1.59,5885,29,-1139,-3720,-1622,2095,5007,6496
MGC,TIME,"HOLD 20:00→09:29 SHORT no stop",751,306,0.41,45.9,1.01,0.09,2602,1,659,-12830,-19.47,43.4,0.86,-1.26,19631,-631,-166,1920,-817,-2407,-8700,-1724
MGC,TIME,"HOLD 20:00→09:29 SHORT stop 0.5×ATR",751,-10,-0.01,44.6,1.00,0.00,2117,1,659,-9045,-13.73,41.7,0.89,-0.96,18025,-516,-409,1400,-485,-2639,-8504,2099
MGC,TIME,"HOLD 20:00→10:00 LONG no stop",751,-6716,-8.94,49.3,0.83,-1.79,7518,0,659,5626,8.54,53.4,1.07,0.53,10038,-79,-2599,-2877,-1161,-96,4100,1621
MGC,TIME,"HOLD 20:00→10:00 LONG stop 0.5×ATR",751,-7055,-9.39,45.5,0.82,-2.24,8391,0,659,10493,15.92,51.4,1.13,1.17,6596,-38,-1910,-3518,-1588,1879,2592,6023
MGC,TIME,"HOLD 20:00→10:00 SHORT no stop",751,1008,1.34,48.5,1.03,0.27,2650,2,659,-10634,-16.14,45.7,0.89,-1.01,17155,-293,797,1069,-565,-1706,-5924,-3005
MGC,TIME,"HOLD 20:00→10:00 SHORT stop 0.5×ATR",751,817,1.09,46.1,1.02,0.24,2225,2,659,-7564,-11.48,43.2,0.92,-0.78,15880,-400,823,522,-128,-1812,-6774,1022
MGC,TIME,"HOLD 20:00→11:00 LONG no stop",751,-5553,-7.39,49.5,0.87,-1.35,6615,0,659,6442,9.78,54.8,1.07,0.57,10864,-414,-2106,-2266,-767,518,5656,267
MGC,TIME,"HOLD 20:00→11:00 LONG stop 0.5×ATR",751,-6100,-8.12,44.1,0.85,-1.78,7447,0,659,13760,20.88,51.6,1.16,1.43,6847,-220,-1859,-2758,-1263,2876,5648,5237
MGC,TIME,"HOLD 20:00→11:00 SHORT no stop",751,-155,-0.21,47.5,1.00,-0.04,3623,3,659,-11450,-17.38,43.6,0.89,-1.01,19096,42,304,458,-959,-2320,-7480,-1651
MGC,TIME,"HOLD 20:00→11:00 SHORT stop 0.5×ATR",751,42,0.06,44.2,1.00,0.01,2995,3,659,-6570,-9.97,41.3,0.93,-0.64,15277,98,118,427,-601,-1057,-7777,2264
MGC,TIME,"HOLD 20:00→12:00 LONG no stop",751,-5000,-6.66,49.1,0.89,-1.18,5965,0,659,7031,10.67,54.5,1.07,0.60,13570,-97,-1308,-2125,-1470,-234,7633,-369
MGC,TIME,"HOLD 20:00→12:00 LONG stop 0.5×ATR",751,-6377,-8.49,43.8,0.85,-1.80,7762,0,659,14654,22.24,50.7,1.17,1.46,7134,-172,-1355,-2840,-2010,2458,6686,5510
MGC,TIME,"HOLD 20:00→12:00 SHORT no stop",751,-708,-0.94,48.9,0.98,-0.17,3886,1,659,-12039,-18.27,44.6,0.89,-1.03,22149,-275,-494,317,-256,-1568,-9457,-1015
MGC,TIME,"HOLD 20:00→12:00 SHORT stop 0.5×ATR",751,-15,-0.02,44.9,1.00,0.00,3808,2,659,-7348,-11.15,41.4,0.93,-0.70,17515,-133,-728,789,57,-146,-9368,2167
MGC,TIME,"HOLD 20:00→13:00 LONG no stop",751,-6181,-8.23,48.7,0.87,-1.43,7137,0,659,4742,7.20,54.5,1.05,0.40,14019,-215,-2184,-2888,-894,495,7043,-2797
MGC,TIME,"HOLD 20:00→13:00 LONG stop 0.5×ATR",751,-7049,-9.39,43.0,0.84,-2.00,8528,0,659,12855,19.51,51.4,1.14,1.27,7960,-105,-1851,-3491,-1603,2869,6240,3745
MGC,TIME,"HOLD 20:00→13:00 SHORT no stop",751,473,0.63,49.8,1.01,0.11,3499,2,659,-9750,-14.80,44.6,0.91,-0.81,21555,-157,382,1080,-832,-2297,-8867,1413
MGC,TIME,"HOLD 20:00→13:00 SHORT stop 0.5×ATR",751,305,0.41,45.5,1.01,0.08,3759,1,659,-4965,-7.53,41.0,0.95,-0.46,16159,-19,-200,965,-442,-251,-8691,3978
MGC,TIME,"HOLD 20:00→14:00 LONG no stop",751,-6145,-8.18,47.9,0.87,-1.40,7416,0,659,5258,7.98,54.3,1.05,0.44,13272,-621,-2186,-3042,-296,723,6686,-2152
MGC,TIME,"HOLD 20:00→14:00 LONG stop 0.5×ATR",751,-7550,-10.05,42.2,0.83,-2.09,8900,0,659,12603,19.13,50.5,1.14,1.23,8965,-276,-2150,-3754,-1370,3017,6183,3404
MGC,TIME,"HOLD 20:00→14:00 SHORT no stop",751,437,0.58,49.5,1.01,0.10,4168,3,659,-10266,-15.58,44.8,0.91,-0.86,21690,249,384,1234,-1430,-2525,-8510,768
MGC,TIME,"HOLD 20:00→14:00 SHORT stop 0.5×ATR",751,667,0.89,45.3,1.02,0.17,3784,2,659,-5142,-7.80,41.1,0.95,-0.48,16035,321,-235,1456,-874,-221,-8197,3276
MGC,TIME,"HOLD 20:00→15:00 LONG no stop",751,-5330,-7.10,47.9,0.89,-1.19,7241,1,659,2732,4.15,55.5,1.03,0.22,15597,-415,-1994,-2977,56,1404,6589,-5262
MGC,TIME,"HOLD 20:00→15:00 LONG stop 0.5×ATR",751,-7144,-9.51,42.1,0.84,-1.91,8767,0,659,12110,18.38,51.9,1.13,1.16,9592,-153,-1919,-3957,-1115,3961,6766,1383
MGC,TIME,"HOLD 20:00→15:00 SHORT no stop",751,-378,-0.50,49.3,0.99,-0.08,4487,3,659,-7740,-11.75,44.2,0.93,-0.63,22269,43,192,1169,-1782,-3206,-8413,3878
MGC,TIME,"HOLD 20:00→15:00 SHORT stop 0.5×ATR",751,-414,-0.55,44.3,0.99,-0.11,4291,2,659,-4204,-6.38,40.2,0.96,-0.39,17174,153,-620,1106,-1052,-705,-8088,4589
MGC,TIME,"HOLD 20:00→15:55 LONG no stop",751,-5513,-7.34,48.5,0.89,-1.22,7077,0,659,5697,8.64,54.0,1.05,0.44,15934,-264,-1851,-3167,-231,661,8881,-3846
MGC,TIME,"HOLD 20:00→15:55 LONG stop 0.5×ATR",751,-7455,-9.93,42.5,0.84,-1.96,9005,0,659,15589,23.66,50.8,1.16,1.44,9067,-77,-1953,-4099,-1325,3270,7787,4532
MGC,TIME,"HOLD 20:00→15:55 SHORT no stop",751,-195,-0.26,49.7,1.00,-0.04,4374,2,659,-10705,-16.24,45.5,0.91,-0.83,25760,-108,49,1359,-1495,-2463,-10705,2462
MGC,TIME,"HOLD 20:00→15:55 SHORT stop 0.5×ATR",751,-232,-0.31,44.5,0.99,-0.06,4410,2,659,-1863,-2.83,41.7,0.98,-0.17,16342,58,-763,1199,-726,-380,-8054,6570
MGC,TIME,"HOLD 20:00→16:44 LONG no stop",751,-5827,-7.76,47.8,0.88,-1.28,7100,0,659,4449,6.75,53.4,1.04,0.34,17349,-93,-2115,-2943,-676,1040,9782,-6374
MGC,TIME,"HOLD 20:00→16:44 LONG stop 0.5×ATR",751,-7529,-10.02,41.7,0.84,-1.98,9119,1,659,13205,20.04,49.8,1.14,1.21,10814,50,-1930,-4031,-1618,3575,7662,1968
MGC,TIME,"HOLD 20:00→16:44 SHORT no stop",751,119,0.16,49.5,1.00,0.03,4300,2,659,-9457,-14.35,45.1,0.92,-0.73,26783,-279,313,1135,-1050,-2842,-11606,4990
MGC,TIME,"HOLD 20:00→16:44 SHORT stop 0.5×ATR",751,194,0.26,44.3,1.00,0.05,3888,2,659,-520,-0.79,41.1,0.99,-0.05,15922,18,-337,1039,-526,-185,-8588,8253
MGC,TIME,"HOLD 00:00→03:00 LONG no stop",761,-2263,-2.97,47.2,0.83,-1.87,2765,0,666,346,0.52,49.5,1.01,0.08,3781,-115,-447,-616,-1085,-1100,157,1290
MGC,TIME,"HOLD 00:00→03:00 LONG stop 0.5×ATR",761,-2336,-3.07,47.2,0.83,-1.93,2838,0,666,130,0.20,49.5,1.00,0.03,4023,-178,-507,-674,-977,-1162,-62,1354
MGC,TIME,"HOLD 00:00→03:00 SHORT no stop",761,-3521,-4.63,47.7,0.75,-2.92,3775,0,666,-5408,-8.12,46.4,0.85,-1.26,5884,-257,-1393,-1200,-671,-716,-2011,-2680
MGC,TIME,"HOLD 00:00→03:00 SHORT stop 0.5×ATR",761,-3515,-4.62,47.7,0.75,-2.93,3760,0,666,-5115,-7.68,46.4,0.86,-1.21,5591,-257,-1422,-1161,-675,-716,-2006,-2392
MGC,TIME,"HOLD 00:00→08:00 LONG no stop",761,-5323,-6.99,49.5,0.80,-2.31,5894,0,666,5209,7.82,54.5,1.10,0.79,5740,-914,-2285,-1676,-448,573,2854,1783
MGC,TIME,"HOLD 00:00→08:00 LONG stop 0.5×ATR",761,-4827,-6.34,49.0,0.81,-2.25,5414,0,666,5246,7.88,53.6,1.11,0.89,4795,-551,-1802,-1659,-815,813,3490,943
MGC,TIME,"HOLD 00:00→08:00 SHORT no stop",761,-461,-0.61,48.1,0.98,-0.20,2571,2,666,-10271,-15.42,42.5,0.83,-1.55,12364,542,445,-140,-1308,-2389,-4708,-3173
MGC,TIME,"HOLD 00:00→08:00 SHORT stop 0.5×ATR",761,-1147,-1.51,47.8,0.95,-0.50,2678,1,666,-9351,-14.04,42.5,0.84,-1.44,10901,629,-104,-201,-1472,-2109,-4043,-3199
MGC,TIME,"HOLD 00:00→09:29 LONG no stop",761,-5204,-6.84,49.5,0.85,-1.65,5969,0,666,3966,5.96,55.0,1.06,0.47,9516,-231,-2586,-1754,-633,54,4706,-793
MGC,TIME,"HOLD 00:00→09:29 LONG stop 0.5×ATR",761,-4549,-5.98,47.7,0.86,-1.67,5427,1,666,6783,10.18,53.8,1.11,0.96,6717,184,-1715,-1776,-1242,735,5470,578
MGC,TIME,"HOLD 00:00→09:29 SHORT no stop",761,-580,-0.76,45.7,0.98,-0.18,2939,1,666,-9028,-13.56,43.7,0.88,-1.08,13635,-141,746,-62,-1123,-1870,-6560,-597
MGC,TIME,"HOLD 00:00→09:29 SHORT stop 0.5×ATR",761,-834,-1.10,44.8,0.97,-0.28,3062,2,666,-7979,-11.98,43.1,0.89,-0.98,12700,71,493,-131,-1268,-1598,-5412,-969
MGC,TIME,"HOLD 00:00→10:00 LONG no stop",761,-5923,-7.78,48.9,0.85,-1.66,6774,0,666,2154,3.23,53.2,1.03,0.24,9061,-569,-3529,-926,-899,-571,1863,863
MGC,TIME,"HOLD 00:00→10:00 LONG stop 0.5×ATR",761,-4314,-5.67,46.9,0.88,-1.45,5549,1,666,5386,8.09,51.5,1.08,0.71,6983,51,-2325,-1016,-1025,641,3159,1587
MGC,TIME,"HOLD 00:00→10:00 SHORT no stop",761,139,0.18,49.1,1.00,0.04,3569,2,666,-7216,-10.83,45.8,0.91,-0.79,11291,197,1689,-890,-857,-1245,-3717,-2253
MGC,TIME,"HOLD 00:00→10:00 SHORT stop 0.5×ATR",761,809,1.06,48.0,1.02,0.24,2992,2,666,-4952,-7.43,44.4,0.93,-0.57,10482,244,1528,-403,-560,-880,-3562,-509
MGC,TIME,"HOLD 00:00→11:00 LONG no stop",761,-4646,-6.10,49.7,0.89,-1.17,6300,0,666,3108,4.67,53.3,1.04,0.31,10118,-904,-3070,-273,-399,-36,3764,-619
MGC,TIME,"HOLD 00:00→11:00 LONG stop 0.5×ATR",761,-3651,-4.80,45.9,0.91,-1.10,5242,0,666,6688,10.04,51.1,1.09,0.80,8374,-2,-2518,-60,-1071,1353,5632,-297
MGC,TIME,"HOLD 00:00→11:00 SHORT no stop",761,-1138,-1.50,47.4,0.97,-0.29,4663,2,666,-8170,-12.27,45.3,0.91,-0.83,13473,532,1230,-1543,-1357,-1780,-5618,-771
MGC,TIME,"HOLD 00:00→11:00 SHORT stop 0.5×ATR",761,482,0.63,45.1,1.01,0.13,3232,2,666,-6002,-9.01,43.5,0.93,-0.65,12676,930,888,-151,-1186,-672,-5684,354
MGC,TIME,"HOLD 00:00→12:00 LONG no stop",761,-4137,-5.44,49.1,0.90,-1.00,5529,0,666,3635,5.46,53.6,1.04,0.35,12832,-587,-2334,-157,-1059,-857,5666,-1173
MGC,TIME,"HOLD 00:00→12:00 LONG stop 0.5×ATR",761,-3294,-4.33,45.2,0.92,-0.96,4559,2,666,10162,15.26,51.1,1.13,1.16,8087,195,-2013,175,-1650,174,7809,2179
MGC,TIME,"HOLD 00:00→12:00 SHORT no stop",761,-1647,-2.16,48.4,0.96,-0.40,5345,2,666,-8697,-13.06,45.2,0.91,-0.84,16383,215,494,-1659,-697,-959,-7520,-217
MGC,TIME,"HOLD 00:00→12:00 SHORT stop 0.5×ATR",761,117,0.15,45.7,1.00,0.03,3545,3,666,-8295,-12.46,43.1,0.91,-0.85,14485,614,293,39,-828,-147,-7271,-877
MGC,TIME,"HOLD 00:00→13:00 LONG no stop",761,-5309,-6.98,48.9,0.88,-1.27,6918,0,666,1515,2.28,53.6,1.02,0.14,13281,-705,-3305,-908,-391,-123,5215,-3576
MGC,TIME,"HOLD 00:00→13:00 LONG stop 0.5×ATR",761,-4064,-5.34,44.5,0.90,-1.19,5508,1,666,9315,13.99,50.3,1.12,1.07,8195,95,-2615,-477,-1067,711,7687,917
MGC,TIME,"HOLD 00:00→13:00 SHORT no stop",761,-475,-0.62,49.4,0.99,-0.11,4679,2,666,-6577,-9.88,44.6,0.93,-0.62,15933,333,1465,-908,-1365,-1693,-7069,2186
MGC,TIME,"HOLD 00:00→13:00 SHORT stop 0.5×ATR",761,816,1.07,46.5,1.02,0.22,3144,3,666,-7349,-11.03,42.3,0.92,-0.73,14309,771,994,469,-1418,-440,-7544,636
MGC,TIME,"HOLD 00:00→14:00 LONG no stop",761,-5269,-6.92,49.3,0.88,-1.23,7409,1,666,1957,2.94,52.7,1.02,0.19,12359,-1111,-3256,-1077,175,97,4875,-3014
MGC,TIME,"HOLD 00:00→14:00 LONG stop 0.5×ATR",761,-4464,-5.87,44.4,0.89,-1.27,5733,0,666,7978,11.98,49.7,1.10,0.90,9010,-22,-2806,-774,-863,536,7006,436
MGC,TIME,"HOLD 00:00→14:00 SHORT no stop",761,-515,-0.68,49.3,0.99,-0.12,4993,2,666,-7019,-10.54,45.9,0.93,-0.66,16076,739,1416,-739,-1931,-1913,-6729,1624
MGC,TIME,"HOLD 00:00→14:00 SHORT stop 0.5×ATR",761,1211,1.59,45.9,1.03,0.32,3279,3,666,-7928,-11.90,43.5,0.91,-0.80,14538,1103,1122,858,-1872,-586,-7117,-224
MGC,TIME,"HOLD 00:00→15:00 LONG no stop",761,-4434,-5.83,47.3,0.90,-1.01,7115,1,666,-907,-1.36,54.4,0.99,-0.08,14859,-905,-3054,-1004,529,756,4489,-6151
MGC,TIME,"HOLD 00:00→15:00 LONG stop 0.5×ATR",761,-3346,-4.40,43.2,0.92,-0.92,5292,1,666,7109,10.67,50.9,1.08,0.78,10380,127,-2621,-501,-351,1230,7606,-1727
MGC,TIME,"HOLD 00:00→15:00 SHORT no stop",761,-1350,-1.77,49.9,0.97,-0.31,5452,2,666,-4155,-6.24,45.0,0.96,-0.38,16344,533,1214,-812,-2285,-2572,-6343,4761
MGC,TIME,"HOLD 00:00→15:00 SHORT stop 0.5×ATR",761,570,0.75,46.0,1.01,0.15,3139,3,666,-5006,-7.52,42.0,0.95,-0.49,14907,943,763,721,-1858,-1148,-7625,3767
MGC,TIME,"HOLD 00:00→15:55 LONG no stop",761,-4611,-6.06,46.9,0.90,-1.04,6875,1,666,2058,3.09,53.8,1.02,0.18,15068,-754,-2920,-1174,237,50,6645,-4636
MGC,TIME,"HOLD 00:00→15:55 LONG stop 0.5×ATR",761,-3637,-4.78,42.3,0.92,-0.98,5310,1,666,10559,15.85,50.5,1.12,1.11,9411,213,-2686,-652,-512,1031,8399,1129
MGC,TIME,"HOLD 00:00→15:55 SHORT no stop",761,-1173,-1.54,50.9,0.97,-0.26,5352,2,666,-7120,-10.69,45.3,0.93,-0.62,19736,382,1080,-642,-1993,-1866,-8499,3246
MGC,TIME,"HOLD 00:00→15:55 SHORT stop 0.5×ATR",761,993,1.30,46.9,1.02,0.26,3182,3,666,-5224,-7.84,42.3,0.94,-0.50,16005,876,732,741,-1357,-431,-8475,3682
MGC,TIME,"HOLD 00:00→16:44 LONG no stop",761,-4916,-6.46,48.2,0.90,-1.10,6818,0,666,842,1.26,52.7,1.01,0.07,15686,-583,-3178,-934,-221,428,7644,-7229
MGC,TIME,"HOLD 00:00→16:44 LONG stop 0.5×ATR",761,-3611,-4.75,43.2,0.92,-0.97,5305,1,666,8837,13.27,49.7,1.10,0.91,10162,357,-2701,-464,-803,1489,8248,-900
MGC,TIME,"HOLD 00:00→16:44 SHORT no stop",761,-868,-1.14,49.5,0.98,-0.19,5269,2,666,-5904,-8.86,45.9,0.94,-0.51,20857,211,1338,-882,-1535,-2244,-9498,5839
MGC,TIME,"HOLD 00:00→16:44 SHORT stop 0.5×ATR",761,1020,1.34,45.6,1.02,0.26,3228,3,666,-3482,-5.23,42.8,0.96,-0.33,15842,810,884,475,-1149,-267,-9407,6192
MGC,TIME,"HOLD 03:00→08:00 LONG no stop",761,-5838,-7.67,48.6,0.74,-2.98,6497,0,666,2497,3.75,53.9,1.06,0.46,3832,-997,-2704,-1942,-195,829,1782,-113
MGC,TIME,"HOLD 03:00→08:00 LONG stop 0.5×ATR",761,-5981,-7.86,48.4,0.73,-3.21,6534,0,666,1376,2.07,53.3,1.04,0.28,4385,-1062,-2454,-1835,-631,1226,2375,-2225
MGC,TIME,"HOLD 03:00→08:00 SHORT no stop",761,54,0.07,45.2,1.00,0.03,2338,3,666,-7559,-11.35,42.5,0.83,-1.38,9100,625,864,126,-1561,-2645,-3636,-1277
MGC,TIME,"HOLD 03:00→08:00 SHORT stop 0.5×ATR",761,25,0.03,45.1,1.00,0.01,2347,3,666,-5943,-8.92,42.5,0.86,-1.20,8363,644,924,59,-1603,-2632,-3865,554
MGC,TIME,"HOLD 03:00→09:29 LONG no stop",761,-5719,-7.51,48.9,0.82,-2.00,6064,0,666,1254,1.88,53.2,1.02,0.17,6834,-314,-3005,-2020,-380,310,3634,-2689
MGC,TIME,"HOLD 03:00→09:29 LONG stop 0.5×ATR",761,-6980,-9.17,47.3,0.78,-2.72,7372,0,666,2637,3.96,52.1,1.05,0.44,6063,-457,-2859,-2107,-1557,695,4903,-2961
MGC,TIME,"HOLD 03:00→09:29 SHORT no stop",761,-65,-0.09,47.6,1.00,-0.02,2614,2,666,-6316,-9.48,44.3,0.90,-0.86,10904,-58,1165,204,-1376,-2126,-5488,1299
MGC,TIME,"HOLD 03:00→09:29 SHORT stop 0.5×ATR",761,-176,-0.23,46.8,0.99,-0.06,2948,2,666,-5193,-7.80,43.8,0.91,-0.75,10939,61,1456,-1,-1692,-2572,-5690,3069
MGC,TIME,"HOLD 03:00→10:00 LONG no stop",761,-6438,-8.46,48.1,0.82,-1.97,7075,0,666,-558,-0.84,52.3,0.99,-0.07,7792,-652,-3948,-1192,-646,-315,791,-1033
MGC,TIME,"HOLD 03:00→10:00 LONG stop 0.5×ATR",761,-7429,-9.76,46.0,0.79,-2.61,8222,0,666,-498,-0.75,51.2,0.99,-0.07,6384,-634,-3761,-1440,-1594,279,1739,-2517
MGC,TIME,"HOLD 03:00→10:00 SHORT no stop",761,654,0.86,49.1,1.02,0.20,3037,2,666,-4504,-6.76,46.2,0.93,-0.55,8431,280,2108,-624,-1110,-1501,-2645,-357
MGC,TIME,"HOLD 03:00→10:00 SHORT stop 0.5×ATR",761,980,1.29,48.0,1.03,0.32,2494,2,666,-2710,-4.07,45.2,0.96,-0.36,9292,338,2320,-698,-979,-2040,-4016,3346
MGC,TIME,"HOLD 03:00→11:00 LONG no stop",761,-5161,-6.78,48.9,0.87,-1.41,6348,0,666,396,0.59,53.5,1.01,0.04,10036,-987,-3489,-539,-146,220,2692,-2515
MGC,TIME,"HOLD 03:00→11:00 LONG stop 0.5×ATR",761,-6817,-8.96,45.5,0.83,-2.14,7347,0,666,2032,3.05,51.4,1.03,0.28,7012,-846,-3853,-1005,-1112,920,4501,-3390
MGC,TIME,"HOLD 03:00→11:00 SHORT no stop",761,-623,-0.82,48.0,0.98,-0.17,4475,2,666,-5458,-8.19,45.2,0.93,-0.61,11459,615,1649,-1277,-1610,-2036,-4546,1125
MGC,TIME,"HOLD 03:00→11:00 SHORT stop 0.5×ATR",761,558,0.73,45.7,1.02,0.17,3131,2,666,-5503,-8.26,43.8,0.93,-0.66,13132,980,1932,-405,-1949,-1901,-6804,3201
MGC,TIME,"HOLD 03:00→12:00 LONG no stop",761,-4652,-6.11,47.8,0.89,-1.22,5490,0,666,923,1.39,53.0,1.01,0.10,10134,-670,-2753,-423,-806,-601,4594,-3069
MGC,TIME,"HOLD 03:00→12:00 LONG stop 0.5×ATR",761,-7129,-9.37,44.2,0.83,-2.16,7884,0,666,3843,5.77,50.5,1.05,0.49,7620,-751,-3554,-900,-1924,-145,6279,-2291
MGC,TIME,"HOLD 03:00→12:00 SHORT no stop",761,-1132,-1.49,49.1,0.97,-0.30,4640,2,666,-5985,-8.99,45.8,0.93,-0.65,13676,298,913,-1393,-950,-1215,-6448,1679
MGC,TIME,"HOLD 03:00→12:00 SHORT stop 0.5×ATR",761,176,0.23,46.6,1.00,0.05,3214,3,666,-7157,-10.75,43.5,0.91,-0.81,15005,586,899,138,-1447,-1100,-7973,1915
MGC,TIME,"HOLD 03:00→13:00 LONG no stop",761,-5824,-7.65,46.8,0.86,-1.49,6910,0,666,-1197,-1.80,53.2,0.99,-0.12,10583,-788,-3724,-1174,-138,133,4143,-5472
MGC,TIME,"HOLD 03:00→13:00 LONG stop 0.5×ATR",761,-7683,-10.10,43.1,0.82,-2.32,8401,0,666,2781,4.18,50.5,1.04,0.35,8509,-781,-4072,-1400,-1430,577,6547,-4343
MGC,TIME,"HOLD 03:00→13:00 SHORT no stop",761,40,0.05,50.3,1.00,0.01,4108,2,666,-3865,-5.80,45.8,0.95,-0.40,13226,416,1884,-642,-1618,-1949,-5997,4082
MGC,TIME,"HOLD 03:00→13:00 SHORT stop 0.5×ATR",761,1085,1.43,47.3,1.03,0.31,2833,3,666,-6065,-9.11,43.8,0.93,-0.66,14323,735,1702,604,-1956,-1525,-7462,2923
MGC,TIME,"HOLD 03:00→14:00 LONG no stop",761,-5784,-7.60,47.2,0.87,-1.46,7401,1,666,-755,-1.13,53.6,0.99,-0.08,9661,-1194,-3675,-1343,428,353,3803,-4910
MGC,TIME,"HOLD 03:00→14:00 LONG stop 0.5×ATR",761,-8141,-10.70,42.8,0.81,-2.39,8883,0,666,1610,2.42,50.5,1.02,0.20,9690,-893,-4373,-1670,-1204,392,6248,-5031
MGC,TIME,"HOLD 03:00→14:00 SHORT no stop",761,0,0.00,50.7,1.00,0.00,4726,2,666,-4307,-6.47,45.2,0.95,-0.45,13367,822,1835,-473,-2184,-2169,-5657,3520
MGC,TIME,"HOLD 03:00→14:00 SHORT stop 0.5×ATR",761,1591,2.09,47.7,1.04,0.45,3151,3,666,-6965,-10.46,43.4,0.92,-0.77,14672,1048,1789,989,-2236,-1814,-7119,1968
MGC,TIME,"HOLD 03:00→15:00 LONG no stop",761,-4949,-6.50,47.2,0.89,-1.22,7099,1,666,-3619,-5.43,54.4,0.96,-0.35,12161,-988,-3473,-1270,782,1012,3417,-8047
MGC,TIME,"HOLD 03:00→15:00 LONG stop 0.5×ATR",761,-7542,-9.91,42.6,0.83,-2.15,8651,0,666,825,1.24,50.9,1.01,0.10,11236,-781,-4411,-1654,-695,1381,6632,-7187
MGC,TIME,"HOLD 03:00→15:00 SHORT no stop",761,-835,-1.10,49.7,0.98,-0.20,4763,2,666,-1443,-2.17,44.3,0.98,-0.14,13636,616,1633,-546,-2538,-2828,-5271,6657
MGC,TIME,"HOLD 03:00→15:00 SHORT stop 0.5×ATR",761,445,0.58,46.8,1.01,0.13,3318,3,666,-2064,-3.10,42.2,0.98,-0.22,13916,882,1438,631,-2506,-1831,-6718,6485
MGC,TIME,"HOLD 03:00→15:55 LONG no stop",761,-5126,-6.74,47.2,0.89,-1.24,6965,1,666,-654,-0.98,54.4,0.99,-0.06,12370,-837,-3339,-1440,490,306,5573,-6532
MGC,TIME,"HOLD 03:00→15:55 LONG stop 0.5×ATR",761,-7519,-9.88,42.7,0.83,-2.09,8779,0,666,3775,5.67,50.8,1.05,0.44,10124,-629,-4433,-1714,-743,659,7680,-4565
MGC,TIME,"HOLD 03:00→15:55 SHORT no stop",761,-658,-0.86,51.4,0.98,-0.16,4492,2,666,-4408,-6.62,44.1,0.95,-0.42,17022,465,1499,-376,-2246,-2122,-7427,5142
MGC,TIME,"HOLD 03:00→15:55 SHORT stop 0.5×ATR",761,1120,1.47,48.0,1.03,0.31,2871,3,666,-3106,-4.66,41.9,0.96,-0.32,15182,782,1407,924,-1992,-1124,-7453,5471
MGC,TIME,"HOLD 03:00→16:44 LONG no stop",761,-5431,-7.14,46.9,0.88,-1.30,6919,1,666,-1870,-2.81,52.9,0.98,-0.18,14758,-666,-3597,-1200,32,684,6572,-9125
MGC,TIME,"HOLD 03:00→16:44 LONG stop 0.5×ATR",761,-7490,-9.84,42.7,0.83,-2.09,8740,0,666,1942,2.92,49.5,1.02,0.22,12200,-557,-4338,-1567,-1028,962,7773,-6793
MGC,TIME,"HOLD 03:00→16:44 SHORT no stop",761,-353,-0.46,51.4,0.99,-0.08,4421,2,666,-3192,-4.79,45.3,0.97,-0.30,18150,294,1757,-616,-1788,-2500,-8426,7735
MGC,TIME,"HOLD 03:00→16:44 SHORT stop 0.5×ATR",761,1288,1.69,47.7,1.03,0.36,2777,3,666,-1858,-2.79,42.9,0.98,-0.19,14985,724,1684,708,-1827,-991,-8403,7536
MGC,TIME,"HOLD 08:00→09:29 LONG no stop",761,-2873,-3.78,48.0,0.87,-1.42,3701,1,666,-3959,-5.94,49.8,0.90,-0.91,5412,495,-1251,-1012,-1105,-1450,857,-3365
MGC,TIME,"HOLD 08:00→09:29 LONG stop 0.5×ATR",761,-2537,-3.33,47.3,0.88,-1.34,3496,1,666,-4845,-7.28,49.2,0.88,-1.14,6011,649,-995,-1049,-1141,-1965,366,-3246
MGC,TIME,"HOLD 08:00→09:29 SHORT no stop",761,-2911,-3.82,47.2,0.86,-1.44,3817,0,666,-1103,-1.66,47.7,0.97,-0.25,4581,-867,-589,-804,-651,-366,-2711,1975
MGC,TIME,"HOLD 08:00→09:29 SHORT stop 0.5×ATR",761,-2660,-3.50,47.0,0.87,-1.36,3440,0,666,-2189,-3.29,47.6,0.94,-0.50,4900,-871,-144,-588,-1057,-611,-2952,1374
MGC,TIME,"HOLD 08:00→10:00 LONG no stop",761,-3592,-4.72,48.0,0.87,-1.41,4238,1,666,-5771,-8.66,50.8,0.88,-1.05,7902,157,-2194,-184,-1371,-2075,-1986,-1709
MGC,TIME,"HOLD 08:00→10:00 LONG stop 0.5×ATR",761,-2543,-3.34,47.3,0.90,-1.10,3811,1,666,-6451,-9.69,50.0,0.87,-1.25,7892,634,-1619,-410,-1148,-2292,-2622,-1537
MGC,TIME,"HOLD 08:00→10:00 SHORT no stop",761,-2192,-2.88,48.1,0.92,-0.86,3596,1,666,709,1.06,46.5,1.02,0.13,3732,-529,354,-1632,-385,259,132,319
MGC,TIME,"HOLD 08:00→10:00 SHORT stop 0.5×ATR",761,-767,-1.01,47.7,0.97,-0.32,2200,1,666,-142,-0.21,46.1,1.00,-0.03,3578,-452,1069,-1143,-241,-371,-377,606
MGC,TIME,"HOLD 08:00→11:00 LONG no stop",761,-2315,-3.04,47.4,0.93,-0.77,2884,1,666,-4817,-7.23,51.8,0.92,-0.72,7398,-178,-1735,469,-871,-1540,-85,-3191
MGC,TIME,"HOLD 08:00→11:00 LONG stop 0.5×ATR",761,-2736,-3.60,45.3,0.91,-1.00,3514,1,666,-5890,-8.84,50.3,0.90,-0.96,6480,346,-1897,-46,-1139,-1555,-1355,-2980
MGC,TIME,"HOLD 08:00→11:00 SHORT no stop",761,-3469,-4.56,48.0,0.89,-1.16,5274,0,666,-245,-0.37,47.0,1.00,-0.04,5212,-194,-105,-2285,-885,-276,-1769,1801
MGC,TIME,"HOLD 08:00→11:00 SHORT stop 0.5×ATR",761,-1080,-1.42,47.0,0.96,-0.40,3155,1,666,-1179,-1.77,46.2,0.98,-0.18,4953,-264,667,-1284,-199,-420,-2011,1252
MGC,TIME,"HOLD 08:00→12:00 LONG no stop",761,-1806,-2.37,48.9,0.95,-0.56,2784,2,666,-4290,-6.44,49.5,0.93,-0.59,8059,139,-999,585,-1531,-2361,1817,-3745
MGC,TIME,"HOLD 08:00→12:00 LONG stop 0.5×ATR",761,-2162,-2.84,46.9,0.93,-0.74,3030,2,666,-4450,-6.68,48.3,0.93,-0.68,7147,491,-1224,349,-1778,-2646,951,-2755
MGC,TIME,"HOLD 08:00→12:00 SHORT no stop",761,-3978,-5.23,48.5,0.88,-1.24,6103,0,666,-772,-1.16,47.6,0.99,-0.11,6828,-511,-841,-2401,-225,545,-3671,2355
MGC,TIME,"HOLD 08:00→12:00 SHORT stop 0.5×ATR",761,-1738,-2.28,46.9,0.95,-0.61,3817,1,666,-4112,-6.17,46.4,0.94,-0.57,6945,-610,-435,-1032,339,-89,-3521,-502
MGC,TIME,"HOLD 08:00→13:00 LONG no stop",761,-2978,-3.91,49.4,0.91,-0.91,3435,1,666,-6410,-9.62,49.4,0.91,-0.85,9000,21,-1970,-166,-863,-1627,1366,-6148
MGC,TIME,"HOLD 08:00→13:00 LONG stop 0.5×ATR",761,-2226,-2.92,47.0,0.93,-0.76,3062,1,666,-4660,-7.00,47.7,0.93,-0.70,7661,390,-1634,-89,-893,-1865,1354,-4150
MGC,TIME,"HOLD 08:00→13:00 SHORT no stop",761,-2806,-3.69,47.4,0.92,-0.86,5495,1,666,1348,2.02,48.9,1.02,0.18,6516,-393,130,-1650,-893,-189,-3220,4758
MGC,TIME,"HOLD 08:00→13:00 SHORT stop 0.5×ATR",761,-628,-0.83,46.0,0.98,-0.21,3119,2,666,-3138,-4.71,47.3,0.95,-0.42,6688,-514,386,-657,157,-818,-3210,890
MGC,TIME,"HOLD 08:00→14:00 LONG no stop",761,-2938,-3.86,47.0,0.92,-0.87,3954,0,666,-5968,-8.96,51.5,0.92,-0.78,8355,-385,-1921,-335,-297,-1407,1026,-5586
MGC,TIME,"HOLD 08:00→14:00 LONG stop 0.5×ATR",761,-2942,-3.87,44.8,0.92,-0.97,3873,1,666,-4837,-7.26,49.2,0.93,-0.71,8284,113,-1891,-587,-577,-1795,1371,-4413
MGC,TIME,"HOLD 08:00→14:00 SHORT no stop",761,-2846,-3.74,49.7,0.92,-0.84,5903,2,666,906,1.36,46.7,1.01,0.12,6439,13,81,-1481,-1459,-409,-2880,4196
MGC,TIME,"HOLD 08:00→14:00 SHORT stop 0.5×ATR",761,35,0.05,48.1,1.00,0.01,2893,2,666,-4149,-6.23,45.0,0.94,-0.54,8020,-231,282,55,-70,-1098,-3500,449
MGC,TIME,"HOLD 08:00→15:00 LONG no stop",761,-2103,-2.76,47.7,0.94,-0.60,3629,1,666,-8832,-13.26,51.7,0.88,-1.07,10995,-179,-1719,-262,57,-748,640,-8723
MGC,TIME,"HOLD 08:00→15:00 LONG stop 0.5×ATR",761,-2667,-3.50,45.3,0.93,-0.84,3996,1,666,-5672,-8.52,49.1,0.92,-0.79,8992,190,-1950,-642,-264,-944,1327,-6055
MGC,TIME,"HOLD 08:00→15:00 SHORT no stop",761,-3681,-4.84,49.0,0.90,-1.05,6409,0,666,3770,5.66,47.0,1.05,0.46,6600,-193,-121,-1554,-1813,-1068,-2494,7333
MGC,TIME,"HOLD 08:00→15:00 SHORT stop 0.5×ATR",761,-965,-1.27,46.9,0.97,-0.31,3466,0,666,-269,-0.40,45.0,1.00,-0.03,7515,-467,-85,-89,-324,-1370,-3387,4488
MGC,TIME,"HOLD 08:00→15:55 LONG no stop",761,-2280,-3.00,47.0,0.94,-0.63,3392,0,666,-5867,-8.81,51.7,0.93,-0.67,10937,-28,-1585,-432,-235,-1454,2796,-7208
MGC,TIME,"HOLD 08:00→15:55 LONG stop 0.5×ATR",761,-2645,-3.48,44.5,0.93,-0.81,3812,1,666,-4177,-6.27,49.1,0.94,-0.54,9959,268,-1801,-690,-422,-1558,2735,-5353
MGC,TIME,"HOLD 08:00→15:55 SHORT no stop",761,-3504,-4.60,50.1,0.91,-0.97,6416,0,666,805,1.21,47.0,1.01,0.09,9959,-344,-255,-1384,-1521,-362,-4650,5818
MGC,TIME,"HOLD 08:00→15:55 SHORT stop 0.5×ATR",761,-470,-0.62,47.8,0.99,-0.15,3084,2,666,-1703,-2.56,45.0,0.98,-0.20,8860,-575,68,-2,39,-1113,-4305,3714
MGC,TIME,"HOLD 08:00→16:44 LONG no stop",761,-2585,-3.40,46.3,0.93,-0.71,3559,1,666,-7083,-10.63,51.8,0.91,-0.80,13433,143,-1843,-192,-693,-1076,3795,-9801
MGC,TIME,"HOLD 08:00→16:44 LONG stop 0.5×ATR",761,-2534,-3.33,43.8,0.93,-0.78,3741,1,666,-5473,-8.22,48.8,0.93,-0.69,11511,382,-1656,-502,-757,-1169,2805,-7109
MGC,TIME,"HOLD 08:00→16:44 SHORT no stop",761,-3199,-4.20,51.2,0.92,-0.88,6121,1,666,2021,3.03,47.0,1.03,0.23,11087,-515,3,-1624,-1063,-740,-5649,8411
MGC,TIME,"HOLD 08:00→16:44 SHORT stop 0.5×ATR",761,-362,-0.48,48.6,0.99,-0.12,2972,2,666,271,0.41,45.3,1.00,0.03,8842,-681,374,-354,299,-1003,-5202,6475
MGC,TIME,"HOLD 09:30→10:00 LONG no stop",761,-3264,-4.29,47.2,0.79,-2.39,3757,1,666,-3444,-5.17,47.4,0.88,-1.06,5998,-533,-1901,110,-940,-1404,-3570,1531
MGC,TIME,"HOLD 09:30→10:00 LONG stop 0.5×ATR",761,-3143,-4.13,47.2,0.80,-2.35,3632,1,666,-3418,-5.13,47.4,0.88,-1.09,5973,-396,-1925,200,-1022,-1655,-3707,1944
MGC,TIME,"HOLD 09:30→10:00 SHORT no stop",761,-2520,-3.31,46.0,0.83,-1.84,3862,2,666,-1618,-2.43,48.5,0.94,-0.50,4416,161,61,-1926,-816,-412,1716,-2921
MGC,TIME,"HOLD 09:30→10:00 SHORT stop 0.5×ATR",761,-2321,-3.05,46.0,0.84,-1.73,3703,2,666,-2339,-3.51,48.3,0.92,-0.71,4705,200,289,-1938,-873,-429,1727,-3637
MGC,TIME,"HOLD 09:30→11:00 LONG no stop",761,-1987,-2.61,48.6,0.91,-0.93,2699,1,666,-2490,-3.74,49.1,0.94,-0.51,5537,-868,-1442,763,-440,-869,-1669,49
MGC,TIME,"HOLD 09:30→11:00 LONG stop 0.5×ATR",761,-1987,-2.61,48.1,0.91,-0.96,2243,1,666,-2417,-3.63,48.8,0.94,-0.52,4301,-685,-1160,710,-852,-1021,-1045,-351
MGC,TIME,"HOLD 09:30→11:00 SHORT no stop",761,-3797,-4.99,47.3,0.84,-1.77,5262,1,666,-2572,-3.86,47.7,0.94,-0.53,5128,496,-398,-2579,-1316,-947,-185,-1439
MGC,TIME,"HOLD 09:30→11:00 SHORT stop 0.5×ATR",761,-2707,-3.56,46.9,0.88,-1.37,4352,2,666,-4434,-6.66,47.4,0.90,-0.91,6746,658,84,-2050,-1399,-1147,877,-4164
MGC,TIME,"HOLD 09:30→12:00 LONG no stop",761,-1478,-1.94,47.2,0.94,-0.60,2128,1,666,-1963,-2.95,50.2,0.96,-0.35,4383,-551,-706,879,-1100,-1690,233,-505
MGC,TIME,"HOLD 09:30→12:00 LONG stop 0.5×ATR",761,-1180,-1.55,46.6,0.95,-0.51,2066,1,666,-1632,-2.45,49.8,0.97,-0.30,4613,-494,-345,1229,-1570,-2124,852,-360
MGC,TIME,"HOLD 09:30→12:00 SHORT no stop",761,-4306,-5.66,48.1,0.84,-1.75,5830,1,666,-3099,-4.65,48.3,0.94,-0.55,6064,179,-1134,-2695,-656,-126,-2087,-885
MGC,TIME,"HOLD 09:30→12:00 SHORT stop 0.5×ATR",761,-3193,-4.20,47.6,0.87,-1.41,4674,1,666,-6975,-10.47,47.6,0.87,-1.21,9653,351,-724,-1814,-1007,-1190,-1280,-4504
MGC,TIME,"HOLD 09:30→13:00 LONG no stop",761,-2650,-3.48,48.1,0.90,-1.05,3107,1,666,-4083,-6.13,52.0,0.93,-0.67,6486,-669,-1677,128,-432,-956,-218,-2908
MGC,TIME,"HOLD 09:30→13:00 LONG stop 0.5×ATR",761,-2247,-2.95,47.3,0.92,-0.95,2531,1,666,-2584,-3.88,51.5,0.95,-0.46,5530,-741,-1382,560,-685,-1554,1057,-2088
MGC,TIME,"HOLD 09:30→13:00 SHORT no stop",761,-3134,-4.12,47.6,0.88,-1.24,5286,1,666,-979,-1.47,46.2,0.98,-0.16,5987,297,-163,-1944,-1324,-860,-1636,1518
MGC,TIME,"HOLD 09:30→13:00 SHORT stop 0.5×ATR",761,-2178,-2.86,47.0,0.92,-0.92,4272,2,666,-5276,-7.92,45.3,0.91,-0.86,8113,493,196,-1583,-1284,-2272,-1203,-1800
MGC,TIME,"HOLD 09:30→14:00 LONG no stop",761,-2610,-3.43,48.0,0.91,-0.97,3590,1,666,-3641,-5.47,50.5,0.94,-0.58,5721,-1075,-1628,-41,134,-736,-558,-2346
MGC,TIME,"HOLD 09:30→14:00 LONG stop 0.5×ATR",761,-2516,-3.31,46.9,0.91,-1.01,3118,1,666,-3764,-5.65,49.8,0.93,-0.64,6950,-927,-1684,410,-315,-1128,501,-3136
MGC,TIME,"HOLD 09:30→14:00 SHORT no stop",761,-3174,-4.17,49.1,0.89,-1.18,6014,1,666,-1421,-2.13,47.9,0.97,-0.23,6122,703,-212,-1775,-1890,-1080,-1296,956
MGC,TIME,"HOLD 09:30→14:00 SHORT stop 0.5×ATR",761,-1586,-2.08,48.6,0.94,-0.64,4262,2,666,-6005,-9.02,46.8,0.90,-0.95,8861,843,117,-889,-1658,-2322,-839,-2844
MGC,TIME,"HOLD 09:30→15:00 LONG no stop",761,-1775,-2.33,47.0,0.94,-0.62,3291,2,666,-6505,-9.77,52.3,0.90,-0.94,8537,-869,-1426,32,488,-77,-944,-5483
MGC,TIME,"HOLD 09:30→15:00 LONG stop 0.5×ATR",761,-2535,-3.33,45.6,0.91,-0.96,3426,1,666,-5276,-7.92,51.5,0.91,-0.83,8423,-918,-1814,218,-21,-443,74,-4907
MGC,TIME,"HOLD 09:30→15:00 SHORT no stop",761,-4009,-5.27,49.1,0.87,-1.41,6180,1,666,1443,2.17,46.7,1.02,0.21,5858,497,-414,-1848,-2244,-1739,-910,4093
MGC,TIME,"HOLD 09:30→15:00 SHORT stop 0.5×ATR",761,-2601,-3.42,48.0,0.91,-1.00,4679,1,666,-1455,-2.18,45.3,0.98,-0.21,7098,647,-418,-977,-1853,-2961,-1111,2617
MGC,TIME,"HOLD 09:30→15:55 LONG no stop",761,-1952,-2.56,46.4,0.94,-0.67,3062,1,666,-3540,-5.32,50.2,0.95,-0.47,7977,-718,-1292,-138,196,-783,1212,-3968
MGC,TIME,"HOLD 09:30→15:55 LONG stop 0.5×ATR",761,-2326,-3.06,44.8,0.92,-0.85,2936,1,666,-2399,-3.60,49.2,0.96,-0.35,7237,-732,-1598,200,-197,-1153,1765,-3012
MGC,TIME,"HOLD 09:30→15:55 SHORT no stop",761,-3832,-5.04,49.5,0.88,-1.31,6190,1,666,-1522,-2.28,47.1,0.98,-0.20,9004,346,-548,-1678,-1952,-1033,-3066,2578
MGC,TIME,"HOLD 09:30→15:55 SHORT stop 0.5×ATR",761,-2166,-2.85,48.5,0.93,-0.82,4403,1,666,-3349,-5.03,45.8,0.95,-0.47,9303,539,-384,-973,-1347,-2618,-2656,1924
MGC,TIME,"HOLD 09:30→16:44 LONG no stop",761,-2257,-2.97,46.8,0.93,-0.77,3069,1,666,-4756,-7.14,50.0,0.93,-0.62,10315,-547,-1550,102,-262,-405,2211,-6561
MGC,TIME,"HOLD 09:30→16:44 LONG stop 0.5×ATR",761,-2306,-3.03,45.3,0.92,-0.84,2778,1,666,-4437,-6.66,49.1,0.93,-0.62,9007,-601,-1543,349,-512,-870,2049,-5617
MGC,TIME,"HOLD 09:30→16:44 SHORT no stop",761,-3527,-4.63,49.0,0.89,-1.20,5888,1,666,-306,-0.46,48.3,1.00,-0.04,10063,175,-290,-1918,-1494,-1411,-4065,5171
MGC,TIME,"HOLD 09:30→16:44 SHORT stop 0.5×ATR",761,-1989,-2.61,47.7,0.93,-0.75,4193,1,666,-1306,-1.96,47.0,0.98,-0.18,9426,371,-113,-1181,-1065,-2565,-3636,4895
MGC,TIME,"HOLD 10:00→11:00 LONG no stop",761,-1720,-2.26,46.6,0.90,-1.04,1882,0,665,-1164,-1.75,51.9,0.96,-0.30,4525,-549,-485,-317,-369,-299,1173,-2037
MGC,TIME,"HOLD 10:00→11:00 LONG stop 0.5×ATR",761,-1791,-2.35,46.5,0.90,-1.10,1953,0,665,-1827,-2.75,51.7,0.95,-0.48,4619,-581,-537,-314,-358,-452,1156,-2531
MGC,TIME,"HOLD 10:00→11:00 SHORT no stop",761,-4064,-5.34,47.3,0.78,-2.45,4931,1,665,-3890,-5.85,44.8,0.89,-1.02,6554,177,-1355,-1499,-1387,-1509,-3027,647
MGC,TIME,"HOLD 10:00→11:00 SHORT stop 0.5×ATR",761,-3368,-4.43,47.3,0.81,-2.15,4180,1,665,-3497,-5.26,44.7,0.90,-0.92,6034,181,-1179,-1085,-1285,-1695,-2444,641
MGC,TIME,"HOLD 10:00→12:00 LONG no stop",761,-1211,-1.59,48.5,0.94,-0.60,2117,1,665,-708,-1.06,53.4,0.98,-0.15,5393,-232,251,-201,-1029,-1191,3075,-2591
MGC,TIME,"HOLD 10:00→12:00 LONG stop 0.5×ATR",761,-1078,-1.42,48.5,0.95,-0.56,1950,1,665,-2505,-3.77,52.9,0.94,-0.52,5765,-389,382,-14,-1056,-1871,2899,-3533
MGC,TIME,"HOLD 10:00→12:00 SHORT no stop",761,-4573,-6.01,46.8,0.80,-2.27,5432,0,665,-4346,-6.54,44.7,0.90,-0.90,8350,-140,-2091,-1615,-727,-617,-4929,1201
MGC,TIME,"HOLD 10:00→12:00 SHORT stop 0.5×ATR",761,-3820,-5.02,46.8,0.82,-2.01,4638,0,665,-5444,-8.19,44.2,0.88,-1.13,8857,-129,-2091,-973,-626,-1531,-4438,525
MGC,TIME,"HOLD 10:00→13:00 LONG no stop",761,-2383,-3.13,48.9,0.90,-1.11,2732,0,665,-2773,-4.17,54.1,0.94,-0.53,6638,-350,-720,-952,-361,-402,2624,-4994
MGC,TIME,"HOLD 10:00→13:00 LONG stop 0.5×ATR",761,-2173,-2.85,48.9,0.90,-1.05,2488,0,665,-4158,-6.25,53.7,0.91,-0.81,8500,-460,-549,-940,-224,-643,2169,-5683
MGC,TIME,"HOLD 10:00→13:00 SHORT no stop",761,-3401,-4.47,46.6,0.86,-1.59,4531,0,665,-2281,-3.43,43.5,0.95,-0.44,7751,-22,-1120,-864,-1395,-1406,-4478,3604
MGC,TIME,"HOLD 10:00→13:00 SHORT stop 0.5×ATR",761,-2981,-3.92,46.5,0.87,-1.47,4156,1,665,-4170,-6.27,42.9,0.91,-0.80,8939,2,-1030,-778,-1176,-2545,-4123,2499
MGC,TIME,"HOLD 10:00→14:00 LONG no stop",761,-2343,-3.08,48.6,0.90,-1.02,2861,1,665,-2323,-3.49,52.3,0.95,-0.42,6547,-756,-671,-1121,205,-174,2284,-4432
MGC,TIME,"HOLD 10:00→14:00 LONG stop 0.5×ATR",761,-2550,-3.35,48.2,0.90,-1.15,3093,1,665,-5622,-8.45,51.9,0.89,-1.02,9778,-892,-708,-1094,145,-276,1414,-6760
MGC,TIME,"HOLD 10:00→14:00 SHORT no stop",761,-3441,-4.52,47.0,0.86,-1.50,4914,1,665,-2731,-4.11,45.1,0.95,-0.50,8624,384,-1169,-695,-1961,-1634,-4138,3042
MGC,TIME,"HOLD 10:00→14:00 SHORT stop 0.5×ATR",761,-2518,-3.31,46.8,0.90,-1.17,4091,1,665,-4074,-6.13,44.5,0.92,-0.75,9320,390,-1030,-106,-1771,-3003,-3515,2444
MGC,TIME,"HOLD 10:00→15:00 LONG no stop",761,-1508,-1.98,48.6,0.94,-0.60,2606,1,665,-5182,-7.79,51.3,0.91,-0.85,9596,-550,-469,-1048,559,490,1898,-7569
MGC,TIME,"HOLD 10:00→15:00 LONG stop 0.5×ATR",761,-2102,-2.76,48.1,0.92,-0.87,2922,1,665,-8707,-13.09,50.7,0.85,-1.45,13163,-851,-544,-1110,403,218,877,-9802
MGC,TIME,"HOLD 10:00→15:00 SHORT no stop",761,-4276,-5.62,47.7,0.85,-1.71,5265,1,665,128,0.19,46.9,1.00,0.02,8833,178,-1371,-768,-2315,-2298,-3752,6179
MGC,TIME,"HOLD 10:00→15:00 SHORT stop 0.5×ATR",761,-3598,-4.73,47.0,0.87,-1.56,4810,1,665,-167,-0.25,46.0,1.00,-0.03,9912,219,-1423,-468,-1925,-3726,-3441,6999
MGC,TIME,"HOLD 10:00→15:55 LONG no stop",761,-1685,-2.21,47.4,0.94,-0.65,2392,1,665,-2225,-3.35,52.5,0.96,-0.33,10166,-399,-335,-1218,267,-224,4054,-6054
MGC,TIME,"HOLD 10:00→15:55 LONG stop 0.5×ATR",761,-2197,-2.89,46.9,0.92,-0.88,2818,1,665,-5927,-8.91,51.6,0.90,-0.91,11467,-732,-466,-1170,171,-617,2407,-7717
MGC,TIME,"HOLD 10:00→15:55 SHORT no stop",761,-4099,-5.39,47.8,0.86,-1.58,5240,1,665,-2829,-4.25,46.8,0.95,-0.42,12387,27,-1505,-598,-2023,-1584,-5908,4664
MGC,TIME,"HOLD 10:00→15:55 SHORT stop 0.5×ATR",761,-3155,-4.15,47.0,0.89,-1.33,4588,1,665,-1278,-1.92,45.7,0.98,-0.20,11884,76,-1472,-395,-1364,-3484,-4636,6843
MGC,TIME,"HOLD 10:00→16:44 LONG no stop",761,-1990,-2.61,48.0,0.93,-0.76,2464,0,665,-3433,-5.16,51.7,0.94,-0.49,12621,-228,-593,-978,-191,162,5053,-8647
MGC,TIME,"HOLD 10:00→16:44 LONG stop 0.5×ATR",761,-2299,-3.02,47.3,0.92,-0.92,2654,0,665,-8245,-12.40,50.7,0.87,-1.22,14682,-596,-534,-1058,-111,-277,2859,-10827
MGC,TIME,"HOLD 10:00→16:44 SHORT no stop",761,-3794,-4.99,49.3,0.87,-1.45,5101,0,665,-1621,-2.44,47.1,0.97,-0.23,13568,-144,-1247,-838,-1565,-1970,-6907,7257
MGC,TIME,"HOLD 10:00→16:44 SHORT stop 0.5×ATR",761,-3034,-3.99,48.5,0.89,-1.27,4611,0,665,451,0.68,46.0,1.01,0.07,12217,-109,-1234,-618,-1074,-3564,-5423,9439
MGC,TIME,"HOLD 11:00→12:00 LONG no stop",761,-2563,-3.37,48.5,0.80,-2.28,2860,1,666,-2259,-3.39,50.5,0.92,-0.72,3956,113,-224,-883,-1569,-1780,903,-1381
MGC,TIME,"HOLD 11:00→12:00 LONG stop 0.5×ATR",761,-2493,-3.28,48.4,0.80,-2.29,3009,2,666,-2574,-3.86,50.5,0.91,-0.83,3885,113,75,-920,-1760,-1672,412,-1314
MGC,TIME,"HOLD 11:00→12:00 SHORT no stop",761,-3221,-4.23,45.1,0.75,-2.87,3342,0,666,-2803,-4.21,45.9,0.90,-0.90,5533,-485,-1616,-933,-187,-36,-2757,-9
MGC,TIME,"HOLD 11:00→12:00 SHORT stop 0.5×ATR",761,-3152,-4.14,45.1,0.76,-2.83,3273,0,666,-3274,-4.92,45.9,0.88,-1.03,6016,-492,-1616,-871,-173,-14,-3005,-255
MGC,TIME,"HOLD 11:00→13:00 LONG no stop",761,-3735,-4.91,47.0,0.76,-2.76,4007,0,666,-4379,-6.57,52.9,0.87,-1.14,6002,-5,-1195,-1634,-901,-1046,452,-3784
MGC,TIME,"HOLD 11:00→13:00 LONG stop 0.5×ATR",761,-3670,-4.82,46.9,0.76,-2.76,3943,0,666,-4430,-6.65,52.7,0.87,-1.19,5645,-5,-906,-1765,-994,-696,-99,-3635
MGC,TIME,"HOLD 11:00→13:00 SHORT no stop",761,-2049,-2.69,45.5,0.86,-1.52,2595,0,666,-683,-1.03,44.1,0.98,-0.18,5192,-367,-645,-182,-855,-770,-2306,2394
MGC,TIME,"HOLD 11:00→13:00 SHORT stop 0.5×ATR",761,-2359,-3.10,45.3,0.84,-1.76,2858,0,666,-1610,-2.42,44.0,0.95,-0.41,6119,-396,-629,-446,-887,-791,-2853,2035
MGC,TIME,"HOLD 11:00→14:00 LONG no stop",761,-3695,-4.86,46.6,0.79,-2.31,3872,0,666,-3937,-5.91,51.8,0.89,-0.94,5769,-411,-1146,-1803,-335,-826,112,-3222
MGC,TIME,"HOLD 11:00→14:00 LONG stop 0.5×ATR",761,-3636,-4.78,46.5,0.79,-2.34,3780,0,666,-5648,-8.48,51.5,0.85,-1.35,7198,-317,-724,-2026,-569,-723,-737,-4189
MGC,TIME,"HOLD 11:00→14:00 SHORT no stop",761,-2089,-2.74,45.5,0.88,-1.31,3209,1,666,-1125,-1.69,44.1,0.97,-0.27,5022,39,-694,-13,-1421,-990,-1966,1832
MGC,TIME,"HOLD 11:00→14:00 SHORT stop 0.5×ATR",761,-2050,-2.69,45.3,0.88,-1.31,3128,1,666,-2747,-4.12,43.7,0.92,-0.64,6860,11,-696,-10,-1354,-1195,-2985,1433
MGC,TIME,"HOLD 11:00→15:00 LONG no stop",761,-2860,-3.76,45.6,0.86,-1.55,3449,1,666,-6801,-10.21,51.1,0.84,-1.38,8728,-205,-944,-1730,19,-167,-274,-6359
MGC,TIME,"HOLD 11:00→15:00 LONG stop 0.5×ATR",761,-3184,-4.18,45.2,0.84,-1.79,3566,0,666,-6877,-10.33,50.9,0.84,-1.45,9316,-187,-787,-1885,-325,302,-775,-6404
MGC,TIME,"HOLD 11:00→15:00 SHORT no stop",761,-2924,-3.84,47.7,0.85,-1.59,3676,0,666,1739,2.61,46.1,1.04,0.35,5239,-167,-896,-86,-1775,-1649,-1580,4969
MGC,TIME,"HOLD 11:00→15:00 SHORT stop 0.5×ATR",761,-3033,-3.99,47.3,0.85,-1.71,3711,0,666,285,0.43,45.5,1.01,0.06,7651,-233,-1135,-69,-1596,-1749,-3194,5228
MGC,TIME,"HOLD 11:00→15:55 LONG no stop",761,-3037,-3.99,48.0,0.85,-1.57,3693,0,666,-3836,-5.76,52.3,0.92,-0.68,9136,-54,-810,-1900,-273,-873,1882,-4844
MGC,TIME,"HOLD 11:00→15:55 LONG stop 0.5×ATR",761,-3443,-4.52,47.3,0.84,-1.82,3857,0,666,-3950,-5.93,52.1,0.92,-0.73,8921,-87,-690,-2048,-617,-136,852,-4667
MGC,TIME,"HOLD 11:00→15:55 SHORT no stop",761,-2747,-3.61,47.2,0.87,-1.42,3283,1,666,-1226,-1.84,45.2,0.97,-0.22,8815,-318,-1030,84,-1483,-943,-3736,3454
MGC,TIME,"HOLD 11:00→15:55 SHORT stop 0.5×ATR",761,-2866,-3.77,46.8,0.86,-1.54,3652,0,666,-1516,-2.28,44.6,0.97,-0.28,10139,-375,-1264,-39,-1187,-1182,-4577,4244
MGC,TIME,"HOLD 11:00→16:44 LONG no stop",761,-3342,-4.39,46.5,0.84,-1.69,4004,1,666,-5052,-7.59,52.3,0.90,-0.86,11302,117,-1068,-1660,-731,-495,2881,-7437
MGC,TIME,"HOLD 11:00→16:44 LONG stop 0.5×ATR",761,-3520,-4.63,46.0,0.83,-1.86,3971,1,666,-6028,-9.05,52.0,0.88,-1.06,11513,72,-748,-1890,-954,148,1200,-7376
MGC,TIME,"HOLD 11:00→16:44 SHORT no stop",761,-2442,-3.21,47.2,0.88,-1.24,3009,0,666,-10,-0.01,46.2,1.00,0.00,10020,-489,-772,-156,-1025,-1321,-4735,6047
MGC,TIME,"HOLD 11:00→16:44 SHORT stop 0.5×ATR",761,-2608,-3.43,46.8,0.87,-1.38,3569,0,666,-85,-0.13,45.5,1.00,-0.02,11121,-558,-1071,-218,-760,-1425,-5656,6996
MGC,TIME,"HOLD 12:00→13:00 LONG no stop",761,-4242,-5.57,42.3,0.60,-4.69,4284,0,666,-4921,-7.39,49.8,0.77,-2.23,5750,-312,-1930,-1725,-275,-222,-1478,-3220
MGC,TIME,"HOLD 12:00→13:00 LONG stop 0.5×ATR",761,-4093,-5.38,42.3,0.60,-4.89,4134,0,666,-4961,-7.45,49.8,0.77,-2.24,5865,-312,-1977,-1529,-275,-146,-1556,-3259
MGC,TIME,"HOLD 12:00→13:00 SHORT no stop",761,-1542,-2.03,46.1,0.83,-1.70,1978,1,666,-141,-0.21,45.6,0.99,-0.06,3424,-60,90,-91,-1481,-1594,-376,1830
MGC,TIME,"HOLD 12:00→13:00 SHORT stop 0.5×ATR",761,-1527,-2.01,46.1,0.83,-1.69,1963,1,666,-213,-0.32,45.6,0.99,-0.10,3496,-60,105,-91,-1481,-1666,-376,1830
MGC,TIME,"HOLD 12:00→14:00 LONG no stop",761,-4202,-5.52,45.1,0.69,-3.60,4537,1,666,-4479,-6.72,48.5,0.84,-1.46,5838,-718,-1881,-1894,291,-2,-1818,-2658
MGC,TIME,"HOLD 12:00→14:00 LONG stop 0.5×ATR",761,-4373,-5.75,45.1,0.68,-3.77,4645,1,666,-4460,-6.70,48.5,0.84,-1.47,6035,-677,-1968,-1956,228,149,-2016,-2593
MGC,TIME,"HOLD 12:00→14:00 SHORT no stop",761,-1582,-2.08,46.6,0.87,-1.36,2684,3,666,-583,-0.88,46.4,0.98,-0.19,3401,346,41,78,-2047,-1814,-36,1268
MGC,TIME,"HOLD 12:00→14:00 SHORT stop 0.5×ATR",761,-1536,-2.02,46.6,0.87,-1.33,2626,2,666,-684,-1.03,46.2,0.97,-0.22,3585,346,-15,106,-1973,-1998,-36,1351
MGC,TIME,"HOLD 12:00→15:00 LONG no stop",761,-3367,-4.42,43.8,0.79,-2.20,4106,1,666,-7343,-11.03,49.2,0.80,-1.81,9702,-512,-1679,-1821,645,657,-2204,-5795
MGC,TIME,"HOLD 12:00→15:00 LONG stop 0.5×ATR",761,-3771,-4.96,43.5,0.77,-2.55,4326,1,666,-6343,-9.52,49.2,0.82,-1.64,8917,-547,-1814,-1871,461,1006,-2198,-5151
MGC,TIME,"HOLD 12:00→15:00 SHORT no stop",761,-2417,-3.18,48.8,0.84,-1.58,3252,2,666,2281,3.43,47.0,1.07,0.56,3933,140,-161,5,-2401,-2473,350,4405
MGC,TIME,"HOLD 12:00→15:00 SHORT stop 0.5×ATR",761,-1935,-2.54,48.8,0.87,-1.34,2732,2,666,2221,3.33,46.7,1.07,0.56,4153,140,-154,52,-1972,-2577,-216,5013
MGC,TIME,"HOLD 12:00→15:55 LONG no stop",761,-3544,-4.66,43.8,0.80,-2.18,4010,1,666,-4378,-6.57,49.5,0.89,-0.93,7395,-361,-1545,-1991,353,-49,-48,-4280
MGC,TIME,"HOLD 12:00→15:55 LONG stop 0.5×ATR",761,-4157,-5.46,43.5,0.77,-2.56,4450,1,666,-4823,-7.24,49.4,0.88,-1.05,7418,-447,-1854,-2036,180,377,-1114,-4086
MGC,TIME,"HOLD 12:00→15:55 SHORT no stop",761,-2240,-2.94,49.9,0.87,-1.38,2829,1,666,-684,-1.03,46.8,0.98,-0.15,6177,-11,-295,175,-2109,-1767,-1806,2890
MGC,TIME,"HOLD 12:00→15:55 SHORT stop 0.5×ATR",761,-1883,-2.47,49.8,0.88,-1.23,2506,0,666,-218,-0.33,46.4,0.99,-0.05,6477,-11,-331,-18,-1524,-1824,-2282,3888
MGC,TIME,"HOLD 12:00→16:44 LONG no stop",761,-3849,-5.06,43.9,0.78,-2.31,4168,0,666,-5594,-8.40,48.5,0.87,-1.11,9679,-190,-1803,-1751,-105,329,951,-6873
MGC,TIME,"HOLD 12:00→16:44 LONG stop 0.5×ATR",761,-4326,-5.68,43.6,0.76,-2.67,4585,0,666,-6812,-10.23,48.0,0.84,-1.39,9725,-288,-1879,-1984,-174,684,-917,-6579
MGC,TIME,"HOLD 12:00→16:44 SHORT no stop",761,-1935,-2.54,49.1,0.88,-1.16,2348,0,666,532,0.80,47.7,1.01,0.11,7393,-182,-37,-65,-1651,-2145,-2805,5483
MGC,TIME,"HOLD 12:00→16:44 SHORT stop 0.5×ATR",761,-1653,-2.17,49.0,0.90,-1.05,2420,0,666,1317,1.98,47.3,1.03,0.27,7288,-182,-66,-305,-1100,-2098,-3385,6799
MGC,TIME,"HOLD 13:00→14:00 LONG no stop",761,-2885,-3.79,43.4,0.70,-3.55,2942,0,666,-2252,-3.38,45.9,0.88,-0.99,2735,-592,-864,-1087,-342,-706,-1354,-191
MGC,TIME,"HOLD 13:00→14:00 LONG stop 0.5×ATR",761,-3058,-4.02,43.4,0.68,-3.70,3115,0,666,-2587,-3.88,45.9,0.87,-1.11,3069,-565,-947,-1177,-369,-753,-1300,-534
MGC,TIME,"HOLD 13:00→14:00 SHORT no stop",761,-2899,-3.81,45.1,0.70,-3.57,3433,1,666,-2810,-4.22,46.7,0.85,-1.24,3775,220,-976,-729,-1414,-1110,-500,-1199
MGC,TIME,"HOLD 13:00→14:00 SHORT stop 0.5×ATR",761,-2880,-3.78,45.1,0.70,-3.55,3414,1,666,-2640,-3.96,46.7,0.86,-1.19,3605,220,-976,-695,-1428,-1110,-500,-1029
MGC,TIME,"HOLD 13:00→15:00 LONG no stop",761,-2050,-2.69,43.6,0.83,-1.60,2441,1,666,-5116,-7.68,47.9,0.82,-1.47,6385,-386,-662,-1014,12,-47,-1740,-3328
MGC,TIME,"HOLD 13:00→15:00 LONG stop 0.5×ATR",761,-2203,-2.90,43.4,0.82,-1.78,2567,0,666,-4032,-6.05,47.9,0.85,-1.22,5394,-435,-880,-838,-51,189,-1471,-2750
MGC,TIME,"HOLD 13:00→15:00 SHORT no stop",761,-3734,-4.91,45.9,0.71,-2.91,4127,1,666,54,0.08,47.0,1.00,0.02,3543,14,-1178,-802,-1768,-1769,-114,1938
MGC,TIME,"HOLD 13:00→15:00 SHORT stop 0.5×ATR",761,-3306,-4.34,45.9,0.74,-2.74,3699,1,666,243,0.37,47.0,1.01,0.07,3892,14,-1155,-771,-1394,-1790,-114,2147
MGC,TIME,"HOLD 13:00→15:55 LONG no stop",761,-2227,-2.93,44.3,0.84,-1.58,2672,0,666,-2151,-3.23,48.5,0.93,-0.52,5717,-235,-528,-1184,-280,-753,416,-1813
MGC,TIME,"HOLD 13:00→15:55 LONG stop 0.5×ATR",761,-2697,-3.54,43.9,0.81,-1.96,3029,0,666,-2048,-3.08,48.5,0.94,-0.51,5238,-335,-974,-1112,-276,-376,47,-1720
MGC,TIME,"HOLD 13:00→15:55 SHORT no stop",761,-3557,-4.67,47.8,0.76,-2.53,3878,0,666,-2911,-4.37,46.4,0.91,-0.70,7126,-137,-1312,-632,-1476,-1063,-2270,423
MGC,TIME,"HOLD 13:00→15:55 SHORT stop 0.5×ATR",761,-3190,-4.19,47.7,0.77,-2.43,3512,0,666,-3023,-4.54,46.1,0.91,-0.76,7293,-137,-1293,-770,-990,-1470,-2237,684
MGC,TIME,"HOLD 13:00→16:44 LONG no stop",761,-2532,-3.33,42.7,0.82,-1.73,3151,0,666,-3367,-5.06,50.2,0.91,-0.73,7873,-64,-786,-944,-738,-375,1415,-4406
MGC,TIME,"HOLD 13:00→16:44 LONG stop 0.5×ATR",761,-2824,-3.71,42.3,0.80,-2.03,3164,0,666,-3162,-4.75,49.8,0.91,-0.71,7301,-176,-998,-1020,-630,-22,648,-3788
MGC,TIME,"HOLD 13:00→16:44 SHORT no stop",761,-3252,-4.27,47.6,0.77,-2.22,3576,0,666,-1695,-2.54,46.8,0.95,-0.37,8369,-308,-1054,-872,-1018,-1441,-3269,3016
MGC,TIME,"HOLD 13:00→16:44 SHORT stop 0.5×ATR",761,-2837,-3.73,47.4,0.79,-2.09,3250,0,666,-1429,-2.15,46.7,0.96,-0.32,8322,-308,-1053,-955,-521,-1613,-3446,3630
MGC,TIME,"HOLD 14:00→15:00 LONG no stop",761,-1933,-2.54,42.0,0.78,-1.95,2534,1,665,-5519,-8.30,47.5,0.74,-1.98,6518,27,-649,-710,-601,-254,-1373,-3892
MGC,TIME,"HOLD 14:00→15:00 LONG stop 0.5×ATR",761,-2091,-2.75,41.8,0.76,-2.30,2692,1,665,-4225,-6.35,47.5,0.79,-1.71,5200,27,-637,-779,-701,-150,-1191,-2884
MGC,TIME,"HOLD 14:00→15:00 SHORT no stop",761,-3851,-5.06,41.7,0.60,-3.88,3937,0,665,465,0.70,43.2,1.03,0.17,2631,-399,-1191,-1106,-1155,-1562,-481,2508
MGC,TIME,"HOLD 14:00→15:00 SHORT stop 0.5×ATR",761,-3771,-4.96,41.4,0.61,-4.09,3857,0,665,694,1.04,43.2,1.04,0.25,2626,-399,-1173,-1263,-936,-1500,-481,2676
MGC,TIME,"HOLD 14:00→15:55 LONG no stop",761,-2110,-2.77,43.0,0.81,-1.81,2875,1,665,-2273,-3.42,49.0,0.92,-0.63,5031,178,-515,-880,-893,-960,783,-2096
MGC,TIME,"HOLD 14:00→15:55 LONG stop 0.5×ATR",761,-2291,-3.01,42.7,0.79,-2.06,3056,1,665,-2033,-3.06,49.0,0.92,-0.60,4049,178,-665,-868,-936,-819,372,-1586
MGC,TIME,"HOLD 14:00→15:55 SHORT no stop",761,-3674,-4.83,43.9,0.68,-3.15,3747,0,665,-2781,-4.18,45.6,0.90,-0.77,6495,-550,-1325,-936,-863,-856,-2637,712
MGC,TIME,"HOLD 14:00→15:55 SHORT stop 0.5×ATR",761,-3882,-5.10,43.6,0.67,-3.57,3970,0,665,-2373,-3.57,45.4,0.91,-0.69,5952,-550,-1286,-1433,-613,-1159,-2614,1399
MGC,TIME,"HOLD 14:00→16:44 LONG no stop",761,-2415,-3.17,41.9,0.79,-1.93,3604,1,665,-3403,-5.12,48.6,0.89,-0.85,7324,349,-773,-640,-1351,-582,1782,-4603
MGC,TIME,"HOLD 14:00→16:44 LONG stop 0.5×ATR",761,-2331,-3.06,41.7,0.79,-2.06,3520,1,665,-3219,-4.84,48.4,0.89,-0.84,6291,349,-675,-717,-1288,-533,1035,-3720
MGC,TIME,"HOLD 14:00→16:44 SHORT no stop",761,-3369,-4.43,44.0,0.71,-2.69,3508,0,665,-1651,-2.48,45.4,0.94,-0.41,7824,-721,-1067,-1176,-405,-1234,-3636,3219
MGC,TIME,"HOLD 14:00→16:44 SHORT stop 0.5×ATR",761,-3496,-4.59,43.8,0.70,-3.00,3953,0,665,-1367,-2.05,45.3,0.95,-0.35,7197,-720,-1056,-1632,-88,-1421,-3857,3912
MGC,TIME,"HOLD 15:00→15:55 LONG no stop",761,-3069,-4.03,40.5,0.60,-4.76,3208,0,666,387,0.58,48.6,1.02,0.17,1787,-35,-775,-1083,-1176,-1629,1227,790
MGC,TIME,"HOLD 15:00→15:55 LONG stop 0.5×ATR",761,-3041,-4.00,40.5,0.60,-4.77,3180,0,666,500,0.75,48.6,1.03,0.22,1832,-35,-775,-1054,-1177,-1472,1227,745
MGC,TIME,"HOLD 15:00→15:55 SHORT no stop",761,-2715,-3.57,41.5,0.64,-4.21,2763,0,666,-5449,-8.18,44.1,0.73,-2.34,6266,-337,-1065,-733,-580,-187,-3081,-2180
MGC,TIME,"HOLD 15:00→15:55 SHORT stop 0.5×ATR",761,-2722,-3.58,41.5,0.64,-4.22,2770,0,666,-5266,-7.91,44.1,0.74,-2.33,6084,-337,-1072,-733,-580,-187,-3146,-1933
MGC,TIME,"HOLD 15:00→16:44 LONG no stop",761,-3374,-4.43,41.0,0.60,-4.58,3674,1,666,-829,-1.24,47.1,0.96,-0.30,4128,136,-1033,-843,-1634,-1251,2226,-1803
MGC,TIME,"HOLD 15:00→16:44 LONG stop 0.5×ATR",761,-3219,-4.23,41.0,0.61,-4.59,3520,1,666,-1143,-1.72,47.1,0.95,-0.41,4463,136,-920,-846,-1589,-1230,2226,-2139
MGC,TIME,"HOLD 15:00→16:44 SHORT no stop",761,-2410,-3.17,42.7,0.70,-3.27,2521,0,666,-4233,-6.36,44.6,0.81,-1.54,7175,-508,-807,-973,-122,-565,-4080,413
MGC,TIME,"HOLD 15:00→16:44 SHORT stop 0.5×ATR",761,-2410,-3.17,42.7,0.70,-3.28,2521,0,666,-4069,-6.11,44.6,0.82,-1.51,6949,-508,-832,-948,-122,-565,-4236,732
MGC,TIME,"HOLD 15:30→15:55 LONG no stop",761,-3005,-3.95,38.1,0.49,-6.90,3036,0,666,-1310,-1.97,45.0,0.88,-1.00,1398,-74,-916,-985,-1030,-1294,185,-200
MGC,TIME,"HOLD 15:30→15:55 LONG stop 0.5×ATR",761,-3005,-3.95,38.1,0.49,-6.90,3036,0,666,-1349,-2.03,45.0,0.88,-1.03,1437,-74,-916,-985,-1030,-1334,185,-200
MGC,TIME,"HOLD 15:30→15:55 SHORT no stop",761,-2779,-3.65,38.9,0.51,-6.38,2820,0,666,-3752,-5.63,42.5,0.69,-2.86,3886,-298,-924,-831,-726,-522,-2039,-1190
MGC,TIME,"HOLD 15:30→15:55 SHORT stop 0.5×ATR",761,-2779,-3.65,38.9,0.51,-6.38,2820,0,666,-3752,-5.63,42.5,0.69,-2.86,3886,-298,-924,-831,-726,-522,-2039,-1190
MGC,TIME,"HOLD 15:30→16:44 LONG no stop",761,-3310,-4.35,38.8,0.53,-5.57,3435,1,666,-2526,-3.79,42.6,0.85,-1.25,4017,97,-1174,-745,-1488,-916,1184,-2793
MGC,TIME,"HOLD 15:30→16:44 LONG stop 0.5×ATR",761,-3133,-4.12,38.8,0.54,-5.87,3258,1,666,-3019,-4.53,42.5,0.82,-1.48,4017,97,-1027,-745,-1458,-1086,863,-2796
MGC,TIME,"HOLD 15:30→16:44 SHORT no stop",761,-2474,-3.25,42.7,0.62,-4.16,2542,0,666,-2536,-3.81,47.7,0.85,-1.25,5336,-469,-666,-1071,-268,-900,-3038,1403
MGC,TIME,"HOLD 15:30→16:44 SHORT stop 0.5×ATR",761,-2511,-3.30,42.7,0.61,-4.18,2580,0,666,-2635,-3.96,47.7,0.84,-1.29,5435,-469,-666,-1108,-268,-900,-3112,1377
MGC,MOMENTUM,"FOLLOW move prev close→10:00, trade 15:00→15:59",757,-2803,-3.70,42.0,0.64,-4.15,3113,0,665,-955,-1.44,44.2,0.95,-0.39,2764,-253,-778,-768,-1003,-568,-1643,1257
MGC,MOMENTUM,"FOLLOW move prev close→10:00 (>0.25×ATR), trade 15:00→15:59",531,-1695,-3.19,41.4,0.69,-3.00,1772,0,502,2952,5.88,45.8,1.24,1.45,1774,-155,-258,-647,-635,-134,-1251,4337
MGC,MOMENTUM,"REVERSE move prev close→10:00, trade 15:00→15:59",757,-2951,-3.90,39.1,0.63,-4.37,2994,0,665,-4099,-6.16,47.5,0.79,-1.66,4159,-119,-1038,-1048,-745,-1240,-211,-2647
MGC,MOMENTUM,"REVERSE move prev close→10:00 (>0.25×ATR), trade 15:00→15:59",531,-2341,-4.41,38.6,0.60,-4.14,2400,0,502,-6768,-13.48,45.2,0.60,-3.32,6828,-119,-1004,-629,-589,-1212,-117,-5439
MGC,MOMENTUM,"FOLLOW move prev close→10:00, trade 15:30→15:59",757,-2215,-2.93,41.9,0.61,-4.65,2449,0,665,-107,-0.16,43.9,0.99,-0.08,2853,-276,-574,-608,-756,-758,-1663,2315
MGC,MOMENTUM,"FOLLOW move prev close→10:00 (>0.25×ATR), trade 15:30→15:59",531,-1412,-2.66,41.8,0.64,-3.77,1454,0,502,1628,3.24,44.6,1.22,1.30,1933,-149,-237,-457,-569,-451,-1251,3330
MGC,MOMENTUM,"REVERSE move prev close→10:00, trade 15:30→15:59",757,-3539,-4.67,34.6,0.46,-7.42,3601,0,665,-4947,-7.44,44.4,0.63,-3.47,4964,-96,-1242,-1208,-992,-1050,-191,-3705
MGC,MOMENTUM,"REVERSE move prev close→10:00 (>0.25×ATR), trade 15:30→15:59",531,-2624,-4.94,35.4,0.43,-7.01,2673,0,502,-5444,-10.84,43.8,0.51,-4.34,5456,-125,-1025,-819,-655,-895,-117,-4432
MGC,MOMENTUM,"FOLLOW move 09:30→10:00, trade 15:00→15:59",752,-3260,-4.33,40.2,0.60,-4.79,3319,0,662,-2631,-3.97,44.4,0.86,-1.06,3653,-171,-320,-1348,-1420,-251,-454,-1926
MGC,MOMENTUM,"FOLLOW move 09:30→10:00 (>0.25×ATR), trade 15:00→15:59",253,-933,-3.69,40.7,0.64,-2.55,994,0,217,-377,-1.74,45.6,0.94,-0.29,1072,-70,-74,-240,-550,225,-569,-33
MGC,MOMENTUM,"REVERSE move 09:30→10:00, trade 15:00→15:59",752,-2456,-3.27,41.2,0.68,-3.61,2622,0,662,-2401,-3.63,47.1,0.87,-0.97,3379,-193,-1504,-430,-328,-1551,-1392,542
MGC,MOMENTUM,"REVERSE move 09:30→10:00 (>0.25×ATR), trade 15:00→15:59",253,-989,-3.91,39.9,0.62,-2.71,1146,0,217,-1273,-5.86,47.5,0.80,-0.97,1967,-60,-588,-276,-66,-803,-39,-431
MGC,MOMENTUM,"FOLLOW move 09:30→10:00, trade 15:30→15:59",752,-2776,-3.69,37.5,0.55,-5.64,2807,0,662,-4285,-6.47,43.1,0.67,-3.00,4598,-182,-564,-707,-1322,-349,-1609,-2327
MGC,MOMENTUM,"FOLLOW move 09:30→10:00 (>0.25×ATR), trade 15:30→15:59",253,-906,-3.58,39.9,0.55,-3.41,929,0,217,-1480,-6.82,41.5,0.66,-1.92,1739,-66,-219,-210,-412,-12,-874,-594
MGC,MOMENTUM,"REVERSE move 09:30→10:00, trade 15:30→15:59",752,-2940,-3.91,39.1,0.53,-5.98,3027,0,662,-747,-1.13,45.2,0.93,-0.52,1782,-182,-1260,-1071,-426,-1453,-237,943
MGC,MOMENTUM,"REVERSE move 09:30→10:00 (>0.25×ATR), trade 15:30→15:59",253,-1016,-4.02,38.7,0.51,-3.83,1105,0,217,-170,-0.78,47.0,0.95,-0.22,726,-64,-443,-306,-204,-566,266,130
MGC,MOMENTUM,"FOLLOW move prev close→12:00, trade 15:00→15:59",761,-1660,-2.18,43.6,0.77,-2.44,1957,0,664,2918,4.39,45.8,1.18,1.19,3055,-87,-725,-494,-354,-1056,-1549,5523
MGC,MOMENTUM,"FOLLOW move prev close→12:00 (>0.25×ATR), trade 15:00→15:59",554,-1226,-2.21,43.5,0.76,-2.34,1470,0,525,2992,5.70,44.6,1.22,1.31,2477,-168,-114,-351,-593,-546,-1599,5137
MGC,MOMENTUM,"REVERSE move prev close→12:00, trade 15:00→15:59",761,-4124,-5.42,37.6,0.53,-6.07,4165,0,664,-7964,-11.99,45.8,0.64,-3.23,8055,-285,-1115,-1322,-1402,-746,-305,-6913
MGC,MOMENTUM,"REVERSE move prev close→12:00 (>0.25×ATR), trade 15:00→15:59",554,-2984,-5.39,37.9,0.51,-5.70,3064,0,525,-6982,-13.30,46.5,0.62,-3.07,7025,-120,-1156,-979,-729,-838,163,-6307
MGC,MOMENTUM,"FOLLOW move prev close→12:00, trade 15:30→15:59",761,-1392,-1.83,44.5,0.74,-2.84,1630,0,664,202,0.30,44.1,1.02,0.14,2946,-118,-716,-350,-208,-1178,-1431,2811
MGC,MOMENTUM,"FOLLOW move prev close→12:00 (>0.25×ATR), trade 15:30→15:59",554,-767,-1.38,45.8,0.79,-2.06,932,0,525,563,1.07,42.9,1.06,0.42,2560,-122,-194,-126,-325,-989,-1445,2997
MGC,MOMENTUM,"REVERSE move prev close→12:00, trade 15:30→15:59",761,-4392,-5.77,32.1,0.39,-8.97,4436,0,664,-5248,-7.90,44.1,0.61,-3.68,5286,-254,-1124,-1466,-1548,-624,-423,-4201
MGC,MOMENTUM,"REVERSE move prev close→12:00 (>0.25×ATR), trade 15:30→15:59",554,-3443,-6.22,32.7,0.34,-9.26,3481,0,525,-4553,-8.67,45.5,0.60,-3.38,4562,-166,-1076,-1204,-997,-395,9,-4167
MGC,MOMENTUM,"FOLLOW move 09:30→12:00, trade 15:00→15:59",758,-2401,-3.17,41.6,0.69,-3.53,2457,0,664,2258,3.40,44.6,1.13,0.92,2903,-151,-612,-1128,-510,-2103,411,3950
MGC,MOMENTUM,"FOLLOW move 09:30→12:00 (>0.25×ATR), trade 15:00→15:59",445,-821,-1.84,44.3,0.80,-1.60,977,1,403,899,2.23,43.9,1.09,0.45,1748,-52,10,-476,-303,-1323,412,1810
MGC,MOMENTUM,"REVERSE move 09:30→12:00, trade 15:00→15:59",758,-3359,-4.43,39.7,0.59,-4.95,3444,0,664,-7304,-11.00,47.0,0.66,-2.96,8069,-221,-1212,-688,-1238,287,-2257,-5334
MGC,MOMENTUM,"REVERSE move 09:30→12:00 (>0.25×ATR), trade 15:00→15:59",445,-2561,-5.76,37.5,0.50,-5.01,2597,0,403,-3961,-9.83,47.4,0.69,-1.98,4613,-154,-1066,-610,-731,161,-1506,-2616
MGC,MOMENTUM,"FOLLOW move 09:30→12:00, trade 15:30→15:59",758,-2108,-2.78,41.0,0.63,-4.29,2168,0,664,-2437,-3.67,42.3,0.80,-1.71,3433,-78,-673,-614,-743,-2000,-783,346
MGC,MOMENTUM,"FOLLOW move 09:30→12:00 (>0.25×ATR), trade 15:30→15:59",445,-938,-2.11,44.0,0.71,-2.53,978,0,403,-2281,-5.66,39.7,0.72,-1.93,2564,-33,-346,-205,-354,-1264,-866,-151
MGC,MOMENTUM,"REVERSE move 09:30→12:00, trade 15:30→15:59",758,-3652,-4.82,35.8,0.46,-7.43,3694,0,664,-2609,-3.93,45.9,0.79,-1.83,3042,-294,-1151,-1202,-1005,184,-1063,-1730
MGC,MOMENTUM,"REVERSE move 09:30→12:00 (>0.25×ATR), trade 15:30→15:59",445,-2444,-5.49,35.3,0.41,-6.59,2465,0,403,-781,-1.94,46.7,0.89,-0.66,1347,-173,-710,-881,-680,102,-228,-655
MGC,MOMENTUM,"FOLLOW move prev close→15:00, trade 15:00→15:59",759,-1690,-2.23,43.5,0.77,-2.49,1970,0,666,2062,3.10,45.9,1.12,0.84,3429,-55,-435,-676,-524,-1623,-1569,5255
MGC,MOMENTUM,"FOLLOW move prev close→15:00 (>0.25×ATR), trade 15:00→15:59",575,-1321,-2.30,43.1,0.76,-2.34,1571,0,528,2890,5.47,45.5,1.22,1.26,2267,-121,-316,-295,-589,-1082,-1058,5029
MGC,MOMENTUM,"REVERSE move prev close→15:00, trade 15:00→15:59",759,-4078,-5.37,37.7,0.53,-6.01,4120,0,666,-7124,-10.70,45.6,0.67,-2.89,7538,-317,-1405,-1132,-1224,-193,-285,-6645
MGC,MOMENTUM,"REVERSE move prev close→15:00 (>0.25×ATR), trade 15:00→15:59",575,-3049,-5.30,38.4,0.52,-5.40,3129,0,528,-6902,-13.07,45.3,0.62,-3.00,7249,-167,-1014,-1127,-741,-324,-394,-6185
MGC,MOMENTUM,"FOLLOW move prev close→15:00, trade 15:30→15:59",759,-1103,-1.45,44.5,0.79,-2.26,1311,0,666,-1219,-1.83,43.1,0.90,-0.85,3166,-122,-296,-446,-239,-1576,-1473,1831
MGC,MOMENTUM,"FOLLOW move prev close→15:00 (>0.25×ATR), trade 15:30→15:59",575,-701,-1.22,45.2,0.82,-1.68,922,0,528,-411,-0.78,43.8,0.96,-0.31,2541,-136,-227,-110,-228,-1172,-1090,1850
MGC,MOMENTUM,"REVERSE move prev close→15:00, trade 15:30→15:59",759,-4665,-6.15,32.0,0.36,-9.56,4709,0,666,-3843,-5.77,45.2,0.70,-2.69,3858,-250,-1544,-1362,-1509,-240,-381,-3221
MGC,MOMENTUM,"REVERSE move prev close→15:00 (>0.25×ATR), trade 15:30→15:59",575,-3669,-6.38,31.1,0.35,-8.82,3707,0,528,-3601,-6.82,44.3,0.66,-2.72,3674,-152,-1103,-1312,-1102,-234,-362,-3006
MGC,MOMENTUM,"FOLLOW move 09:30→15:00, trade 15:00→15:59",755,-1575,-2.09,42.4,0.78,-2.32,1875,1,665,1970,2.96,44.8,1.12,0.80,2338,83,-511,-629,-517,-1593,95,3469
MGC,MOMENTUM,"FOLLOW move 09:30→15:00 (>0.25×ATR), trade 15:00→15:59",475,-940,-1.98,43.8,0.80,-1.70,1202,1,426,745,1.75,43.9,1.06,0.33,2302,12,-142,-300,-510,-1411,-132,2289
MGC,MOMENTUM,"REVERSE move 09:30→15:00, trade 15:00→15:59",755,-4163,-5.51,38.8,0.52,-6.13,4208,0,665,-7024,-10.56,46.8,0.67,-2.85,7649,-455,-1313,-1179,-1215,-223,-1941,-4859
MGC,MOMENTUM,"REVERSE move 09:30→15:00 (>0.25×ATR), trade 15:00→15:59",475,-2670,-5.62,39.2,0.53,-4.82,2723,0,426,-3983,-9.35,48.4,0.73,-1.78,4796,-232,-1036,-810,-592,165,-1030,-3117
MGC,MOMENTUM,"FOLLOW move 09:30→15:00, trade 15:30→15:59",755,-1435,-1.90,43.2,0.73,-2.93,1711,1,665,-3120,-4.69,42.0,0.75,-2.18,3371,52,-453,-616,-417,-1678,-1144,-297
MGC,MOMENTUM,"FOLLOW move 09:30→15:00 (>0.25×ATR), trade 15:30→15:59",475,-600,-1.26,45.3,0.82,-1.51,794,1,426,-2617,-6.14,41.1,0.71,-2.05,2732,25,-203,-200,-222,-1356,-832,-428
MGC,MOMENTUM,"REVERSE move 09:30→15:00, trade 15:30→15:59",755,-4303,-5.70,33.5,0.39,-8.79,4324,0,665,-1934,-2.91,46.3,0.84,-1.35,2798,-424,-1371,-1192,-1315,-138,-702,-1093
MGC,MOMENTUM,"REVERSE move 09:30→15:00 (>0.25×ATR), trade 15:30→15:59",475,-3010,-6.34,33.5,0.37,-7.59,3031,0,426,-621,-1.46,45.8,0.92,-0.49,1371,-245,-975,-910,-880,110,-330,-400
MGC,MOMENTUM,"FOLLOW move prev close→15:30, trade 15:30→15:59",758,-763,-1.01,45.0,0.85,-1.57,992,0,665,-263,-0.40,43.8,0.98,-0.18,2352,-121,-269,-229,-144,-830,-1405,1972
MGC,MOMENTUM,"FOLLOW move prev close→15:30 (>0.25×ATR), trade 15:30→15:59",594,-611,-1.03,45.3,0.85,-1.40,829,0,526,154,0.29,43.2,1.02,0.12,2476,-115,-217,-142,-138,-1036,-1148,2338
MGC,MOMENTUM,"REVERSE move prev close→15:30, trade 15:30→15:59",758,-4997,-6.59,31.8,0.33,-10.27,5041,0,665,-4791,-7.20,44.5,0.64,-3.36,4791,-243,-1563,-1579,-1612,-986,-449,-3356
MGC,MOMENTUM,"REVERSE move prev close→15:30 (>0.25×ATR), trade 15:30→15:59",594,-3903,-6.57,31.3,0.35,-8.94,3954,0,526,-4152,-7.89,44.7,0.62,-3.27,4279,-189,-1167,-1348,-1200,-348,-334,-3470
MGC,MOMENTUM,"FOLLOW move 09:30→15:30, trade 15:30→15:59",759,-1569,-2.07,42.8,0.71,-3.20,1836,1,665,-3223,-4.85,41.5,0.75,-2.26,3474,6,-416,-668,-491,-1740,-1163,-319
MGC,MOMENTUM,"FOLLOW move 09:30→15:30 (>0.25×ATR), trade 15:30→15:59",475,-873,-1.84,44.4,0.75,-2.15,1023,0,439,-1761,-4.01,40.5,0.80,-1.41,2494,-3,-342,-355,-173,-1227,-814,279
MGC,MOMENTUM,"REVERSE move 09:30→15:30, trade 15:30→15:59",759,-4199,-5.53,33.9,0.41,-8.56,4220,0,665,-1831,-2.75,46.8,0.85,-1.28,2703,-378,-1424,-1140,-1257,-76,-683,-1071
MGC,MOMENTUM,"REVERSE move 09:30→15:30 (>0.25×ATR), trade 15:30→15:59",475,-2737,-5.76,34.9,0.41,-6.73,2763,0,439,-1575,-3.59,46.5,0.81,-1.26,2131,-187,-806,-785,-959,-27,-418,-1131
MGC,GAP,"GAP FADE >0.1×ATR up+down gaps stop 1×gap exit 11:00",648,-4736,-7.31,45.5,0.75,-2.86,4930,0,607,-6795,-11.19,45.6,0.82,-1.67,7917,-479,-1134,-1550,-1573,-2739,-1898,-2158
MGC,GAP,"GAP FADE >0.1×ATR up gaps stop 1×gap exit 11:00",339,-897,-2.65,48.1,0.90,-0.75,1539,1,352,-2290,-6.50,47.4,0.89,-0.83,3515,-4,160,-528,-526,-1042,-65,-1183
MGC,GAP,"GAP FADE >0.1×ATR down gaps stop 1×gap exit 11:00",309,-3839,-12.42,42.7,0.62,-3.35,3943,0,255,-4505,-17.67,43.1,0.74,-1.51,5636,-475,-1294,-1023,-1047,-1697,-1833,-975
MGC,GAP,"GAP FADE >0.1×ATR up+down gaps stop 1×gap exit 15:55",648,-2798,-4.32,46.8,0.87,-1.39,3828,1,607,-8969,-14.78,44.2,0.83,-1.64,10565,39,-107,-1368,-1362,-4902,-1795,-2272
MGC,GAP,"GAP FADE >0.1×ATR up gaps stop 1×gap exit 15:55",339,92,0.27,48.7,1.01,0.06,1637,2,352,-1205,-3.42,46.9,0.96,-0.29,6016,290,735,-45,-889,-2075,-1027,1897
MGC,GAP,"GAP FADE >0.1×ATR down gaps stop 1×gap exit 15:55",309,-2890,-9.35,44.7,0.73,-2.19,3064,0,255,-7764,-30.45,40.4,0.67,-2.18,7965,-251,-842,-1324,-473,-2827,-768,-4169
MGC,GAP,"GAP FADE >0.1×ATR up+down gaps stop 2×gap exit 11:00",648,-4422,-6.82,52.5,0.78,-2.42,4622,0,607,-9080,-14.96,48.8,0.78,-2.10,10244,-379,-959,-1960,-1124,-3305,-3282,-2493
MGC,GAP,"GAP FADE >0.1×ATR up gaps stop 2×gap exit 11:00",339,-1202,-3.55,53.4,0.88,-0.90,1781,2,352,-3202,-9.10,49.4,0.85,-1.07,4401,65,121,-934,-455,-1289,-338,-1575
MGC,GAP,"GAP FADE >0.1×ATR down gaps stop 2×gap exit 11:00",309,-3220,-10.42,51.5,0.68,-2.59,3344,0,255,-5878,-23.05,47.8,0.70,-1.88,7389,-444,-1080,-1027,-669,-2016,-2944,-918
MGC,GAP,"GAP FADE >0.1×ATR up+down gaps stop 2×gap exit 15:55",648,-3231,-4.99,54.6,0.86,-1.41,4018,1,607,-12106,-19.94,49.6,0.79,-2.01,13823,216,-88,-2077,-1282,-5339,-3149,-3618
MGC,GAP,"GAP FADE >0.1×ATR up gaps stop 2×gap exit 15:55",339,-640,-1.89,55.5,0.95,-0.38,2149,2,352,-3417,-9.71,50.9,0.89,-0.74,7116,393,735,-717,-1052,-2553,-1100,236
MGC,GAP,"GAP FADE >0.1×ATR down gaps stop 2×gap exit 15:55",309,-2591,-8.39,53.7,0.77,-1.69,2919,0,255,-8689,-34.07,47.8,0.67,-2.26,9161,-177,-823,-1361,-230,-2786,-2049,-3854
MGC,GAP,"GAP GO >0.1×ATR up+down gaps stop 1×gap exit 11:00",648,-203,-0.31,49.7,0.99,-0.12,1353,2,607,1877,3.09,50.9,1.06,0.46,3246,176,-347,-155,123,993,-126,1010
MGC,GAP,"GAP GO >0.1×ATR up gaps stop 1×gap exit 11:00",339,-1550,-4.57,47.8,0.83,-1.30,2027,0,352,-314,-0.89,49.1,0.98,-0.11,2493,-163,-979,-284,-125,-7,-911,604
MGC,GAP,"GAP GO >0.1×ATR down gaps stop 1×gap exit 11:00",309,1347,4.36,51.8,1.18,1.17,503,4,255,2191,8.59,53.3,1.15,0.73,2734,339,632,128,248,1000,785,406
MGC,GAP,"GAP GO >0.1×ATR up+down gaps stop 1×gap exit 15:55",648,-2020,-3.12,49.7,0.90,-1.00,2840,0,607,3578,5.90,52.9,1.08,0.65,5010,-333,-1321,-229,-137,3198,-528,908
MGC,GAP,"GAP GO >0.1×ATR up gaps stop 1×gap exit 15:55",339,-2570,-7.58,48.4,0.79,-1.70,3227,1,352,-1391,-3.95,50.6,0.95,-0.34,5508,-451,-1560,-713,153,1015,16,-2422
MGC,GAP,"GAP GO >0.1×ATR down gaps stop 1×gap exit 15:55",309,550,1.78,51.1,1.06,0.41,860,3,255,4969,19.49,56.1,1.29,1.39,2047,118,239,483,-290,2183,-544,3330
MGC,GAP,"GAP GO >0.1×ATR up+down gaps stop 2×gap exit 11:00",648,-1110,-1.71,46.3,0.94,-0.58,2513,2,607,4499,7.41,50.4,1.13,1.01,3109,191,-1283,206,-224,2269,878,1352
MGC,GAP,"GAP GO >0.1×ATR up gaps stop 2×gap exit 11:00",339,-1599,-4.72,45.4,0.85,-1.14,2087,1,352,1470,4.18,50.0,1.08,0.46,2210,-72,-1237,238,-529,1005,-426,891
MGC,GAP,"GAP GO >0.1×ATR down gaps stop 2×gap exit 11:00",309,489,1.58,47.2,1.06,0.37,913,2,255,3029,11.88,51.0,1.19,0.96,2439,263,-46,-33,305,1264,1304,461
MGC,GAP,"GAP GO >0.1×ATR up+down gaps stop 2×gap exit 15:55",648,-1674,-2.58,48.3,0.93,-0.68,3411,1,607,9838,16.21,53.9,1.20,1.57,3790,-259,-1770,358,-3,5065,947,3826
MGC,GAP,"GAP GO >0.1×ATR up gaps stop 2×gap exit 15:55",339,-1922,-5.67,48.1,0.86,-1.04,2841,1,352,4199,11.93,54.0,1.14,0.86,3231,-255,-1552,-239,123,2569,1024,606
MGC,GAP,"GAP GO >0.1×ATR down gaps stop 2×gap exit 15:55",309,248,0.80,48.5,1.02,0.15,1607,1,255,5639,22.11,53.7,1.28,1.44,1709,-4,-218,596,-126,2496,-77,3220
MGC,GAP,"GAP FADE >0.2×ATR up+down gaps stop 1×gap exit 11:00",552,-4455,-8.07,45.1,0.75,-2.72,4624,0,541,-6856,-12.67,45.5,0.81,-1.70,8206,-522,-1035,-1224,-1672,-2530,-1833,-2493
MGC,GAP,"GAP FADE >0.2×ATR up gaps stop 1×gap exit 11:00",291,-803,-2.76,47.4,0.90,-0.68,1410,1,319,-2794,-8.76,46.7,0.86,-1.02,4013,-41,162,-367,-557,-938,-238,-1618
MGC,GAP,"GAP FADE >0.2×ATR down gaps stop 1×gap exit 11:00",261,-3652,-13.99,42.5,0.61,-3.23,3755,0,222,-4062,-18.30,43.7,0.75,-1.37,5283,-482,-1198,-857,-1115,-1592,-1595,-875
MGC,GAP,"GAP FADE >0.2×ATR up+down gaps stop 1×gap exit 15:55",552,-2532,-4.59,46.6,0.87,-1.27,3639,0,541,-9030,-16.69,43.8,0.82,-1.66,10732,-4,-8,-1057,-1461,-4693,-1730,-2607
MGC,GAP,"GAP FADE >0.2×ATR up gaps stop 1×gap exit 15:55",291,186,0.64,48.1,1.02,0.12,1581,3,319,-1709,-5.36,46.1,0.94,-0.42,6103,253,737,116,-920,-1971,-1200,1462
MGC,GAP,"GAP FADE >0.2×ATR down gaps stop 1×gap exit 15:55",261,-2718,-10.41,44.8,0.73,-2.08,2917,0,222,-7321,-32.98,40.5,0.68,-2.06,7521,-258,-746,-1173,-541,-2722,-530,-4069
MGC,GAP,"GAP FADE >0.2×ATR up+down gaps stop 2×gap exit 11:00",552,-4191,-7.59,50.0,0.77,-2.33,4360,0,541,-8726,-16.13,47.5,0.77,-2.04,10320,-416,-1009,-1533,-1231,-3109,-3108,-2509
MGC,GAP,"GAP FADE >0.2×ATR up gaps stop 2×gap exit 11:00",291,-1042,-3.58,51.2,0.88,-0.79,1590,2,319,-3726,-11.68,48.0,0.82,-1.26,4969,79,0,-643,-478,-1173,-476,-2077
MGC,GAP,"GAP FADE >0.2×ATR down gaps stop 2×gap exit 11:00",261,-3149,-12.06,48.7,0.66,-2.59,3252,0,222,-5000,-22.52,46.8,0.72,-1.62,6776,-496,-1010,-890,-753,-1936,-2632,-432
MGC,GAP,"GAP FADE >0.2×ATR up+down gaps stop 2×gap exit 15:55",552,-3063,-5.55,52.5,0.86,-1.35,3826,1,541,-11560,-21.37,48.2,0.79,-1.94,13426,179,-138,-1713,-1389,-5243,-2975,-3342
MGC,GAP,"GAP FADE >0.2×ATR up gaps stop 2×gap exit 15:55",291,-503,-1.73,53.6,0.96,-0.30,1962,2,319,-3678,-11.53,49.2,0.88,-0.81,7341,407,614,-449,-1075,-2466,-1238,26
MGC,GAP,"GAP FADE >0.2×ATR down gaps stop 2×gap exit 15:55",261,-2560,-9.81,51.3,0.76,-1.70,2764,0,222,-7882,-35.50,46.8,0.68,-2.07,8276,-229,-753,-1264,-314,-2777,-1737,-3368
MGC,GAP,"GAP GO >0.2×ATR up+down gaps stop 1×gap exit 11:00",552,268,0.49,50.5,1.02,0.16,1273,2,541,2617,4.84,51.6,1.08,0.65,2932,302,-207,-243,418,1119,89,1409
MGC,GAP,"GAP GO >0.2×ATR up gaps stop 1×gap exit 11:00",291,-1328,-4.56,48.5,0.85,-1.13,1930,0,319,459,1.44,50.2,1.03,0.17,1881,-98,-844,-361,-25,61,-669,1067
MGC,GAP,"GAP GO >0.2×ATR down gaps stop 1×gap exit 11:00",261,1596,6.12,52.9,1.24,1.41,474,4,222,2158,9.72,53.6,1.16,0.72,2734,399,636,118,443,1058,758,342
MGC,GAP,"GAP GO >0.2×ATR up+down gaps stop 1×gap exit 15:55",552,-1537,-2.78,50.5,0.92,-0.77,2579,1,541,4318,7.98,53.8,1.10,0.79,4526,-207,-1181,-305,158,3324,-313,1307
MGC,GAP,"GAP GO >0.2×ATR up gaps stop 1×gap exit 15:55",291,-2348,-8.07,49.1,0.79,-1.56,3116,1,319,-618,-1.94,51.7,0.98,-0.15,5060,-386,-1425,-790,253,1083,258,-1959
MGC,GAP,"GAP GO >0.2×ATR down gaps stop 1×gap exit 15:55",261,811,3.11,52.1,1.10,0.62,770,3,222,4936,22.24,56.8,1.30,1.39,2145,178,243,485,-95,2241,-571,3266
MGC,GAP,"GAP GO >0.2×ATR up+down gaps stop 2×gap exit 11:00",552,-552,-1.00,47.1,0.97,-0.29,1938,1,541,4419,8.17,50.1,1.14,1.01,3214,236,-702,-1,-83,2227,1028,1164
MGC,GAP,"GAP GO >0.2×ATR up gaps stop 2×gap exit 11:00",291,-1381,-4.75,45.7,0.85,-1.01,1869,1,319,1993,6.25,49.8,1.11,0.64,1947,-143,-905,70,-403,849,-258,1402
MGC,GAP,"GAP GO >0.2×ATR down gaps stop 2×gap exit 11:00",261,829,3.18,48.7,1.11,0.65,662,3,222,2426,10.93,50.5,1.17,0.79,2515,378,202,-71,320,1378,1286,-238
MGC,GAP,"GAP GO >0.2×ATR up+down gaps stop 2×gap exit 15:55",552,-1139,-2.06,49.1,0.95,-0.47,2801,1,541,9239,17.08,54.2,1.20,1.50,3711,-214,-1122,240,-41,5326,1097,2816
MGC,GAP,"GAP GO >0.2×ATR up gaps stop 2×gap exit 15:55",291,-1796,-6.17,48.5,0.86,-0.99,2676,1,319,4089,12.82,54.5,1.15,0.85,3437,-326,-1220,-340,90,2596,1192,301
MGC,GAP,"GAP GO >0.2×ATR down gaps stop 2×gap exit 15:55",261,657,2.52,49.8,1.07,0.41,1171,3,222,5150,23.20,53.6,1.28,1.34,1578,111,97,580,-131,2730,-95,2515
MGC,GAP,"GAP FADE >0.35×ATR up+down gaps stop 1×gap exit 11:00",427,-3201,-7.50,45.7,0.78,-2.04,3324,0,436,-5643,-12.94,45.4,0.82,-1.45,6869,-467,-989,-671,-1074,-2303,-1675,-1664
MGC,GAP,"GAP FADE >0.35×ATR up gaps stop 1×gap exit 11:00",222,-384,-1.73,47.3,0.94,-0.34,963,0,258,-3461,-13.42,44.6,0.80,-1.33,4288,-20,-13,-120,-230,-1007,-505,-1950
MGC,GAP,"GAP FADE >0.35×ATR down gaps stop 1×gap exit 11:00",205,-2817,-13.74,43.9,0.64,-2.58,2874,0,178,-2181,-12.26,46.6,0.84,-0.75,4289,-447,-976,-551,-843,-1297,-1171,286
MGC,GAP,"GAP FADE >0.35×ATR up+down gaps stop 1×gap exit 15:55",427,-1241,-2.91,48.2,0.93,-0.64,2137,2,436,-6242,-14.32,44.7,0.86,-1.17,8488,51,73,-503,-862,-4189,-1229,-823
MGC,GAP,"GAP FADE >0.35×ATR up gaps stop 1×gap exit 15:55",222,744,3.35,50.0,1.09,0.51,1308,3,258,-1565,-6.07,45.3,0.94,-0.39,6126,274,646,387,-562,-1937,-1000,1371
MGC,GAP,"GAP FADE >0.35×ATR down gaps stop 1×gap exit 15:55",205,-1985,-9.68,46.3,0.77,-1.57,2138,0,178,-4676,-26.27,43.8,0.75,-1.35,4994,-223,-573,-890,-299,-2253,-230,-2194
MGC,GAP,"GAP FADE >0.35×ATR up+down gaps stop 2×gap exit 11:00",427,-3833,-8.98,47.1,0.75,-2.25,3956,0,436,-7437,-17.06,45.4,0.77,-1.83,8665,-546,-1049,-1008,-1230,-3065,-2676,-1695
MGC,GAP,"GAP FADE >0.35×ATR up gaps stop 2×gap exit 11:00",222,-939,-4.23,47.7,0.87,-0.76,1269,0,258,-4126,-15.99,44.6,0.77,-1.50,4953,-20,-184,-351,-383,-1278,-568,-2281
MGC,GAP,"GAP FADE >0.35×ATR down gaps stop 2×gap exit 11:00",205,-2894,-14.12,46.3,0.64,-2.49,2951,0,178,-3310,-18.60,46.6,0.78,-1.11,5648,-526,-865,-657,-846,-1788,-2109,586
MGC,GAP,"GAP FADE >0.35×ATR up+down gaps stop 2×gap exit 15:55",427,-2565,-6.01,49.9,0.86,-1.18,2966,1,436,-8246,-18.91,46.8,0.82,-1.44,9830,15,-340,-1118,-1122,-4544,-2115,-1586
MGC,GAP,"GAP FADE >0.35×ATR up gaps stop 2×gap exit 15:55",222,-126,-0.57,51.8,0.99,-0.08,1583,2,258,-2610,-10.12,47.7,0.90,-0.59,6511,274,463,-122,-740,-2122,-751,262
MGC,GAP,"GAP FADE >0.35×ATR down gaps stop 2×gap exit 15:55",205,-2439,-11.90,47.8,0.73,-1.68,2592,0,178,-5635,-31.66,45.5,0.72,-1.54,5832,-259,-803,-996,-381,-2423,-1365,-1848
MGC,GAP,"GAP GO >0.35×ATR up+down gaps stop 1×gap exit 11:00",427,123,0.29,50.6,1.01,0.08,1381,2,436,2408,5.52,51.8,1.09,0.62,3401,278,-84,-274,203,1230,392,787
MGC,GAP,"GAP GO >0.35×ATR up gaps stop 1×gap exit 11:00",222,-1264,-5.69,48.6,0.83,-1.13,1657,0,258,1648,6.39,52.3,1.12,0.63,1734,-91,-573,-358,-241,388,-194,1453
MGC,GAP,"GAP GO >0.35×ATR down gaps stop 1×gap exit 11:00",205,1387,6.77,52.7,1.25,1.27,467,4,178,761,4.27,51.1,1.06,0.26,2734,369,489,84,445,841,585,-666
MGC,GAP,"GAP GO >0.35×ATR up+down gaps stop 1×gap exit 15:55",427,-1711,-4.01,49.4,0.90,-0.88,2638,0,436,2896,6.64,53.4,1.07,0.55,5645,-231,-1072,-406,-2,3171,-199,-75
MGC,GAP,"GAP GO >0.35×ATR up gaps stop 1×gap exit 15:55",222,-2310,-10.40,47.7,0.76,-1.59,2997,1,258,-169,-0.66,53.1,0.99,-0.04,5320,-379,-1211,-784,65,1296,351,-1817
MGC,GAP,"GAP GO >0.35×ATR down gaps stop 1×gap exit 15:55",205,599,2.92,51.2,1.08,0.47,750,3,178,3066,17.22,53.9,1.20,0.88,2320,148,139,378,-66,1874,-551,1742
MGC,GAP,"GAP GO >0.35×ATR up+down gaps stop 2×gap exit 11:00",427,450,1.05,49.6,1.03,0.26,1512,2,436,4581,10.51,51.6,1.18,1.12,3031,388,-189,-149,400,2529,1210,843
MGC,GAP,"GAP GO >0.35×ATR up gaps stop 2×gap exit 11:00",222,-779,-3.51,48.6,0.90,-0.61,1241,0,258,3129,12.13,52.3,1.23,1.11,1833,-57,-429,-73,-219,1127,115,1886
MGC,GAP,"GAP GO >0.35×ATR down gaps stop 2×gap exit 11:00",205,1229,6.00,50.7,1.21,1.02,642,3,178,1453,8.16,50.6,1.12,0.49,2692,445,240,-76,620,1401,1094,-1043
MGC,GAP,"GAP GO >0.35×ATR up+down gaps stop 2×gap exit 15:55",427,-848,-1.99,49.2,0.95,-0.37,2513,2,436,8509,19.52,54.1,1.22,1.45,3479,0,-793,-63,8,4816,1454,2240
MGC,GAP,"GAP GO >0.35×ATR up gaps stop 2×gap exit 15:55",222,-1664,-7.49,48.2,0.84,-0.97,2253,0,258,4207,16.30,54.7,1.19,0.92,3724,-178,-951,-467,-67,2458,1197,551
MGC,GAP,"GAP GO >0.35×ATR down gaps stop 2×gap exit 15:55",205,816,3.98,50.2,1.11,0.54,820,4,178,4303,24.17,53.4,1.28,1.18,1636,178,158,404,76,2357,256,1689
MGC,GAP,"GAP FADE >0.5×ATR up+down gaps stop 1×gap exit 11:00",337,-2570,-7.62,45.1,0.78,-1.76,2631,0,351,-5263,-14.99,43.6,0.79,-1.44,7005,-395,-822,-191,-1160,-2317,-2471,-475
MGC,GAP,"GAP FADE >0.5×ATR up gaps stop 1×gap exit 11:00",174,-474,-2.73,44.8,0.91,-0.46,830,1,212,-3625,-17.10,41.5,0.75,-1.52,4451,-95,-227,299,-451,-1381,-1084,-1159
MGC,GAP,"GAP FADE >0.5×ATR down gaps stop 1×gap exit 11:00",163,-2095,-12.86,45.4,0.67,-2.04,2121,0,139,-1638,-11.79,46.8,0.86,-0.59,3952,-300,-595,-491,-709,-936,-1386,685
MGC,GAP,"GAP FADE >0.5×ATR up+down gaps stop 1×gap exit 15:55",337,-560,-1.66,48.7,0.96,-0.31,1670,2,351,-4421,-12.59,44.4,0.88,-0.87,8730,123,314,-106,-889,-4068,-1467,1114
MGC,GAP,"GAP FADE >0.5×ATR up gaps stop 1×gap exit 15:55",174,740,4.25,50.0,1.11,0.54,1085,3,212,-1138,-5.37,43.4,0.94,-0.30,6955,199,438,742,-639,-2355,-1640,2858
MGC,GAP,"GAP FADE >0.5×ATR down gaps stop 1×gap exit 15:55",163,-1299,-7.97,47.2,0.81,-1.08,1634,0,139,-3283,-23.62,46.0,0.79,-0.98,3555,-76,-124,-849,-250,-1713,174,-1743
MGC,GAP,"GAP FADE >0.5×ATR up+down gaps stop 2×gap exit 11:00",337,-3407,-10.11,45.1,0.73,-2.16,3468,0,351,-6523,-18.58,43.6,0.76,-1.72,7945,-395,-1163,-580,-1267,-2566,-3162,-795
MGC,GAP,"GAP FADE >0.5×ATR up gaps stop 2×gap exit 11:00",174,-897,-5.16,44.8,0.85,-0.79,958,1,212,-4174,-19.69,41.5,0.72,-1.66,5006,-95,-328,54,-528,-1451,-1236,-1486
MGC,GAP,"GAP FADE >0.5×ATR down gaps stop 2×gap exit 11:00",163,-2509,-15.40,45.4,0.62,-2.28,2535,0,139,-2349,-16.90,46.8,0.81,-0.83,4670,-300,-835,-635,-739,-1115,-1925,692
MGC,GAP,"GAP FADE >0.5×ATR up+down gaps stop 2×gap exit 15:55",337,-1766,-5.24,49.3,0.88,-0.87,2186,1,351,-6005,-17.11,45.9,0.84,-1.11,9258,138,-387,-497,-1018,-4104,-1959,58
MGC,GAP,"GAP FADE >0.5×ATR up gaps stop 2×gap exit 15:55",174,113,0.65,50.6,1.02,0.08,1044,3,212,-2227,-10.50,45.3,0.90,-0.54,7019,199,164,480,-730,-2355,-1704,1833
MGC,GAP,"GAP FADE >0.5×ATR down gaps stop 2×gap exit 15:55",163,-1878,-11.52,47.9,0.75,-1.37,1982,0,139,-3778,-27.18,46.8,0.77,-1.08,4143,-61,-551,-978,-288,-1749,-254,-1774
MGC,GAP,"GAP GO >0.5×ATR up+down gaps stop 1×gap exit 11:00",337,162,0.48,50.7,1.02,0.11,1407,2,351,2616,7.45,53.0,1.12,0.71,3339,221,-2,-534,479,1446,1439,-269
MGC,GAP,"GAP GO >0.5×ATR up gaps stop 1×gap exit 11:00",174,-747,-4.29,50.6,0.87,-0.73,1744,1,212,2088,9.85,54.7,1.18,0.87,1789,-11,-191,-627,82,859,467,763
MGC,GAP,"GAP GO >0.5×ATR down gaps stop 1×gap exit 11:00",163,910,5.58,50.9,1.19,0.88,765,4,139,528,3.80,50.4,1.05,0.19,2732,232,189,92,397,587,973,-1031
MGC,GAP,"GAP GO >0.5×ATR up+down gaps stop 1×gap exit 15:55",337,-1735,-5.15,49.6,0.88,-0.94,2681,1,351,1776,5.06,53.6,1.05,0.35,6382,-288,-1061,-640,256,3225,445,-1894
MGC,GAP,"GAP GO >0.5×ATR up gaps stop 1×gap exit 15:55",174,-1874,-10.77,48.9,0.77,-1.36,2599,1,212,-359,-1.69,54.7,0.98,-0.09,5857,-299,-829,-1046,300,1802,1058,-3218
MGC,GAP,"GAP GO >0.5×ATR down gaps stop 1×gap exit 15:55",163,140,0.86,50.3,1.02,0.11,1062,2,139,2135,15.36,51.8,1.16,0.64,1993,11,-232,405,-44,1423,-612,1325
MGC,GAP,"GAP GO >0.5×ATR up+down gaps stop 2×gap exit 11:00",337,646,1.92,50.7,1.06,0.40,1191,3,351,3225,9.19,52.7,1.15,0.84,2921,221,237,-356,546,1782,1645,-202
MGC,GAP,"GAP GO >0.5×ATR up gaps stop 2×gap exit 11:00",174,-493,-2.83,50.6,0.91,-0.43,1483,1,212,2233,10.53,54.2,1.19,0.84,2084,-11,-82,-429,29,1002,440,792
MGC,GAP,"GAP GO >0.5×ATR down gaps stop 2×gap exit 11:00",163,1140,6.99,50.9,1.23,1.01,618,4,139,992,7.14,50.4,1.10,0.36,2638,232,319,72,517,780,1206,-993
MGC,GAP,"GAP GO >0.5×ATR up+down gaps stop 2×gap exit 15:55",337,-1123,-3.33,49.6,0.92,-0.53,2521,0,351,4276,12.18,52.7,1.13,0.78,3474,-175,-358,-532,-56,3430,857,-11
MGC,GAP,"GAP GO >0.5×ATR up gaps stop 2×gap exit 15:55",174,-1577,-9.06,49.4,0.81,-1.00,2212,1,212,1576,7.44,53.3,1.08,0.37,3774,-168,-479,-1013,83,1889,1363,-1675
MGC,GAP,"GAP GO >0.5×ATR down gaps stop 2×gap exit 15:55",163,455,2.79,49.7,1.07,0.32,933,2,139,2700,19.42,51.8,1.20,0.78,1578,-7,121,480,-139,1541,-505,1665
MGC,VWAP,"VWAP FADE stretch 0.25×ATR LONG stop 0.5×stretch",342,-929,-2.72,33.9,0.84,-1.50,1190,1,293,1178,4.02,36.9,1.11,0.71,1135,171,-683,-93,-324,-109,737,549
MGC,VWAP,"VWAP FADE stretch 0.25×ATR LONG stop 1×stretch",342,-16,-0.05,50.6,1.00,-0.02,763,2,293,-915,-3.12,51.2,0.94,-0.41,3358,305,-196,169,-294,-206,558,-1268
MGC,VWAP,"VWAP FADE stretch 0.25×ATR SHORT stop 0.5×stretch",346,-2202,-6.36,28.3,0.64,-3.85,2291,0,309,2190,7.09,37.2,1.21,1.32,908,-86,-941,-249,-926,128,-126,2187
MGC,VWAP,"VWAP FADE stretch 0.25×ATR SHORT stop 1×stretch",346,-2758,-7.97,42.8,0.67,-3.41,3030,1,309,2189,7.08,51.5,1.16,1.05,1408,2,-617,-748,-1394,-1,-787,2976
MGC,VWAP,"VWAP FADE stretch 0.25×ATR BOTH stop 0.5×stretch",688,-3132,-4.55,31.1,0.74,-3.72,3335,1,602,3367,5.59,37.0,1.16,1.43,1151,84,-1623,-342,-1250,20,611,2736
MGC,VWAP,"VWAP FADE stretch 0.25×ATR BOTH stop 1×stretch",688,-2774,-4.03,46.7,0.82,-2.41,3337,1,602,1274,2.12,51.3,1.04,0.42,1998,306,-813,-579,-1688,-207,-228,1708
MGC,VWAP,"VWAP FOLLOW stretch 0.25×ATR LONG stop 0.5×stretch",346,-335,-0.97,35.5,0.94,-0.54,808,1,309,-3189,-10.32,30.4,0.74,-2.14,3722,-39,-308,-171,182,-859,-713,-1617
MGC,VWAP,"VWAP FOLLOW stretch 0.25×ATR LONG stop 1×stretch",346,-103,-0.30,49.1,0.99,-0.13,750,2,309,-4435,-14.35,46.6,0.74,-2.13,4622,-165,-411,58,416,-820,93,-3707
MGC,VWAP,"VWAP FOLLOW stretch 0.25×ATR SHORT stop 0.5×stretch",342,-1851,-5.41,30.4,0.69,-3.14,1943,0,293,-2692,-9.19,28.7,0.78,-1.71,2875,-232,-265,-858,-496,-824,-1178,-690
MGC,VWAP,"VWAP FOLLOW stretch 0.25×ATR SHORT stop 1×stretch",342,-2276,-6.66,46.5,0.72,-2.78,2561,0,293,-1229,-4.20,45.7,0.93,-0.55,3560,-513,-448,-939,-376,-698,-1387,856
MGC,VWAP,"VWAP FOLLOW stretch 0.25×ATR BOTH stop 0.5×stretch",688,-2186,-3.18,33.0,0.81,-2.54,2408,0,602,-5881,-9.77,29.6,0.76,-2.72,6348,-271,-572,-1029,-314,-1683,-1891,-2307
MGC,VWAP,"VWAP FOLLOW stretch 0.25×ATR BOTH stop 1×stretch",688,-2379,-3.46,47.8,0.84,-2.06,3035,1,602,-5664,-9.41,46.2,0.83,-1.86,6423,-678,-859,-882,39,-1519,-1294,-2851
MGC,VWAP,"VWAP FADE stretch 0.35×ATR LONG stop 0.5×stretch",254,-237,-0.93,37.4,0.95,-0.35,828,1,232,-898,-3.87,37.9,0.92,-0.50,3149,148,-9,-107,-269,257,550,-1705
MGC,VWAP,"VWAP FADE stretch 0.35×ATR LONG stop 1×stretch",254,-1225,-4.82,45.3,0.82,-1.43,1645,1,232,-78,-0.34,52.6,0.99,-0.03,2861,269,-274,-575,-645,399,73,-550
MGC,VWAP,"VWAP FADE stretch 0.35×ATR SHORT stop 0.5×stretch",261,-1381,-5.29,37.2,0.74,-2.27,1624,1,233,-980,-4.20,33.0,0.91,-0.59,2054,81,-40,-438,-984,-1016,-222,258
MGC,VWAP,"VWAP FADE stretch 0.35×ATR SHORT stop 1×stretch",261,-1576,-6.04,49.4,0.77,-1.91,2228,2,233,-20,-0.09,47.6,1.00,-0.01,2295,195,40,-383,-1429,-677,-938,1595
MGC,VWAP,"VWAP FADE stretch 0.35×ATR BOTH stop 0.5×stretch",515,-1618,-3.14,37.3,0.84,-1.79,2214,1,465,-1878,-4.04,35.5,0.91,-0.77,3535,229,-49,-545,-1254,-759,328,-1447
MGC,VWAP,"VWAP FADE stretch 0.35×ATR BOTH stop 1×stretch",515,-2802,-5.44,47.4,0.79,-2.35,3353,1,465,-99,-0.21,50.1,1.00,-0.03,2837,464,-234,-958,-2074,-278,-865,1045
MGC,VWAP,"VWAP FOLLOW stretch 0.35×ATR LONG stop 0.5×stretch",261,-733,-2.81,33.0,0.86,-1.10,1429,1,233,-2840,-12.19,32.6,0.74,-1.88,3705,-111,-806,-453,637,-694,51,-2196
MGC,VWAP,"VWAP FOLLOW stretch 0.35×ATR LONG stop 1×stretch",261,-349,-1.34,46.0,0.94,-0.42,1535,1,233,-2014,-8.64,47.2,0.85,-0.99,2929,-264,-664,-302,881,-220,140,-1934
MGC,VWAP,"VWAP FOLLOW stretch 0.35×ATR SHORT stop 0.5×stretch",254,-600,-2.36,35.0,0.88,-0.91,1046,1,232,-1132,-4.88,32.3,0.91,-0.62,2260,-142,-257,-336,136,-549,-66,-518
MGC,VWAP,"VWAP FOLLOW stretch 0.35×ATR SHORT stop 1×stretch",254,-857,-3.37,48.0,0.87,-1.00,1420,1,232,-1394,-6.01,46.1,0.91,-0.58,3513,-375,-352,-249,119,-1067,-517,190
MGC,VWAP,"VWAP FOLLOW stretch 0.35×ATR BOTH stop 0.5×stretch",515,-1333,-2.59,34.0,0.87,-1.42,2155,1,465,-3972,-8.54,32.5,0.83,-1.67,4573,-253,-1063,-789,772,-1243,-15,-2714
MGC,VWAP,"VWAP FOLLOW stretch 0.35×ATR BOTH stop 1×stretch",515,-1206,-2.34,47.0,0.91,-1.01,2366,1,465,-3408,-7.33,46.7,0.88,-1.09,4951,-639,-1017,-551,1000,-1287,-377,-1744
MGC,VWAP,"VWAP FADE stretch 0.5×ATR LONG stop 0.5×stretch",130,-1028,-7.91,35.4,0.71,-1.72,1507,1,131,-2231,-17.03,38.2,0.75,-1.33,2894,208,-576,-199,-460,-205,-574,-1452
MGC,VWAP,"VWAP FADE stretch 0.5×ATR LONG stop 1×stretch",130,-1429,-10.99,41.5,0.66,-1.96,2007,1,131,-4601,-35.12,48.1,0.64,-1.99,5028,152,-993,-448,-140,-240,-824,-3537
MGC,VWAP,"VWAP FADE stretch 0.5×ATR SHORT stop 0.5×stretch",138,-177,-1.28,43.5,0.94,-0.30,767,2,123,3109,25.27,48.8,1.63,1.89,775,127,61,-268,-97,67,340,2702
MGC,VWAP,"VWAP FADE stretch 0.5×ATR SHORT stop 1×stretch",138,-1444,-10.47,44.9,0.68,-1.92,1709,1,123,2872,23.35,56.1,1.43,1.45,1171,50,-74,-996,-425,356,130,2385
MGC,VWAP,"VWAP FADE stretch 0.5×ATR BOTH stop 0.5×stretch",268,-1205,-4.50,39.6,0.82,-1.44,1775,1,254,878,3.46,43.3,1.06,0.37,1536,334,-515,-467,-558,-138,-234,1250
MGC,VWAP,"VWAP FADE stretch 0.5×ATR BOTH stop 1×stretch",268,-2873,-10.72,43.3,0.67,-2.74,3370,1,254,-1729,-6.81,52.0,0.91,-0.56,3384,202,-1067,-1444,-565,116,-694,-1152
MGC,VWAP,"VWAP FOLLOW stretch 0.5×ATR LONG stop 0.5×stretch",138,154,1.12,42.8,1.05,0.24,699,1,123,-1599,-13.00,36.6,0.78,-1.08,1921,-2,-445,806,-205,-327,18,-1291
MGC,VWAP,"VWAP FOLLOW stretch 0.5×ATR LONG stop 1×stretch",138,560,4.06,53.6,1.16,0.74,530,2,123,-3650,-29.68,43.1,0.63,-1.85,3898,-84,-207,734,117,-680,-425,-2545
MGC,VWAP,"VWAP FOLLOW stretch 0.5×ATR SHORT stop 0.5×stretch",130,82,0.63,43.8,1.03,0.14,598,2,131,-349,-2.67,35.9,0.96,-0.18,1387,-150,357,299,-424,-618,-141,410
MGC,VWAP,"VWAP FOLLOW stretch 0.5×ATR SHORT stop 1×stretch",130,309,2.37,55.4,1.09,0.41,532,2,131,3819,29.15,51.9,1.45,1.65,1221,-217,704,143,-321,-20,513,3326
MGC,VWAP,"VWAP FOLLOW stretch 0.5×ATR BOTH stop 0.5×stretch",268,236,0.88,43.3,1.04,0.27,1023,1,254,-1948,-7.67,36.2,0.88,-0.80,2222,-152,-88,1105,-630,-944,-123,-881
MGC,VWAP,"VWAP FOLLOW stretch 0.5×ATR BOTH stop 1×stretch",268,868,3.24,54.5,1.12,0.82,746,2,254,168,0.66,47.6,1.01,0.05,2284,-301,497,876,-204,-700,88,781
MGC,PDHL,"BREAK PDH stop 0.1×ATR 1R",155,-695,-4.48,46.5,0.71,-2.09,727,0,144,-634,-4.40,46.5,0.88,-0.66,1092,-111,-152,-330,-102,-537,-181,85
MGC,PDHL,"BREAK PDH stop 0.1×ATR 2R",155,-602,-3.88,32.9,0.79,-1.34,893,1,144,-137,-0.95,34.7,0.98,-0.10,909,-139,-349,-403,290,-341,66,138
MGC,PDHL,"BREAK PDH stop 0.1×ATR 3R",155,-338,-2.18,29.0,0.89,-0.63,788,1,144,274,1.90,27.8,1.04,0.16,1451,-112,-365,-262,402,-319,310,284
MGC,PDHL,"BREAK PDH stop 0.2×ATR 1R",155,21,0.14,52.3,1.01,0.03,496,2,144,52,0.36,50.0,1.01,0.03,1215,-165,-176,109,253,-483,95,440
MGC,PDHL,"BREAK PDH stop 0.2×ATR 2R",155,385,2.48,45.2,1.09,0.49,530,2,144,1760,12.22,42.4,1.19,0.79,1646,-110,-273,193,576,-8,927,841
MGC,PDHL,"BREAK PDH stop 0.2×ATR 3R",155,1072,6.92,43.9,1.26,1.16,409,2,144,1324,9.20,39.6,1.13,0.55,2270,-56,-32,252,908,54,778,493
MGC,PDHL,"FADE PDH stop 0.1×ATR 1R",155,-1120,-7.22,39.4,0.57,-3.43,1238,1,144,-846,-5.87,47.2,0.84,-0.88,1060,59,-291,-401,-488,-182,-166,-498
MGC,PDHL,"FADE PDH stop 0.1×ATR 2R",155,-997,-6.43,28.4,0.68,-2.25,1232,1,144,-322,-2.23,36.1,0.95,-0.26,1115,96,-306,-465,-323,-56,394,-659
MGC,PDHL,"FADE PDH stop 0.1×ATR 3R",155,-1082,-6.98,23.9,0.67,-2.13,1513,1,144,-452,-3.14,31.3,0.93,-0.33,1297,167,-288,-709,-252,9,371,-832
MGC,PDHL,"FADE PDH stop 0.2×ATR 1R",155,-1026,-6.62,43.9,0.75,-1.68,1304,1,144,-1137,-7.89,47.9,0.87,-0.68,2262,129,-149,-468,-538,-76,-402,-659
MGC,PDHL,"FADE PDH stop 0.2×ATR 2R",155,-1202,-7.76,36.8,0.74,-1.63,1893,1,144,110,0.77,40.3,1.01,0.05,1921,255,-166,-604,-688,-142,-202,454
MGC,PDHL,"FADE PDH stop 0.2×ATR 3R",155,-1549,-9.99,36.1,0.67,-2.19,2194,1,144,664,4.61,39.6,1.07,0.29,1645,150,-364,-742,-593,-398,70,993
MGC,PDHL,"BREAK PDL stop 0.1×ATR 1R",172,-681,-3.96,47.1,0.73,-1.99,850,0,135,-1516,-11.23,40.0,0.74,-1.52,2187,-159,-308,-197,-17,-683,-586,-247
MGC,PDHL,"BREAK PDL stop 0.1×ATR 2R",172,-982,-5.71,29.1,0.71,-2.13,1021,1,135,-934,-6.92,29.6,0.87,-0.67,1546,-328,-469,60,-244,-689,-161,-84
MGC,PDHL,"BREAK PDL stop 0.1×ATR 3R",172,-768,-4.47,25.6,0.78,-1.41,929,1,135,-1364,-10.10,23.0,0.82,-0.85,1735,-328,-474,139,-105,-520,-455,-389
MGC,PDHL,"BREAK PDL stop 0.2×ATR 1R",172,-966,-5.62,45.3,0.78,-1.52,1031,1,135,259,1.92,51.9,1.03,0.14,962,-256,-557,303,-456,-9,256,12
MGC,PDHL,"BREAK PDL stop 0.2×ATR 2R",172,-761,-4.42,39.0,0.85,-0.96,1027,1,135,-1155,-8.55,37.8,0.89,-0.51,1405,-198,-241,206,-527,-335,-127,-692
MGC,PDHL,"BREAK PDL stop 0.2×ATR 3R",172,-1035,-6.02,37.2,0.80,-1.27,1152,1,135,-323,-2.39,37.0,0.97,-0.12,1398,-170,-529,230,-566,-434,-56,167
MGC,PDHL,"FADE PDL stop 0.1×ATR 1R",172,-1048,-6.09,41.3,0.62,-3.08,1121,1,135,-947,-7.01,47.4,0.83,-0.95,1136,54,-303,-189,-610,-74,-203,-670
MGC,PDHL,"FADE PDL stop 0.1×ATR 2R",172,-998,-5.80,29.7,0.69,-2.22,1109,0,135,-1358,-10.06,32.6,0.80,-1.06,1675,-7,-24,-487,-480,-33,-86,-1239
MGC,PDHL,"FADE PDL stop 0.1×ATR 3R",172,-884,-5.14,24.4,0.75,-1.63,1010,1,135,-1749,-12.96,28.1,0.76,-1.27,2408,-169,137,-365,-488,-19,-329,-1402
MGC,PDHL,"FADE PDL stop 0.2×ATR 1R",172,-638,-3.71,48.3,0.85,-1.00,1246,2,135,-1741,-12.89,44.4,0.82,-0.94,2085,144,186,-876,-92,-396,-1013,-331
MGC,PDHL,"FADE PDL stop 0.2×ATR 2R",172,-1120,-6.51,36.0,0.78,-1.43,1462,1,135,-1559,-11.55,37.0,0.86,-0.70,2088,-115,197,-743,-459,-266,-1097,-196
MGC,PDHL,"FADE PDL stop 0.2×ATR 3R",172,-1098,-6.38,35.5,0.78,-1.33,1412,1,135,-1532,-11.35,36.3,0.86,-0.69,1932,-166,221,-680,-472,-385,-933,-215
MGC,TREND,"TREND 10:30 LONG stop VWAP to 15:55",173,-531,-3.07,38.7,0.89,-0.60,634,1,150,1759,11.73,41.3,1.19,0.77,1663,-101,-152,99,-377,-409,2201,-32
MGC,TREND,"TREND 10:30 LONG stop VWAP 2R",173,-819,-4.74,41.0,0.82,-1.08,832,0,150,851,5.68,44.7,1.09,0.42,1931,-101,-116,-229,-373,-144,1829,-834
MGC,TREND,"TREND 10:30 LONG stop ORMID to 15:55",173,-610,-3.53,43.4,0.88,-0.64,749,0,150,2630,17.53,49.3,1.28,1.07,2220,-154,-122,-46,-288,5,2881,-256
MGC,TREND,"TREND 10:30 LONG stop ORMID 2R",173,-980,-5.66,43.4,0.80,-1.12,996,0,150,1853,12.35,49.3,1.20,0.79,2410,-154,-81,-333,-412,-182,2531,-495
MGC,TREND,"TREND 10:30 SHORT stop VWAP to 15:55",159,-96,-0.60,43.4,0.98,-0.13,680,2,120,682,5.69,40.0,1.10,0.37,1267,50,-470,-87,411,-490,63,1109
MGC,TREND,"TREND 10:30 SHORT stop VWAP 2R",159,650,4.09,46.5,1.17,0.84,404,3,120,2646,22.05,44.2,1.39,1.36,991,52,-106,354,350,-320,567,2399
MGC,TREND,"TREND 10:30 SHORT stop ORMID to 15:55",159,-174,-1.09,50.9,0.96,-0.21,964,2,120,3017,25.14,48.3,1.44,1.40,931,35,-408,-284,483,-283,978,2322
MGC,TREND,"TREND 10:30 SHORT stop ORMID 2R",159,298,1.88,52.2,1.07,0.35,914,2,120,5387,44.89,50.8,1.81,2.21,791,35,-77,-37,377,-117,650,4854
MGC,TREND,"TREND 10:30 BOTH stop VWAP to 15:55",332,-626,-1.89,41.0,0.93,-0.54,947,2,270,2442,9.04,40.7,1.15,0.83,2081,-51,-622,12,34,-899,2264,1077
MGC,TREND,"TREND 10:30 BOTH stop VWAP 2R",332,-170,-0.51,43.7,0.98,-0.16,789,1,270,3497,12.95,44.4,1.22,1.25,1548,-49,-222,125,-24,-464,2397,1565
MGC,TREND,"TREND 10:30 BOTH stop ORMID to 15:55",332,-784,-2.36,47.0,0.92,-0.62,1157,1,270,5647,20.92,48.9,1.35,1.73,1752,-119,-530,-330,195,-278,3859,2066
MGC,TREND,"TREND 10:30 BOTH stop ORMID 2R",332,-681,-2.05,47.6,0.93,-0.56,1066,0,270,7240,26.82,50.0,1.45,2.14,1644,-119,-157,-370,-35,-299,3181,4359
MGC,TREND,"TREND 11:00 LONG stop VWAP to 15:55",201,-747,-3.71,39.3,0.85,-0.89,1332,1,187,327,1.75,40.1,1.03,0.15,2622,-187,-697,-448,585,-1407,2073,-339
MGC,TREND,"TREND 11:00 LONG stop VWAP 2R",201,-841,-4.18,40.3,0.83,-1.09,1468,1,187,408,2.18,42.2,1.04,0.21,2622,-187,-703,-577,626,-1056,1598,-134
MGC,TREND,"TREND 11:00 LONG stop ORMID to 15:55",201,-1224,-6.09,42.8,0.79,-1.31,1608,1,187,826,4.42,46.0,1.08,0.38,2228,-216,-708,-670,371,-1363,2194,-5
MGC,TREND,"TREND 11:00 LONG stop ORMID 2R",201,-1390,-6.91,42.8,0.76,-1.56,1844,1,187,1381,7.39,46.5,1.14,0.65,2228,-216,-708,-906,440,-1322,2094,609
MGC,TREND,"TREND 11:00 SHORT stop VWAP to 15:55",188,-6,-0.03,42.6,1.00,-0.01,1091,2,146,-3919,-26.84,32.9,0.63,-1.94,4712,-209,-854,659,397,-1128,-1434,-1358
MGC,TREND,"TREND 11:00 SHORT stop VWAP 2R",188,-172,-0.91,43.1,0.96,-0.24,1138,2,146,-3604,-24.68,32.9,0.66,-1.79,4329,-209,-787,489,334,-996,-1007,-1601
MGC,TREND,"TREND 11:00 SHORT stop ORMID to 15:55",188,88,0.47,47.9,1.02,0.10,1017,2,146,-2635,-18.05,34.9,0.73,-1.31,3406,-173,-774,506,529,-1149,-1279,-207
MGC,TREND,"TREND 11:00 SHORT stop ORMID 2R",188,420,2.23,48.4,1.10,0.49,1025,2,146,-2302,-15.77,34.9,0.77,-1.12,3060,-173,-746,708,631,-1053,-1025,-224
MGC,TREND,"TREND 11:00 BOTH stop VWAP to 15:55",389,-753,-1.94,40.9,0.92,-0.65,2105,2,333,-3592,-10.79,36.9,0.83,-1.23,5339,-396,-1551,211,982,-2535,639,-1696
MGC,TREND,"TREND 11:00 BOTH stop VWAP 2R",389,-1013,-2.60,41.6,0.89,-0.96,2114,1,333,-3196,-9.60,38.1,0.84,-1.14,4983,-396,-1490,-88,961,-2053,592,-1735
MGC,TREND,"TREND 11:00 BOTH stop ORMID to 15:55",389,-1136,-2.92,45.2,0.89,-0.90,2193,1,333,-1809,-5.43,41.1,0.91,-0.61,3709,-390,-1482,-164,900,-2512,916,-212
MGC,TREND,"TREND 11:00 BOTH stop ORMID 2R",389,-970,-2.49,45.5,0.90,-0.79,2248,1,333,-921,-2.77,41.4,0.95,-0.31,3188,-390,-1455,-197,1072,-2374,1069,385
MGC,ASIA,"ASIA 18:00→00:00 break LONG stop OPP 1R exit 09:25",370,-2393,-6.47,44.9,0.81,-1.80,2544,0,329,9678,29.42,55.3,1.53,2.82,1407,-368,-1240,-72,-713,159,3809,5710
MGC,ASIA,"ASIA 18:00→00:00 break LONG stop OPP 1R exit 11:00",370,-3780,-10.22,44.9,0.75,-2.53,4009,0,329,8733,26.54,57.1,1.34,1.85,2067,-430,-1264,-679,-1407,756,3233,4744
MGC,ASIA,"ASIA 18:00→00:00 break LONG stop OPP 2R exit 09:25",370,-2597,-7.02,39.2,0.80,-1.74,2783,0,329,10560,32.10,52.0,1.55,2.84,1407,-144,-1094,-462,-897,472,4666,5422
MGC,ASIA,"ASIA 18:00→00:00 break LONG stop OPP 2R exit 11:00",370,-3804,-10.28,36.8,0.77,-2.17,4054,0,329,10209,31.03,51.1,1.37,2.00,2033,-148,-1311,-117,-2228,1420,4430,4359
MGC,ASIA,"ASIA 18:00→00:00 break LONG stop OPP time exit 09:25",370,-2552,-6.90,38.9,0.81,-1.62,2841,0,329,10617,32.27,51.1,1.55,2.80,1407,-14,-1328,-414,-796,317,4755,5545
MGC,ASIA,"ASIA 18:00→00:00 break LONG stop OPP time exit 11:00",370,-2307,-6.24,34.6,0.86,-1.11,2961,2,329,9812,29.82,49.8,1.35,1.88,2033,176,-1441,527,-1569,932,4081,4799
MGC,ASIA,"ASIA 18:00→00:00 break LONG stop MID 1R exit 09:25",370,-2112,-5.71,46.8,0.76,-2.37,2277,0,329,3668,11.15,54.4,1.21,1.30,2074,-185,-690,-597,-640,22,1007,2639
MGC,ASIA,"ASIA 18:00→00:00 break LONG stop MID 1R exit 11:00",370,-2142,-5.79,47.0,0.76,-2.37,2371,0,329,4741,14.41,55.6,1.25,1.46,2203,-121,-757,-597,-668,111,1335,3294
MGC,ASIA,"ASIA 18:00→00:00 break LONG stop MID 2R exit 09:25",370,-3127,-8.45,31.6,0.71,-2.91,3294,0,329,4864,14.79,44.7,1.25,1.49,2517,-157,-1088,-625,-1256,69,1464,3331
MGC,ASIA,"ASIA 18:00→00:00 break LONG stop MID 2R exit 11:00",370,-3676,-9.93,30.0,0.68,-3.25,3895,0,329,6103,18.55,42.9,1.27,1.60,2714,-266,-1144,-874,-1393,204,1665,4234
MGC,ASIA,"ASIA 18:00→00:00 break LONG stop MID time exit 09:25",370,-3964,-10.71,24.9,0.66,-3.18,4294,1,329,6125,18.62,40.4,1.30,1.70,2517,146,-1315,-1188,-1607,323,2506,3296
MGC,ASIA,"ASIA 18:00→00:00 break LONG stop MID time exit 11:00",370,-2943,-7.96,19.5,0.77,-1.76,3468,1,329,7238,22.00,36.2,1.31,1.66,3123,225,-1070,-412,-1686,288,2737,4213
MGC,ASIA,"ASIA 18:00→00:00 break SHORT stop OPP 1R exit 09:25",397,340,0.86,49.1,1.03,0.23,1933,3,294,8047,27.37,51.0,1.37,1.78,3169,99,336,591,-686,-64,1160,6950
MGC,ASIA,"ASIA 18:00→00:00 break SHORT stop OPP 1R exit 11:00",397,1157,2.92,51.1,1.08,0.71,2166,3,294,14105,47.98,54.8,1.63,3.00,2463,271,466,1261,-841,662,3051,10391
MGC,ASIA,"ASIA 18:00→00:00 break SHORT stop OPP 2R exit 09:25",397,1162,2.93,40.8,1.08,0.62,1787,2,294,4424,15.05,45.9,1.19,0.98,3915,-81,847,866,-470,-98,-331,4852
MGC,ASIA,"ASIA 18:00→00:00 break SHORT stop OPP 2R exit 11:00",397,2523,6.36,40.6,1.16,1.19,2211,3,294,8807,29.96,45.9,1.34,1.77,3217,334,849,2244,-904,678,565,7563
MGC,ASIA,"ASIA 18:00→00:00 break SHORT stop OPP time exit 09:25",397,846,2.13,39.0,1.06,0.44,1846,2,294,7585,25.80,45.6,1.32,1.37,3915,-364,1324,234,-348,-31,-44,7659
MGC,ASIA,"ASIA 18:00→00:00 break SHORT stop OPP time exit 11:00",397,3134,7.90,37.5,1.19,1.33,1807,3,294,11285,38.38,44.2,1.43,1.89,2663,362,1912,1104,-244,1236,757,9291
MGC,ASIA,"ASIA 18:00→00:00 break SHORT stop MID 1R exit 09:25",397,-4,-0.01,51.4,1.00,0.00,1136,3,294,7930,26.97,54.4,1.53,2.48,2254,44,13,-126,64,178,-171,7922
MGC,ASIA,"ASIA 18:00→00:00 break SHORT stop MID 1R exit 11:00",397,-11,-0.03,51.9,1.00,-0.01,1370,2,294,9061,30.82,56.1,1.60,2.79,2254,131,104,-124,-122,340,419,8302
MGC,ASIA,"ASIA 18:00→00:00 break SHORT stop MID 2R exit 09:25",397,398,1.00,36.0,1.04,0.33,1511,2,294,6068,20.64,39.5,1.31,1.42,2693,-43,117,835,-511,208,906,4954
MGC,ASIA,"ASIA 18:00→00:00 break SHORT stop MID 2R exit 11:00",397,905,2.28,35.5,1.09,0.68,1656,3,294,7357,25.02,40.5,1.35,1.66,3254,69,274,985,-423,473,1807,5077
MGC,ASIA,"ASIA 18:00→00:00 break SHORT stop MID time exit 09:25",397,1280,3.22,27.5,1.12,0.77,1356,2,294,4159,14.15,34.0,1.19,0.81,3232,-277,1066,567,-77,423,50,3686
MGC,ASIA,"ASIA 18:00→00:00 break SHORT stop MID time exit 11:00",397,3854,9.71,25.4,1.33,1.90,736,4,294,4230,14.39,31.0,1.18,0.77,3187,110,1423,1574,747,1179,-384,3435
MGC,ASIA,"ASIA 18:00→00:00 break BOTH stop OPP 1R exit 09:25",664,-1800,-2.71,47.3,0.92,-0.95,2120,1,567,18638,32.87,54.9,1.50,3.32,2231,-740,-581,462,-940,921,4801,12916
MGC,ASIA,"ASIA 18:00→00:00 break BOTH stop OPP 1R exit 11:00",664,-2353,-3.54,48.5,0.91,-1.11,3094,1,567,24615,43.41,57.7,1.56,3.75,2132,-630,-619,526,-1629,2116,6661,15838
MGC,ASIA,"ASIA 18:00→00:00 break BOTH stop OPP 2R exit 09:25",664,-983,-1.48,39.9,0.96,-0.43,1973,2,567,15961,28.15,50.8,1.40,2.76,2861,-487,112,239,-846,1071,4196,10694
MGC,ASIA,"ASIA 18:00→00:00 break BOTH stop OPP 2R exit 11:00",664,-595,-0.90,39.0,0.98,-0.22,2789,1,567,20634,36.39,50.6,1.42,2.95,1888,-191,-81,1808,-2130,2923,5254,12457
MGC,ASIA,"ASIA 18:00→00:00 break BOTH stop OPP time exit 09:25",664,-1040,-1.57,39.0,0.96,-0.43,1934,1,567,18933,33.39,50.1,1.47,2.85,2589,-754,429,-122,-592,679,4630,13624
MGC,ASIA,"ASIA 18:00→00:00 break BOTH stop OPP time exit 11:00",664,1735,2.61,36.9,1.06,0.57,2093,2,567,22384,39.48,49.0,1.45,2.87,2469,-43,1123,1503,-847,2684,5075,14625
MGC,ASIA,"ASIA 18:00→00:00 break BOTH stop MID 1R exit 09:25",664,-1496,-2.25,50.2,0.90,-1.24,1803,0,567,12185,21.49,55.6,1.40,2.89,2460,-290,-343,-362,-501,453,1147,10584
MGC,ASIA,"ASIA 18:00→00:00 break BOTH stop MID 1R exit 11:00",664,-1532,-2.31,50.6,0.90,-1.23,2009,0,567,14170,24.99,57.0,1.45,3.12,2529,-139,-319,-360,-714,705,2065,11400
MGC,ASIA,"ASIA 18:00→00:00 break BOTH stop MID 2R exit 09:25",664,-2278,-3.43,34.8,0.87,-1.48,2459,1,567,11785,20.78,43.4,1.32,2.21,2194,-583,-790,580,-1484,528,2707,8549
MGC,ASIA,"ASIA 18:00→00:00 break BOTH stop MID 2R exit 11:00",664,-2317,-3.49,33.6,0.88,-1.38,2926,1,567,14498,25.57,42.9,1.36,2.51,2315,-579,-688,442,-1492,969,4140,9390
MGC,ASIA,"ASIA 18:00→00:00 break BOTH stop MID time exit 09:25",664,-1977,-2.98,27.0,0.90,-0.99,2758,1,567,10906,19.23,38.6,1.28,1.76,2500,-348,83,-358,-1353,530,2966,7410
MGC,ASIA,"ASIA 18:00→00:00 break BOTH stop MID time exit 11:00",664,1708,2.57,23.5,1.08,0.67,1770,2,567,12132,21.40,35.1,1.27,1.76,3330,-5,988,1262,-536,1530,3044,7558
MGC,ASIA,"ASIA 18:00→02:00 break LONG stop OPP 1R exit 09:25",327,-3065,-9.37,44.6,0.74,-2.35,3411,1,269,5311,19.74,57.2,1.35,1.80,1347,169,-1683,-729,-821,1067,2002,2243
MGC,ASIA,"ASIA 18:00→02:00 break LONG stop OPP 1R exit 11:00",327,-3445,-10.53,45.0,0.76,-2.20,3825,1,269,5178,19.25,58.7,1.24,1.21,2553,100,-1787,-384,-1373,1897,1621,1661
MGC,ASIA,"ASIA 18:00→02:00 break LONG stop OPP 2R exit 09:25",327,-2323,-7.10,42.2,0.81,-1.60,3100,1,269,5697,21.18,55.8,1.36,1.83,2007,401,-1269,-889,-565,1842,2302,1554
MGC,ASIA,"ASIA 18:00→02:00 break LONG stop OPP 2R exit 11:00",327,-2550,-7.80,40.1,0.83,-1.44,3340,1,269,4732,17.59,53.5,1.21,1.07,3560,401,-1583,-107,-1260,2742,1517,474
MGC,ASIA,"ASIA 18:00→02:00 break LONG stop OPP time exit 09:25",327,-2423,-7.41,41.9,0.80,-1.62,3056,1,269,6072,22.57,55.4,1.38,1.88,2006,384,-1354,-760,-692,1525,2760,1788
MGC,ASIA,"ASIA 18:00→02:00 break LONG stop OPP time exit 11:00",327,-2187,-6.69,37.9,0.86,-1.14,3084,2,269,4884,18.16,52.8,1.21,1.07,3853,578,-1764,117,-1117,2363,1568,954
MGC,ASIA,"ASIA 18:00→02:00 break LONG stop MID 1R exit 09:25",327,-2145,-6.56,47.1,0.75,-2.27,2417,1,269,975,3.62,54.6,1.06,0.39,2878,105,-1237,-338,-674,701,-651,925
MGC,ASIA,"ASIA 18:00→02:00 break LONG stop MID 1R exit 11:00",327,-2199,-6.73,46.8,0.75,-2.29,2536,1,269,3033,11.27,57.6,1.19,1.07,1440,169,-1311,-333,-723,940,57,2036
MGC,ASIA,"ASIA 18:00→02:00 break LONG stop MID 2R exit 09:25",327,-3297,-10.08,33.6,0.68,-3.05,3587,1,269,1107,4.12,45.4,1.07,0.39,2874,113,-1320,-962,-1126,92,-320,1335
MGC,ASIA,"ASIA 18:00→02:00 break LONG stop MID 2R exit 11:00",327,-3502,-10.71,31.2,0.69,-2.97,3722,0,269,3337,12.41,43.1,1.18,0.99,2191,-13,-1135,-1038,-1315,122,319,2896
MGC,ASIA,"ASIA 18:00→02:00 break LONG stop MID time exit 09:25",327,-3460,-10.58,30.0,0.67,-2.86,3965,1,269,2069,7.69,43.9,1.12,0.68,3080,328,-1391,-1323,-1073,722,93,1255
MGC,ASIA,"ASIA 18:00→02:00 break LONG stop MID time exit 11:00",327,-2607,-7.97,24.5,0.78,-1.68,3268,1,269,3961,14.73,39.0,1.20,1.08,3041,489,-1144,-897,-1055,542,429,2991
MGC,ASIA,"ASIA 18:00→02:00 break SHORT stop OPP 1R exit 09:25",334,1967,5.89,52.1,1.19,1.37,802,4,225,3601,16.00,48.4,1.22,1.05,1997,386,225,807,549,-791,1248,3144
MGC,ASIA,"ASIA 18:00→02:00 break SHORT stop OPP 1R exit 11:00",334,2183,6.54,52.4,1.19,1.37,1116,3,225,6833,30.37,51.1,1.37,1.68,3266,635,-143,1452,239,-80,2326,4587
MGC,ASIA,"ASIA 18:00→02:00 break SHORT stop OPP 2R exit 09:25",334,1418,4.24,43.7,1.12,0.82,964,4,225,4717,20.96,46.2,1.29,1.11,1997,19,766,438,195,-742,252,5207
MGC,ASIA,"ASIA 18:00→02:00 break SHORT stop OPP 2R exit 11:00",334,2896,8.67,42.5,1.21,1.44,1277,4,225,6989,31.06,44.9,1.36,1.41,3266,414,1022,1393,67,-164,808,6345
MGC,ASIA,"ASIA 18:00→02:00 break SHORT stop OPP time exit 09:25",334,1126,3.37,42.5,1.10,0.64,1048,3,225,5929,26.35,45.8,1.36,1.26,2061,-137,861,214,188,-907,483,6353
MGC,ASIA,"ASIA 18:00→02:00 break SHORT stop OPP time exit 11:00",334,3082,9.23,41.0,1.22,1.42,1331,4,225,8390,37.29,44.0,1.43,1.57,3266,501,1308,1149,124,84,1389,6917
MGC,ASIA,"ASIA 18:00→02:00 break SHORT stop MID 1R exit 09:25",334,-641,-1.92,49.4,0.92,-0.69,1464,0,225,4074,18.11,51.1,1.35,1.66,1754,-129,-414,-42,-56,-693,838,3929
MGC,ASIA,"ASIA 18:00→02:00 break SHORT stop MID 1R exit 11:00",334,-677,-2.03,49.4,0.91,-0.70,1576,1,225,5180,23.02,53.3,1.41,1.82,1614,-42,-426,32,-241,-485,1908,3758
MGC,ASIA,"ASIA 18:00→02:00 break SHORT stop MID 2R exit 09:25",334,698,2.09,38.0,1.08,0.57,901,3,225,4414,19.62,40.9,1.31,1.37,1927,17,11,702,-32,-680,1876,3218
MGC,ASIA,"ASIA 18:00→02:00 break SHORT stop MID 2R exit 11:00",334,745,2.23,36.5,1.08,0.56,956,3,225,5904,26.24,40.4,1.37,1.61,2774,130,-270,800,86,-498,2898,3503
MGC,ASIA,"ASIA 18:00→02:00 break SHORT stop MID time exit 09:25",334,393,1.18,30.5,1.04,0.26,1042,2,225,6831,30.36,37.3,1.47,1.50,2088,-250,640,211,-208,-763,1168,6427
MGC,ASIA,"ASIA 18:00→02:00 break SHORT stop MID time exit 11:00",334,3101,9.29,28.4,1.29,1.61,792,4,225,7789,34.62,33.8,1.46,1.55,2774,184,1190,1121,606,-178,2151,5816
MGC,ASIA,"ASIA 18:00→02:00 break BOTH stop OPP 1R exit 09:25",608,-1126,-1.85,48.0,0.95,-0.59,2475,1,474,8950,18.88,53.8,1.30,1.99,2223,414,-1338,-57,-145,576,3168,5206
MGC,ASIA,"ASIA 18:00→02:00 break BOTH stop OPP 1R exit 11:00",608,-1248,-2.05,48.5,0.95,-0.57,3238,2,474,12631,26.65,56.3,1.33,2.16,3085,594,-1956,1074,-960,2087,4477,6067
MGC,ASIA,"ASIA 18:00→02:00 break BOTH stop OPP 2R exit 09:25",608,-777,-1.28,42.6,0.96,-0.35,2676,1,474,10586,22.33,51.9,1.34,2.02,2886,216,-319,-433,-241,1253,2569,6764
MGC,ASIA,"ASIA 18:00→02:00 break BOTH stop OPP 2R exit 11:00",608,539,0.89,41.4,1.02,0.20,2341,2,474,12294,25.94,50.6,1.30,1.86,3097,600,-479,1277,-859,2701,3103,6490
MGC,ASIA,"ASIA 18:00→02:00 break BOTH stop OPP time exit 09:25",608,-1292,-2.13,42.1,0.94,-0.58,2612,0,474,12069,25.46,51.5,1.39,2.13,2641,-87,-362,-468,-375,667,3258,8144
MGC,ASIA,"ASIA 18:00→02:00 break BOTH stop OPP time exit 11:00",608,761,1.25,39.8,1.03,0.27,2210,2,474,13727,28.96,49.8,1.33,1.96,3097,643,-343,1273,-812,2450,3735,7542
MGC,ASIA,"ASIA 18:00→02:00 break BOTH stop MID 1R exit 09:25",608,-2576,-4.24,48.2,0.83,-1.99,2946,0,474,4547,9.59,53.0,1.17,1.30,2017,-92,-1318,-407,-758,-144,-75,4766
MGC,ASIA,"ASIA 18:00→02:00 break BOTH stop MID 1R exit 11:00",608,-2691,-4.43,48.0,0.83,-2.01,3250,1,474,7711,16.27,55.7,1.28,1.93,1565,58,-1404,-353,-992,302,1703,5706
MGC,ASIA,"ASIA 18:00→02:00 break BOTH stop MID 2R exit 09:25",608,-2508,-4.13,35.9,0.86,-1.57,2974,0,474,5326,11.24,43.9,1.18,1.26,1946,-12,-1113,-336,-1047,-421,1485,4262
MGC,ASIA,"ASIA 18:00→02:00 break BOTH stop MID 2R exit 11:00",608,-2612,-4.30,33.9,0.87,-1.49,3383,0,474,9387,19.80,42.6,1.28,1.90,2495,-24,-1210,-321,-1057,-212,3491,6109
MGC,ASIA,"ASIA 18:00→02:00 break BOTH stop MID time exit 09:25",608,-2889,-4.75,30.6,0.85,-1.52,3227,0,474,8796,18.56,41.6,1.28,1.61,2003,-257,-339,-1107,-1185,-126,1348,7575
MGC,ASIA,"ASIA 18:00→02:00 break BOTH stop MID time exit 11:00",608,217,0.36,26.6,1.01,0.09,1826,3,474,11675,24.63,37.3,1.33,1.89,2535,237,412,10,-442,260,3047,8368
MGC,ORB2,"ORB2 08:20 5m break LONG stop range to 15:55 days ALL",652,-412,-0.63,20.6,0.97,-0.22,1721,2,588,-4653,-7.91,16.3,0.84,-1.30,7384,-166,-1262,963,52,-1399,2235,-5489
MGC,ORB2,"ORB2 08:20 5m opening-candle direction LONG stop range to 15:55 days ALL",370,31,0.08,19.5,1.00,0.02,1565,2,318,-693,-2.18,15.4,0.95,-0.24,4095,210,-893,791,-78,-918,2817,-2593
MGC,ORB2,"ORB2 08:20 5m break SHORT stop range to 15:55 days ALL",656,-3824,-5.83,17.4,0.77,-2.20,4335,0,591,-2907,-4.92,14.7,0.90,-0.68,5570,-333,-768,-939,-1784,-281,1824,-4450
MGC,ORB2,"ORB2 08:20 5m opening-candle direction SHORT stop range to 15:55 days ALL",377,-1707,-4.53,17.5,0.83,-1.16,2219,0,342,378,1.11,16.7,1.02,0.10,3445,-235,-547,-540,-384,-53,728,-297
MGC,ORB2,"ORB2 08:20 5m break BOTH stop range to 15:55 days ALL",760,-644,-0.85,19.5,0.97,-0.31,1817,2,666,-3082,-4.63,16.1,0.91,-0.69,7456,-356,-810,389,133,-475,4078,-6684
MGC,ORB2,"ORB2 08:20 5m opening-candle direction BOTH stop range to 15:55 days ALL",747,-1676,-2.24,18.5,0.91,-0.80,2764,1,660,-315,-0.48,16.1,0.99,-0.07,4319,-25,-1440,251,-462,-971,3545,-2890
MGC,ORB2,"ORB2 08:20 5m break LONG stop range to 15:55 days NARROW",539,-43,-0.08,18.6,1.00,-0.03,1026,2,539,-3134,-5.81,14.8,0.87,-0.94,5501,-32,-188,175,2,-1804,2087,-3417
MGC,ORB2,"ORB2 08:20 5m opening-candle direction LONG stop range to 15:55 days NARROW",302,-259,-0.86,16.6,0.96,-0.21,1296,2,291,-447,-1.54,14.1,0.97,-0.16,3918,123,-584,255,-53,-779,2573,-2241
MGC,ORB2,"ORB2 08:20 5m break SHORT stop range to 15:55 days NARROW",548,-2326,-4.25,16.1,0.81,-1.50,2566,1,538,-2340,-4.35,13.6,0.90,-0.59,4680,-315,-352,174,-1834,475,1263,-4078
MGC,ORB2,"ORB2 08:20 5m opening-candle direction SHORT stop range to 15:55 days NARROW",305,-1075,-3.52,16.1,0.85,-0.85,1173,1,306,50,0.16,14.7,1.00,0.01,2649,-313,-316,321,-767,447,30,-427
MGC,ORB2,"ORB2 08:20 5m break BOTH stop range to 15:55 days NARROW",620,178,0.29,17.7,1.01,0.10,1322,1,603,-2125,-3.52,14.4,0.92,-0.52,5486,-158,-137,775,-302,-348,3255,-5032
MGC,ORB2,"ORB2 08:20 5m opening-candle direction BOTH stop range to 15:55 days NARROW",607,-1334,-2.20,16.3,0.91,-0.75,1743,1,597,-397,-0.66,14.4,0.99,-0.09,3927,-190,-899,576,-820,-333,2604,-2668
MGC,ORB2,"ORB2 08:20 5m break LONG stop range to 15:55 days NOTWIDE",650,-231,-0.36,20.6,0.99,-0.12,1540,2,586,-4339,-7.40,16.2,0.84,-1.23,6812,-166,-1081,963,52,-1657,2235,-4917
MGC,ORB2,"ORB2 08:20 5m opening-candle direction LONG stop range to 15:55 days NOTWIDE",370,31,0.08,19.5,1.00,0.02,1565,2,318,-693,-2.18,15.4,0.95,-0.24,4095,210,-893,791,-78,-918,2817,-2593
MGC,ORB2,"ORB2 08:20 5m break SHORT stop range to 15:55 days NOTWIDE",652,-3779,-5.80,17.2,0.77,-2.18,4256,0,589,-2711,-4.60,14.8,0.90,-0.64,5557,-367,-716,-939,-1756,-98,1824,-4437
MGC,ORB2,"ORB2 08:20 5m opening-candle direction SHORT stop range to 15:55 days NOTWIDE",373,-1557,-4.18,17.4,0.84,-1.06,2028,0,340,301,0.89,16.5,1.02,0.08,3445,-277,-367,-540,-374,130,728,-557
MGC,ORB2,"ORB2 08:20 5m break BOTH stop range to 15:55 days NOTWIDE",756,-470,-0.62,19.4,0.98,-0.23,1697,2,664,-2326,-3.50,16.1,0.93,-0.53,6883,-391,-629,389,161,-292,4078,-6112
MGC,ORB2,"ORB2 08:20 5m opening-candle direction BOTH stop range to 15:55 days NOTWIDE",743,-1526,-2.05,18.4,0.92,-0.73,2584,1,658,-392,-0.60,16.0,0.99,-0.08,4579,-66,-1259,251,-452,-788,3545,-3150
MGC,ORB2,"ORB2 08:20 5m break LONG stop range to 15:55 days NONEWS",605,-374,-0.62,21.0,0.97,-0.21,1843,1,548,-4579,-8.36,16.4,0.83,-1.31,7199,-224,-1410,1275,-15,-1425,2076,-5231
MGC,ORB2,"ORB2 08:20 5m opening-candle direction LONG stop range to 15:55 days NONEWS",347,62,0.18,19.6,1.01,0.04,1572,3,296,-1147,-3.87,15.2,0.92,-0.41,4200,97,-1007,971,2,-937,2519,-2729
MGC,ORB2,"ORB2 08:20 5m break SHORT stop range to 15:55 days NONEWS",606,-3153,-5.20,18.0,0.79,-1.87,3752,0,549,-7297,-13.29,13.8,0.73,-2.00,7961,-202,-452,-886,-1613,-917,-3,-6377
MGC,ORB2,"ORB2 08:20 5m opening-candle direction SHORT stop range to 15:55 days NONEWS",346,-1044,-3.02,18.5,0.88,-0.72,1574,0,314,-2628,-8.37,15.9,0.83,-0.82,4760,-185,-237,-263,-358,-273,311,-2667
MGC,ORB2,"ORB2 08:20 5m break BOTH stop range to 15:55 days NONEWS",704,-776,-1.10,19.6,0.96,-0.39,1711,1,616,-7343,-11.92,15.1,0.76,-1.88,9626,-415,-727,442,-76,-771,2538,-9109
MGC,ORB2,"ORB2 08:20 5m opening-candle direction BOTH stop range to 15:55 days NONEWS",693,-981,-1.42,19.0,0.94,-0.48,2066,1,610,-3775,-6.19,15.6,0.87,-0.89,6653,-88,-1245,708,-357,-1210,2830,-5396
MGC,ORB2,"ORB2 08:20 5m break LONG stop range 2R days ALL",652,-3729,-5.72,30.2,0.74,-3.43,3926,1,588,-3680,-6.26,32.8,0.84,-1.60,5194,78,-2029,-387,-1392,-186,1038,-4532
MGC,ORB2,"ORB2 08:20 5m opening-candle direction LONG stop range 2R days ALL",370,-1826,-4.94,30.5,0.77,-2.18,2324,1,318,134,0.42,35.2,1.01,0.08,1972,474,-1276,-116,-909,-381,1911,-1397
MGC,ORB2,"ORB2 08:20 5m break SHORT stop range 2R days ALL",656,-3543,-5.40,30.6,0.75,-3.27,3850,0,591,-2591,-4.38,31.1,0.89,-1.08,3151,-210,-707,-1240,-1386,-1079,-451,-1061
MGC,ORB2,"ORB2 08:20 5m opening-candle direction SHORT stop range 2R days ALL",377,-1492,-3.96,32.1,0.82,-1.67,1944,1,342,307,0.90,31.6,1.02,0.15,1688,57,-366,-769,-413,-535,421,421
MGC,ORB2,"ORB2 08:20 5m break BOTH stop range 2R days ALL",760,-3638,-4.79,31.6,0.78,-3.00,3918,0,666,-1778,-2.67,33.9,0.93,-0.69,4042,-108,-1269,-927,-1334,-178,1705,-3304
MGC,ORB2,"ORB2 08:20 5m opening-candle direction BOTH stop range 2R days ALL",747,-3318,-4.44,31.3,0.80,-2.71,4049,1,660,441,0.67,33.3,1.02,0.17,2038,531,-1642,-885,-1322,-916,2332,-976
MGC,ORB2,"ORB2 08:20 5m break LONG stop range 2R days NARROW",539,-3250,-6.03,29.3,0.69,-3.90,3428,1,539,-2872,-5.33,31.9,0.85,-1.52,3141,46,-1109,-823,-1364,-893,445,-2424
MGC,ORB2,"ORB2 08:20 5m opening-candle direction LONG stop range 2R days NARROW",302,-1918,-6.35,28.5,0.69,-2.98,2244,1,291,42,0.15,35.1,1.00,0.03,1699,318,-1134,-442,-660,-496,1809,-1271
MGC,ORB2,"ORB2 08:20 5m break SHORT stop range 2R days NARROW",548,-2012,-3.67,31.4,0.80,-2.31,2139,0,538,-2931,-5.45,30.9,0.85,-1.52,3506,-230,-210,-388,-1185,-679,-694,-1558
MGC,ORB2,"ORB2 08:20 5m opening-candle direction SHORT stop range 2R days NARROW",305,-792,-2.60,32.8,0.86,-1.18,1039,1,306,-1245,-4.07,29.7,0.89,-0.83,1902,-75,8,-234,-491,-340,-648,-257
MGC,ORB2,"ORB2 08:20 5m break BOTH stop range 2R days NARROW",620,-2393,-3.86,31.8,0.80,-2.53,2577,0,603,-1516,-2.51,33.3,0.93,-0.74,2707,-45,-664,-589,-1095,-558,1470,-2428
MGC,ORB2,"ORB2 08:20 5m opening-candle direction BOTH stop range 2R days NARROW",607,-2710,-4.46,30.6,0.77,-2.91,2970,1,597,-1203,-2.01,32.3,0.94,-0.58,1911,243,-1125,-676,-1151,-837,1162,-1528
MGC,ORB2,"ORB2 08:20 5m break LONG stop range 2R days NOTWIDE",650,-3548,-5.46,30.3,0.75,-3.28,3745,1,586,-3366,-5.74,32.8,0.85,-1.52,4622,78,-1848,-387,-1392,-444,1038,-3960
MGC,ORB2,"ORB2 08:20 5m opening-candle direction LONG stop range 2R days NOTWIDE",370,-1826,-4.94,30.5,0.77,-2.18,2324,1,318,134,0.42,35.2,1.01,0.08,1972,474,-1276,-116,-909,-381,1911,-1397
MGC,ORB2,"ORB2 08:20 5m break SHORT stop range 2R days NOTWIDE",652,-3498,-5.36,30.5,0.75,-3.24,3770,0,589,-2395,-4.07,31.2,0.90,-1.00,2956,-244,-655,-1240,-1358,-896,-451,-1048
MGC,ORB2,"ORB2 08:20 5m opening-candle direction SHORT stop range 2R days NOTWIDE",373,-1429,-3.83,32.2,0.82,-1.64,1753,0,340,230,0.68,31.5,1.02,0.12,1688,-72,-186,-769,-403,-352,421,161
MGC,ORB2,"ORB2 08:20 5m break BOTH stop range 2R days NOTWIDE",756,-3464,-4.58,31.6,0.79,-2.87,3709,0,664,-1022,-1.54,34.0,0.96,-0.41,3469,-143,-1088,-927,-1306,5,1705,-2732
MGC,ORB2,"ORB2 08:20 5m opening-candle direction BOTH stop range 2R days NOTWIDE",743,-3255,-4.38,31.4,0.80,-2.69,3859,1,658,364,0.55,33.3,1.01,0.14,2038,403,-1461,-885,-1312,-733,2332,-1236
MGC,ORB2,"ORB2 08:20 5m break LONG stop range 2R days NONEWS",605,-3235,-5.35,30.7,0.75,-3.06,3472,1,548,-3779,-6.90,32.7,0.83,-1.68,5182,119,-2012,-148,-1194,-255,1114,-4639
MGC,ORB2,"ORB2 08:20 5m opening-candle direction LONG stop range 2R days NONEWS",347,-1625,-4.68,30.8,0.78,-2.00,2143,2,296,36,0.12,35.1,1.00,0.02,1895,464,-1321,12,-779,-349,1944,-1559
MGC,ORB2,"ORB2 08:20 5m break SHORT stop range 2R days NONEWS",606,-2962,-4.89,31.0,0.77,-2.82,3353,0,549,-3594,-6.55,30.2,0.84,-1.58,4191,-79,-467,-1203,-1213,-1145,-882,-1567
MGC,ORB2,"ORB2 08:20 5m opening-candle direction SHORT stop range 2R days NONEWS",346,-1171,-3.38,32.7,0.85,-1.35,1679,1,314,-760,-2.42,30.3,0.94,-0.40,1930,107,-205,-731,-341,-482,85,-364
MGC,ORB2,"ORB2 08:20 5m break BOTH stop range 2R days NONEWS",704,-3224,-4.58,31.7,0.79,-2.74,3530,0,616,-3122,-5.07,33.0,0.88,-1.27,4527,-68,-1184,-766,-1206,-347,1254,-4028
MGC,ORB2,"ORB2 08:20 5m opening-candle direction BOTH stop range 2R days NONEWS",693,-2795,-4.03,31.7,0.82,-2.36,3475,1,610,-724,-1.19,32.6,0.97,-0.29,2476,571,-1527,-719,-1121,-831,2029,-1923
MGC,ORB2,"ORB2 08:20 5m break LONG stop range 4R days ALL",652,-2225,-3.41,23.0,0.86,-1.54,2386,1,588,-4429,-7.53,21.1,0.84,-1.53,5596,-18,-1648,269,-829,-941,1143,-4631
MGC,ORB2,"ORB2 08:20 5m opening-candle direction LONG stop range 4R days ALL",370,-1853,-5.01,21.4,0.80,-1.70,2094,2,318,-2004,-6.30,20.8,0.86,-0.97,2903,143,-1175,4,-826,-1305,1779,-2479
MGC,ORB2,"ORB2 08:20 5m break SHORT stop range 4R days ALL",656,-4094,-6.24,21.6,0.74,-3.07,4309,0,591,-818,-1.38,22.2,0.97,-0.25,3718,-336,-512,-1727,-1519,-1650,1792,-960
MGC,ORB2,"ORB2 08:20 5m opening-candle direction SHORT stop range 4R days ALL",377,-1840,-4.88,22.0,0.81,-1.67,2243,0,342,-785,-2.29,21.1,0.95,-0.30,3287,-172,-498,-945,-224,-794,-88,97
MGC,ORB2,"ORB2 08:20 5m break BOTH stop range 4R days ALL",760,-2847,-3.75,22.8,0.85,-1.81,3265,0,666,-2449,-3.68,22.4,0.92,-0.74,5108,-306,-1349,-531,-661,-1489,3264,-4223
MGC,ORB2,"ORB2 08:20 5m opening-candle direction BOTH stop range 4R days ALL",747,-3693,-4.94,21.7,0.80,-2.39,4169,0,660,-2789,-4.23,20.9,0.91,-0.83,4391,-29,-1673,-941,-1050,-2099,1691,-2382
MGC,ORB2,"ORB2 08:20 5m break LONG stop range 4R days NARROW",539,-1665,-3.09,21.5,0.86,-1.42,1943,1,539,-3169,-5.88,20.0,0.86,-1.25,3833,123,-682,-272,-834,-1404,794,-2559
MGC,ORB2,"ORB2 08:20 5m opening-candle direction LONG stop range 4R days NARROW",302,-1902,-6.30,18.9,0.72,-2.26,2041,1,291,-1712,-5.88,19.9,0.86,-0.90,2726,67,-991,-392,-586,-1166,1581,-2127
MGC,ORB2,"ORB2 08:20 5m break SHORT stop range 4R days NARROW",548,-2432,-4.44,21.2,0.79,-2.16,2453,0,538,-568,-1.06,21.7,0.97,-0.20,3102,-353,-99,-646,-1335,-955,1359,-972
MGC,ORB2,"ORB2 08:20 5m opening-candle direction SHORT stop range 4R days NARROW",305,-947,-3.10,21.6,0.86,-1.07,947,0,306,-1135,-3.71,19.6,0.91,-0.54,2340,-232,-243,-84,-388,-294,-545,-296
MGC,ORB2,"ORB2 08:20 5m break BOTH stop range 4R days NARROW",620,-1530,-2.47,21.8,0.89,-1.18,1874,0,603,-1352,-2.24,21.4,0.95,-0.47,3485,-101,-751,-12,-666,-1441,2660,-2571
MGC,ORB2,"ORB2 08:20 5m opening-candle direction BOTH stop range 4R days NARROW",607,-2849,-4.69,20.3,0.79,-2.34,2863,0,597,-2846,-4.77,19.8,0.89,-1.00,3755,-165,-1233,-476,-974,-1461,1037,-2423
MGC,ORB2,"ORB2 08:20 5m break LONG stop range 4R days NOTWIDE",650,-2044,-3.14,23.1,0.87,-1.42,2206,1,586,-4115,-7.02,21.0,0.84,-1.46,5024,-18,-1467,269,-829,-1199,1143,-4059
MGC,ORB2,"ORB2 08:20 5m opening-candle direction LONG stop range 4R days NOTWIDE",370,-1853,-5.01,21.4,0.80,-1.70,2094,2,318,-2004,-6.30,20.8,0.86,-0.97,2903,143,-1175,4,-826,-1305,1779,-2479
MGC,ORB2,"ORB2 08:20 5m break SHORT stop range 4R days NOTWIDE",652,-4049,-6.21,21.5,0.74,-3.05,4229,0,589,-622,-1.06,22.2,0.98,-0.19,3718,-370,-460,-1727,-1491,-1467,1792,-947
MGC,ORB2,"ORB2 08:20 5m opening-candle direction SHORT stop range 4R days NOTWIDE",373,-1690,-4.53,22.0,0.82,-1.55,2062,0,340,-862,-2.54,20.9,0.95,-0.33,3287,-214,-318,-945,-214,-611,-88,-163
MGC,ORB2,"ORB2 08:20 5m break BOTH stop range 4R days NOTWIDE",756,-2673,-3.54,22.8,0.85,-1.70,3056,0,664,-1693,-2.55,22.4,0.94,-0.52,4535,-341,-1168,-531,-633,-1306,3264,-3651
MGC,ORB2,"ORB2 08:20 5m opening-candle direction BOTH stop range 4R days NOTWIDE",743,-3543,-4.77,21.7,0.81,-2.30,3978,0,658,-2866,-4.36,20.8,0.90,-0.86,4391,-70,-1492,-941,-1040,-1916,1691,-2642
MGC,ORB2,"ORB2 08:20 5m break LONG stop range 4R days NONEWS",605,-2020,-3.34,23.5,0.86,-1.45,2112,1,548,-5107,-9.32,20.6,0.80,-1.83,6051,-69,-1787,581,-745,-1013,1063,-5158
MGC,ORB2,"ORB2 08:20 5m opening-candle direction LONG stop range 4R days NONEWS",347,-1797,-5.18,21.6,0.79,-1.72,1925,2,296,-2837,-9.58,19.6,0.79,-1.45,3507,41,-1281,184,-740,-1324,1570,-3083
MGC,ORB2,"ORB2 08:20 5m break SHORT stop range 4R days NONEWS",606,-3586,-5.92,21.9,0.75,-2.78,3888,0,549,-2823,-5.14,20.9,0.89,-0.92,4004,-205,-273,-1696,-1412,-1767,729,-1785
MGC,ORB2,"ORB2 08:20 5m opening-candle direction SHORT stop range 4R days NONEWS",346,-1364,-3.94,22.8,0.84,-1.27,1825,0,314,-2681,-8.54,19.4,0.82,-1.10,3575,-122,-188,-863,-190,-869,-680,-1133
MGC,ORB2,"ORB2 08:20 5m break BOTH stop range 4R days NONEWS",704,-2782,-3.95,22.9,0.84,-1.84,3105,0,616,-5549,-9.01,20.8,0.81,-1.82,6769,-358,-1261,-500,-663,-1739,2221,-6030
MGC,ORB2,"ORB2 08:20 5m opening-candle direction BOTH stop range 4R days NONEWS",693,-3160,-4.56,22.2,0.82,-2.11,3493,0,610,-5518,-9.05,19.5,0.81,-1.77,6329,-81,-1470,-679,-931,-2193,890,-4216
MGC,ORB2,"ORB2 08:20 5m break LONG stop 0.10×ATR to 15:55 days ALL",652,-989,-1.52,12.4,0.91,-0.69,1995,1,588,-5990,-10.19,11.1,0.73,-2.06,7624,-171,-761,-219,162,-2199,-905,-2886
MGC,ORB2,"ORB2 08:20 5m opening-candle direction LONG stop 0.10×ATR to 15:55 days ALL",370,192,0.52,11.4,1.03,0.16,1216,2,318,-1818,-5.72,10.4,0.85,-0.71,4142,-101,-513,91,714,-277,685,-2226
MGC,ORB2,"ORB2 08:20 5m break SHORT stop 0.10×ATR to 15:55 days ALL",656,-4734,-7.22,8.5,0.58,-3.85,4804,0,591,-3878,-6.56,9.6,0.83,-1.06,4526,-290,-1238,-1244,-1962,-1819,1112,-3171
MGC,ORB2,"ORB2 08:20 5m opening-candle direction SHORT stop 0.10×ATR to 15:55 days ALL",377,-1873,-4.97,9.8,0.71,-1.95,1873,0,342,-568,-1.66,11.1,0.96,-0.18,2564,-417,-31,-536,-889,-265,236,-538
MGC,ORB2,"ORB2 08:20 5m break BOTH stop 0.10×ATR to 15:55 days ALL",760,-2435,-3.20,11.1,0.81,-1.69,2612,0,666,-5287,-7.94,10.4,0.79,-1.45,5620,-281,-364,-802,-989,-1450,122,-3959
MGC,ORB2,"ORB2 08:20 5m opening-candle direction BOTH stop 0.10×ATR to 15:55 days ALL",747,-1681,-2.25,10.6,0.87,-1.08,2541,0,660,-2386,-3.61,10.8,0.91,-0.58,4153,-518,-543,-444,-175,-542,920,-2764
MGC,ORB2,"ORB2 08:20 5m break LONG stop 0.10×ATR to 15:55 days NARROW",539,-537,-1.00,13.0,0.94,-0.41,1674,2,539,-5024,-9.32,10.9,0.75,-1.75,6718,16,-291,-360,97,-2121,-1051,-1852
MGC,ORB2,"ORB2 08:20 5m opening-candle direction LONG stop 0.10×ATR to 15:55 days NARROW",302,279,0.92,11.9,1.05,0.25,920,2,291,-1299,-4.46,10.3,0.89,-0.51,3769,0,-165,61,384,-259,752,-1792
MGC,ORB2,"ORB2 08:20 5m break SHORT stop 0.10×ATR to 15:55 days NARROW",548,-3448,-6.29,9.1,0.64,-2.89,3518,0,538,-3239,-6.02,9.9,0.84,-0.91,3887,-156,-909,-719,-1664,-1422,830,-2647
MGC,ORB2,"ORB2 08:20 5m opening-candle direction SHORT stop 0.10×ATR to 15:55 days NARROW",305,-1705,-5.59,9.8,0.68,-1.99,1705,0,306,-885,-2.89,10.8,0.92,-0.29,2497,-238,-600,-178,-689,-40,-421,-425
MGC,ORB2,"ORB2 08:20 5m break BOTH stop 0.10×ATR to 15:55 days NARROW",620,-1450,-2.34,11.8,0.86,-1.08,1757,0,603,-4446,-7.37,10.4,0.81,-1.25,4779,-59,-123,-379,-890,-1091,-549,-2806
MGC,ORB2,"ORB2 08:20 5m opening-candle direction BOTH stop 0.10×ATR to 15:55 days NARROW",607,-1426,-2.35,10.9,0.86,-1.01,2195,0,597,-2184,-3.66,10.6,0.91,-0.55,3482,-239,-766,-117,-305,-299,331,-2217
MGC,ORB2,"ORB2 08:20 5m break LONG stop 0.10×ATR to 15:55 days NOTWIDE",650,-954,-1.47,12.5,0.91,-0.66,1960,1,586,-5872,-10.02,11.1,0.74,-2.02,7506,-171,-726,-219,162,-2172,-905,-2795
MGC,ORB2,"ORB2 08:20 5m opening-candle direction LONG stop 0.10×ATR to 15:55 days NOTWIDE",370,192,0.52,11.4,1.03,0.16,1216,2,318,-1818,-5.72,10.4,0.85,-0.71,4142,-101,-513,91,714,-277,685,-2226
MGC,ORB2,"ORB2 08:20 5m break SHORT stop 0.10×ATR to 15:55 days NOTWIDE",652,-4668,-7.16,8.6,0.59,-3.80,4739,0,589,-3760,-6.38,9.7,0.83,-1.02,4408,-274,-1203,-1244,-1947,-1792,1112,-3079
MGC,ORB2,"ORB2 08:20 5m opening-candle direction SHORT stop 0.10×ATR to 15:55 days NOTWIDE",373,-1808,-4.85,9.9,0.72,-1.88,1808,1,340,-449,-1.32,11.2,0.97,-0.14,2564,-402,4,-536,-874,-239,236,-446
MGC,ORB2,"ORB2 08:20 5m break BOTH stop 0.10×ATR to 15:55 days NOTWIDE",756,-2370,-3.14,11.1,0.81,-1.65,2562,0,664,-5168,-7.78,10.4,0.80,-1.41,5502,-266,-329,-802,-974,-1423,122,-3867
MGC,ORB2,"ORB2 08:20 5m opening-candle direction BOTH stop 0.10×ATR to 15:55 days NOTWIDE",743,-1616,-2.17,10.6,0.87,-1.03,2491,0,658,-2267,-3.45,10.8,0.91,-0.55,4061,-503,-509,-444,-160,-516,920,-2672
MGC,ORB2,"ORB2 08:20 5m break LONG stop 0.10×ATR to 15:55 days NONEWS",605,-689,-1.14,12.7,0.93,-0.49,1934,1,548,-5420,-9.89,11.1,0.74,-1.91,6919,-102,-908,-6,326,-2080,-593,-2747
MGC,ORB2,"ORB2 08:20 5m opening-candle direction LONG stop 0.10×ATR to 15:55 days NONEWS",347,341,0.98,11.5,1.06,0.28,1149,2,296,-1736,-5.86,10.5,0.85,-0.70,3994,-52,-561,207,747,-122,832,-2447
MGC,ORB2,"ORB2 08:20 5m break SHORT stop 0.10×ATR to 15:55 days NONEWS",606,-4119,-6.80,8.7,0.60,-3.41,4189,0,549,-6609,-12.04,9.1,0.69,-2.13,7315,-236,-1079,-931,-1874,-1952,3,-4660
MGC,ORB2,"ORB2 08:20 5m opening-candle direction SHORT stop 0.10×ATR to 15:55 days NONEWS",346,-1441,-4.16,10.4,0.76,-1.53,1441,1,314,-2896,-9.22,10.5,0.76,-1.08,3840,-397,174,-310,-907,-509,552,-2938
MGC,ORB2,"ORB2 08:20 5m break BOTH stop 0.10×ATR to 15:55 days NONEWS",704,-2117,-3.01,11.1,0.82,-1.51,2295,0,616,-7764,-12.60,9.7,0.67,-2.49,8155,-212,-449,-488,-968,-1592,-248,-5924
MGC,ORB2,"ORB2 08:20 5m opening-candle direction BOTH stop 0.10×ATR to 15:55 days NONEWS",693,-1099,-1.59,11.0,0.91,-0.71,2004,0,610,-4632,-7.59,10.5,0.80,-1.28,6534,-449,-386,-103,-161,-631,1384,-5385
MGC,ORB2,"ORB2 08:20 5m break LONG stop 0.10×ATR 2R days ALL",652,-3553,-5.45,27.3,0.60,-6.20,3595,0,588,-4035,-6.86,29.8,0.77,-2.57,4298,-48,-1260,-1302,-943,-1270,-246,-2520
MGC,ORB2,"ORB2 08:20 5m opening-candle direction LONG stop 0.10×ATR 2R days ALL",370,-1959,-5.30,27.3,0.61,-4.51,2103,1,318,-1966,-6.18,31.1,0.79,-1.75,2589,48,-700,-780,-527,-379,234,-1821
MGC,ORB2,"ORB2 08:20 5m break SHORT stop 0.10×ATR 2R days ALL",656,-3254,-4.96,28.0,0.63,-5.59,3328,0,591,-3601,-6.09,29.8,0.80,-2.28,3891,-285,-688,-889,-1392,-1390,-863,-1348
MGC,ORB2,"ORB2 08:20 5m opening-candle direction SHORT stop 0.10×ATR 2R days ALL",377,-1380,-3.66,31.0,0.72,-3.03,1423,0,342,-2397,-7.01,29.8,0.77,-2.03,2580,-200,-112,-342,-725,-809,-46,-1541
MGC,ORB2,"ORB2 08:20 5m break BOTH stop 0.10×ATR 2R days ALL",760,-3057,-4.02,30.1,0.70,-4.78,3159,0,666,-2838,-4.26,32.1,0.85,-1.69,3502,-164,-646,-900,-1347,-923,-178,-1737
MGC,ORB2,"ORB2 08:20 5m opening-candle direction BOTH stop 0.10×ATR 2R days ALL",747,-3339,-4.47,29.2,0.67,-5.31,3399,0,660,-4363,-6.61,30.5,0.78,-2.68,4691,-153,-812,-1122,-1253,-1188,188,-3362
MGC,ORB2,"ORB2 08:20 5m break LONG stop 0.10×ATR 2R days NARROW",539,-2995,-5.56,27.3,0.60,-5.70,3057,0,539,-3168,-5.88,29.7,0.80,-2.08,3491,-7,-974,-1166,-849,-1205,-477,-1486
MGC,ORB2,"ORB2 08:20 5m opening-candle direction LONG stop 0.10×ATR 2R days NARROW",302,-1744,-5.78,26.5,0.59,-4.42,1895,1,291,-1396,-4.80,32.0,0.84,-1.26,2072,54,-579,-756,-463,-318,309,-1387
MGC,ORB2,"ORB2 08:20 5m break SHORT stop 0.10×ATR 2R days NARROW",548,-2229,-4.07,29.9,0.70,-4.06,2302,0,538,-2942,-5.47,30.1,0.82,-1.94,3322,-140,-229,-647,-1212,-1222,-902,-819
MGC,ORB2,"ORB2 08:20 5m opening-candle direction SHORT stop 0.10×ATR 2R days NARROW",305,-1057,-3.47,31.5,0.74,-2.54,1120,0,306,-2555,-8.35,27.8,0.73,-2.31,2738,-61,-97,-293,-606,-890,-386,-1280
MGC,ORB2,"ORB2 08:20 5m break BOTH stop 0.10×ATR 2R days NARROW",620,-2191,-3.53,31.3,0.73,-3.71,2299,0,603,-1848,-3.06,32.5,0.89,-1.13,2600,-66,-256,-697,-1174,-797,-296,-754
MGC,ORB2,"ORB2 08:20 5m opening-candle direction BOTH stop 0.10×ATR 2R days NARROW",607,-2801,-4.61,29.0,0.66,-4.88,2872,0,597,-3951,-6.62,29.8,0.78,-2.53,4318,-6,-676,-1049,-1069,-1207,-76,-2668
MGC,ORB2,"ORB2 08:20 5m break LONG stop 0.10×ATR 2R days NOTWIDE",650,-3518,-5.41,27.4,0.61,-6.14,3560,0,586,-3990,-6.81,29.7,0.77,-2.55,4252,-48,-1226,-1302,-943,-1316,-246,-2428
MGC,ORB2,"ORB2 08:20 5m opening-candle direction LONG stop 0.10×ATR 2R days NOTWIDE",370,-1959,-5.30,27.3,0.61,-4.51,2103,1,318,-1966,-6.18,31.1,0.79,-1.75,2589,48,-700,-780,-527,-379,234,-1821
MGC,ORB2,"ORB2 08:20 5m break SHORT stop 0.10×ATR 2R days NOTWIDE",652,-3227,-4.95,28.1,0.64,-5.55,3300,0,589,-3482,-5.91,29.9,0.80,-2.21,3772,-270,-653,-889,-1415,-1364,-863,-1256
MGC,ORB2,"ORB2 08:20 5m opening-candle direction SHORT stop 0.10×ATR 2R days NOTWIDE",373,-1355,-3.63,31.1,0.72,-2.99,1414,0,340,-2278,-6.70,30.0,0.78,-1.94,2461,-185,-118,-342,-710,-782,-46,-1450
MGC,ORB2,"ORB2 08:20 5m break BOTH stop 0.10×ATR 2R days NOTWIDE",756,-3030,-4.01,30.2,0.70,-4.74,3138,0,664,-2720,-4.10,32.2,0.86,-1.62,3383,-149,-611,-900,-1370,-897,-178,-1645
MGC,ORB2,"ORB2 08:20 5m opening-candle direction BOTH stop 0.10×ATR 2R days NOTWIDE",743,-3314,-4.46,29.2,0.67,-5.28,3390,0,658,-4244,-6.45,30.5,0.78,-2.61,4572,-137,-818,-1122,-1237,-1161,188,-3270
MGC,ORB2,"ORB2 08:20 5m break LONG stop 0.10×ATR 2R days NONEWS",605,-3027,-5.00,28.1,0.63,-5.41,3099,0,548,-4213,-7.69,29.4,0.75,-2.79,4385,-17,-1079,-1138,-793,-1242,-199,-2772
MGC,ORB2,"ORB2 08:20 5m opening-candle direction LONG stop 0.10×ATR 2R days NONEWS",347,-1715,-4.94,28.0,0.64,-4.03,1908,1,296,-2083,-7.04,31.1,0.76,-1.95,2744,97,-669,-664,-478,-224,208,-2068
MGC,ORB2,"ORB2 08:20 5m break SHORT stop 0.10×ATR 2R days NONEWS",606,-2756,-4.55,28.7,0.66,-4.89,2829,0,549,-3661,-6.67,29.1,0.78,-2.41,4239,-231,-557,-705,-1262,-1354,-1047,-1261
MGC,ORB2,"ORB2 08:20 5m opening-candle direction SHORT stop 0.10×ATR 2R days NONEWS",346,-1087,-3.14,32.1,0.76,-2.48,1131,1,314,-2523,-8.03,29.0,0.74,-2.24,2780,-180,24,-265,-665,-824,-16,-1682
MGC,ORB2,"ORB2 08:20 5m break BOTH stop 0.10×ATR 2R days NONEWS",704,-2501,-3.55,31.0,0.73,-4.03,2602,0,616,-3285,-5.33,31.2,0.82,-2.04,3959,-134,-523,-606,-1239,-993,-335,-1958
MGC,ORB2,"ORB2 08:20 5m opening-candle direction BOTH stop 0.10×ATR 2R days NONEWS",693,-2802,-4.04,30.0,0.69,-4.59,2862,0,610,-4606,-7.55,30.0,0.75,-2.97,5073,-84,-646,-929,-1143,-1048,192,-3750
MGC,ORB2,"ORB2 08:20 5m break LONG stop 0.10×ATR 4R days ALL",652,-3078,-4.72,17.8,0.70,-3.84,3078,0,588,-1913,-3.25,19.9,0.91,-0.84,3224,-162,-1417,-827,-673,-690,85,-1308
MGC,ORB2,"ORB2 08:20 5m opening-candle direction LONG stop 0.10×ATR 4R days ALL",370,-1941,-5.24,17.0,0.67,-3.25,1941,0,318,-1143,-3.59,19.5,0.89,-0.71,2125,-88,-984,-476,-393,-311,787,-1618
MGC,ORB2,"ORB2 08:20 5m break SHORT stop 0.10×ATR 4R days ALL",656,-3718,-5.67,16.2,0.64,-4.71,3768,0,591,-2461,-4.16,18.3,0.88,-1.09,3446,-277,-865,-1259,-1318,-1646,-50,-765
MGC,ORB2,"ORB2 08:20 5m opening-candle direction SHORT stop 0.10×ATR 4R days ALL",377,-1191,-3.16,19.4,0.79,-1.85,1191,0,342,-2068,-6.05,18.7,0.83,-1.26,2599,-277,-104,-286,-524,-678,-162,-1228
MGC,ORB2,"ORB2 08:20 5m break BOTH stop 0.10×ATR 4R days ALL",760,-3206,-4.22,18.2,0.73,-3.62,3278,0,666,-1485,-2.23,20.0,0.93,-0.62,2928,-183,-1006,-879,-1137,-935,412,-961
MGC,ORB2,"ORB2 08:20 5m opening-candle direction BOTH stop 0.10×ATR 4R days ALL",747,-3131,-4.19,18.2,0.73,-3.57,3131,0,660,-3211,-4.87,19.1,0.86,-1.40,4089,-365,-1088,-762,-917,-990,625,-2847
MGC,ORB2,"ORB2 08:20 5m break LONG stop 0.10×ATR 4R days NARROW",539,-2576,-4.78,18.0,0.70,-3.52,2576,0,539,-1269,-2.35,19.5,0.93,-0.57,2601,-182,-1017,-745,-631,-837,-158,-274
MGC,ORB2,"ORB2 08:20 5m opening-candle direction LONG stop 0.10×ATR 4R days NARROW",302,-1851,-6.13,16.2,0.62,-3.48,1902,0,291,-697,-2.39,19.6,0.93,-0.44,1752,-142,-762,-569,-377,-393,881,-1185
MGC,ORB2,"ORB2 08:20 5m break SHORT stop 0.10×ATR 4R days NARROW",548,-2565,-4.68,17.5,0.70,-3.42,2615,0,538,-2372,-4.41,18.2,0.87,-1.10,3418,-161,-508,-825,-1070,-1542,-261,-569
MGC,ORB2,"ORB2 08:20 5m opening-candle direction SHORT stop 0.10×ATR 4R days NARROW",305,-808,-2.65,20.0,0.83,-1.36,827,0,306,-2893,-9.45,17.0,0.74,-1.94,3423,-97,-307,-20,-383,-742,-879,-1272
MGC,ORB2,"ORB2 08:20 5m break BOTH stop 0.10×ATR 4R days NARROW",620,-2207,-3.56,19.2,0.77,-2.69,2281,0,603,-1034,-1.72,19.7,0.95,-0.44,2494,-139,-577,-574,-917,-974,31,-91
MGC,ORB2,"ORB2 08:20 5m opening-candle direction BOTH stop 0.10×ATR 4R days NARROW",607,-2658,-4.38,18.1,0.72,-3.33,2658,0,597,-3590,-6.01,18.3,0.83,-1.64,4493,-240,-1069,-589,-760,-1136,3,-2457
MGC,ORB2,"ORB2 08:20 5m break LONG stop 0.10×ATR 4R days NOTWIDE",650,-3043,-4.68,17.8,0.70,-3.80,3043,0,586,-1915,-3.27,19.8,0.91,-0.85,3133,-162,-1382,-827,-673,-784,85,-1216
MGC,ORB2,"ORB2 08:20 5m opening-candle direction LONG stop 0.10×ATR 4R days NOTWIDE",370,-1941,-5.24,17.0,0.67,-3.25,1941,0,318,-1143,-3.59,19.5,0.89,-0.71,2125,-88,-984,-476,-393,-311,787,-1618
MGC,ORB2,"ORB2 08:20 5m break SHORT stop 0.10×ATR 4R days NOTWIDE",652,-3715,-5.70,16.1,0.64,-4.72,3765,0,589,-2342,-3.98,18.3,0.88,-1.04,3327,-261,-830,-1259,-1365,-1620,-50,-673
MGC,ORB2,"ORB2 08:20 5m opening-candle direction SHORT stop 0.10×ATR 4R days NOTWIDE",373,-1126,-3.02,19.6,0.80,-1.75,1126,0,340,-1950,-5.73,18.8,0.84,-1.19,2480,-261,-70,-286,-509,-652,-162,-1136
MGC,ORB2,"ORB2 08:20 5m break BOTH stop 0.10×ATR 4R days NOTWIDE",756,-3203,-4.24,18.1,0.73,-3.63,3291,0,664,-1366,-2.06,20.0,0.94,-0.57,2809,-168,-971,-879,-1184,-908,412,-870
MGC,ORB2,"ORB2 08:20 5m opening-candle direction BOTH stop 0.10×ATR 4R days NOTWIDE",743,-3066,-4.13,18.3,0.73,-3.50,3066,0,658,-3092,-4.70,19.1,0.86,-1.35,3970,-349,-1053,-762,-902,-963,625,-2755
MGC,ORB2,"ORB2 08:20 5m break LONG stop 0.10×ATR 4R days NONEWS",605,-2551,-4.22,18.3,0.73,-3.25,2554,0,548,-2870,-5.24,19.2,0.85,-1.34,3643,-93,-1319,-613,-526,-881,-65,-1923
MGC,ORB2,"ORB2 08:20 5m opening-candle direction LONG stop 0.10×ATR 4R days NONEWS",347,-1739,-5.01,17.3,0.68,-2.98,1741,0,296,-1732,-5.85,19.3,0.83,-1.16,2725,-39,-1012,-360,-328,-156,731,-2306
MGC,ORB2,"ORB2 08:20 5m break SHORT stop 0.10×ATR 4R days NONEWS",606,-3365,-5.55,16.2,0.65,-4.43,3415,0,549,-2678,-4.88,17.9,0.86,-1.23,3853,-223,-714,-1205,-1224,-1719,-109,-850
MGC,ORB2,"ORB2 08:20 5m opening-candle direction SHORT stop 0.10×ATR 4R days NONEWS",346,-1054,-3.05,19.7,0.80,-1.72,1054,0,314,-2771,-8.82,17.5,0.75,-1.81,3431,-257,-14,-306,-477,-856,-49,-1866
MGC,ORB2,"ORB2 08:20 5m break BOTH stop 0.10×ATR 4R days NONEWS",704,-2684,-3.81,18.6,0.75,-3.12,2788,0,616,-2926,-4.75,18.8,0.86,-1.30,4044,-114,-900,-643,-1026,-1216,296,-2006
MGC,ORB2,"ORB2 08:20 5m opening-candle direction BOTH stop 0.10×ATR 4R days NONEWS",693,-2793,-4.03,18.5,0.74,-3.30,2793,0,610,-4502,-7.38,18.4,0.79,-2.11,5510,-295,-1026,-667,-805,-1012,682,-4173
MGC,ORB2,"ORB2 08:20 5m break LONG stop 0.15×ATR to 15:55 days ALL",652,78,0.12,18.3,1.01,0.04,1888,2,588,-5648,-9.60,16.8,0.82,-1.52,6777,-300,-650,222,806,-864,-974,-3809
MGC,ORB2,"ORB2 08:20 5m opening-candle direction LONG stop 0.15×ATR to 15:55 days ALL",370,-847,-2.29,14.9,0.90,-0.63,1821,2,318,-1936,-6.09,15.7,0.88,-0.64,4446,-142,-1077,209,162,-943,2504,-3497
MGC,ORB2,"ORB2 08:20 5m break SHORT stop 0.15×ATR to 15:55 days ALL",656,-3588,-5.47,15.1,0.76,-2.20,3867,0,591,-3237,-5.48,15.9,0.90,-0.73,5371,-545,-703,-695,-1645,-564,719,-3392
MGC,ORB2,"ORB2 08:20 5m opening-candle direction SHORT stop 0.15×ATR to 15:55 days ALL",377,-2039,-5.41,15.1,0.77,-1.71,2225,1,342,264,0.77,18.7,1.02,0.07,2034,-522,194,-1236,-474,-238,47,455
MGC,ORB2,"ORB2 08:20 5m break BOTH stop 0.15×ATR to 15:55 days ALL",760,136,0.18,17.1,1.01,0.07,1551,2,666,-3497,-5.25,16.4,0.90,-0.76,4414,-461,-78,94,581,-688,114,-2924
MGC,ORB2,"ORB2 08:20 5m opening-candle direction BOTH stop 0.15×ATR to 15:55 days ALL",747,-2886,-3.86,15.0,0.83,-1.60,3828,0,660,-1672,-2.53,17.3,0.95,-0.36,4991,-664,-883,-1027,-312,-1181,2551,-3042
MGC,ORB2,"ORB2 08:20 5m break LONG stop 0.15×ATR to 15:55 days NARROW",539,638,1.18,18.7,1.05,0.38,1481,2,539,-4527,-8.40,16.7,0.84,-1.24,5794,-25,-37,121,579,-1184,-1066,-2276
MGC,ORB2,"ORB2 08:20 5m opening-candle direction LONG stop 0.15×ATR to 15:55 days NARROW",302,-344,-1.14,15.9,0.95,-0.28,1254,2,291,-1555,-5.34,15.8,0.90,-0.52,4421,0,-603,333,-74,-824,2652,-3383
MGC,ORB2,"ORB2 08:20 5m break SHORT stop 0.15×ATR to 15:55 days NARROW",548,-2841,-5.18,15.7,0.77,-1.89,2883,0,538,-2524,-4.69,16.4,0.91,-0.59,5164,-338,-716,-79,-1708,-189,699,-3034
MGC,ORB2,"ORB2 08:20 5m opening-candle direction SHORT stop 0.15×ATR to 15:55 days NARROW",305,-2122,-6.96,14.8,0.70,-2.08,2122,0,306,250,0.82,18.3,1.02,0.07,2596,-336,-276,-789,-721,-62,-575,887
MGC,ORB2,"ORB2 08:20 5m break BOTH stop 0.15×ATR to 15:55 days NARROW",620,623,1.00,17.9,1.04,0.35,1171,2,603,-2662,-4.42,16.6,0.91,-0.60,3700,-129,-117,744,125,-556,-284,-1823
MGC,ORB2,"ORB2 08:20 5m opening-candle direction BOTH stop 0.15×ATR to 15:55 days NARROW",607,-2466,-4.06,15.3,0.83,-1.53,3005,0,597,-1304,-2.18,17.1,0.96,-0.29,4158,-335,-880,-456,-794,-886,2077,-2495
MGC,ORB2,"ORB2 08:20 5m break LONG stop 0.15×ATR to 15:55 days NOTWIDE",650,127,0.20,18.3,1.01,0.07,1838,2,586,-5769,-9.85,16.7,0.81,-1.56,6899,-300,-601,222,806,-1123,-974,-3673
MGC,ORB2,"ORB2 08:20 5m opening-candle direction LONG stop 0.15×ATR to 15:55 days NOTWIDE",370,-847,-2.29,14.9,0.90,-0.63,1821,2,318,-1936,-6.09,15.7,0.88,-0.64,4446,-142,-1077,209,162,-943,2504,-3497
MGC,ORB2,"ORB2 08:20 5m break SHORT stop 0.15×ATR to 15:55 days NOTWIDE",652,-3496,-5.36,15.2,0.77,-2.15,3775,0,589,-3062,-5.20,16.0,0.90,-0.69,5371,-523,-653,-695,-1624,-525,719,-3256
MGC,ORB2,"ORB2 08:20 5m opening-candle direction SHORT stop 0.15×ATR to 15:55 days NOTWIDE",373,-1947,-5.22,15.3,0.77,-1.63,2132,1,340,439,1.29,18.8,1.03,0.12,2034,-500,243,-1236,-453,-199,47,591
MGC,ORB2,"ORB2 08:20 5m break BOTH stop 0.15×ATR to 15:55 days NOTWIDE",756,228,0.30,17.2,1.01,0.12,1501,2,664,-3322,-5.00,16.4,0.90,-0.73,4414,-440,-29,94,602,-649,114,-2787
MGC,ORB2,"ORB2 08:20 5m opening-candle direction BOTH stop 0.15×ATR to 15:55 days NOTWIDE",743,-2794,-3.76,15.1,0.84,-1.55,3757,0,658,-1497,-2.27,17.3,0.96,-0.32,4854,-642,-834,-1027,-291,-1142,2551,-2905
MGC,ORB2,"ORB2 08:20 5m break LONG stop 0.15×ATR to 15:55 days NONEWS",605,134,0.22,18.7,1.01,0.08,1394,2,548,-5844,-10.66,16.8,0.80,-1.65,7268,-202,-687,527,497,-858,-840,-4147
MGC,ORB2,"ORB2 08:20 5m opening-candle direction LONG stop 0.15×ATR to 15:55 days NONEWS",347,-792,-2.28,15.0,0.90,-0.60,1685,1,296,-2688,-9.08,15.5,0.83,-0.95,5271,-73,-1082,374,-12,-720,2401,-4368
MGC,ORB2,"ORB2 08:20 5m break SHORT stop 0.15×ATR to 15:55 days NONEWS",606,-3045,-5.03,15.5,0.78,-1.93,3374,0,549,-6476,-11.80,15.5,0.78,-1.66,7164,-468,-434,-686,-1456,-1129,-181,-5166
MGC,ORB2,"ORB2 08:20 5m opening-candle direction SHORT stop 0.15×ATR to 15:55 days NONEWS",346,-1460,-4.22,15.9,0.82,-1.24,1761,1,314,-2588,-8.24,17.8,0.84,-0.85,3538,-493,486,-1015,-438,-390,6,-2204
MGC,ORB2,"ORB2 08:20 5m break BOTH stop 0.15×ATR to 15:55 days NONEWS",704,-174,-0.25,17.0,0.99,-0.09,1502,2,616,-7259,-11.78,15.6,0.77,-1.80,7537,-363,-47,104,133,-925,-389,-5945
MGC,ORB2,"ORB2 08:20 5m opening-candle direction BOTH stop 0.15×ATR to 15:55 days NONEWS",693,-2252,-3.25,15.4,0.86,-1.28,3088,0,610,-5275,-8.65,16.7,0.83,-1.27,8002,-566,-596,-641,-450,-1110,2407,-6572
MGC,ORB2,"ORB2 08:20 5m break LONG stop 0.15×ATR 2R days ALL",652,-3127,-4.80,30.2,0.75,-3.57,3353,1,588,-3826,-6.51,32.1,0.85,-1.61,4138,146,-1418,-1044,-811,-674,376,-3527
MGC,ORB2,"ORB2 08:20 5m opening-candle direction LONG stop 0.15×ATR 2R days ALL",370,-2731,-7.38,26.5,0.63,-4.27,2880,1,318,-1949,-6.13,32.4,0.86,-1.15,3147,90,-1208,-754,-860,-473,1502,-2979
MGC,ORB2,"ORB2 08:20 5m break SHORT stop 0.15×ATR 2R days ALL",656,-2511,-3.83,31.1,0.79,-2.81,2529,0,591,-2175,-3.68,31.3,0.91,-0.90,2967,-594,-119,-145,-1653,-1669,-163,-343
MGC,ORB2,"ORB2 08:20 5m opening-candle direction SHORT stop 0.15×ATR 2R days ALL",377,-499,-1.32,35.3,0.92,-0.72,704,1,342,-1448,-4.23,32.2,0.90,-0.80,2417,-139,177,-87,-449,-737,-439,-272
MGC,ORB2,"ORB2 08:20 5m break BOTH stop 0.15×ATR 2R days ALL",760,-2607,-3.43,32.1,0.81,-2.70,2820,0,666,-1714,-2.57,33.0,0.94,-0.67,2073,-165,-408,-631,-1403,-933,729,-1510
MGC,ORB2,"ORB2 08:20 5m opening-candle direction BOTH stop 0.15×ATR 2R days ALL",747,-3230,-4.32,30.9,0.77,-3.41,3346,0,660,-3397,-5.15,32.3,0.88,-1.37,3983,-49,-1031,-840,-1309,-1210,1063,-3251
MGC,ORB2,"ORB2 08:20 5m break LONG stop 0.15×ATR 2R days NARROW",539,-2546,-4.72,30.4,0.75,-3.16,2794,1,539,-2419,-4.49,32.5,0.90,-1.05,2750,167,-1043,-851,-819,-699,273,-1994
MGC,ORB2,"ORB2 08:20 5m opening-candle direction LONG stop 0.15×ATR 2R days NARROW",302,-2366,-7.83,26.2,0.61,-4.07,2517,1,291,-1395,-4.79,33.0,0.89,-0.84,2772,93,-1061,-615,-783,-397,1605,-2603
MGC,ORB2,"ORB2 08:20 5m break SHORT stop 0.15×ATR 2R days NARROW",548,-1754,-3.20,31.9,0.83,-2.11,1917,1,538,-2435,-4.53,31.4,0.89,-1.06,2932,-391,0,74,-1438,-1435,-372,-628
MGC,ORB2,"ORB2 08:20 5m opening-candle direction SHORT stop 0.15×ATR 2R days NARROW",305,-467,-1.53,34.8,0.91,-0.74,642,2,306,-1476,-4.82,31.4,0.89,-0.86,2657,-11,34,88,-578,-707,-877,107
MGC,ORB2,"ORB2 08:20 5m break BOTH stop 0.15×ATR 2R days NARROW",620,-2028,-3.27,32.4,0.82,-2.29,2232,0,603,-1066,-1.77,33.3,0.96,-0.43,1764,-62,-398,-308,-1261,-867,544,-743
MGC,ORB2,"ORB2 08:20 5m opening-candle direction BOTH stop 0.15×ATR 2R days NARROW",607,-2833,-4.67,30.5,0.75,-3.28,3011,1,597,-2872,-4.81,32.2,0.89,-1.20,3547,82,-1027,-527,-1361,-1104,728,-2496
MGC,ORB2,"ORB2 08:20 5m break LONG stop 0.15×ATR 2R days NOTWIDE",650,-3077,-4.73,30.3,0.75,-3.51,3304,1,586,-3759,-6.41,32.1,0.85,-1.59,4071,146,-1368,-1044,-811,-744,376,-3391
MGC,ORB2,"ORB2 08:20 5m opening-candle direction LONG stop 0.15×ATR 2R days NOTWIDE",370,-2731,-7.38,26.5,0.63,-4.27,2880,1,318,-1949,-6.13,32.4,0.86,-1.15,3147,90,-1208,-754,-860,-473,1502,-2979
MGC,ORB2,"ORB2 08:20 5m break SHORT stop 0.15×ATR 2R days NOTWIDE",652,-2475,-3.80,31.1,0.79,-2.77,2493,0,589,-2000,-3.40,31.4,0.92,-0.83,2929,-572,-69,-145,-1688,-1630,-163,-207
MGC,ORB2,"ORB2 08:20 5m opening-candle direction SHORT stop 0.15×ATR 2R days NOTWIDE",373,-580,-1.56,34.9,0.91,-0.84,749,1,340,-1273,-3.75,32.4,0.91,-0.70,2379,-175,166,-87,-484,-698,-439,-136
MGC,ORB2,"ORB2 08:20 5m break BOTH stop 0.15×ATR 2R days NOTWIDE",756,-2571,-3.40,32.1,0.81,-2.67,2806,0,664,-1539,-2.32,33.1,0.94,-0.60,2034,-144,-359,-631,-1438,-894,729,-1374
MGC,ORB2,"ORB2 08:20 5m opening-candle direction BOTH stop 0.15×ATR 2R days NOTWIDE",743,-3311,-4.46,30.7,0.76,-3.51,3391,0,658,-3222,-4.90,32.4,0.89,-1.30,3808,-85,-1042,-840,-1344,-1171,1063,-3115
MGC,ORB2,"ORB2 08:20 5m break LONG stop 0.15×ATR 2R days NONEWS",605,-2452,-4.05,31.2,0.78,-2.87,2809,1,548,-4083,-7.45,31.8,0.83,-1.79,4261,244,-1168,-823,-706,-750,307,-3640
MGC,ORB2,"ORB2 08:20 5m opening-candle direction LONG stop 0.15×ATR 2R days NONEWS",347,-2497,-7.20,26.8,0.64,-4.02,2715,1,296,-2376,-8.03,31.8,0.81,-1.47,3530,159,-1171,-588,-897,-346,1331,-3362
MGC,ORB2,"ORB2 08:20 5m break SHORT stop 0.15×ATR 2R days NONEWS",606,-2161,-3.57,31.4,0.81,-2.51,2328,1,549,-2706,-4.93,30.4,0.88,-1.16,3522,-517,58,-270,-1432,-1855,-363,-487
MGC,ORB2,"ORB2 08:20 5m opening-candle direction SHORT stop 0.15×ATR 2R days NONEWS",346,-235,-0.68,36.4,0.96,-0.35,577,1,314,-2391,-7.61,30.3,0.83,-1.39,3210,-110,273,-71,-326,-860,-517,-1014
MGC,ORB2,"ORB2 08:20 5m break BOTH stop 0.15×ATR 2R days NONEWS",704,-2221,-3.16,32.5,0.83,-2.38,2512,0,616,-2839,-4.61,31.8,0.89,-1.16,3205,-67,-246,-591,-1317,-1164,443,-2117
MGC,ORB2,"ORB2 08:20 5m opening-candle direction BOTH stop 0.15×ATR 2R days NONEWS",693,-2732,-3.94,31.6,0.79,-2.98,2957,1,610,-4767,-7.82,31.0,0.82,-2.02,5290,49,-898,-660,-1223,-1205,813,-4375
MGC,ORB2,"ORB2 08:20 5m break LONG stop 0.15×ATR 4R days ALL",652,-1860,-2.85,21.5,0.87,-1.51,2552,1,588,-3962,-6.74,20.9,0.87,-1.24,5161,61,-1063,-462,-396,-449,-881,-2632
MGC,ORB2,"ORB2 08:20 5m opening-candle direction LONG stop 0.15×ATR 4R days ALL",370,-2607,-7.05,17.3,0.68,-3.00,2607,0,318,-2573,-8.09,19.5,0.84,-1.11,3184,-80,-1297,-317,-913,-664,1040,-2948
MGC,ORB2,"ORB2 08:20 5m break SHORT stop 0.15×ATR 4R days ALL",656,-3130,-4.77,19.8,0.78,-2.65,3195,0,591,-2732,-4.62,20.8,0.91,-0.83,4320,-462,-321,-507,-1839,-1200,1319,-2851
MGC,ORB2,"ORB2 08:20 5m opening-candle direction SHORT stop 0.15×ATR 4R days ALL",377,-794,-2.11,21.5,0.90,-0.83,1049,1,342,275,0.80,23.1,1.02,0.11,2277,-161,82,-173,-542,-14,765,-476
MGC,ORB2,"ORB2 08:20 5m break BOTH stop 0.15×ATR 4R days ALL",760,-1642,-2.16,21.4,0.90,-1.21,1951,0,666,-2900,-4.36,21.0,0.91,-0.84,3339,-42,-481,-55,-1064,-1001,672,-2572
MGC,ORB2,"ORB2 08:20 5m opening-candle direction BOTH stop 0.15×ATR 4R days ALL",747,-3401,-4.55,19.4,0.79,-2.63,3492,0,660,-2298,-3.48,21.4,0.93,-0.67,4206,-242,-1215,-490,-1455,-679,1806,-3425
MGC,ORB2,"ORB2 08:20 5m break LONG stop 0.15×ATR 4R days NARROW",539,-1338,-2.48,21.7,0.88,-1.18,2205,1,539,-3319,-6.16,20.2,0.88,-1.06,4634,110,-580,-502,-366,-784,-1435,-1099
MGC,ORB2,"ORB2 08:20 5m opening-candle direction LONG stop 0.15×ATR 4R days NARROW",302,-2013,-6.67,17.9,0.70,-2.52,2133,1,291,-2383,-8.19,19.2,0.84,-1.06,3006,62,-934,-384,-757,-804,1171,-2750
MGC,ORB2,"ORB2 08:20 5m break SHORT stop 0.15×ATR 4R days NARROW",548,-2272,-4.15,20.6,0.81,-2.07,2338,0,538,-2828,-5.26,21.2,0.89,-0.91,4802,-304,-284,-126,-1558,-891,1067,-3004
MGC,ORB2,"ORB2 08:20 5m opening-candle direction SHORT stop 0.15×ATR 4R days NARROW",305,-951,-3.12,20.7,0.86,-1.11,951,1,306,204,0.67,22.5,1.01,0.08,1974,-116,-269,54,-620,13,30,162
MGC,ORB2,"ORB2 08:20 5m break BOTH stop 0.15×ATR 4R days NARROW",620,-1018,-1.64,22.1,0.92,-0.82,1348,2,603,-2630,-4.36,20.9,0.91,-0.79,3001,100,-568,253,-803,-1076,163,-1717
MGC,ORB2,"ORB2 08:20 5m opening-candle direction BOTH stop 0.15×ATR 4R days NARROW",607,-2964,-4.88,19.3,0.78,-2.52,3034,0,597,-2178,-3.65,20.9,0.93,-0.66,3289,-54,-1203,-330,-1377,-791,1201,-2589
MGC,ORB2,"ORB2 08:20 5m break LONG stop 0.15×ATR 4R days NOTWIDE",650,-1811,-2.79,21.5,0.87,-1.47,2502,1,586,-3967,-6.77,20.8,0.86,-1.24,5166,61,-1014,-462,-396,-590,-881,-2496
MGC,ORB2,"ORB2 08:20 5m opening-candle direction LONG stop 0.15×ATR 4R days NOTWIDE",370,-2607,-7.05,17.3,0.68,-3.00,2607,0,318,-2573,-8.09,19.5,0.84,-1.11,3184,-80,-1297,-317,-913,-664,1040,-2948
MGC,ORB2,"ORB2 08:20 5m break SHORT stop 0.15×ATR 4R days NOTWIDE",652,-3038,-4.66,19.9,0.78,-2.57,3103,0,589,-2557,-4.34,20.9,0.91,-0.78,4320,-440,-272,-507,-1818,-1161,1319,-2715
MGC,ORB2,"ORB2 08:20 5m opening-candle direction SHORT stop 0.15×ATR 4R days NOTWIDE",373,-890,-2.39,21.2,0.89,-0.94,1024,1,340,450,1.32,23.2,1.03,0.18,2144,-235,131,-173,-614,24,765,-340
MGC,ORB2,"ORB2 08:20 5m break BOTH stop 0.15×ATR 4R days NOTWIDE",756,-1549,-2.05,21.6,0.90,-1.15,1881,0,664,-2726,-4.10,21.1,0.92,-0.79,3168,-20,-432,-55,-1043,-962,672,-2436
MGC,ORB2,"ORB2 08:20 5m opening-candle direction BOTH stop 0.15×ATR 4R days NOTWIDE",743,-3497,-4.71,19.2,0.78,-2.71,3514,0,658,-2123,-3.23,21.4,0.93,-0.62,4069,-315,-1165,-490,-1527,-640,1806,-3288
MGC,ORB2,"ORB2 08:20 5m break LONG stop 0.15×ATR 4R days NONEWS",605,-1414,-2.34,22.0,0.89,-1.18,2082,1,548,-5056,-9.23,20.4,0.82,-1.66,5473,159,-939,-157,-477,-738,-749,-3569
MGC,ORB2,"ORB2 08:20 5m opening-candle direction LONG stop 0.15×ATR 4R days NONEWS",347,-2403,-6.93,17.6,0.69,-2.86,2451,0,296,-3266,-11.03,19.3,0.78,-1.52,4164,-11,-1247,-152,-993,-442,1169,-3993
MGC,ORB2,"ORB2 08:20 5m break SHORT stop 0.15×ATR 4R days NONEWS",606,-2992,-4.94,19.6,0.77,-2.65,3058,0,549,-4043,-7.36,19.9,0.85,-1.30,4812,-386,-114,-775,-1717,-1829,1211,-3424
MGC,ORB2,"ORB2 08:20 5m opening-candle direction SHORT stop 0.15×ATR 4R days NONEWS",346,-470,-1.36,22.3,0.94,-0.51,1085,1,314,-1614,-5.14,21.3,0.90,-0.69,3377,-133,374,-228,-484,-439,770,-1944
MGC,ORB2,"ORB2 08:20 5m break BOTH stop 0.15×ATR 4R days NONEWS",704,-1688,-2.40,21.3,0.89,-1.30,2067,1,616,-5491,-8.91,19.6,0.82,-1.71,5922,56,-346,-197,-1200,-1754,849,-4586
MGC,ORB2,"ORB2 08:20 5m opening-candle direction BOTH stop 0.15×ATR 4R days NONEWS",693,-2874,-4.15,19.9,0.81,-2.30,3090,0,610,-4879,-8.00,20.3,0.84,-1.54,6439,-144,-873,-380,-1478,-881,1939,-5937
MGC,ORB2,"ORB2 08:20 5m break LONG stop 0.25×ATR to 15:55 days ALL",652,-1710,-2.62,25.6,0.92,-0.81,2650,1,588,-5696,-9.69,27.9,0.87,-1.24,7564,-604,-1250,-159,303,-1839,1653,-5510
MGC,ORB2,"ORB2 08:20 5m opening-candle direction LONG stop 0.25×ATR to 15:55 days ALL",370,560,1.51,25.4,1.05,0.32,1745,3,318,-5503,-17.31,23.9,0.77,-1.60,7377,26,-1317,956,895,-1847,2574,-6230
MGC,ORB2,"ORB2 08:20 5m break SHORT stop 0.25×ATR to 15:55 days ALL",656,-4194,-6.39,25.5,0.80,-2.17,4639,0,591,-532,-0.90,27.2,0.99,-0.10,4156,-931,-1088,-101,-2075,-192,978,-1318
MGC,ORB2,"ORB2 08:20 5m opening-candle direction SHORT stop 0.25×ATR to 15:55 days ALL",377,-1960,-5.20,24.9,0.84,-1.24,2116,0,342,2825,8.26,29.2,1.12,0.64,2391,-687,-500,-47,-725,-144,1344,1625
MGC,ORB2,"ORB2 08:20 5m break BOTH stop 0.25×ATR to 15:55 days ALL",760,-3007,-3.96,24.3,0.88,-1.33,3579,0,666,-1371,-2.06,27.6,0.97,-0.25,4497,-1011,-968,-785,-243,-1384,3316,-3303
MGC,ORB2,"ORB2 08:20 5m opening-candle direction BOTH stop 0.25×ATR to 15:55 days ALL",747,-1400,-1.87,25.2,0.94,-0.59,2777,2,660,-2678,-4.06,26.7,0.94,-0.48,6539,-662,-1817,909,170,-1991,3918,-4605
MGC,ORB2,"ORB2 08:20 5m break LONG stop 0.25×ATR to 15:55 days NARROW",539,-1296,-2.40,25.6,0.92,-0.67,2585,1,539,-5066,-9.40,27.5,0.87,-1.14,6320,-255,-433,-780,172,-2363,1401,-4105
MGC,ORB2,"ORB2 08:20 5m opening-candle direction LONG stop 0.25×ATR to 15:55 days NARROW",302,506,1.68,25.2,1.05,0.31,1552,3,291,-5263,-18.08,23.7,0.77,-1.57,7052,145,-976,542,795,-1796,2292,-5758
MGC,ORB2,"ORB2 08:20 5m break SHORT stop 0.25×ATR to 15:55 days NARROW",548,-2781,-5.07,26.8,0.84,-1.55,2838,1,538,295,0.55,27.7,1.01,0.06,3885,-578,-890,765,-2077,269,984,-958
MGC,ORB2,"ORB2 08:20 5m opening-candle direction SHORT stop 0.25×ATR to 15:55 days NARROW",305,-1557,-5.10,25.6,0.84,-1.09,1563,1,306,3056,9.99,29.7,1.14,0.73,2227,-522,-617,688,-1106,210,1095,1750
MGC,ORB2,"ORB2 08:20 5m break BOTH stop 0.25×ATR to 15:55 days NARROW",620,-2071,-3.34,25.2,0.90,-1.01,2096,0,603,-768,-1.27,27.5,0.98,-0.14,4351,-485,-597,-328,-661,-1553,3059,-2273
MGC,ORB2,"ORB2 08:20 5m opening-candle direction BOTH stop 0.25×ATR to 15:55 days NARROW",607,-1051,-1.73,25.4,0.95,-0.49,2132,1,597,-2207,-3.70,26.8,0.95,-0.41,5824,-377,-1593,1229,-310,-1586,3387,-4008
MGC,ORB2,"ORB2 08:20 5m break LONG stop 0.25×ATR to 15:55 days NOTWIDE",650,-1632,-2.51,25.7,0.92,-0.77,2572,1,586,-5729,-9.78,27.8,0.86,-1.25,7338,-604,-1172,-159,303,-2097,1653,-5284
MGC,ORB2,"ORB2 08:20 5m opening-candle direction LONG stop 0.25×ATR to 15:55 days NOTWIDE",370,560,1.51,25.4,1.05,0.32,1745,3,318,-5503,-17.31,23.9,0.77,-1.60,7377,26,-1317,956,895,-1847,2574,-6230
MGC,ORB2,"ORB2 08:20 5m break SHORT stop 0.25×ATR to 15:55 days NOTWIDE",652,-4048,-6.21,25.6,0.80,-2.10,4493,0,589,-245,-0.42,27.3,0.99,-0.05,4156,-897,-1009,-101,-2041,-129,978,-1093
MGC,ORB2,"ORB2 08:20 5m opening-candle direction SHORT stop 0.25×ATR to 15:55 days NOTWIDE",373,-1913,-5.13,24.9,0.84,-1.21,2071,0,340,3113,9.16,29.4,1.13,0.71,2391,-729,-422,-47,-715,-82,1344,1850
MGC,ORB2,"ORB2 08:20 5m break BOTH stop 0.25×ATR to 15:55 days NOTWIDE",756,-2861,-3.78,24.5,0.88,-1.27,3466,0,664,-1083,-1.63,27.7,0.98,-0.19,4497,-977,-890,-785,-210,-1322,3316,-3077
MGC,ORB2,"ORB2 08:20 5m opening-candle direction BOTH stop 0.25×ATR to 15:55 days NOTWIDE",743,-1353,-1.82,25.2,0.94,-0.57,2739,2,658,-2390,-3.63,26.7,0.95,-0.43,6314,-703,-1739,909,180,-1929,3918,-4380
MGC,ORB2,"ORB2 08:20 5m break LONG stop 0.25×ATR to 15:55 days NONEWS",605,-1482,-2.45,26.3,0.92,-0.73,2123,1,548,-4877,-8.90,28.5,0.88,-1.10,7568,-448,-1215,380,-198,-1592,2269,-5553
MGC,ORB2,"ORB2 08:20 5m opening-candle direction LONG stop 0.25×ATR to 15:55 days NONEWS",347,19,0.05,25.1,1.00,0.01,1825,3,296,-5809,-19.63,24.0,0.74,-1.79,7838,135,-1397,976,305,-1759,2804,-6854
MGC,ORB2,"ORB2 08:20 5m break SHORT stop 0.25×ATR to 15:55 days NONEWS",606,-3125,-5.16,26.6,0.83,-1.67,3673,0,549,-3863,-7.04,27.1,0.90,-0.78,4708,-809,-600,-31,-1685,-502,-404,-2957
MGC,ORB2,"ORB2 08:20 5m opening-candle direction SHORT stop 0.25×ATR to 15:55 days NONEWS",346,-941,-2.72,26.6,0.91,-0.60,1513,1,314,115,0.37,29.0,1.01,0.03,2463,-641,-34,314,-579,-113,996,-768
MGC,ORB2,"ORB2 08:20 5m break BOTH stop 0.25×ATR to 15:55 days NONEWS",704,-2603,-3.70,24.9,0.89,-1.20,3078,0,616,-4896,-7.95,27.3,0.89,-0.96,6390,-855,-705,-532,-512,-1348,2481,-6030
MGC,ORB2,"ORB2 08:20 5m opening-candle direction BOTH stop 0.25×ATR to 15:55 days NONEWS",693,-922,-1.33,25.8,0.96,-0.40,2114,1,610,-5695,-9.34,26.6,0.87,-1.11,9264,-506,-1431,1290,-275,-1872,3800,-7623
MGC,ORB2,"ORB2 08:20 5m break LONG stop 0.25×ATR 2R days ALL",652,-4375,-6.71,30.8,0.77,-3.07,4748,1,588,-1657,-2.82,35.2,0.96,-0.43,5385,38,-1566,-1644,-1203,-1166,2380,-2872
MGC,ORB2,"ORB2 08:20 5m opening-candle direction LONG stop 0.25×ATR 2R days ALL",370,-2111,-5.71,31.4,0.80,-1.95,2532,1,318,-3734,-11.74,31.1,0.83,-1.37,5123,259,-1488,-313,-569,-1765,2029,-3998
MGC,ORB2,"ORB2 08:20 5m break SHORT stop 0.25×ATR 2R days ALL",656,-2409,-3.67,33.8,0.87,-1.66,2474,1,591,2909,4.92,36.2,1.08,0.73,2746,-695,-472,368,-1610,-369,2784,494
MGC,ORB2,"ORB2 08:20 5m opening-candle direction SHORT stop 0.25×ATR 2R days ALL",377,-384,-1.02,35.5,0.96,-0.34,1002,1,342,2812,8.22,37.1,1.13,0.92,2170,-405,-409,516,-85,-105,1023,1894
MGC,ORB2,"ORB2 08:20 5m break BOTH stop 0.25×ATR 2R days ALL",760,-3710,-4.88,32.2,0.83,-2.36,3763,0,666,3439,5.16,36.5,1.08,0.83,2711,-313,-1099,-966,-1331,-968,3524,883
MGC,ORB2,"ORB2 08:20 5m opening-candle direction BOTH stop 0.25×ATR 2R days ALL",747,-2496,-3.34,33.5,0.88,-1.59,2663,1,660,-922,-1.40,34.2,0.98,-0.22,4776,-146,-1898,202,-654,-1870,3052,-2104
MGC,ORB2,"ORB2 08:20 5m break LONG stop 0.25×ATR 2R days NARROW",539,-3855,-7.15,30.6,0.76,-2.95,4367,1,539,-1206,-2.24,34.3,0.97,-0.33,3899,44,-904,-1797,-1198,-1649,1669,-1225
MGC,ORB2,"ORB2 08:20 5m opening-candle direction LONG stop 0.25×ATR 2R days NARROW",302,-2110,-6.99,30.5,0.77,-2.13,2504,1,291,-3226,-11.09,30.9,0.84,-1.21,4654,257,-1318,-498,-551,-1824,1981,-3384
MGC,ORB2,"ORB2 08:20 5m break SHORT stop 0.25×ATR 2R days NARROW",548,-1251,-2.28,35.2,0.92,-0.93,1925,1,538,1435,2.67,36.1,1.04,0.38,2943,-472,-249,1052,-1583,-207,2231,-590
MGC,ORB2,"ORB2 08:20 5m opening-candle direction SHORT stop 0.25×ATR 2R days NARROW",305,-3,-0.01,36.4,1.00,0.00,1132,1,306,1729,5.65,36.6,1.09,0.60,2980,-302,-409,887,-179,-14,441,1302
MGC,ORB2,"ORB2 08:20 5m break BOTH stop 0.25×ATR 2R days NARROW",620,-2736,-4.41,32.7,0.85,-1.90,2803,0,603,2316,3.84,35.8,1.06,0.58,2534,-154,-809,-505,-1269,-1395,3047,664
MGC,ORB2,"ORB2 08:20 5m opening-candle direction BOTH stop 0.25×ATR 2R days NARROW",607,-2113,-3.48,33.4,0.88,-1.47,2113,1,597,-1497,-2.51,33.8,0.96,-0.38,4616,-45,-1727,389,-730,-1838,2423,-2081
MGC,ORB2,"ORB2 08:20 5m break LONG stop 0.25×ATR 2R days NOTWIDE",650,-4297,-6.61,30.9,0.78,-3.02,4669,1,586,-1550,-2.64,35.2,0.96,-0.41,5160,38,-1488,-1644,-1203,-1283,2380,-2647
MGC,ORB2,"ORB2 08:20 5m opening-candle direction LONG stop 0.25×ATR 2R days NOTWIDE",370,-2111,-5.71,31.4,0.80,-1.95,2532,1,318,-3734,-11.74,31.1,0.83,-1.37,5123,259,-1488,-313,-569,-1765,2029,-3998
MGC,ORB2,"ORB2 08:20 5m break SHORT stop 0.25×ATR 2R days NOTWIDE",652,-2451,-3.76,33.7,0.87,-1.70,2516,1,589,3197,5.43,36.3,1.09,0.81,2746,-756,-394,368,-1669,-306,2784,719
MGC,ORB2,"ORB2 08:20 5m opening-candle direction SHORT stop 0.25×ATR 2R days NOTWIDE",373,-426,-1.14,35.4,0.96,-0.38,1020,1,340,3100,9.12,37.4,1.15,1.02,2170,-466,-331,516,-144,-42,1023,2120
MGC,ORB2,"ORB2 08:20 5m break BOTH stop 0.25×ATR 2R days NOTWIDE",756,-3751,-4.96,32.1,0.83,-2.39,3785,0,664,3727,5.61,36.6,1.09,0.90,2485,-374,-1021,-966,-1391,-905,3524,1108
MGC,ORB2,"ORB2 08:20 5m opening-candle direction BOTH stop 0.25×ATR 2R days NOTWIDE",743,-2538,-3.42,33.4,0.88,-1.62,2644,1,658,-634,-0.96,34.3,0.99,-0.15,4551,-207,-1819,202,-713,-1807,3052,-1879
MGC,ORB2,"ORB2 08:20 5m break LONG stop 0.25×ATR 2R days NONEWS",605,-3601,-5.95,31.4,0.80,-2.61,4138,1,548,-2348,-4.28,35.0,0.94,-0.64,5954,194,-1392,-1105,-1298,-1316,2483,-3515
MGC,ORB2,"ORB2 08:20 5m opening-candle direction LONG stop 0.25×ATR 2R days NONEWS",347,-2024,-5.83,31.4,0.80,-1.94,2447,1,296,-4244,-14.34,30.7,0.79,-1.64,5393,369,-1446,-155,-792,-1729,2130,-4644
MGC,ORB2,"ORB2 08:20 5m break SHORT stop 0.25×ATR 2R days NONEWS",606,-1950,-3.22,34.3,0.88,-1.40,2023,1,549,2226,4.05,35.9,1.06,0.58,2295,-573,-33,19,-1363,-701,2666,261
MGC,ORB2,"ORB2 08:20 5m opening-candle direction SHORT stop 0.25×ATR 2R days NONEWS",346,-110,-0.32,36.4,0.99,-0.10,793,2,314,1593,5.07,36.0,1.08,0.54,2324,-359,57,274,-81,-478,1065,1007
MGC,ORB2,"ORB2 08:20 5m break BOTH stop 0.25×ATR 2R days NONEWS",704,-3299,-4.69,32.5,0.84,-2.18,3513,0,616,1290,2.09,35.6,1.03,0.32,3525,-157,-688,-1043,-1410,-1379,3257,-588
MGC,ORB2,"ORB2 08:20 5m opening-candle direction BOTH stop 0.25×ATR 2R days NONEWS",693,-2134,-3.08,33.9,0.89,-1.42,2377,2,610,-2651,-4.35,33.4,0.94,-0.68,5991,10,-1389,119,-873,-2207,3194,-3638
MGC,ORB2,"ORB2 08:20 5m break LONG stop 0.25×ATR 4R days ALL",652,-2811,-4.31,26.2,0.86,-1.54,3085,0,588,-4346,-7.39,28.4,0.90,-0.96,6108,-722,-558,-953,-578,-1822,1008,-3532
MGC,ORB2,"ORB2 08:20 5m opening-candle direction LONG stop 0.25×ATR 4R days ALL",370,-1247,-3.37,25.9,0.89,-0.89,1536,1,318,-5359,-16.85,24.2,0.78,-1.64,7163,-112,-1034,70,-172,-2010,1858,-5208
MGC,ORB2,"ORB2 08:20 5m break SHORT stop 0.25×ATR 4R days ALL",656,-3619,-5.52,26.5,0.82,-2.08,3964,0,591,-1458,-2.47,28.3,0.97,-0.30,4488,-809,-617,-475,-1719,-1042,1240,-1656
MGC,ORB2,"ORB2 08:20 5m opening-candle direction SHORT stop 0.25×ATR 4R days ALL",377,-1920,-5.09,26.0,0.84,-1.42,2035,0,342,1989,5.82,30.7,1.08,0.54,2503,-531,-166,-542,-681,-314,1292,1011
MGC,ORB2,"ORB2 08:20 5m break BOTH stop 0.25×ATR 4R days ALL",760,-4062,-5.34,25.1,0.83,-2.07,4107,0,666,-1635,-2.45,28.7,0.97,-0.33,4497,-971,-495,-1638,-957,-1577,2902,-2959
MGC,ORB2,"ORB2 08:20 5m opening-candle direction BOTH stop 0.25×ATR 4R days ALL",747,-3167,-4.24,26.0,0.87,-1.62,3388,0,660,-3370,-5.11,27.6,0.93,-0.68,6226,-643,-1200,-472,-852,-2324,3150,-4196
MGC,ORB2,"ORB2 08:20 5m break LONG stop 0.25×ATR 4R days NARROW",539,-2270,-4.21,26.2,0.87,-1.35,2951,0,539,-3728,-6.92,28.0,0.90,-0.85,4864,-373,-39,-1271,-587,-2291,690,-2127
MGC,ORB2,"ORB2 08:20 5m opening-candle direction LONG stop 0.25×ATR 4R days NARROW",302,-1142,-3.78,25.5,0.88,-0.89,1633,2,291,-5064,-17.40,24.1,0.78,-1.59,6837,8,-973,-182,6,-1961,1633,-4736
MGC,ORB2,"ORB2 08:20 5m break SHORT stop 0.25×ATR 4R days NARROW",548,-2246,-4.10,27.9,0.87,-1.39,2303,1,538,-1056,-1.96,28.6,0.97,-0.23,3815,-614,-481,367,-1517,-620,1122,-1557
MGC,ORB2,"ORB2 08:20 5m opening-candle direction SHORT stop 0.25×ATR 4R days NARROW",305,-1643,-5.39,26.6,0.83,-1.35,1643,1,306,2082,6.81,31.0,1.10,0.61,2386,-522,-507,193,-806,40,1019,1023
MGC,ORB2,"ORB2 08:20 5m break BOTH stop 0.25×ATR 4R days NARROW",620,-3018,-4.87,25.8,0.85,-1.68,3043,0,603,-1082,-1.80,28.5,0.97,-0.23,4558,-603,-472,-1030,-912,-1716,2613,-1979
MGC,ORB2,"ORB2 08:20 5m opening-candle direction BOTH stop 0.25×ATR 4R days NARROW",607,-2784,-4.59,26.0,0.86,-1.57,2859,1,597,-2981,-4.99,27.6,0.93,-0.64,5685,-514,-1480,11,-801,-1921,2652,-3713
MGC,ORB2,"ORB2 08:20 5m break LONG stop 0.25×ATR 4R days NOTWIDE",650,-2733,-4.20,26.3,0.87,-1.50,3006,0,586,-4358,-7.44,28.3,0.90,-0.96,5883,-722,-479,-953,-578,-2059,1008,-3306
MGC,ORB2,"ORB2 08:20 5m opening-candle direction LONG stop 0.25×ATR 4R days NOTWIDE",370,-1247,-3.37,25.9,0.89,-0.89,1536,1,318,-5359,-16.85,24.2,0.78,-1.64,7163,-112,-1034,70,-172,-2010,1858,-5208
MGC,ORB2,"ORB2 08:20 5m break SHORT stop 0.25×ATR 4R days NOTWIDE",652,-3632,-5.57,26.5,0.82,-2.09,3955,0,589,-1171,-1.99,28.4,0.97,-0.24,4488,-932,-538,-475,-1686,-980,1240,-1431
MGC,ORB2,"ORB2 08:20 5m opening-candle direction SHORT stop 0.25×ATR 4R days NOTWIDE",373,-1956,-5.24,26.0,0.83,-1.45,1956,0,340,2277,6.70,30.9,1.10,0.62,2503,-655,-88,-542,-671,-252,1292,1237
MGC,ORB2,"ORB2 08:20 5m break BOTH stop 0.25×ATR 4R days NOTWIDE",756,-4074,-5.39,25.1,0.83,-2.08,4099,0,664,-1347,-2.03,28.8,0.97,-0.27,4497,-1095,-417,-1638,-924,-1515,2902,-2734
MGC,ORB2,"ORB2 08:20 5m opening-candle direction BOTH stop 0.25×ATR 4R days NOTWIDE",743,-3203,-4.31,26.0,0.86,-1.65,3393,0,658,-3082,-4.68,27.7,0.94,-0.63,6226,-767,-1122,-472,-843,-2261,3150,-3971
MGC,ORB2,"ORB2 08:20 5m break LONG stop 0.25×ATR 4R days NONEWS",605,-2698,-4.46,26.6,0.86,-1.56,2926,0,548,-3887,-7.09,29.0,0.90,-0.90,5979,-566,-733,-414,-984,-1778,1745,-3854
MGC,ORB2,"ORB2 08:20 5m opening-candle direction LONG stop 0.25×ATR 4R days NONEWS",347,-1602,-4.62,25.6,0.85,-1.21,1851,1,296,-5806,-19.62,24.3,0.74,-1.92,7019,-2,-1145,117,-572,-1924,2210,-6093
MGC,ORB2,"ORB2 08:20 5m break SHORT stop 0.25×ATR 4R days NONEWS",606,-2959,-4.88,27.4,0.84,-1.78,3406,0,549,-4021,-7.32,27.7,0.90,-0.90,5357,-687,-298,-579,-1395,-1512,244,-2753
MGC,ORB2,"ORB2 08:20 5m opening-candle direction SHORT stop 0.25×ATR 4R days NONEWS",346,-1050,-3.03,27.7,0.90,-0.80,1221,1,314,-499,-1.59,29.6,0.98,-0.15,2826,-485,300,-265,-600,-790,1060,-768
MGC,ORB2,"ORB2 08:20 5m break BOTH stop 0.25×ATR 4R days NONEWS",704,-3886,-5.52,25.6,0.83,-2.08,3985,0,616,-4772,-7.75,27.9,0.89,-1.03,5581,-815,-302,-1557,-1211,-2256,2533,-5049
MGC,ORB2,"ORB2 08:20 5m opening-candle direction BOTH stop 0.25×ATR 4R days NONEWS",693,-2652,-3.83,26.7,0.88,-1.42,2774,0,610,-6305,-10.34,27.0,0.86,-1.38,7945,-487,-845,-148,-1172,-2714,3270,-6861
MGC,ORB2,"ORB2 08:20 10m break LONG stop range to 15:55 days ALL",623,78,0.12,25.8,1.00,0.04,1663,1,564,-2367,-4.20,23.2,0.93,-0.60,7278,-406,-1122,1846,-241,-504,3204,-5067
MGC,ORB2,"ORB2 08:20 10m opening-candle direction LONG stop range to 15:55 days ALL",375,517,1.38,22.9,1.05,0.31,1758,2,324,-1891,-5.84,21.0,0.90,-0.60,4085,140,-1055,1502,-70,-435,1619,-3075
MGC,ORB2,"ORB2 08:20 10m break SHORT stop range to 15:55 days ALL",630,-2685,-4.26,22.7,0.85,-1.42,3085,1,567,-2587,-4.56,20.6,0.92,-0.57,5943,-313,-1207,972,-2138,-376,2179,-4390
MGC,ORB2,"ORB2 08:20 10m opening-candle direction SHORT stop range to 15:55 days ALL",373,-1131,-3.03,24.9,0.89,-0.76,1799,0,336,1773,5.28,23.5,1.09,0.45,2497,-582,-267,-260,-23,365,1769,-361
MGC,ORB2,"ORB2 08:20 10m break BOTH stop range to 15:55 days ALL",760,658,0.87,24.7,1.03,0.28,2315,1,666,-814,-1.22,21.6,0.98,-0.16,8380,-388,-911,2137,-180,283,5853,-6949
MGC,ORB2,"ORB2 08:20 10m opening-candle direction BOTH stop range to 15:55 days ALL",748,-614,-0.82,23.9,0.97,-0.28,3048,1,660,-118,-0.18,22.3,1.00,-0.02,5166,-442,-1322,1242,-93,-70,3389,-3437
MGC,ORB2,"ORB2 08:20 10m break LONG stop range to 15:55 days NARROW",410,654,1.60,22.4,1.07,0.43,1354,2,458,-153,-0.33,19.4,0.99,-0.04,4512,-23,36,1224,-583,-1405,2772,-1520
MGC,ORB2,"ORB2 08:20 10m opening-candle direction LONG stop range to 15:55 days NARROW",249,688,2.76,19.7,1.11,0.54,847,2,265,-186,-0.70,18.1,0.99,-0.06,3081,324,-305,925,-256,-391,1887,-1681
MGC,ORB2,"ORB2 08:20 10m break SHORT stop range to 15:55 days NARROW",418,-1745,-4.18,18.9,0.83,-1.24,2153,1,452,-2435,-5.39,17.7,0.90,-0.68,3648,-108,-814,1192,-2015,-1385,1771,-2821
MGC,ORB2,"ORB2 08:20 10m opening-candle direction SHORT stop range to 15:55 days NARROW",225,-1356,-6.03,20.0,0.76,-1.52,1409,0,253,-1413,-5.59,17.8,0.89,-0.49,2571,-195,-166,-152,-842,-714,495,-1194
MGC,ORB2,"ORB2 08:20 10m break BOTH stop range to 15:55 days NARROW",485,1095,2.26,21.0,1.09,0.61,1686,1,524,-144,-0.28,17.9,0.99,-0.03,5169,-97,-226,2501,-1083,-1127,5112,-4129
MGC,ORB2,"ORB2 08:20 10m opening-candle direction BOTH stop range to 15:55 days NARROW",474,-668,-1.41,19.8,0.94,-0.43,1542,2,518,-1599,-3.09,18.0,0.94,-0.39,4506,129,-471,773,-1098,-1105,2381,-2875
MGC,ORB2,"ORB2 08:20 10m break LONG stop range to 15:55 days NOTWIDE",608,254,0.42,25.5,1.02,0.13,1521,1,555,-2570,-4.63,22.3,0.92,-0.66,6952,-334,-869,2086,-629,-858,3029,-4741
MGC,ORB2,"ORB2 08:20 10m opening-candle direction LONG stop range to 15:55 days NOTWIDE",365,208,0.57,21.9,1.02,0.13,1684,2,321,-1953,-6.08,20.6,0.89,-0.63,4085,235,-1064,1523,-486,-542,1665,-3075
MGC,ORB2,"ORB2 08:20 10m break SHORT stop range to 15:55 days NOTWIDE",614,-3211,-5.23,21.8,0.81,-1.76,3238,1,560,-2159,-3.86,20.7,0.93,-0.48,5931,-544,-1201,960,-2425,-57,2275,-4377
MGC,ORB2,"ORB2 08:20 10m opening-candle direction SHORT stop range to 15:55 days NOTWIDE",358,-1690,-4.72,23.2,0.84,-1.20,1915,0,328,1953,5.95,23.5,1.11,0.51,2576,-633,-381,-292,-385,684,1778,-509
MGC,ORB2,"ORB2 08:20 10m break BOTH stop range to 15:55 days NOTWIDE",735,206,0.28,23.8,1.01,0.09,2241,1,655,-327,-0.50,21.2,0.99,-0.07,8054,-548,-779,2389,-856,506,5791,-6624
MGC,ORB2,"ORB2 08:20 10m opening-candle direction BOTH stop range to 15:55 days NOTWIDE",723,-1482,-2.05,22.5,0.93,-0.69,3054,1,649,0,0.00,22.0,1.00,0.00,5598,-398,-1444,1232,-871,141,3442,-3584
MGC,ORB2,"ORB2 08:20 10m break LONG stop range to 15:55 days NONEWS",578,-27,-0.05,26.3,1.00,-0.01,1743,1,526,-2459,-4.67,23.4,0.92,-0.64,7549,-449,-1139,2166,-606,-792,3282,-4949
MGC,ORB2,"ORB2 08:20 10m opening-candle direction LONG stop range to 15:55 days NONEWS",348,357,1.02,23.0,1.04,0.22,1653,2,302,-2937,-9.72,20.5,0.83,-1.00,5094,10,-1067,1709,-295,-510,1402,-3829
MGC,ORB2,"ORB2 08:20 10m break SHORT stop range to 15:55 days NONEWS",584,-2575,-4.41,22.9,0.84,-1.43,3071,1,526,-7134,-13.56,19.8,0.77,-1.79,7903,-167,-1261,881,-2028,-854,518,-6798
MGC,ORB2,"ORB2 08:20 10m opening-candle direction SHORT stop range to 15:55 days NONEWS",345,-923,-2.68,25.8,0.91,-0.66,1664,1,309,-1209,-3.91,22.7,0.93,-0.35,3518,-520,-292,-155,44,196,918,-2324
MGC,ORB2,"ORB2 08:20 10m break BOTH stop range to 15:55 days NONEWS",704,-238,-0.34,24.6,0.99,-0.11,2096,1,616,-6333,-10.28,20.5,0.83,-1.41,10678,-431,-1213,2070,-664,-436,3741,-9637
MGC,ORB2,"ORB2 08:20 10m opening-candle direction BOTH stop range to 15:55 days NONEWS",693,-566,-0.82,24.4,0.97,-0.27,2841,1,611,-4146,-6.79,21.6,0.88,-0.91,7766,-509,-1359,1554,-251,-314,2321,-6153
MGC,ORB2,"ORB2 08:20 10m break LONG stop range 2R days ALL",623,-1946,-3.12,34.0,0.88,-1.45,2084,1,564,-1243,-2.20,36.2,0.95,-0.44,4667,-80,-1532,516,-851,-278,2168,-3133
MGC,ORB2,"ORB2 08:20 10m opening-candle direction LONG stop range 2R days ALL",375,-1902,-5.07,29.9,0.81,-1.79,2158,1,324,-2610,-8.06,34.0,0.84,-1.29,3837,200,-1001,-315,-786,-708,1251,-3153
MGC,ORB2,"ORB2 08:20 10m break SHORT stop range 2R days ALL",630,-2734,-4.34,32.5,0.83,-2.10,3170,0,567,-3494,-6.16,33.7,0.88,-1.21,5371,-141,-1137,-92,-1365,-842,-928,-1724
MGC,ORB2,"ORB2 08:20 10m opening-candle direction SHORT stop range 2R days ALL",373,-855,-2.29,34.9,0.91,-0.80,1960,1,336,-1039,-3.09,34.2,0.94,-0.44,2589,-352,-946,-210,652,-148,-901,10
MGC,ORB2,"ORB2 08:20 10m break BOTH stop range 2R days ALL",760,-1858,-2.44,34.1,0.90,-1.22,2327,1,666,-974,-1.46,36.8,0.97,-0.31,4799,126,-1504,-55,-425,-182,2242,-3033
MGC,ORB2,"ORB2 08:20 10m opening-candle direction BOTH stop range 2R days ALL",748,-2757,-3.69,32.4,0.86,-1.83,3829,0,660,-3649,-5.53,34.1,0.89,-1.17,4872,-152,-1947,-525,-134,-856,351,-3144
MGC,ORB2,"ORB2 08:20 10m break LONG stop range 2R days NARROW",410,-1328,-3.24,32.7,0.85,-1.56,1661,1,458,144,0.31,34.5,1.01,0.07,2111,182,-655,-87,-768,-1081,1223,2
MGC,ORB2,"ORB2 08:20 10m opening-candle direction LONG stop range 2R days NARROW",249,-1830,-7.35,26.9,0.68,-2.80,2267,1,265,-1361,-5.14,33.2,0.88,-0.84,2673,377,-750,-689,-768,-678,1434,-2116
MGC,ORB2,"ORB2 08:20 10m break SHORT stop range 2R days NARROW",418,-1079,-2.58,32.8,0.88,-1.25,1217,0,452,-1034,-2.29,33.4,0.95,-0.48,3355,-156,-51,-24,-848,-1020,-186,172
MGC,ORB2,"ORB2 08:20 10m opening-candle direction SHORT stop range 2R days NARROW",225,-156,-0.69,34.7,0.97,-0.24,604,2,253,-2286,-9.04,30.4,0.80,-1.46,3917,-176,60,-188,149,-376,-480,-1430
MGC,ORB2,"ORB2 08:20 10m break BOTH stop range 2R days NARROW",485,-842,-1.74,33.8,0.92,-0.88,1201,1,524,1659,3.17,36.3,1.08,0.70,1166,76,-169,-233,-516,-771,2223,207
MGC,ORB2,"ORB2 08:20 10m opening-candle direction BOTH stop range 2R days NARROW",474,-1986,-4.19,30.6,0.81,-2.13,2243,1,518,-3647,-7.04,31.9,0.84,-1.62,4951,201,-690,-877,-619,-1054,953,-3546
MGC,ORB2,"ORB2 08:20 10m break LONG stop range 2R days NOTWIDE",608,-1862,-3.06,33.9,0.88,-1.46,1974,1,555,-1622,-2.92,35.5,0.94,-0.59,4342,-8,-1279,645,-1220,-632,1817,-2807
MGC,ORB2,"ORB2 08:20 10m opening-candle direction LONG stop range 2R days NOTWIDE",365,-2210,-6.05,29.0,0.77,-2.23,2561,1,321,-2672,-8.32,33.6,0.83,-1.33,3837,295,-1010,-325,-1170,-815,1297,-3153
MGC,ORB2,"ORB2 08:20 10m break SHORT stop range 2R days NOTWIDE",614,-3028,-4.93,31.9,0.80,-2.42,3172,0,560,-2819,-5.03,33.9,0.90,-1.00,4755,-349,-1131,-104,-1443,-523,-585,-1711
MGC,ORB2,"ORB2 08:20 10m opening-candle direction SHORT stop range 2R days NOTWIDE",358,-1255,-3.51,33.5,0.86,-1.24,2169,1,328,-562,-1.71,34.5,0.96,-0.25,2705,-403,-1123,-242,512,171,-595,-138
MGC,ORB2,"ORB2 08:20 10m break BOTH stop range 2R days NOTWIDE",735,-2170,-2.95,33.5,0.88,-1.50,2453,1,655,-240,-0.37,36.6,0.99,-0.08,4473,-11,-1372,86,-873,41,2427,-2708
MGC,ORB2,"ORB2 08:20 10m opening-candle direction BOTH stop range 2R days NOTWIDE",723,-3465,-4.79,31.3,0.82,-2.45,4220,0,649,-3234,-4.98,34.1,0.90,-1.07,4988,-108,-2132,-566,-658,-645,701,-3291
MGC,ORB2,"ORB2 08:20 10m break LONG stop range 2R days NONEWS",578,-1621,-2.81,34.6,0.89,-1.25,1797,1,526,-2131,-4.05,35.6,0.92,-0.78,5005,-24,-1453,836,-981,-582,2176,-3725
MGC,ORB2,"ORB2 08:20 10m opening-candle direction LONG stop range 2R days NONEWS",348,-1708,-4.91,30.2,0.82,-1.65,1962,1,302,-3413,-11.30,32.8,0.78,-1.76,4047,194,-912,-160,-830,-746,951,-3618
MGC,ORB2,"ORB2 08:20 10m break SHORT stop range 2R days NONEWS",584,-2547,-4.36,32.4,0.83,-2.03,3111,1,526,-5059,-9.62,32.9,0.81,-1.87,6558,5,-1010,-240,-1302,-920,-1370,-2769
MGC,ORB2,"ORB2 08:20 10m opening-candle direction SHORT stop range 2R days NONEWS",345,-664,-1.92,35.4,0.92,-0.65,1844,1,309,-2020,-6.54,33.3,0.87,-0.91,3839,-290,-692,-471,789,-248,-1183,-590
MGC,ORB2,"ORB2 08:20 10m break BOTH stop range 2R days NONEWS",704,-1997,-2.84,33.8,0.89,-1.36,2566,1,616,-4053,-6.58,35.4,0.87,-1.37,5976,182,-1567,-55,-557,-484,1428,-4996
MGC,ORB2,"ORB2 08:20 10m opening-candle direction BOTH stop range 2R days NONEWS",693,-2372,-3.42,32.8,0.87,-1.63,3453,0,611,-5433,-8.89,33.1,0.83,-1.85,6260,-95,-1604,-631,-41,-994,-231,-4208
MGC,ORB2,"ORB2 08:20 10m break LONG stop range 4R days ALL",623,-612,-0.98,27.8,0.96,-0.36,1598,1,564,-2056,-3.65,26.4,0.93,-0.60,4970,-455,-993,1386,-551,-506,1700,-3250
MGC,ORB2,"ORB2 08:20 10m opening-candle direction LONG stop range 4R days ALL",375,-854,-2.28,24.8,0.92,-0.64,1635,2,324,-3173,-9.79,23.5,0.82,-1.28,3524,179,-1049,613,-597,-694,737,-3216
MGC,ORB2,"ORB2 08:20 10m break SHORT stop range 4R days ALL",630,-2541,-4.03,25.4,0.85,-1.57,2938,1,567,-1152,-2.03,24.9,0.96,-0.30,4514,-185,-924,420,-1853,-603,1890,-2439
MGC,ORB2,"ORB2 08:20 10m opening-candle direction SHORT stop range 4R days ALL",373,-1245,-3.34,26.8,0.88,-0.96,1934,1,336,697,2.07,26.8,1.04,0.23,2593,-582,-340,-575,251,392,815,-510
MGC,ORB2,"ORB2 08:20 10m break BOTH stop range 4R days ALL",760,-1372,-1.81,26.6,0.94,-0.72,2090,1,666,-1671,-2.51,25.7,0.96,-0.42,7009,-334,-976,756,-818,377,3789,-5836
MGC,ORB2,"ORB2 08:20 10m opening-candle direction BOTH stop range 4R days ALL",748,-2099,-2.81,25.8,0.90,-1.13,3217,1,660,-2476,-3.75,25.2,0.93,-0.63,5133,-403,-1389,38,-346,-302,1553,-3727
MGC,ORB2,"ORB2 08:20 10m break LONG stop range 4R days NARROW",410,243,0.59,25.1,1.03,0.20,1091,2,458,147,0.32,23.4,1.01,0.05,2399,-65,95,883,-670,-1366,1216,297
MGC,ORB2,"ORB2 08:20 10m opening-candle direction LONG stop range 4R days NARROW",249,-274,-1.10,22.5,0.95,-0.29,814,2,265,-1481,-5.59,21.1,0.89,-0.67,2392,395,-333,153,-489,-699,1041,-1822
MGC,ORB2,"ORB2 08:20 10m break SHORT stop range 4R days NARROW",418,-1312,-3.14,22.7,0.87,-1.17,1663,1,452,-829,-1.83,22.8,0.96,-0.28,2932,-143,-343,699,-1525,-1368,2004,-1465
MGC,ORB2,"ORB2 08:20 10m opening-candle direction SHORT stop range 4R days NARROW",225,-691,-3.07,23.1,0.87,-0.83,884,1,253,-1351,-5.34,21.7,0.89,-0.63,3284,-195,236,-374,-357,-394,558,-1515
MGC,ORB2,"ORB2 08:20 10m break BOTH stop range 4R days NARROW",485,-11,-0.02,23.9,1.00,-0.01,1721,2,524,-628,-1.20,22.9,0.98,-0.20,4010,-199,74,1205,-1091,-796,3395,-3227
MGC,ORB2,"ORB2 08:20 10m opening-candle direction BOTH stop range 4R days NARROW",474,-965,-2.04,22.8,0.92,-0.77,1471,1,518,-2832,-5.47,21.4,0.89,-0.92,4695,200,-97,-221,-846,-1093,1598,-3337
MGC,ORB2,"ORB2 08:20 10m break LONG stop range 4R days NOTWIDE",608,-436,-0.72,27.5,0.97,-0.27,1422,1,555,-2259,-4.07,25.6,0.92,-0.67,4458,-383,-740,1626,-939,-860,1525,-2924
MGC,ORB2,"ORB2 08:20 10m opening-candle direction LONG stop range 4R days NOTWIDE",365,-1163,-3.19,23.8,0.89,-0.90,1560,2,321,-3235,-10.08,23.1,0.82,-1.31,3524,274,-1058,634,-1013,-801,783,-3216
MGC,ORB2,"ORB2 08:20 10m break SHORT stop range 4R days NOTWIDE",614,-3163,-5.15,24.6,0.81,-2.07,3216,1,560,-761,-1.36,25.0,0.98,-0.20,4501,-579,-918,408,-2073,-284,1949,-2426
MGC,ORB2,"ORB2 08:20 10m opening-candle direction SHORT stop range 4R days NOTWIDE",358,-1724,-4.82,25.1,0.83,-1.40,2100,0,328,890,2.71,26.8,1.05,0.31,2654,-633,-454,-607,-31,711,837,-658
MGC,ORB2,"ORB2 08:20 10m break BOTH stop range 4R days NOTWIDE",735,-1920,-2.61,25.7,0.91,-1.06,2083,1,655,-1221,-1.86,25.3,0.97,-0.32,6683,-657,-844,1008,-1427,600,3690,-5511
MGC,ORB2,"ORB2 08:20 10m opening-candle direction BOTH stop range 4R days NOTWIDE",723,-2887,-3.99,24.5,0.86,-1.62,3223,1,649,-2345,-3.61,25.0,0.93,-0.62,5281,-359,-1511,28,-1044,-91,1619,-3874
MGC,ORB2,"ORB2 08:20 10m break LONG stop range 4R days NONEWS",578,-605,-1.05,28.0,0.96,-0.37,1735,1,526,-2317,-4.40,26.2,0.92,-0.69,5234,-491,-1155,1706,-666,-1011,1859,-3165
MGC,ORB2,"ORB2 08:20 10m opening-candle direction LONG stop range 4R days NONEWS",348,-791,-2.27,25.0,0.92,-0.61,1527,2,302,-3977,-13.17,22.8,0.77,-1.70,4395,81,-1075,820,-617,-860,715,-3832
MGC,ORB2,"ORB2 08:20 10m break SHORT stop range 4R days NONEWS",584,-2474,-4.24,25.3,0.85,-1.59,2967,1,526,-4455,-8.47,23.8,0.85,-1.26,5679,-39,-906,242,-1771,-848,1053,-4660
MGC,ORB2,"ORB2 08:20 10m opening-candle direction SHORT stop range 4R days NONEWS",345,-1140,-3.30,27.2,0.88,-0.93,1868,1,309,-1766,-5.72,25.2,0.90,-0.65,3937,-520,-192,-730,302,2,29,-1798
MGC,ORB2,"ORB2 08:20 10m break BOTH stop range 4R days NONEWS",704,-2032,-2.89,26.1,0.90,-1.12,2562,1,616,-5558,-9.02,24.4,0.85,-1.51,8768,-370,-1297,602,-967,-202,2829,-8184
MGC,ORB2,"ORB2 08:20 10m opening-candle direction BOTH stop range 4R days NONEWS",693,-1931,-2.79,26.1,0.90,-1.08,2862,1,611,-5743,-9.40,24.1,0.84,-1.60,7131,-438,-1267,90,-315,-858,745,-5630
MGC,ORB2,"ORB2 08:20 10m break LONG stop 0.10×ATR to 15:55 days ALL",623,-1155,-1.85,12.5,0.89,-0.83,1821,1,564,-4789,-8.49,12.1,0.77,-1.66,6592,-170,-1090,307,-202,-2693,281,-2377
MGC,ORB2,"ORB2 08:20 10m opening-candle direction LONG stop 0.10×ATR to 15:55 days ALL",375,824,2.20,13.1,1.13,0.65,1097,3,324,-287,-0.88,12.0,0.98,-0.11,2995,38,-317,758,344,-269,1353,-1370
MGC,ORB2,"ORB2 08:20 10m break SHORT stop 0.10×ATR to 15:55 days ALL",630,-3611,-5.73,9.2,0.66,-2.74,3929,0,567,-2349,-4.14,10.6,0.89,-0.65,2959,-360,-1388,-360,-1502,-2009,1937,-2276
MGC,ORB2,"ORB2 08:20 10m opening-candle direction SHORT stop 0.10×ATR to 15:55 days ALL",373,-1242,-3.33,11.0,0.80,-1.24,1593,1,336,1202,3.58,11.9,1.09,0.35,1898,-327,-495,101,-522,238,1542,-577
MGC,ORB2,"ORB2 08:20 10m break BOTH stop 0.10×ATR to 15:55 days ALL",760,-1543,-2.03,11.2,0.88,-0.94,2016,1,666,-2184,-3.28,11.0,0.91,-0.55,3526,-341,-933,331,-600,-2102,2362,-2445
MGC,ORB2,"ORB2 08:20 10m opening-candle direction BOTH stop 0.10×ATR to 15:55 days ALL",748,-419,-0.56,12.0,0.97,-0.26,2261,1,660,916,1.39,12.0,1.04,0.21,3676,-288,-812,860,-178,-32,2894,-1947
MGC,ORB2,"ORB2 08:20 10m break LONG stop 0.10×ATR to 15:55 days NARROW",410,-9,-0.02,14.1,1.00,-0.01,1064,2,458,-2591,-5.66,12.2,0.85,-0.93,4506,63,-248,279,-104,-2235,491,-848
MGC,ORB2,"ORB2 08:20 10m opening-candle direction LONG stop 0.10×ATR to 15:55 days NARROW",249,1005,4.04,14.5,1.24,0.93,572,3,265,923,3.48,13.2,1.09,0.35,2675,213,100,740,-49,-67,1913,-924
MGC,ORB2,"ORB2 08:20 10m break SHORT stop 0.10×ATR to 15:55 days NARROW",418,-1887,-4.51,10.3,0.74,-1.65,1932,1,452,-2759,-6.10,10.8,0.84,-0.89,3113,-143,-707,198,-1235,-2075,1884,-2568
MGC,ORB2,"ORB2 08:20 10m opening-candle direction SHORT stop 0.10×ATR to 15:55 days NARROW",225,-1087,-4.83,10.7,0.72,-1.47,1087,1,253,-1874,-7.41,9.9,0.82,-0.73,2369,-171,-403,259,-772,-603,-70,-1200
MGC,ORB2,"ORB2 08:20 10m break BOTH stop 0.10×ATR to 15:55 days NARROW",485,155,0.32,12.6,1.02,0.11,971,1,524,-1442,-2.75,11.5,0.93,-0.41,2953,-36,-25,870,-654,-2051,2665,-2057
MGC,ORB2,"ORB2 08:20 10m opening-candle direction BOTH stop 0.10×ATR to 15:55 days NARROW",474,-83,-0.17,12.7,0.99,-0.06,1102,2,518,-951,-1.84,11.6,0.95,-0.26,3309,43,-303,999,-821,-670,1843,-2124
MGC,ORB2,"ORB2 08:20 10m break LONG stop 0.10×ATR to 15:55 days NOTWIDE",608,-895,-1.47,12.8,0.91,-0.64,1671,1,555,-4435,-7.99,12.3,0.79,-1.54,6289,-154,-1020,430,-151,-2644,442,-2234
MGC,ORB2,"ORB2 08:20 10m opening-candle direction LONG stop 0.10×ATR to 15:55 days NOTWIDE",365,744,2.04,13.2,1.12,0.59,1064,3,321,-211,-0.66,12.1,0.98,-0.08,2995,70,-301,827,148,-246,1405,-1370
MGC,ORB2,"ORB2 08:20 10m break SHORT stop 0.10×ATR to 15:55 days NOTWIDE",614,-3751,-6.11,9.1,0.64,-2.96,3770,0,560,-2060,-3.68,10.7,0.90,-0.57,2867,-329,-1324,-280,-1818,-1957,2082,-2184
MGC,ORB2,"ORB2 08:20 10m opening-candle direction SHORT stop 0.10×ATR to 15:55 days NOTWIDE",358,-1431,-4.00,10.6,0.76,-1.54,1574,1,328,1536,4.68,12.2,1.12,0.45,1898,-311,-437,185,-867,289,1681,-434
MGC,ORB2,"ORB2 08:20 10m break BOTH stop 0.10×ATR to 15:55 days NOTWIDE",735,-1528,-2.08,11.3,0.88,-0.95,1699,1,655,-1775,-2.71,11.1,0.93,-0.45,3434,-294,-853,483,-864,-2027,2554,-2302
MGC,ORB2,"ORB2 08:20 10m opening-candle direction BOTH stop 0.10×ATR to 15:55 days NOTWIDE",723,-687,-0.95,11.9,0.94,-0.44,2142,1,649,1325,2.04,12.2,1.05,0.31,3584,-242,-738,1012,-719,43,3086,-1804
MGC,ORB2,"ORB2 08:20 10m break LONG stop 0.10×ATR to 15:55 days NONEWS",578,-622,-1.08,13.1,0.93,-0.45,1631,2,526,-4718,-8.97,12.0,0.76,-1.70,6379,-101,-1088,501,66,-2596,174,-2297
MGC,ORB2,"ORB2 08:20 10m opening-candle direction LONG stop 0.10×ATR to 15:55 days NONEWS",348,816,2.34,13.2,1.14,0.66,1001,3,302,-664,-2.20,11.6,0.94,-0.26,2878,87,-284,898,115,-190,1058,-1533
MGC,ORB2,"ORB2 08:20 10m break SHORT stop 0.10×ATR to 15:55 days NONEWS",584,-3090,-5.29,9.4,0.69,-2.37,3444,0,526,-4916,-9.35,10.3,0.76,-1.59,5195,-306,-1244,-94,-1446,-1672,832,-4075
MGC,ORB2,"ORB2 08:20 10m opening-candle direction SHORT stop 0.10×ATR to 15:55 days NONEWS",345,-1132,-3.28,11.0,0.81,-1.16,1521,1,309,-1114,-3.60,11.3,0.91,-0.38,3031,-307,-335,61,-552,-1,1670,-2782
MGC,ORB2,"ORB2 08:20 10m break BOTH stop 0.10×ATR to 15:55 days NONEWS",704,-980,-1.39,11.5,0.92,-0.60,1620,1,616,-5681,-9.22,10.2,0.76,-1.66,6350,-272,-853,613,-469,-1774,752,-4659
MGC,ORB2,"ORB2 08:20 10m opening-candle direction BOTH stop 0.10×ATR to 15:55 days NONEWS",693,-316,-0.46,12.1,0.97,-0.20,2118,1,611,-1778,-2.91,11.5,0.92,-0.46,5197,-219,-619,959,-436,-191,2727,-4315
MGC,ORB2,"ORB2 08:20 10m break LONG stop 0.10×ATR 2R days ALL",623,-3200,-5.14,27.9,0.62,-5.67,3217,0,564,-3844,-6.82,29.6,0.77,-2.51,3950,-72,-1283,-950,-896,-1516,175,-2503
MGC,ORB2,"ORB2 08:20 10m opening-candle direction LONG stop 0.10×ATR 2R days ALL",375,-1552,-4.14,29.6,0.69,-3.45,1682,1,324,-1916,-5.91,32.4,0.80,-1.69,2519,66,-713,-305,-601,-187,531,-2260
MGC,ORB2,"ORB2 08:20 10m break SHORT stop 0.10×ATR 2R days ALL",630,-3056,-4.85,27.9,0.64,-5.35,3090,0,567,-3606,-6.36,29.8,0.79,-2.34,3959,-355,-1047,-662,-992,-1290,-1211,-1105
MGC,ORB2,"ORB2 08:20 10m opening-candle direction SHORT stop 0.10×ATR 2R days ALL",373,-1160,-3.11,32.2,0.76,-2.56,1221,0,336,-2064,-6.14,32.1,0.79,-1.78,2787,-226,-490,-206,-239,-428,-57,-1579
MGC,ORB2,"ORB2 08:20 10m break BOTH stop 0.10×ATR 2R days ALL",760,-3098,-4.08,29.6,0.69,-4.85,3142,0,666,-2018,-3.03,32.1,0.89,-1.18,2286,-228,-1051,-830,-989,-1178,57,-897
MGC,ORB2,"ORB2 08:20 10m opening-candle direction BOTH stop 0.10×ATR 2R days ALL",748,-2712,-3.63,30.9,0.72,-4.26,2756,0,660,-3980,-6.03,32.3,0.80,-2.45,4357,-160,-1202,-511,-839,-615,474,-3839
MGC,ORB2,"ORB2 08:20 10m break LONG stop 0.10×ATR 2R days NARROW",410,-1935,-4.72,29.0,0.66,-4.07,1935,0,458,-1970,-4.30,30.8,0.86,-1.37,2197,-93,-744,-518,-580,-1245,14,-740
MGC,ORB2,"ORB2 08:20 10m opening-candle direction LONG stop 0.10×ATR 2R days NARROW",249,-1066,-4.28,29.7,0.69,-2.84,1208,1,265,-1107,-4.18,33.6,0.86,-1.04,1852,59,-421,-204,-499,-196,719,-1630
MGC,ORB2,"ORB2 08:20 10m break SHORT stop 0.10×ATR 2R days NARROW",418,-1646,-3.94,29.9,0.71,-3.37,1680,0,452,-3096,-6.85,30.1,0.78,-2.23,3347,-172,-410,-262,-801,-1032,-983,-1082
MGC,ORB2,"ORB2 08:20 10m opening-candle direction SHORT stop 0.10×ATR 2R days NARROW",225,-881,-3.91,30.7,0.71,-2.46,909,0,253,-2665,-10.53,29.2,0.68,-2.67,3511,-125,-255,-233,-267,-461,-513,-1691
MGC,ORB2,"ORB2 08:20 10m break BOTH stop 0.10×ATR 2R days NARROW",485,-1713,-3.53,30.9,0.74,-3.23,1777,0,524,-737,-1.41,33.4,0.95,-0.47,1332,-178,-409,-399,-727,-838,32,69
MGC,ORB2,"ORB2 08:20 10m opening-candle direction BOTH stop 0.10×ATR 2R days NARROW",474,-1946,-4.11,30.2,0.70,-3.76,1975,0,518,-3772,-7.28,31.5,0.77,-2.58,4329,-67,-676,-437,-767,-657,206,-3322
MGC,ORB2,"ORB2 08:20 10m break LONG stop 0.10×ATR 2R days NOTWIDE",608,-3029,-4.98,28.3,0.63,-5.40,3062,0,555,-3701,-6.67,29.5,0.78,-2.43,3808,-57,-1213,-868,-891,-1539,198,-2361
MGC,ORB2,"ORB2 08:20 10m opening-candle direction LONG stop 0.10×ATR 2R days NOTWIDE",365,-1518,-4.16,29.6,0.69,-3.41,1679,1,321,-1920,-5.98,32.4,0.80,-1.69,2519,97,-697,-278,-641,-164,504,-2260
MGC,ORB2,"ORB2 08:20 10m break SHORT stop 0.10×ATR 2R days NOTWIDE",614,-3029,-4.93,27.9,0.64,-5.37,3063,0,560,-3316,-5.92,30.2,0.80,-2.16,3670,-323,-1024,-660,-1022,-1238,-1066,-1013
MGC,ORB2,"ORB2 08:20 10m opening-candle direction SHORT stop 0.10×ATR 2R days NOTWIDE",358,-1233,-3.44,31.6,0.73,-2.80,1261,0,328,-1879,-5.73,32.3,0.81,-1.63,2653,-249,-467,-200,-317,-449,6,-1436
MGC,ORB2,"ORB2 08:20 10m break BOTH stop 0.10×ATR 2R days NOTWIDE",735,-3005,-4.09,29.7,0.69,-4.78,3096,0,655,-1747,-2.67,32.4,0.91,-1.03,2067,-181,-1012,-798,-1014,-1103,110,-754
MGC,ORB2,"ORB2 08:20 10m opening-candle direction BOTH stop 0.10×ATR 2R days NOTWIDE",723,-2751,-3.81,30.6,0.71,-4.40,2804,0,649,-3799,-5.85,32.4,0.80,-2.35,4176,-151,-1163,-478,-958,-613,510,-3696
MGC,ORB2,"ORB2 08:20 10m break LONG stop 0.10×ATR 2R days NONEWS",578,-2753,-4.76,28.5,0.65,-5.01,2753,0,526,-4056,-7.71,29.1,0.75,-2.76,4056,-135,-1068,-805,-746,-1509,278,-2824
MGC,ORB2,"ORB2 08:20 10m opening-candle direction LONG stop 0.10×ATR 2R days NONEWS",348,-1479,-4.25,29.3,0.68,-3.41,1592,1,302,-2341,-7.75,31.5,0.74,-2.18,2751,30,-591,-266,-652,-117,375,-2599
MGC,ORB2,"ORB2 08:20 10m break SHORT stop 0.10×ATR 2R days NONEWS",584,-2627,-4.50,28.6,0.66,-4.74,2661,0,526,-3538,-6.73,29.7,0.78,-2.39,4010,-301,-932,-524,-871,-1126,-1171,-1241
MGC,ORB2,"ORB2 08:20 10m opening-candle direction SHORT stop 0.10×ATR 2R days NONEWS",345,-954,-2.77,33.0,0.78,-2.18,1033,0,309,-2248,-7.27,31.4,0.76,-2.03,3103,-205,-330,-204,-215,-396,-56,-1796
MGC,ORB2,"ORB2 08:20 10m break BOTH stop 0.10×ATR 2R days NONEWS",704,-2597,-3.69,30.4,0.72,-4.19,2645,0,616,-2582,-4.19,31.3,0.86,-1.58,2641,-251,-878,-618,-850,-1120,-9,-1453
MGC,ORB2,"ORB2 08:20 10m opening-candle direction BOTH stop 0.10×ATR 2R days NONEWS",693,-2433,-3.51,31.2,0.73,-3.96,2470,0,611,-4589,-7.51,31.4,0.75,-2.98,4869,-175,-920,-470,-867,-513,319,-4395
MGC,ORB2,"ORB2 08:20 10m break LONG stop 0.10×ATR 4R days ALL",623,-3046,-4.89,17.7,0.69,-3.91,3046,0,564,-913,-1.62,20.6,0.95,-0.41,2642,-210,-1342,-625,-868,-1173,640,-381
MGC,ORB2,"ORB2 08:20 10m opening-candle direction LONG stop 0.10×ATR 4R days ALL",375,-1502,-4.01,18.1,0.74,-2.40,1732,1,324,657,2.03,21.6,1.06,0.38,1665,153,-626,-519,-511,-305,1357,-395
MGC,ORB2,"ORB2 08:20 10m break SHORT stop 0.10×ATR 4R days ALL",630,-3468,-5.50,16.0,0.65,-4.44,3475,0,567,-786,-1.39,19.2,0.96,-0.34,2475,-403,-1039,-871,-1155,-1673,287,600
MGC,ORB2,"ORB2 08:20 10m opening-candle direction SHORT stop 0.10×ATR 4R days ALL",373,-1228,-3.29,19.3,0.78,-1.95,1635,1,336,-1052,-3.13,20.2,0.91,-0.63,2516,-185,-574,-523,54,-471,-411,-170
MGC,ORB2,"ORB2 08:20 10m break BOTH stop 0.10×ATR 4R days ALL",760,-3506,-4.61,17.2,0.70,-3.99,3513,0,666,2271,3.41,21.6,1.10,0.88,1611,-301,-1241,-986,-979,-1119,1721,1668
MGC,ORB2,"ORB2 08:20 10m opening-candle direction BOTH stop 0.10×ATR 4R days ALL",748,-2731,-3.65,18.7,0.76,-3.07,3148,0,660,-395,-0.60,20.9,0.98,-0.16,3102,-32,-1200,-1042,-457,-776,946,-565
MGC,ORB2,"ORB2 08:20 10m break LONG stop 0.10×ATR 4R days NARROW",410,-1608,-3.92,19.0,0.75,-2.42,1608,0,458,221,0.48,20.5,1.01,0.10,1523,-120,-800,-152,-535,-1124,179,1165
MGC,ORB2,"ORB2 08:20 10m opening-candle direction LONG stop 0.10×ATR 4R days NARROW",249,-1019,-4.09,18.5,0.74,-1.96,1293,1,265,1392,5.25,22.6,1.16,0.84,1242,201,-357,-361,-503,-245,1367,269
MGC,ORB2,"ORB2 08:20 10m break SHORT stop 0.10×ATR 4R days NARROW",418,-1733,-4.15,17.7,0.74,-2.55,1740,0,452,-953,-2.11,19.5,0.94,-0.46,2065,-281,-391,-155,-905,-1444,600,-110
MGC,ORB2,"ORB2 08:20 10m opening-candle direction SHORT stop 0.10×ATR 4R days NARROW",225,-791,-3.52,18.7,0.78,-1.56,881,0,253,-2375,-9.39,17.4,0.75,-1.71,4133,-171,-217,-256,-147,-700,-1130,-546
MGC,ORB2,"ORB2 08:20 10m break BOTH stop 0.10×ATR 4R days NARROW",485,-1682,-3.47,18.8,0.78,-2.26,1690,0,524,2411,4.60,21.9,1.14,1.02,1513,-234,-479,-339,-630,-1006,1447,1970
MGC,ORB2,"ORB2 08:20 10m opening-candle direction BOTH stop 0.10×ATR 4R days NARROW",474,-1810,-3.82,18.6,0.76,-2.49,1909,1,518,-984,-1.90,20.1,0.95,-0.45,3438,30,-574,-617,-650,-945,238,-276
MGC,ORB2,"ORB2 08:20 10m break LONG stop 0.10×ATR 4R days NOTWIDE",608,-2856,-4.70,17.9,0.70,-3.68,2856,0,555,-909,-1.64,20.4,0.95,-0.41,2511,-195,-1273,-571,-817,-1243,572,-238
MGC,ORB2,"ORB2 08:20 10m opening-candle direction LONG stop 0.10×ATR 4R days NOTWIDE",365,-1478,-4.05,18.1,0.74,-2.38,1738,1,321,601,1.87,21.5,1.06,0.35,1665,185,-610,-519,-533,-282,1278,-395
MGC,ORB2,"ORB2 08:20 10m break SHORT stop 0.10×ATR 4R days NOTWIDE",614,-3611,-5.88,15.6,0.63,-4.74,3618,0,560,-497,-0.89,19.5,0.97,-0.22,2336,-372,-1083,-920,-1237,-1621,433,692
MGC,ORB2,"ORB2 08:20 10m opening-candle direction SHORT stop 0.10×ATR 4R days NOTWIDE",358,-1529,-4.27,18.2,0.72,-2.54,1725,0,328,-845,-2.58,20.4,0.92,-0.51,2359,-234,-618,-569,-108,-419,-399,-27
MGC,ORB2,"ORB2 08:20 10m break BOTH stop 0.10×ATR 4R days NOTWIDE",735,-3564,-4.85,17.0,0.69,-4.15,3571,0,655,2450,3.74,21.7,1.11,0.95,1531,-254,-1269,-1032,-1009,-1044,1683,1811
MGC,ORB2,"ORB2 08:20 10m opening-candle direction BOTH stop 0.10×ATR 4R days NOTWIDE",723,-3007,-4.16,18.1,0.73,-3.48,3214,0,649,-244,-0.38,21.0,0.99,-0.10,3011,-49,-1227,-1088,-642,-701,879,-422
MGC,ORB2,"ORB2 08:20 10m break LONG stop 0.10×ATR 4R days NONEWS",578,-2395,-4.14,18.5,0.73,-3.12,2395,0,526,-1844,-3.51,19.8,0.90,-0.87,2803,-141,-1179,-431,-644,-1385,607,-1065
MGC,ORB2,"ORB2 08:20 10m opening-candle direction LONG stop 0.10×ATR 4R days NONEWS",348,-1312,-3.77,18.4,0.76,-2.16,1527,1,302,-552,-1.83,20.2,0.95,-0.34,1850,138,-532,-379,-539,-281,1012,-1283
MGC,ORB2,"ORB2 08:20 10m break SHORT stop 0.10×ATR 4R days NONEWS",584,-3118,-5.34,16.1,0.66,-4.12,3125,0,526,-1130,-2.15,19.0,0.94,-0.51,2413,-349,-903,-766,-1100,-1535,228,178
MGC,ORB2,"ORB2 08:20 10m opening-candle direction SHORT stop 0.10×ATR 4R days NONEWS",345,-1041,-3.02,19.7,0.80,-1.70,1448,1,309,-1629,-5.27,19.4,0.85,-1.04,3235,-165,-414,-555,94,-565,-180,-884
MGC,ORB2,"ORB2 08:20 10m break BOTH stop 0.10×ATR 4R days NONEWS",704,-2856,-4.06,17.9,0.74,-3.32,2876,0,616,261,0.42,20.5,1.01,0.11,1562,-232,-1053,-781,-790,-1190,1384,66
MGC,ORB2,"ORB2 08:20 10m opening-candle direction BOTH stop 0.10×ATR 4R days NONEWS",693,-2353,-3.40,19.0,0.78,-2.73,2793,0,611,-2181,-3.57,19.8,0.90,-0.97,3859,-27,-946,-935,-445,-846,832,-2167
MGC,ORB2,"ORB2 08:20 10m break LONG stop 0.15×ATR to 15:55 days ALL",623,-220,-0.35,18.6,0.98,-0.13,1470,1,564,-5725,-10.15,17.9,0.80,-1.65,7523,-302,-700,872,-90,-1475,763,-5012
MGC,ORB2,"ORB2 08:20 10m opening-candle direction LONG stop 0.15×ATR to 15:55 days ALL",375,1304,3.48,18.1,1.16,0.86,1376,3,324,-2967,-9.16,16.0,0.83,-1.01,5030,263,-653,1502,192,-624,895,-3239
MGC,ORB2,"ORB2 08:20 10m break SHORT stop 0.15×ATR to 15:55 days ALL",630,-3504,-5.56,15.4,0.75,-2.24,3762,1,567,-496,-0.87,17.3,0.98,-0.11,3574,-572,-1839,581,-1674,-1141,2881,-2237
MGC,ORB2,"ORB2 08:20 10m opening-candle direction SHORT stop 0.15×ATR to 15:55 days ALL",373,-2053,-5.50,16.4,0.76,-1.84,2298,0,336,622,1.85,17.9,1.04,0.17,2306,-336,-858,-76,-782,409,1200,-986
MGC,ORB2,"ORB2 08:20 10m break BOTH stop 0.15×ATR to 15:55 days ALL",760,-1358,-1.79,16.4,0.92,-0.70,2101,1,666,-1221,-1.83,17.1,0.96,-0.26,5324,-530,-1430,1152,-550,-922,4438,-4738
MGC,ORB2,"ORB2 08:20 10m opening-candle direction BOTH stop 0.15×ATR to 15:55 days ALL",748,-750,-1.00,17.2,0.96,-0.40,2797,1,660,-2345,-3.55,17.0,0.93,-0.50,5990,-74,-1511,1426,-590,-215,2095,-4225
MGC,ORB2,"ORB2 08:20 10m break LONG stop 0.15×ATR to 15:55 days NARROW",410,1543,3.76,21.2,1.17,1.02,851,4,458,-3832,-8.37,17.5,0.84,-1.16,5461,53,128,1119,244,-1722,422,-2532
MGC,ORB2,"ORB2 08:20 10m opening-candle direction LONG stop 0.15×ATR to 15:55 days NARROW",249,804,3.23,18.5,1.14,0.65,834,2,265,-1460,-5.51,17.0,0.90,-0.52,4338,275,-242,1058,-287,-410,1310,-2361
MGC,ORB2,"ORB2 08:20 10m break SHORT stop 0.15×ATR to 15:55 days NARROW",418,-1611,-3.85,16.7,0.83,-1.20,1611,1,452,-1133,-2.51,17.9,0.95,-0.31,3079,-247,-1103,951,-1211,-953,1913,-2093
MGC,ORB2,"ORB2 08:20 10m opening-candle direction SHORT stop 0.15×ATR to 15:55 days NARROW",225,-1183,-5.26,17.8,0.77,-1.39,1236,1,253,-1932,-7.64,16.2,0.86,-0.67,2835,-163,-445,347,-923,-521,-46,-1366
MGC,ORB2,"ORB2 08:20 10m break BOTH stop 0.15×ATR to 15:55 days NARROW",485,1299,2.68,19.0,1.12,0.75,1094,1,524,-1571,-3.00,17.2,0.94,-0.39,3816,-71,-387,2078,-321,-1233,3303,-3641
MGC,ORB2,"ORB2 08:20 10m opening-candle direction BOTH stop 0.15×ATR to 15:55 days NARROW",474,-380,-0.80,18.1,0.96,-0.25,1747,2,518,-3392,-6.55,16.6,0.88,-0.84,5185,112,-687,1405,-1210,-930,1264,-3727
MGC,ORB2,"ORB2 08:20 10m break LONG stop 0.15×ATR to 15:55 days NOTWIDE",608,149,0.24,19.1,1.01,0.09,1347,1,555,-5503,-9.92,18.0,0.81,-1.59,7225,-280,-601,1048,-18,-1700,998,-4800
MGC,ORB2,"ORB2 08:20 10m opening-candle direction LONG stop 0.15×ATR to 15:55 days NOTWIDE",365,1067,2.92,18.1,1.13,0.72,1329,3,321,-2858,-8.90,16.2,0.83,-0.98,5030,307,-630,1381,10,-590,971,-3239
MGC,ORB2,"ORB2 08:20 10m break SHORT stop 0.15×ATR to 15:55 days NOTWIDE",614,-3564,-5.80,15.3,0.74,-2.35,3564,1,560,-72,-0.13,17.5,1.00,-0.02,3468,-528,-1757,696,-1975,-1065,3094,-2100
MGC,ORB2,"ORB2 08:20 10m opening-candle direction SHORT stop 0.15×ATR to 15:55 days NOTWIDE",358,-2220,-6.20,15.9,0.73,-2.12,2273,1,328,1112,3.39,18.3,1.07,0.30,2170,-388,-756,43,-1119,484,1403,-775
MGC,ORB2,"ORB2 08:20 10m break BOTH stop 0.15×ATR to 15:55 days NOTWIDE",735,-1199,-1.63,16.6,0.93,-0.63,1960,1,655,-623,-0.95,17.4,0.98,-0.13,5113,-464,-1326,1369,-779,-814,4717,-4526
MGC,ORB2,"ORB2 08:20 10m opening-candle direction BOTH stop 0.15×ATR to 15:55 days NOTWIDE",723,-1152,-1.59,17.0,0.93,-0.64,2589,1,649,-1747,-2.69,17.3,0.95,-0.37,5779,-81,-1386,1424,-1109,-107,2373,-4014
MGC,ORB2,"ORB2 08:20 10m break LONG stop 0.15×ATR to 15:55 days NONEWS",578,327,0.57,19.6,1.03,0.20,1143,1,526,-5256,-9.99,18.1,0.81,-1.56,7160,-204,-587,1150,-32,-1500,879,-4636
MGC,ORB2,"ORB2 08:20 10m opening-candle direction LONG stop 0.15×ATR to 15:55 days NONEWS",348,1152,3.31,18.1,1.15,0.80,1357,3,302,-2955,-9.78,15.9,0.81,-1.05,4684,96,-725,1772,8,-494,741,-3202
MGC,ORB2,"ORB2 08:20 10m break SHORT stop 0.15×ATR to 15:55 days NONEWS",584,-3077,-5.27,15.8,0.77,-2.03,3386,1,526,-3567,-6.78,16.9,0.87,-0.93,4881,-495,-1593,544,-1533,-1224,1985,-4328
MGC,ORB2,"ORB2 08:20 10m opening-candle direction SHORT stop 0.15×ATR to 15:55 days NONEWS",345,-1745,-5.06,16.8,0.77,-1.61,2017,0,309,-1474,-4.77,17.5,0.91,-0.45,3918,-308,-631,-48,-759,258,1485,-3217
MGC,ORB2,"ORB2 08:20 10m break BOTH stop 0.15×ATR to 15:55 days NONEWS",704,-1146,-1.63,16.8,0.93,-0.61,1834,1,616,-4949,-8.03,16.4,0.84,-1.19,7235,-432,-1226,1136,-624,-1247,3075,-6778
MGC,ORB2,"ORB2 08:20 10m opening-candle direction BOTH stop 0.15×ATR to 15:55 days NONEWS",693,-594,-0.86,17.5,0.96,-0.33,2499,1,611,-4429,-7.25,16.7,0.86,-1.03,8164,-212,-1356,1725,-751,-236,2226,-6419
MGC,ORB2,"ORB2 08:20 10m break LONG stop 0.15×ATR 2R days ALL",623,-3084,-4.95,30.0,0.74,-3.60,3137,0,564,-3968,-7.04,32.3,0.84,-1.73,4632,-73,-1239,-910,-861,-745,830,-4053
MGC,ORB2,"ORB2 08:20 10m opening-candle direction LONG stop 0.15×ATR 2R days ALL",375,-2148,-5.73,28.8,0.70,-3.25,2447,1,324,-2379,-7.34,32.7,0.83,-1.40,3686,194,-895,-648,-800,-488,1178,-3069
MGC,ORB2,"ORB2 08:20 10m break SHORT stop 0.15×ATR 2R days ALL",630,-2815,-4.47,30.0,0.76,-3.24,2815,1,567,125,0.22,33.2,1.01,0.05,2461,-551,-894,157,-1527,-1679,219,1586
MGC,ORB2,"ORB2 08:20 10m opening-candle direction SHORT stop 0.15×ATR 2R days ALL",373,-1089,-2.92,33.0,0.84,-1.61,1327,1,336,-2283,-6.79,31.8,0.84,-1.29,3319,-304,-707,49,-127,-495,-948,-840
MGC,ORB2,"ORB2 08:20 10m break BOTH stop 0.15×ATR 2R days ALL",760,-3419,-4.50,30.3,0.76,-3.59,3483,0,666,1475,2.21,35.6,1.06,0.57,1667,-299,-1079,-637,-1404,-466,2256,-316
MGC,ORB2,"ORB2 08:20 10m opening-candle direction BOTH stop 0.15×ATR 2R days ALL",748,-3237,-4.33,30.9,0.77,-3.42,3391,0,660,-4662,-7.06,32.3,0.84,-1.90,5726,-110,-1602,-599,-927,-983,231,-3910
MGC,ORB2,"ORB2 08:20 10m break LONG stop 0.15×ATR 2R days NARROW",410,-1337,-3.26,32.4,0.83,-1.84,1632,1,458,-2039,-4.45,32.3,0.90,-0.95,2672,99,-611,-343,-482,-873,282,-1448
MGC,ORB2,"ORB2 08:20 10m opening-candle direction LONG stop 0.15×ATR 2R days NARROW",249,-1777,-7.14,27.3,0.65,-3.28,2088,1,265,-1179,-4.45,34.0,0.90,-0.73,2888,178,-586,-527,-842,-473,1209,-1915
MGC,ORB2,"ORB2 08:20 10m break SHORT stop 0.15×ATR 2R days NARROW",418,-1336,-3.20,31.8,0.83,-1.81,1483,1,452,333,0.74,33.8,1.02,0.15,2387,-364,-170,357,-1160,-1364,90,1607
MGC,ORB2,"ORB2 08:20 10m opening-candle direction SHORT stop 0.15×ATR 2R days NARROW",225,-814,-3.62,32.4,0.81,-1.51,888,0,253,-3157,-12.48,28.9,0.73,-2.06,4372,-170,-257,-186,-200,-675,-1508,-975
MGC,ORB2,"ORB2 08:20 10m break BOTH stop 0.15×ATR 2R days NARROW",485,-1398,-2.88,32.8,0.85,-1.75,1648,0,524,1665,3.18,35.3,1.08,0.69,1686,-92,-173,-160,-973,-708,1283,1089
MGC,ORB2,"ORB2 08:20 10m opening-candle direction BOTH stop 0.15×ATR 2R days NARROW",474,-2590,-5.46,29.7,0.72,-3.39,2706,1,518,-4336,-8.37,31.5,0.82,-1.95,5574,8,-843,-713,-1042,-1148,-298,-2890
MGC,ORB2,"ORB2 08:20 10m break LONG stop 0.15×ATR 2R days NOTWIDE",608,-2777,-4.57,30.6,0.76,-3.26,2852,0,555,-3765,-6.78,32.3,0.84,-1.65,4420,-51,-1140,-797,-789,-782,858,-3842
MGC,ORB2,"ORB2 08:20 10m opening-candle direction LONG stop 0.15×ATR 2R days NOTWIDE",365,-2174,-5.95,28.5,0.69,-3.33,2516,1,321,-2389,-7.44,32.7,0.83,-1.40,3686,239,-872,-677,-864,-455,1136,-3069
MGC,ORB2,"ORB2 08:20 10m break SHORT stop 0.15×ATR 2R days NOTWIDE",614,-2859,-4.66,29.8,0.75,-3.33,2859,1,560,435,0.78,33.4,1.02,0.18,2374,-507,-932,156,-1575,-1604,317,1722
MGC,ORB2,"ORB2 08:20 10m opening-candle direction SHORT stop 0.15×ATR 2R days NOTWIDE",358,-1291,-3.61,32.1,0.80,-1.96,1397,0,328,-1907,-5.81,32.3,0.86,-1.09,3019,-340,-681,-23,-247,-420,-859,-629
MGC,ORB2,"ORB2 08:20 10m break BOTH stop 0.15×ATR 2R days NOTWIDE",735,-3306,-4.50,30.3,0.76,-3.52,3391,0,655,1752,2.67,35.7,1.07,0.67,1572,-233,-1094,-599,-1380,-357,2214,-104
MGC,ORB2,"ORB2 08:20 10m opening-candle direction BOTH stop 0.15×ATR 2R days NOTWIDE",723,-3465,-4.79,30.3,0.75,-3.74,3627,0,649,-4296,-6.62,32.5,0.85,-1.76,5435,-101,-1553,-700,-1111,-875,277,-3698
MGC,ORB2,"ORB2 08:20 10m break LONG stop 0.15×ATR 2R days NONEWS",578,-2274,-3.93,31.3,0.79,-2.71,2388,0,526,-4266,-8.11,31.9,0.81,-1.93,4782,-34,-938,-716,-586,-852,855,-4269
MGC,ORB2,"ORB2 08:20 10m opening-candle direction LONG stop 0.15×ATR 2R days NONEWS",348,-2059,-5.92,28.4,0.69,-3.23,2329,1,302,-3042,-10.07,31.8,0.77,-1.89,3727,138,-798,-513,-886,-390,934,-3586
MGC,ORB2,"ORB2 08:20 10m break SHORT stop 0.15×ATR 2R days NONEWS",584,-2520,-4.32,30.1,0.77,-3.00,2520,1,526,-111,-0.21,33.1,0.99,-0.05,2368,-475,-740,55,-1360,-1586,353,1122
MGC,ORB2,"ORB2 08:20 10m opening-candle direction SHORT stop 0.15×ATR 2R days NONEWS",345,-798,-2.31,33.9,0.87,-1.22,1098,0,309,-2527,-8.18,31.1,0.81,-1.50,3758,-275,-480,-30,-13,-546,-806,-1175
MGC,ORB2,"ORB2 08:20 10m break BOTH stop 0.15×ATR 2R days NONEWS",704,-2748,-3.90,31.1,0.79,-2.97,2973,0,616,444,0.72,35.1,1.02,0.18,2328,-201,-843,-556,-1147,-504,2114,-1167
MGC,ORB2,"ORB2 08:20 10m opening-candle direction BOTH stop 0.15×ATR 2R days NONEWS",693,-2857,-4.12,31.2,0.78,-3.12,2997,0,611,-5570,-9.12,31.4,0.79,-2.39,6246,-137,-1277,-543,-899,-937,128,-4761
MGC,ORB2,"ORB2 08:20 10m break LONG stop 0.15×ATR 4R days ALL",623,-1495,-2.40,22.0,0.89,-1.23,2205,1,564,-3795,-6.73,21.8,0.86,-1.23,5236,83,-937,-94,-548,-875,676,-3596
MGC,ORB2,"ORB2 08:20 10m opening-candle direction LONG stop 0.15×ATR 4R days ALL",375,-694,-1.85,21.3,0.91,-0.71,1274,2,324,-1232,-3.80,20.4,0.92,-0.50,3247,395,-627,120,-582,-631,548,-1149
MGC,ORB2,"ORB2 08:20 10m break SHORT stop 0.15×ATR 4R days ALL",630,-3486,-5.53,19.2,0.74,-3.06,3486,0,567,-783,-1.38,21.9,0.97,-0.24,2515,-521,-1145,-31,-1789,-1381,1455,-858
MGC,ORB2,"ORB2 08:20 10m opening-candle direction SHORT stop 0.15×ATR 4R days ALL",373,-1231,-3.30,20.9,0.85,-1.34,1476,1,336,-1054,-3.14,22.3,0.94,-0.43,2758,-242,-648,16,-358,248,-56,-1247
MGC,ORB2,"ORB2 08:20 10m break BOTH stop 0.15×ATR 4R days ALL",760,-3023,-3.98,20.0,0.82,-2.30,3143,0,666,-1401,-2.10,22.2,0.96,-0.41,4983,-33,-1326,-204,-1459,-291,2879,-3988
MGC,ORB2,"ORB2 08:20 10m opening-candle direction BOTH stop 0.15×ATR 4R days ALL",748,-1926,-2.57,21.1,0.88,-1.44,2378,2,660,-2286,-3.46,21.4,0.93,-0.66,4341,153,-1274,136,-940,-383,493,-2396
MGC,ORB2,"ORB2 08:20 10m break LONG stop 0.15×ATR 4R days NARROW",410,348,0.85,24.6,1.04,0.33,1254,2,458,-2623,-5.73,21.0,0.89,-0.90,3592,212,-217,522,-169,-1280,-27,-1316
MGC,ORB2,"ORB2 08:20 10m opening-candle direction LONG stop 0.15×ATR 4R days NARROW",249,-607,-2.44,20.9,0.89,-0.75,1147,2,265,329,1.24,21.5,1.02,0.14,2410,454,-444,55,-671,-603,1104,-171
MGC,ORB2,"ORB2 08:20 10m break SHORT stop 0.15×ATR 4R days NARROW",418,-1566,-3.75,21.1,0.83,-1.60,1566,1,452,-373,-0.83,22.6,0.98,-0.13,2348,-351,-533,439,-1121,-1132,1553,-794
MGC,ORB2,"ORB2 08:20 10m opening-candle direction SHORT stop 0.15×ATR 4R days NARROW",225,-363,-1.61,22.7,0.93,-0.48,750,1,253,-2736,-10.81,20.2,0.79,-1.34,3663,-122,-309,427,-358,-112,-453,-2170
MGC,ORB2,"ORB2 08:20 10m break BOTH stop 0.15×ATR 4R days NARROW",485,-505,-1.04,22.7,0.95,-0.45,1291,2,524,-1029,-1.96,21.9,0.96,-0.32,3154,44,-402,655,-802,-731,2409,-2706
MGC,ORB2,"ORB2 08:20 10m opening-candle direction BOTH stop 0.15×ATR 4R days NARROW",474,-969,-2.05,21.7,0.91,-0.88,1497,2,518,-2407,-4.65,20.8,0.91,-0.77,3917,331,-754,482,-1029,-715,650,-2342
MGC,ORB2,"ORB2 08:20 10m break LONG stop 0.15×ATR 4R days NOTWIDE",608,-1125,-1.85,22.5,0.91,-0.93,2048,2,555,-3605,-6.49,21.8,0.87,-1.17,4938,105,-838,82,-475,-983,763,-3384
MGC,ORB2,"ORB2 08:20 10m opening-candle direction LONG stop 0.15×ATR 4R days NOTWIDE",365,-776,-2.13,21.1,0.90,-0.81,1400,2,321,-1123,-3.50,20.6,0.93,-0.46,3201,439,-604,8,-620,-598,624,-1149
MGC,ORB2,"ORB2 08:20 10m break SHORT stop 0.15×ATR 4R days NOTWIDE",614,-3541,-5.77,19.1,0.73,-3.16,3541,1,560,-359,-0.64,22.1,0.99,-0.11,2515,-476,-1325,84,-1823,-1305,1668,-721
MGC,ORB2,"ORB2 08:20 10m opening-candle direction SHORT stop 0.15×ATR 4R days NOTWIDE",358,-1580,-4.41,20.1,0.80,-1.80,1674,0,328,-755,-2.30,22.6,0.95,-0.31,2460,-315,-723,-58,-484,323,-42,-1036
MGC,ORB2,"ORB2 08:20 10m break BOTH stop 0.15×ATR 4R days NOTWIDE",735,-2858,-3.89,20.1,0.82,-2.21,2977,2,655,-950,-1.45,22.4,0.97,-0.28,4771,33,-1483,13,-1420,-182,3009,-3777
MGC,ORB2,"ORB2 08:20 10m opening-candle direction BOTH stop 0.15×ATR 4R days NOTWIDE",723,-2356,-3.26,20.6,0.85,-1.81,2712,1,649,-1878,-2.89,21.6,0.94,-0.55,4205,124,-1326,-50,-1104,-275,582,-2185
MGC,ORB2,"ORB2 08:20 10m break LONG stop 0.15×ATR 4R days NONEWS",578,-694,-1.20,23.0,0.94,-0.58,1839,2,526,-4470,-8.50,21.5,0.83,-1.51,5202,182,-713,184,-346,-1196,757,-4032
MGC,ORB2,"ORB2 08:20 10m opening-candle direction LONG stop 0.15×ATR 4R days NONEWS",348,-496,-1.43,21.6,0.93,-0.53,1111,2,302,-1892,-6.27,19.9,0.88,-0.82,2880,369,-621,390,-634,-603,596,-1886
MGC,ORB2,"ORB2 08:20 10m break SHORT stop 0.15×ATR 4R days NONEWS",584,-3362,-5.76,19.0,0.73,-3.08,3362,0,526,-2112,-4.02,21.3,0.92,-0.69,2923,-444,-960,-236,-1722,-1547,1347,-1912
MGC,ORB2,"ORB2 08:20 10m opening-candle direction SHORT stop 0.15×ATR 4R days NONEWS",345,-1104,-3.20,21.2,0.85,-1.25,1434,0,309,-2101,-6.80,21.4,0.86,-0.93,3722,-213,-421,-161,-309,-52,278,-2327
MGC,ORB2,"ORB2 08:20 10m break BOTH stop 0.15×ATR 4R days NONEWS",704,-2579,-3.66,20.3,0.83,-2.03,2901,1,616,-4031,-6.54,21.1,0.87,-1.26,6223,65,-1069,-262,-1313,-722,2497,-5805
MGC,ORB2,"ORB2 08:20 10m opening-candle direction BOTH stop 0.15×ATR 4R days NONEWS",693,-1600,-2.31,21.4,0.89,-1.25,2022,2,611,-3994,-6.54,20.6,0.87,-1.23,5452,156,-1042,229,-943,-655,874,-4213
MGC,ORB2,"ORB2 08:20 10m break LONG stop 0.25×ATR to 15:55 days ALL",623,-1139,-1.83,27.3,0.94,-0.56,1761,1,564,-184,-0.33,30.1,1.00,-0.04,5301,-619,-1008,755,-268,-365,2365,-2185
MGC,ORB2,"ORB2 08:20 10m opening-candle direction LONG stop 0.25×ATR to 15:55 days ALL",375,720,1.92,25.1,1.06,0.40,1583,3,324,-4326,-13.35,26.2,0.82,-1.22,5999,144,-907,1219,263,-1299,2045,-5071
MGC,ORB2,"ORB2 08:20 10m break SHORT stop 0.25×ATR to 15:55 days ALL",630,-2482,-3.94,26.8,0.87,-1.29,2877,1,567,84,0.15,27.9,1.00,0.02,3925,-743,-1518,1737,-1958,-369,1804,-1351
MGC,ORB2,"ORB2 08:20 10m opening-candle direction SHORT stop 0.25×ATR to 15:55 days ALL",373,-1712,-4.59,26.5,0.85,-1.15,2303,0,336,3952,11.76,30.1,1.17,0.86,2441,-457,-349,-613,-292,99,3189,664
MGC,ORB2,"ORB2 08:20 10m break BOTH stop 0.25×ATR to 15:55 days ALL",760,-1824,-2.40,25.5,0.92,-0.78,2455,1,666,2616,3.93,28.1,1.06,0.45,4088,-1035,-1107,1449,-1130,230,5121,-2735
MGC,ORB2,"ORB2 08:20 10m opening-candle direction BOTH stop 0.25×ATR to 15:55 days ALL",748,-992,-1.33,25.8,0.96,-0.43,2860,1,660,-374,-0.57,28.2,0.99,-0.06,5424,-313,-1256,606,-29,-1200,5234,-4407
MGC,ORB2,"ORB2 08:20 10m break LONG stop 0.25×ATR to 15:55 days NARROW",410,-153,-0.37,28.3,0.99,-0.09,1612,1,458,1848,4.03,29.7,1.06,0.41,3978,-97,-384,363,-35,-1129,2085,892
MGC,ORB2,"ORB2 08:20 10m opening-candle direction LONG stop 0.25×ATR to 15:55 days NARROW",249,712,2.86,26.1,1.09,0.48,919,3,265,-2102,-7.93,26.8,0.89,-0.62,4565,291,-278,514,184,-1446,2676,-3331
MGC,ORB2,"ORB2 08:20 10m break SHORT stop 0.25×ATR to 15:55 days NARROW",418,-1056,-2.53,28.5,0.92,-0.65,1779,1,452,-297,-0.66,28.1,0.99,-0.07,2839,-282,-963,1801,-1613,-1341,1273,-229
MGC,ORB2,"ORB2 08:20 10m opening-candle direction SHORT stop 0.25×ATR to 15:55 days NARROW",225,-1684,-7.48,27.1,0.76,-1.62,1760,1,253,8,0.03,28.1,1.00,0.00,2402,-199,-439,18,-1064,-1105,1113,1
MGC,ORB2,"ORB2 08:20 10m break BOTH stop 0.25×ATR to 15:55 days NARROW",485,18,0.04,27.4,1.00,0.01,1843,1,524,2994,5.71,28.2,1.08,0.58,3257,-268,-378,1665,-1002,-1181,4804,-628
MGC,ORB2,"ORB2 08:20 10m opening-candle direction BOTH stop 0.25×ATR to 15:55 days NARROW",474,-972,-2.05,26.6,0.94,-0.54,1759,2,518,-2094,-4.04,27.4,0.95,-0.41,4729,92,-716,532,-880,-2552,3789,-3330
MGC,ORB2,"ORB2 08:20 10m break LONG stop 0.25×ATR to 15:55 days NOTWIDE",608,-800,-1.32,27.8,0.96,-0.39,1833,1,555,-176,-0.32,29.9,1.00,-0.04,4952,-584,-851,1035,-400,-718,2378,-1836
MGC,ORB2,"ORB2 08:20 10m opening-candle direction LONG stop 0.25×ATR to 15:55 days NOTWIDE",365,595,1.63,25.2,1.05,0.34,1510,3,321,-4311,-13.43,26.2,0.82,-1.22,5999,215,-871,1142,109,-1406,2167,-5071
MGC,ORB2,"ORB2 08:20 10m break SHORT stop 0.25×ATR to 15:55 days NOTWIDE",614,-2474,-4.03,26.9,0.87,-1.31,2664,1,560,778,1.39,28.2,1.02,0.15,3925,-673,-1490,1921,-2232,-248,2151,-1126
MGC,ORB2,"ORB2 08:20 10m opening-candle direction SHORT stop 0.25×ATR to 15:55 days NOTWIDE",358,-1841,-5.14,26.3,0.84,-1.29,2099,0,328,3446,10.51,30.2,1.15,0.76,2441,-509,-297,-422,-613,221,2870,355
MGC,ORB2,"ORB2 08:20 10m break BOTH stop 0.25×ATR to 15:55 days NOTWIDE",735,-1714,-2.33,25.7,0.93,-0.75,2391,1,655,3444,5.26,28.4,1.08,0.59,3863,-931,-1043,1796,-1537,256,5575,-2386
MGC,ORB2,"ORB2 08:20 10m opening-candle direction BOTH stop 0.25×ATR to 15:55 days NOTWIDE",723,-1246,-1.72,25.7,0.95,-0.55,2660,1,649,-865,-1.33,28.2,0.98,-0.15,5857,-294,-1168,720,-504,-1186,5037,-4716
MGC,ORB2,"ORB2 08:20 10m break LONG stop 0.25×ATR to 15:55 days NONEWS",578,-843,-1.46,28.2,0.95,-0.43,1594,1,526,416,0.79,30.8,1.01,0.09,5926,-463,-997,1250,-634,-167,2929,-2346
MGC,ORB2,"ORB2 08:20 10m opening-candle direction LONG stop 0.25×ATR to 15:55 days NONEWS",348,164,0.47,25.0,1.01,0.10,1668,2,302,-4990,-16.52,25.8,0.78,-1.49,6610,6,-868,1288,-261,-1352,2171,-5809
MGC,ORB2,"ORB2 08:20 10m break SHORT stop 0.25×ATR to 15:55 days NONEWS",584,-1878,-3.22,27.4,0.89,-1.01,2379,1,526,-2603,-4.95,27.9,0.93,-0.54,4714,-621,-1147,1604,-1714,-173,981,-3410
MGC,ORB2,"ORB2 08:20 10m opening-candle direction SHORT stop 0.25×ATR to 15:55 days NONEWS",345,-1429,-4.14,27.5,0.87,-1.02,2157,0,309,879,2.84,29.4,1.04,0.21,2459,-411,-407,-447,-164,124,2060,-1306
MGC,ORB2,"ORB2 08:20 10m break BOTH stop 0.25×ATR to 15:55 days NONEWS",704,-1767,-2.51,25.9,0.92,-0.79,2188,1,616,-1610,-2.61,27.6,0.96,-0.30,6040,-879,-980,1350,-1258,184,3908,-5701
MGC,ORB2,"ORB2 08:20 10m opening-candle direction BOTH stop 0.25×ATR to 15:55 days NONEWS",693,-1265,-1.83,26.3,0.94,-0.58,2982,1,611,-4111,-6.73,27.7,0.91,-0.77,8061,-406,-1275,841,-425,-1228,4231,-7114
MGC,ORB2,"ORB2 08:20 10m break LONG stop 0.25×ATR 2R days ALL",623,-2598,-4.17,33.2,0.85,-1.83,3367,1,564,1885,3.34,37.8,1.05,0.50,3225,47,-1049,-621,-975,472,1783,-370
MGC,ORB2,"ORB2 08:20 10m opening-candle direction LONG stop 0.25×ATR 2R days ALL",375,-2588,-6.90,30.4,0.77,-2.36,2925,1,324,-4143,-12.79,31.8,0.82,-1.49,5091,243,-1203,-806,-821,-1188,1258,-4214
MGC,ORB2,"ORB2 08:20 10m break SHORT stop 0.25×ATR 2R days ALL",630,-1707,-2.71,34.3,0.90,-1.20,2201,1,567,1442,2.54,35.8,1.04,0.38,2593,-592,-870,1509,-1754,-649,1533,558
MGC,ORB2,"ORB2 08:20 10m opening-candle direction SHORT stop 0.25×ATR 2R days ALL",373,-135,-0.36,36.5,0.99,-0.12,1303,2,336,1494,4.45,37.2,1.07,0.49,2433,-289,-801,370,584,-183,1253,425
MGC,ORB2,"ORB2 08:20 10m break BOTH stop 0.25×ATR 2R days ALL",760,-2958,-3.89,32.9,0.86,-1.88,3250,1,666,4264,6.40,36.9,1.10,1.02,2839,-194,-1257,110,-1617,509,2976,779
MGC,ORB2,"ORB2 08:20 10m opening-candle direction BOTH stop 0.25×ATR 2R days ALL",748,-2723,-3.64,33.4,0.87,-1.74,3350,0,660,-2649,-4.01,34.5,0.94,-0.64,5357,-46,-2004,-436,-237,-1371,2511,-3789
MGC,ORB2,"ORB2 08:20 10m break LONG stop 0.25×ATR 2R days NARROW",410,-1342,-3.27,33.9,0.89,-1.13,1993,1,458,3093,6.75,36.7,1.11,0.89,2294,226,-586,-532,-450,-510,973,2630
MGC,ORB2,"ORB2 08:20 10m opening-candle direction LONG stop 0.25×ATR 2R days NARROW",249,-1709,-6.86,30.9,0.78,-1.86,2203,1,265,-1937,-7.31,32.1,0.90,-0.74,3498,448,-812,-938,-408,-1469,1847,-2315
MGC,ORB2,"ORB2 08:20 10m break SHORT stop 0.25×ATR 2R days NARROW",418,-428,-1.02,36.1,0.96,-0.36,1629,1,452,1727,3.82,36.3,1.06,0.50,2013,-366,-234,1546,-1374,-888,1745,870
MGC,ORB2,"ORB2 08:20 10m opening-candle direction SHORT stop 0.25×ATR 2R days NARROW",225,227,1.01,37.8,1.04,0.25,813,2,253,-1134,-4.48,34.4,0.94,-0.43,2988,-174,-190,443,148,-700,894,-1328
MGC,ORB2,"ORB2 08:20 10m break BOTH stop 0.25×ATR 2R days NARROW",485,-1401,-2.89,34.0,0.90,-1.08,1713,2,524,4469,8.53,36.5,1.13,1.17,2320,35,-369,159,-1227,-543,2741,2271
MGC,ORB2,"ORB2 08:20 10m opening-candle direction BOTH stop 0.25×ATR 2R days NARROW",474,-1482,-3.13,34.2,0.89,-1.15,1879,1,518,-3071,-5.93,33.2,0.92,-0.83,5227,274,-1002,-495,-260,-2169,2741,-3643
MGC,ORB2,"ORB2 08:20 10m break LONG stop 0.25×ATR 2R days NOTWIDE",608,-2224,-3.66,33.7,0.87,-1.58,3070,1,555,1708,3.08,37.3,1.05,0.46,2999,82,-892,-445,-969,254,1475,-22
MGC,ORB2,"ORB2 08:20 10m opening-candle direction LONG stop 0.25×ATR 2R days NOTWIDE",365,-2530,-6.93,30.4,0.77,-2.33,2938,1,321,-4317,-13.45,31.5,0.81,-1.56,5091,313,-1167,-861,-815,-1288,1185,-4214
MGC,ORB2,"ORB2 08:20 10m break SHORT stop 0.25×ATR 2R days NOTWIDE",614,-2025,-3.30,33.9,0.88,-1.45,2248,1,560,2136,3.81,36.3,1.06,0.56,2546,-617,-1069,1500,-1839,-528,1880,783
MGC,ORB2,"ORB2 08:20 10m opening-candle direction SHORT stop 0.25×ATR 2R days NOTWIDE",358,-376,-1.05,36.0,0.96,-0.34,1450,2,328,1232,3.76,37.2,1.06,0.41,2290,-350,-894,369,499,-62,1189,105
MGC,ORB2,"ORB2 08:20 10m break BOTH stop 0.25×ATR 2R days NOTWIDE",735,-3141,-4.27,32.7,0.85,-2.03,3407,1,655,4744,7.24,37.1,1.12,1.14,2614,-185,-1420,159,-1696,531,3086,1128
MGC,ORB2,"ORB2 08:20 10m opening-candle direction BOTH stop 0.25×ATR 2R days NOTWIDE",723,-2906,-4.02,33.2,0.86,-1.89,3463,0,649,-3085,-4.75,34.4,0.93,-0.76,5657,-36,-2061,-492,-316,-1350,2374,-4109
MGC,ORB2,"ORB2 08:20 10m break LONG stop 0.25×ATR 2R days NONEWS",578,-1937,-3.35,33.9,0.88,-1.42,2870,1,526,1467,2.79,38.0,1.04,0.40,3805,203,-911,-126,-1103,272,2377,-1182
MGC,ORB2,"ORB2 08:20 10m opening-candle direction LONG stop 0.25×ATR 2R days NONEWS",348,-2259,-6.49,30.7,0.78,-2.14,2562,1,302,-5215,-17.27,30.8,0.76,-1.99,5813,258,-1057,-598,-861,-1200,1505,-5521
MGC,ORB2,"ORB2 08:20 10m break SHORT stop 0.25×ATR 2R days NONEWS",584,-1619,-2.77,34.2,0.90,-1.19,2210,1,526,797,1.52,35.7,1.02,0.22,2479,-470,-547,992,-1595,-666,1668,-205
MGC,ORB2,"ORB2 08:20 10m opening-candle direction SHORT stop 0.25×ATR 2R days NONEWS",345,-94,-0.27,36.8,0.99,-0.09,1060,2,309,584,1.89,36.2,1.03,0.20,2198,-242,-541,29,661,-284,1014,-146
MGC,ORB2,"ORB2 08:20 10m break BOTH stop 0.25×ATR 2R days NONEWS",704,-2976,-4.23,32.8,0.85,-1.97,3444,0,616,1655,2.69,36.2,1.04,0.42,3024,-38,-1059,-248,-1631,272,2981,-1598
MGC,ORB2,"ORB2 08:20 10m opening-candle direction BOTH stop 0.25×ATR 2R days NONEWS",693,-2353,-3.39,33.8,0.88,-1.56,3064,1,611,-4631,-7.58,33.6,0.89,-1.18,6883,15,-1598,-570,-200,-1483,2519,-5667
MGC,ORB2,"ORB2 08:20 10m break LONG stop 0.25×ATR 4R days ALL",623,-1663,-2.67,28.1,0.91,-0.93,2332,1,564,-108,-0.19,30.9,1.00,-0.02,4465,-722,-176,26,-790,-311,1333,-1130
MGC,ORB2,"ORB2 08:20 10m opening-candle direction LONG stop 0.25×ATR 4R days ALL",375,-736,-1.96,25.9,0.94,-0.50,1635,1,324,-5051,-15.59,26.5,0.79,-1.55,6042,-58,-392,121,-407,-1297,1239,-4992
MGC,ORB2,"ORB2 08:20 10m break SHORT stop 0.25×ATR 4R days ALL",630,-2270,-3.60,27.8,0.88,-1.31,2621,1,567,-1716,-3.03,28.2,0.96,-0.37,4194,-779,-1113,1199,-1577,-1607,1362,-1472
MGC,ORB2,"ORB2 08:20 10m opening-candle direction SHORT stop 0.25×ATR 4R days ALL",373,-1926,-5.16,27.1,0.83,-1.45,2363,0,336,1499,4.46,31.0,1.06,0.40,2441,-311,-607,-557,-451,-404,2321,-417
MGC,ORB2,"ORB2 08:20 10m break BOTH stop 0.25×ATR 4R days ALL",760,-3313,-4.36,26.2,0.86,-1.68,3313,1,666,129,0.19,28.5,1.00,0.03,4202,-1138,-868,227,-1533,-847,3890,-2914
MGC,ORB2,"ORB2 08:20 10m opening-candle direction BOTH stop 0.25×ATR 4R days ALL",748,-2662,-3.56,26.5,0.89,-1.35,3381,0,660,-3551,-5.38,28.8,0.93,-0.72,6480,-369,-999,-435,-859,-1701,3559,-5410
MGC,ORB2,"ORB2 08:20 10m break LONG stop 0.25×ATR 4R days NARROW",410,-394,-0.96,29.0,0.97,-0.26,1512,2,458,1731,3.78,30.6,1.06,0.41,3794,-200,55,52,-301,-977,762,1946
MGC,ORB2,"ORB2 08:20 10m opening-candle direction LONG stop 0.25×ATR 4R days NARROW",249,-13,-0.05,26.9,1.00,-0.01,1065,1,265,-3245,-12.25,27.2,0.84,-1.06,4550,180,-69,-123,-1,-1525,1531,-3252
MGC,ORB2,"ORB2 08:20 10m break SHORT stop 0.25×ATR 4R days NARROW",418,-387,-0.93,29.7,0.97,-0.26,1280,1,452,-1667,-3.69,28.3,0.95,-0.40,3869,-317,-316,1348,-1102,-2440,1571,-799
MGC,ORB2,"ORB2 08:20 10m opening-candle direction SHORT stop 0.25×ATR 4R days NARROW",225,-1138,-5.06,27.6,0.84,-1.08,1191,1,253,-1067,-4.22,28.5,0.94,-0.33,2335,-199,-187,17,-769,-1199,1400,-1267
MGC,ORB2,"ORB2 08:20 10m break BOTH stop 0.25×ATR 4R days NARROW",485,-495,-1.02,28.5,0.97,-0.30,1908,2,524,1063,2.03,28.6,1.03,0.23,3221,-371,35,642,-801,-1935,4044,-1046
MGC,ORB2,"ORB2 08:20 10m opening-candle direction BOTH stop 0.25×ATR 4R days NARROW",474,-1151,-2.43,27.2,0.92,-0.71,1672,0,518,-4313,-8.33,27.8,0.89,-0.97,5875,-19,-256,-106,-769,-2724,2931,-4519
MGC,ORB2,"ORB2 08:20 10m break LONG stop 0.25×ATR 4R days NOTWIDE",608,-1258,-2.07,28.6,0.93,-0.70,2005,1,555,-182,-0.33,30.6,1.00,-0.04,4465,-688,-19,306,-858,-643,1243,-782
MGC,ORB2,"ORB2 08:20 10m opening-candle direction LONG stop 0.25×ATR 4R days NOTWIDE",365,-717,-1.96,26.0,0.94,-0.50,1687,2,321,-5036,-15.69,26.5,0.79,-1.55,6042,12,-356,101,-474,-1404,1361,-4992
MGC,ORB2,"ORB2 08:20 10m break SHORT stop 0.25×ATR 4R days NOTWIDE",614,-2049,-3.34,27.9,0.89,-1.19,2456,1,560,-1022,-1.82,28.6,0.97,-0.22,4194,-709,-1085,1383,-1638,-1485,1710,-1246
MGC,ORB2,"ORB2 08:20 10m opening-candle direction SHORT stop 0.25×ATR 4R days NOTWIDE",358,-2103,-5.87,26.5,0.81,-1.62,2321,0,328,986,3.01,30.8,1.04,0.27,2441,-435,-756,-365,-547,-282,1995,-726
MGC,ORB2,"ORB2 08:20 10m break BOTH stop 0.25×ATR 4R days NOTWIDE",735,-2925,-3.98,26.4,0.87,-1.50,2925,1,655,957,1.46,28.9,1.02,0.19,3977,-1034,-804,573,-1661,-821,4344,-2566
MGC,ORB2,"ORB2 08:20 10m opening-candle direction BOTH stop 0.25×ATR 4R days NOTWIDE",723,-2820,-3.90,26.3,0.88,-1.45,3349,0,649,-4050,-6.24,28.7,0.91,-0.82,6912,-423,-1112,-264,-1021,-1687,3355,-5719
MGC,ORB2,"ORB2 08:20 10m break LONG stop 0.25×ATR 4R days NONEWS",578,-1438,-2.49,28.7,0.92,-0.84,2061,1,526,58,0.11,31.6,1.00,0.01,4422,-566,-388,521,-1005,-317,1993,-1618
MGC,ORB2,"ORB2 08:20 10m opening-candle direction LONG stop 0.25×ATR 4R days NONEWS",348,-826,-2.37,25.9,0.93,-0.59,1620,1,302,-6052,-20.04,26.2,0.73,-2.02,6383,-106,-399,219,-540,-1533,1467,-5986
MGC,ORB2,"ORB2 08:20 10m break SHORT stop 0.25×ATR 4R days NONEWS",584,-2080,-3.56,28.1,0.88,-1.25,2469,1,526,-3355,-6.38,28.3,0.91,-0.77,4995,-657,-910,893,-1406,-1058,810,-3108
MGC,ORB2,"ORB2 08:20 10m opening-candle direction SHORT stop 0.25×ATR 4R days NONEWS",345,-1736,-5.03,27.8,0.84,-1.37,2311,0,309,-459,-1.49,30.1,0.98,-0.13,2746,-265,-415,-672,-385,-478,1556,-1538
MGC,ORB2,"ORB2 08:20 10m break BOTH stop 0.25×ATR 4R days NONEWS",704,-3650,-5.18,26.3,0.84,-1.96,3650,0,616,-3483,-5.65,28.1,0.92,-0.74,6123,-983,-1028,-45,-1595,-743,3044,-5785
MGC,ORB2,"ORB2 08:20 10m opening-candle direction BOTH stop 0.25×ATR 4R days NONEWS",693,-2562,-3.70,26.8,0.88,-1.36,3084,0,611,-6511,-10.66,28.2,0.85,-1.41,8294,-371,-813,-454,-925,-2010,3023,-7524
MGC,ORB2,"ORB2 08:20 15m break LONG stop range to 15:55 days ALL",555,1285,2.32,34.2,1.07,0.61,1958,2,521,-6284,-12.06,30.9,0.83,-1.47,11673,-443,-1360,2130,959,-21,1683,-7946
MGC,ORB2,"ORB2 08:20 15m opening-candle direction LONG stop range to 15:55 days ALL",372,547,1.47,33.6,1.04,0.29,1456,2,343,-6559,-19.12,28.0,0.75,-1.88,7448,-180,-798,838,687,-377,649,-6832
MGC,ORB2,"ORB2 08:20 15m break SHORT stop range to 15:55 days ALL",552,-102,-0.18,34.4,0.99,-0.05,1781,1,517,-1551,-3.00,29.0,0.96,-0.33,4532,-206,-304,967,-559,-551,2068,-3067
MGC,ORB2,"ORB2 08:20 15m opening-candle direction SHORT stop range to 15:55 days ALL",381,-1013,-2.66,33.6,0.92,-0.57,1892,0,317,1974,6.23,32.5,1.09,0.47,2741,-221,-227,-170,-395,635,2329,-990
MGC,ORB2,"ORB2 08:20 15m break BOTH stop range to 15:55 days ALL",757,-123,-0.16,33.2,1.00,-0.05,2556,1,663,-4963,-7.49,29.3,0.90,-0.93,12782,-670,-1200,1893,-146,1520,3767,-10250
MGC,ORB2,"ORB2 08:20 15m opening-candle direction BOTH stop range to 15:55 days ALL",753,-465,-0.62,33.6,0.98,-0.18,2334,2,660,-4585,-6.95,30.2,0.91,-0.84,8492,-400,-1025,668,292,259,2978,-7822
MGC,ORB2,"ORB2 08:20 15m break LONG stop range to 15:55 days NARROW",193,1558,8.07,28.0,1.32,1.32,825,3,269,-3791,-14.09,22.3,0.77,-1.47,4688,24,-380,955,959,-995,500,-3296
MGC,ORB2,"ORB2 08:20 15m opening-candle direction LONG stop range to 15:55 days NARROW",119,658,5.53,26.9,1.21,0.71,854,2,174,-3082,-17.71,20.7,0.73,-1.40,4132,-2,-592,706,546,-619,1177,-3640
MGC,ORB2,"ORB2 08:20 15m break SHORT stop range to 15:55 days NARROW",201,-10,-0.05,26.4,1.00,-0.01,1253,3,269,-2275,-8.46,22.3,0.86,-0.81,3399,103,241,727,-1080,-1309,1693,-2659
MGC,ORB2,"ORB2 08:20 15m opening-candle direction SHORT stop range to 15:55 days NARROW",121,-499,-4.12,23.1,0.84,-0.69,991,2,138,106,0.77,23.9,1.01,0.05,1675,-39,30,265,-754,303,1300,-1497
MGC,ORB2,"ORB2 08:20 15m break BOTH stop range to 15:55 days NARROW",246,633,2.57,26.0,1.10,0.51,821,1,316,-6803,-21.53,19.3,0.66,-2.50,8074,-152,-190,1683,-707,-771,1888,-7920
MGC,ORB2,"ORB2 08:20 15m opening-candle direction BOTH stop range to 15:55 days NARROW",240,159,0.66,25.0,1.03,0.13,855,1,312,-2977,-9.54,22.1,0.84,-1.00,5491,-41,-563,971,-208,-317,2477,-5137
MGC,ORB2,"ORB2 08:20 15m break LONG stop range to 15:55 days NOTWIDE",453,-155,-0.34,31.1,0.99,-0.09,2323,2,463,-3185,-6.88,28.9,0.90,-0.80,8461,-359,-1699,1297,606,-236,1887,-4836
MGC,ORB2,"ORB2 08:20 15m opening-candle direction LONG stop range to 15:55 days NOTWIDE",293,-36,-0.12,28.7,1.00,-0.02,1706,2,301,-4388,-14.58,25.9,0.80,-1.35,6256,-112,-1354,978,452,108,765,-5261
MGC,ORB2,"ORB2 08:20 15m break SHORT stop range to 15:55 days NOTWIDE",470,446,0.95,32.8,1.03,0.25,1106,1,465,-2677,-5.76,26.9,0.91,-0.63,4770,-398,-59,1689,-786,-684,2267,-4259
MGC,ORB2,"ORB2 08:20 15m opening-candle direction SHORT stop range to 15:55 days NOTWIDE",302,-757,-2.51,29.8,0.92,-0.50,1420,1,269,2464,9.16,30.5,1.15,0.70,2510,-275,-9,498,-970,826,2485,-847
MGC,ORB2,"ORB2 08:20 15m break BOTH stop range to 15:55 days NOTWIDE",603,-1217,-2.02,29.5,0.94,-0.57,2756,1,576,-3886,-6.75,26.9,0.90,-0.81,11033,-777,-1648,2007,-799,1412,4261,-9559
MGC,ORB2,"ORB2 08:20 15m opening-candle direction BOTH stop range to 15:55 days NOTWIDE",595,-793,-1.33,29.2,0.96,-0.36,2256,1,570,-1924,-3.38,28.1,0.95,-0.40,6642,-388,-1363,1475,-518,934,3250,-6108
MGC,ORB2,"ORB2 08:20 15m break LONG stop range to 15:55 days NONEWS",517,332,0.64,34.0,1.02,0.17,2050,2,487,-4132,-8.48,31.6,0.88,-0.99,10241,-503,-1393,2017,211,-127,2423,-6428
MGC,ORB2,"ORB2 08:20 15m opening-candle direction LONG stop range to 15:55 days NONEWS",343,-439,-1.28,32.9,0.96,-0.26,1559,1,318,-5161,-16.23,28.0,0.78,-1.53,6674,-387,-809,885,-128,41,827,-6029
MGC,ORB2,"ORB2 08:20 15m break SHORT stop range to 15:55 days NONEWS",517,339,0.66,35.0,1.02,0.18,1551,1,485,-5037,-10.39,28.0,0.85,-1.18,6013,-87,-354,1145,-366,-1179,543,-4401
MGC,ORB2,"ORB2 08:20 15m opening-candle direction SHORT stop range to 15:55 days NONEWS",356,-790,-2.22,33.4,0.94,-0.46,1635,0,294,-1594,-5.42,31.3,0.92,-0.43,3281,-114,-183,-74,-418,463,642,-2699
MGC,ORB2,"ORB2 08:20 15m break BOTH stop range to 15:55 days NONEWS",702,-567,-0.81,33.2,0.98,-0.24,2462,1,614,-7986,-13.01,28.5,0.82,-1.64,13063,-694,-1488,1801,-185,893,2303,-11182
MGC,ORB2,"ORB2 08:20 15m opening-candle direction BOTH stop range to 15:55 days NONEWS",699,-1229,-1.76,33.2,0.95,-0.51,2269,1,612,-6756,-11.04,29.6,0.85,-1.35,8938,-501,-993,811,-546,503,1469,-8728
MGC,ORB2,"ORB2 08:20 15m break LONG stop range 2R days ALL",555,-1145,-2.06,38.2,0.93,-0.69,1518,1,521,-5568,-10.69,37.4,0.84,-1.58,8761,-314,-989,315,-156,-325,1454,-6697
MGC,ORB2,"ORB2 08:20 15m opening-candle direction LONG stop range 2R days ALL",372,-1182,-3.18,37.1,0.91,-0.81,1529,0,343,-6046,-17.63,35.6,0.75,-2.15,7070,-6,-334,-426,-416,-601,1221,-6667
MGC,ORB2,"ORB2 08:20 15m break SHORT stop range 2R days ALL",552,660,1.20,41.1,1.04,0.41,1193,3,517,249,0.48,37.3,1.01,0.07,3600,-141,270,250,281,-763,-77,1090
MGC,ORB2,"ORB2 08:20 15m opening-candle direction SHORT stop range 2R days ALL",381,-1002,-2.63,39.4,0.92,-0.70,1725,1,317,1100,3.47,39.1,1.05,0.35,2315,-9,-211,-840,58,305,183,612
MGC,ORB2,"ORB2 08:20 15m break BOTH stop range 2R days ALL",757,-998,-1.32,38.8,0.96,-0.49,2262,1,663,-5061,-7.63,36.2,0.89,-1.23,8631,-201,-381,-627,211,-178,1094,-5977
MGC,ORB2,"ORB2 08:20 15m opening-candle direction BOTH stop range 2R days ALL",753,-2183,-2.90,38.2,0.91,-1.07,3157,0,660,-4946,-7.49,37.3,0.89,-1.18,6679,-14,-545,-1266,-358,-295,1404,-6055
MGC,ORB2,"ORB2 08:20 15m break LONG stop range 2R days NARROW",193,-344,-1.78,35.2,0.92,-0.53,925,2,269,-2059,-7.66,33.1,0.86,-1.05,3310,-102,-370,3,125,-826,690,-1923
MGC,ORB2,"ORB2 08:20 15m opening-candle direction LONG stop range 2R days NARROW",119,-581,-4.88,31.1,0.80,-1.12,924,1,174,-2003,-11.51,33.9,0.80,-1.25,4230,-20,-490,-90,19,-238,2242,-4007
MGC,ORB2,"ORB2 08:20 15m break SHORT stop range 2R days NARROW",201,620,3.09,39.3,1.15,0.89,867,2,269,444,1.65,34.9,1.03,0.22,2351,-52,810,488,-625,-1334,710,1068
MGC,ORB2,"ORB2 08:20 15m opening-candle direction SHORT stop range 2R days NARROW",121,230,1.90,36.4,1.09,0.41,643,3,138,541,3.92,35.5,1.08,0.39,1022,20,333,270,-392,35,428,78
MGC,ORB2,"ORB2 08:20 15m break BOTH stop range 2R days NARROW",246,168,0.68,37.4,1.03,0.22,597,2,316,-2637,-8.34,31.6,0.85,-1.24,3675,-158,359,376,-408,-837,1089,-2889
MGC,ORB2,"ORB2 08:20 15m opening-candle direction BOTH stop range 2R days NARROW",240,-351,-1.46,33.8,0.94,-0.46,617,2,312,-1463,-4.69,34.6,0.91,-0.69,4189,0,-158,180,-373,-204,2670,-3929
MGC,ORB2,"ORB2 08:20 15m break LONG stop range 2R days NOTWIDE",453,-2195,-4.85,36.0,0.84,-1.68,2383,0,463,-2855,-6.17,36.3,0.90,-0.92,5549,-230,-1399,-228,-338,-542,1274,-3587
MGC,ORB2,"ORB2 08:20 15m opening-candle direction LONG stop range 2R days NOTWIDE",293,-1869,-6.38,32.8,0.80,-1.71,2179,1,301,-3867,-12.85,34.6,0.81,-1.54,5499,62,-917,-360,-654,-108,1337,-5096
MGC,ORB2,"ORB2 08:20 15m break SHORT stop range 2R days NOTWIDE",470,1302,2.77,40.6,1.10,0.94,811,3,465,-98,-0.21,36.1,1.00,-0.03,3196,-310,483,972,157,-893,204,592
MGC,ORB2,"ORB2 08:20 15m opening-candle direction SHORT stop range 2R days NOTWIDE",302,-621,-2.05,37.1,0.93,-0.54,815,0,269,2127,7.91,38.3,1.14,0.87,2004,-63,-60,-172,-325,202,581,1344
MGC,ORB2,"ORB2 08:20 15m break BOTH stop range 2R days NOTWIDE",603,-1608,-2.67,36.7,0.91,-1.01,2177,0,576,-3326,-5.77,34.9,0.91,-0.93,6773,-285,-932,-223,-168,-324,1590,-4592
MGC,ORB2,"ORB2 08:20 15m opening-candle direction BOTH stop range 2R days NOTWIDE",595,-2490,-4.18,35.0,0.87,-1.57,2811,0,570,-1740,-3.05,36.3,0.95,-0.50,4593,-2,-977,-533,-979,94,1918,-3752
MGC,ORB2,"ORB2 08:20 15m break LONG stop range 2R days NONEWS",517,-1428,-2.76,38.1,0.91,-0.92,1705,1,487,-4236,-8.70,37.8,0.87,-1.25,7567,-275,-965,375,-563,-333,1764,-5667
MGC,ORB2,"ORB2 08:20 15m opening-candle direction LONG stop range 2R days NONEWS",343,-1423,-4.15,36.7,0.88,-1.05,1536,0,318,-5163,-16.24,35.5,0.77,-1.94,6504,-96,-275,-309,-743,-120,1059,-6102
MGC,ORB2,"ORB2 08:20 15m break SHORT stop range 2R days NONEWS",517,466,0.90,41.0,1.03,0.30,1435,3,485,-1715,-3.54,36.5,0.94,-0.52,4539,-22,74,15,398,-937,-814,36
MGC,ORB2,"ORB2 08:20 15m opening-candle direction SHORT stop range 2R days NONEWS",356,-1129,-3.17,39.0,0.90,-0.84,1767,2,294,-1386,-4.71,37.8,0.93,-0.50,3343,98,-182,-1079,35,474,-1021,-839
MGC,ORB2,"ORB2 08:20 15m break BOTH stop range 2R days NONEWS",702,-1488,-2.12,38.6,0.93,-0.79,2541,1,614,-7116,-11.59,35.3,0.83,-1.87,9055,-126,-758,-751,148,-253,254,-7117
MGC,ORB2,"ORB2 08:20 15m opening-candle direction BOTH stop range 2R days NONEWS",699,-2552,-3.65,37.9,0.89,-1.34,3191,1,612,-6550,-10.70,36.6,0.84,-1.70,7729,2,-458,-1388,-708,353,38,-6941
MGC,ORB2,"ORB2 08:20 15m break LONG stop range 4R days ALL",555,852,1.54,35.1,1.05,0.43,1788,2,521,-7087,-13.60,32.1,0.81,-1.82,10153,-587,-1090,1923,607,-253,560,-7394
MGC,ORB2,"ORB2 08:20 15m opening-candle direction LONG stop range 4R days ALL",372,-403,-1.08,33.9,0.97,-0.23,1617,2,343,-7740,-22.57,29.2,0.70,-2.54,8001,-376,-864,623,214,-510,-259,-6972
MGC,ORB2,"ORB2 08:20 15m break SHORT stop range 4R days ALL",552,310,0.56,35.5,1.02,0.17,1499,2,517,679,1.31,30.6,1.02,0.15,3588,-145,299,404,-248,-1550,2414,-184
MGC,ORB2,"ORB2 08:20 15m opening-candle direction SHORT stop range 4R days ALL",381,-1611,-4.23,34.1,0.88,-1.01,2498,0,317,1970,6.22,33.1,1.09,0.52,2580,-356,-210,-806,-239,-442,1890,522
MGC,ORB2,"ORB2 08:20 15m break BOTH stop range 4R days ALL",757,35,0.05,34.3,1.00,0.01,2116,2,663,-5021,-7.57,30.5,0.89,-1.01,9343,-682,-452,963,206,151,2132,-7304
MGC,ORB2,"ORB2 08:20 15m opening-candle direction BOTH stop range 4R days ALL",753,-2013,-2.67,34.0,0.92,-0.86,3276,0,660,-5770,-8.74,31.1,0.88,-1.18,7054,-731,-1074,-183,-25,-951,1631,-6450
MGC,ORB2,"ORB2 08:20 15m break LONG stop range 4R days NARROW",193,821,4.25,30.1,1.18,0.91,693,2,269,-3022,-11.23,24.5,0.81,-1.27,3301,-113,-309,794,449,-857,-73,-2092
MGC,ORB2,"ORB2 08:20 15m opening-candle direction LONG stop range 4R days NARROW",119,-73,-0.62,27.7,0.98,-0.11,878,2,174,-2914,-16.75,23.0,0.74,-1.50,3619,-173,-592,534,158,-362,641,-3193
MGC,ORB2,"ORB2 08:20 15m break SHORT stop range 4R days NARROW",201,16,0.08,28.4,1.00,0.02,1069,3,269,-874,-3.25,24.9,0.95,-0.34,2361,1,502,381,-867,-1850,2089,-1113
MGC,ORB2,"ORB2 08:20 15m opening-candle direction SHORT stop range 4R days NARROW",121,-691,-5.71,24.0,0.78,-1.10,1075,1,138,737,5.34,24.6,1.10,0.39,915,-39,44,-45,-650,-284,1293,-272
MGC,ORB2,"ORB2 08:20 15m break BOTH stop range 4R days NARROW",246,246,1.00,28.5,1.04,0.25,737,2,316,-6143,-19.44,21.5,0.69,-2.51,6390,-320,52,1096,-581,-1312,951,-5782
MGC,ORB2,"ORB2 08:20 15m opening-candle direction BOTH stop range 4R days NARROW",240,-764,-3.18,25.8,0.88,-0.83,931,1,312,-2178,-6.98,23.7,0.88,-0.81,4053,-212,-549,489,-492,-647,1934,-3465
MGC,ORB2,"ORB2 08:20 15m break LONG stop range 4R days NOTWIDE",453,-679,-1.50,32.2,0.95,-0.42,2100,2,463,-3988,-8.61,30.2,0.87,-1.12,6941,-503,-1429,1065,188,-468,764,-4284
MGC,ORB2,"ORB2 08:20 15m opening-candle direction LONG stop range 4R days NOTWIDE",293,-1047,-3.57,29.0,0.89,-0.75,1864,1,301,-5569,-18.50,27.2,0.74,-2.00,6380,-308,-1420,763,-82,-25,-143,-5401
MGC,ORB2,"ORB2 08:20 15m break SHORT stop range 4R days NOTWIDE",470,627,1.33,34.0,1.05,0.39,824,2,465,-347,-0.75,28.6,0.99,-0.08,3708,-500,544,1126,-543,-1683,2613,-1276
MGC,ORB2,"ORB2 08:20 15m opening-candle direction SHORT stop range 4R days NOTWIDE",302,-1395,-4.62,30.5,0.86,-1.08,1586,1,269,2375,8.83,31.2,1.14,0.77,1803,-410,8,-138,-854,-251,1802,824
MGC,ORB2,"ORB2 08:20 15m break BOTH stop range 4R days NOTWIDE",603,-1381,-2.29,31.0,0.93,-0.72,2280,1,576,-3844,-6.67,28.3,0.90,-0.87,8768,-952,-900,1052,-581,43,2626,-6513
MGC,ORB2,"ORB2 08:20 15m opening-candle direction BOTH stop range 4R days NOTWIDE",595,-2442,-4.10,29.7,0.88,-1.29,2848,1,570,-3194,-5.60,29.1,0.92,-0.77,5113,-719,-1412,624,-936,-276,1659,-4577
MGC,ORB2,"ORB2 08:20 15m break LONG stop range 4R days NONEWS",517,117,0.23,35.0,1.01,0.06,1874,2,487,-5482,-11.26,32.4,0.84,-1.45,9117,-640,-1123,1810,70,-389,1179,-6272
MGC,ORB2,"ORB2 08:20 15m opening-candle direction LONG stop range 4R days NONEWS",343,-1230,-3.59,33.2,0.90,-0.78,1774,1,318,-6738,-21.19,28.9,0.72,-2.32,7447,-558,-875,670,-467,-92,-81,-6565
MGC,ORB2,"ORB2 08:20 15m break SHORT stop range 4R days NONEWS",517,389,0.75,35.8,1.02,0.22,1495,1,485,-1681,-3.47,29.7,0.95,-0.40,3804,-26,-77,546,-55,-1810,1547,-1418
MGC,ORB2,"ORB2 08:20 15m opening-candle direction SHORT stop range 4R days NONEWS",356,-1695,-4.76,33.7,0.86,-1.13,2438,0,294,-1154,-3.93,32.0,0.94,-0.34,3042,-249,-277,-906,-262,-238,112,-1028
MGC,ORB2,"ORB2 08:20 15m break BOTH stop range 4R days NONEWS",702,-764,-1.09,34.2,0.97,-0.34,2585,2,614,-7465,-12.16,29.5,0.83,-1.63,10131,-699,-1066,835,167,-138,1205,-8532
MGC,ORB2,"ORB2 08:20 15m opening-candle direction BOTH stop range 4R days NONEWS",699,-2925,-4.18,33.5,0.88,-1.35,3745,0,612,-7893,-12.90,30.4,0.82,-1.78,7977,-807,-1153,-236,-729,-331,31,-7593
MGC,ORB2,"ORB2 08:20 15m break LONG stop 0.10×ATR to 15:55 days ALL",555,-1187,-2.14,13.3,0.87,-0.96,1778,1,521,-2504,-4.81,14.0,0.87,-0.88,5710,-27,-1053,-212,104,-476,1782,-3810
MGC,ORB2,"ORB2 08:20 15m opening-candle direction LONG stop 0.10×ATR to 15:55 days ALL",372,-1164,-3.13,10.5,0.82,-1.08,1388,1,343,-6380,-18.60,10.2,0.54,-3.16,7044,-68,-696,95,-495,-900,-936,-4545
MGC,ORB2,"ORB2 08:20 15m break SHORT stop 0.10×ATR to 15:55 days ALL",552,-2912,-5.27,10.1,0.69,-2.35,2912,0,517,-4970,-9.61,10.3,0.75,-1.66,5110,-364,-847,-371,-1330,-1649,460,-3782
MGC,ORB2,"ORB2 08:20 15m opening-candle direction SHORT stop 0.10×ATR to 15:55 days ALL",381,-1218,-3.20,11.3,0.81,-1.06,1706,0,317,38,0.12,10.7,1.00,0.01,1616,-154,-290,-18,-756,142,194,-297
MGC,ORB2,"ORB2 08:20 15m break BOTH stop 0.10×ATR to 15:55 days ALL",757,-2584,-3.41,11.2,0.80,-1.68,2776,0,663,-4713,-7.11,10.4,0.81,-1.34,6739,-325,-1131,-243,-885,-778,2089,-6025
MGC,ORB2,"ORB2 08:20 15m opening-candle direction BOTH stop 0.10×ATR to 15:55 days ALL",753,-2382,-3.16,10.9,0.81,-1.51,2883,1,660,-6342,-9.61,10.5,0.75,-1.73,6342,-223,-986,78,-1251,-759,-742,-4842
MGC,ORB2,"ORB2 08:20 15m break LONG stop 0.10×ATR to 15:55 days NARROW",193,946,4.90,17.6,1.30,1.04,773,3,269,-3282,-12.20,12.6,0.71,-1.74,3401,152,-493,471,815,-544,161,-2899
MGC,ORB2,"ORB2 08:20 15m opening-candle direction LONG stop 0.10×ATR to 15:55 days NARROW",119,455,3.82,15.1,1.23,0.59,773,3,174,-3957,-22.74,11.5,0.49,-3.12,3957,56,-553,775,177,-239,-180,-3539
MGC,ORB2,"ORB2 08:20 15m break SHORT stop 0.10×ATR to 15:55 days NARROW",201,-904,-4.50,11.9,0.74,-1.27,1163,1,269,-2764,-10.28,12.3,0.76,-1.27,2782,-48,175,-333,-697,-1015,953,-2702
MGC,ORB2,"ORB2 08:20 15m opening-candle direction SHORT stop 0.10×ATR to 15:55 days NARROW",121,-624,-5.15,10.7,0.71,-1.10,833,1,138,-447,-3.24,12.3,0.92,-0.26,1200,-14,164,-125,-649,-17,578,-1009
MGC,ORB2,"ORB2 08:20 15m break BOTH stop 0.10×ATR to 15:55 days NARROW",246,179,0.73,13.8,1.04,0.18,656,2,316,-5334,-16.88,9.8,0.61,-2.46,5352,-56,-211,407,39,-681,585,-5238
MGC,ORB2,"ORB2 08:20 15m opening-candle direction BOTH stop 0.10×ATR to 15:55 days NARROW",240,-169,-0.70,12.9,0.96,-0.18,907,2,312,-4405,-14.12,11.9,0.67,-2.06,4621,43,-390,650,-472,-255,398,-4547
MGC,ORB2,"ORB2 08:20 15m break LONG stop 0.10×ATR to 15:55 days NOTWIDE",453,-746,-1.65,13.2,0.90,-0.63,1802,1,463,-1452,-3.14,14.5,0.92,-0.52,5204,-67,-1052,-103,477,-190,1764,-3026
MGC,ORB2,"ORB2 08:20 15m opening-candle direction LONG stop 0.10×ATR to 15:55 days NOTWIDE",293,-627,-2.14,10.9,0.88,-0.61,1262,1,301,-5269,-17.51,11.0,0.57,-2.64,6116,-97,-810,418,-139,-732,-614,-3923
MGC,ORB2,"ORB2 08:20 15m break SHORT stop 0.10×ATR to 15:55 days NOTWIDE",470,-1871,-3.98,10.9,0.77,-1.53,1871,1,465,-5253,-11.30,10.5,0.71,-1.98,5253,-315,-572,64,-1049,-1375,844,-4722
MGC,ORB2,"ORB2 08:20 15m opening-candle direction SHORT stop 0.10×ATR to 15:55 days NOTWIDE",302,-1089,-3.60,10.9,0.79,-1.04,1293,1,269,-597,-2.22,11.2,0.94,-0.22,2052,-121,-205,204,-966,355,561,-1513
MGC,ORB2,"ORB2 08:20 15m break BOTH stop 0.10×ATR to 15:55 days NOTWIDE",603,-1092,-1.81,11.8,0.89,-0.73,1555,1,576,-4574,-7.94,10.8,0.80,-1.42,7376,-316,-877,372,-271,-300,2325,-6599
MGC,ORB2,"ORB2 08:20 15m opening-candle direction BOTH stop 0.10×ATR to 15:55 days NOTWIDE",595,-1716,-2.88,10.9,0.83,-1.17,1799,1,570,-5866,-10.29,11.1,0.74,-1.76,6277,-218,-1015,622,-1105,-377,-53,-5436
MGC,ORB2,"ORB2 08:20 15m break LONG stop 0.10×ATR to 15:55 days NONEWS",517,-637,-1.23,14.1,0.92,-0.52,1511,2,487,-1280,-2.63,14.8,0.93,-0.45,5009,25,-949,-33,321,-190,2084,-3174
MGC,ORB2,"ORB2 08:20 15m opening-candle direction LONG stop 0.10×ATR to 15:55 days NONEWS",343,-638,-1.86,11.4,0.89,-0.59,1018,1,318,-5767,-18.14,10.4,0.55,-2.91,6488,-53,-504,209,-290,-939,-793,-4036
MGC,ORB2,"ORB2 08:20 15m break SHORT stop 0.10×ATR to 15:55 days NONEWS",517,-2374,-4.59,10.4,0.73,-1.93,2383,0,485,-6273,-12.93,10.3,0.66,-2.50,6469,-310,-774,-99,-1191,-1430,-414,-4430
MGC,ORB2,"ORB2 08:20 15m opening-candle direction SHORT stop 0.10×ATR to 15:55 days NONEWS",356,-933,-2.62,11.5,0.84,-0.82,1512,1,294,-2085,-7.09,10.2,0.81,-0.81,2442,-101,-250,185,-767,-250,-57,-1779
MGC,ORB2,"ORB2 08:20 15m break BOTH stop 0.10×ATR to 15:55 days NONEWS",702,-1849,-2.63,11.7,0.84,-1.21,2078,1,614,-5592,-9.11,10.6,0.76,-1.79,7777,-256,-1072,108,-629,-390,1213,-6415
MGC,ORB2,"ORB2 08:20 15m opening-candle direction BOTH stop 0.10×ATR to 15:55 days NONEWS",699,-1571,-2.25,11.4,0.87,-1.00,2239,1,612,-7853,-12.83,10.3,0.67,-2.42,7853,-154,-754,394,-1057,-1189,-849,-5815
MGC,ORB2,"ORB2 08:20 15m break LONG stop 0.10×ATR 2R days ALL",555,-1497,-2.70,33.0,0.79,-2.68,1933,1,521,-3965,-7.61,31.3,0.75,-2.74,4138,166,-971,-673,-19,-643,75,-3397
MGC,ORB2,"ORB2 08:20 15m opening-candle direction LONG stop 0.10×ATR 2R days ALL",372,-1821,-4.90,28.2,0.64,-4.12,2066,1,343,-2856,-8.33,31.5,0.74,-2.37,3103,184,-792,-591,-622,-150,397,-3103
MGC,ORB2,"ORB2 08:20 15m break SHORT stop 0.10×ATR 2R days ALL",552,-2155,-3.90,30.1,0.70,-3.95,2155,0,517,-2321,-4.49,31.3,0.85,-1.54,2916,-402,-845,-387,-520,-1049,-946,-326
MGC,ORB2,"ORB2 08:20 15m opening-candle direction SHORT stop 0.10×ATR 2R days ALL",381,-1035,-2.72,33.3,0.78,-2.27,1234,1,317,-688,-2.17,34.4,0.92,-0.62,1454,28,-239,-441,-382,-549,-83,-56
MGC,ORB2,"ORB2 08:20 15m break BOTH stop 0.10×ATR 2R days ALL",757,-2071,-2.74,32.8,0.78,-3.19,2309,1,663,-3748,-5.65,30.9,0.81,-2.27,3761,9,-1099,-754,-228,-1206,-179,-2364
MGC,ORB2,"ORB2 08:20 15m opening-candle direction BOTH stop 0.10×ATR 2R days ALL",753,-2856,-3.79,30.8,0.71,-4.50,3172,1,660,-3544,-5.37,32.9,0.82,-2.17,3956,212,-1031,-1032,-1004,-699,314,-3160
MGC,ORB2,"ORB2 08:20 15m break LONG stop 0.10×ATR 2R days NARROW",193,-352,-1.82,34.7,0.86,-1.01,566,2,269,-2280,-8.48,30.5,0.75,-1.97,2709,47,-235,-168,4,-259,-424,-1597
MGC,ORB2,"ORB2 08:20 15m opening-candle direction LONG stop 0.10×ATR 2R days NARROW",119,-605,-5.08,28.6,0.64,-2.30,784,1,174,-1748,-10.04,30.5,0.72,-1.81,2060,119,-332,-156,-236,-90,317,-1974
MGC,ORB2,"ORB2 08:20 15m break SHORT stop 0.10×ATR 2R days NARROW",201,-545,-2.71,32.8,0.80,-1.53,545,1,269,-1356,-5.04,30.9,0.85,-1.12,1879,-122,27,-93,-357,-888,-46,-422
MGC,ORB2,"ORB2 08:20 15m opening-candle direction SHORT stop 0.10×ATR 2R days NARROW",121,-547,-4.52,30.6,0.68,-2.06,660,2,138,-1264,-9.16,27.5,0.72,-1.67,1753,4,64,-352,-264,-610,-95,-559
MGC,ORB2,"ORB2 08:20 15m break BOTH stop 0.10×ATR 2R days NARROW",246,-507,-2.06,34.6,0.84,-1.28,568,0,316,-1938,-6.13,30.1,0.82,-1.51,2005,-62,-51,-93,-302,-530,-272,-1137
MGC,ORB2,"ORB2 08:20 15m opening-candle direction BOTH stop 0.10×ATR 2R days NARROW",240,-1151,-4.80,29.6,0.66,-3.09,1339,1,312,-3012,-9.65,29.2,0.72,-2.46,3175,124,-268,-508,-500,-700,222,-2534
MGC,ORB2,"ORB2 08:20 15m break LONG stop 0.10×ATR 2R days NOTWIDE",453,-1434,-3.17,32.0,0.76,-2.83,1721,1,463,-2977,-6.43,32.4,0.79,-2.11,3436,130,-813,-682,-69,-441,77,-2614
MGC,ORB2,"ORB2 08:20 15m opening-candle direction LONG stop 0.10×ATR 2R days NOTWIDE",293,-1647,-5.62,27.0,0.60,-4.18,1872,1,301,-2071,-6.88,32.2,0.78,-1.76,2506,164,-769,-470,-572,-163,574,-2482
MGC,ORB2,"ORB2 08:20 15m break SHORT stop 0.10×ATR 2R days NOTWIDE",470,-1614,-3.43,31.5,0.74,-3.16,1614,0,465,-2100,-4.52,31.2,0.85,-1.44,2458,-353,-675,-241,-345,-996,-787,-318
MGC,ORB2,"ORB2 08:20 15m opening-candle direction SHORT stop 0.10×ATR 2R days NOTWIDE",302,-1229,-4.07,30.8,0.69,-3.06,1318,1,269,-833,-3.10,34.2,0.89,-0.81,1650,22,-295,-505,-451,-493,59,-399
MGC,ORB2,"ORB2 08:20 15m break BOTH stop 0.10×ATR 2R days NOTWIDE",603,-1514,-2.51,33.5,0.80,-2.57,1669,1,576,-2917,-5.06,31.4,0.83,-1.83,2930,22,-835,-547,-154,-1001,-110,-1806
MGC,ORB2,"ORB2 08:20 15m opening-candle direction BOTH stop 0.10×ATR 2R days NOTWIDE",595,-2876,-4.83,28.9,0.65,-5.11,3122,1,570,-2904,-5.09,33.2,0.83,-1.86,3467,186,-1064,-976,-1022,-656,633,-2881
MGC,ORB2,"ORB2 08:20 15m break LONG stop 0.10×ATR 2R days NONEWS",517,-1412,-2.73,32.7,0.79,-2.62,1803,1,487,-3427,-7.04,31.8,0.77,-2.43,3576,86,-836,-582,-79,-429,157,-3155
MGC,ORB2,"ORB2 08:20 15m opening-candle direction LONG stop 0.10×ATR 2R days NONEWS",343,-1547,-4.51,29.2,0.67,-3.60,1769,1,318,-2436,-7.66,31.8,0.76,-2.08,2803,161,-702,-478,-529,-73,440,-2803
MGC,ORB2,"ORB2 08:20 15m break SHORT stop 0.10×ATR 2R days NONEWS",517,-1878,-3.63,30.6,0.72,-3.54,1878,0,485,-2493,-5.14,30.9,0.83,-1.72,2999,-349,-756,-329,-446,-902,-1038,-553
MGC,ORB2,"ORB2 08:20 15m opening-candle direction SHORT stop 0.10×ATR 2R days NONEWS",356,-961,-2.70,33.4,0.79,-2.18,1129,1,294,-860,-2.93,34.0,0.89,-0.81,1824,28,-196,-392,-401,-430,-64,-366
MGC,ORB2,"ORB2 08:20 15m break BOTH stop 0.10×ATR 2R days NONEWS",702,-1713,-2.44,33.2,0.81,-2.72,1938,0,614,-3806,-6.20,30.8,0.79,-2.41,3872,-53,-953,-536,-170,-891,-321,-2594
MGC,ORB2,"ORB2 08:20 15m opening-candle direction BOTH stop 0.10×ATR 2R days NONEWS",699,-2508,-3.59,31.3,0.72,-4.08,2812,1,612,-3296,-5.39,32.8,0.82,-2.09,3916,189,-898,-870,-930,-503,376,-3169
MGC,ORB2,"ORB2 08:20 15m break LONG stop 0.10×ATR 4R days ALL",555,-1686,-3.04,20.0,0.80,-2.19,2315,1,521,-2492,-4.78,20.5,0.86,-1.21,3515,275,-1157,-621,-182,-504,753,-2742
MGC,ORB2,"ORB2 08:20 15m opening-candle direction LONG stop 0.10×ATR 4R days ALL",372,-1909,-5.13,16.9,0.68,-3.15,2189,1,343,-3538,-10.32,17.5,0.72,-2.16,3646,220,-870,-530,-729,-323,-114,-3101
MGC,ORB2,"ORB2 08:20 15m break SHORT stop 0.10×ATR 4R days ALL",552,-2470,-4.48,17.8,0.71,-3.31,2531,0,517,-2702,-5.23,17.8,0.85,-1.27,3607,-483,-768,-959,-260,-1968,-83,-652
MGC,ORB2,"ORB2 08:20 15m opening-candle direction SHORT stop 0.10×ATR 4R days ALL",381,-1006,-2.64,20.2,0.82,-1.57,1323,1,317,-594,-1.88,20.2,0.94,-0.38,1330,47,-177,-415,-461,-735,-86,226
MGC,ORB2,"ORB2 08:20 15m break BOTH stop 0.10×ATR 4R days ALL",757,-2644,-3.49,18.9,0.77,-2.95,2993,1,663,-5156,-7.78,17.8,0.78,-2.31,5315,-15,-1214,-1483,68,-1531,326,-3952
MGC,ORB2,"ORB2 08:20 15m opening-candle direction BOTH stop 0.10×ATR 4R days ALL",753,-2915,-3.87,18.6,0.75,-3.31,3277,1,660,-4133,-6.26,18.8,0.82,-1.82,4568,267,-1047,-945,-1190,-1058,-200,-2875
MGC,ORB2,"ORB2 08:20 15m break LONG stop 0.10×ATR 4R days NARROW",193,1,0.01,23.8,1.00,0.00,698,3,269,-1590,-5.91,19.0,0.85,-0.96,2144,105,-335,114,117,-414,-236,-941
MGC,ORB2,"ORB2 08:20 15m opening-candle direction LONG stop 0.10×ATR 4R days NARROW",119,-285,-2.40,20.2,0.85,-0.74,782,2,174,-2399,-13.79,16.1,0.68,-1.86,2474,89,-553,284,-104,-193,160,-2366
MGC,ORB2,"ORB2 08:20 15m break SHORT stop 0.10×ATR 4R days NARROW",201,-544,-2.71,20.4,0.83,-1.10,691,1,269,-1124,-4.18,19.0,0.89,-0.65,1963,-187,299,-331,-325,-1042,532,-614
MGC,ORB2,"ORB2 08:20 15m opening-candle direction SHORT stop 0.10×ATR 4R days NARROW",121,-454,-3.75,19.0,0.77,-1.21,893,1,138,-364,-2.64,19.6,0.93,-0.33,1099,-11,355,-434,-365,-628,225,39
MGC,ORB2,"ORB2 08:20 15m break BOTH stop 0.10×ATR 4R days NARROW",246,-313,-1.27,22.0,0.92,-0.56,429,1,316,-3726,-11.79,16.5,0.71,-2.21,3828,-114,-20,-190,11,-482,-308,-2936
MGC,ORB2,"ORB2 08:20 15m opening-candle direction BOTH stop 0.10×ATR 4R days NARROW",240,-739,-3.08,19.6,0.81,-1.37,906,1,312,-2763,-8.86,17.6,0.78,-1.62,3217,78,-198,-151,-469,-821,384,-2326
MGC,ORB2,"ORB2 08:20 15m break LONG stop 0.10×ATR 4R days NOTWIDE",453,-1519,-3.35,19.6,0.78,-2.17,1908,1,463,-1827,-3.95,21.0,0.89,-0.91,2956,183,-1152,-514,-36,-381,512,-1958
MGC,ORB2,"ORB2 08:20 15m opening-candle direction LONG stop 0.10×ATR 4R days NOTWIDE",293,-1444,-4.93,17.1,0.69,-2.61,1681,1,301,-2617,-8.69,17.9,0.77,-1.62,2710,145,-889,-268,-432,-345,208,-2480
MGC,ORB2,"ORB2 08:20 15m break SHORT stop 0.10×ATR 4R days NOTWIDE",470,-2081,-4.43,18.3,0.72,-3.02,2118,0,465,-1948,-4.19,18.5,0.88,-0.93,2638,-434,-549,-838,-260,-1624,161,-485
MGC,ORB2,"ORB2 08:20 15m opening-candle direction SHORT stop 0.10×ATR 4R days NOTWIDE",302,-1256,-4.16,18.5,0.73,-2.26,1455,1,269,-706,-2.63,19.7,0.92,-0.48,1645,16,-177,-537,-559,-746,52,-12
MGC,ORB2,"ORB2 08:20 15m break BOTH stop 0.10×ATR 4R days NOTWIDE",603,-2101,-3.48,19.1,0.78,-2.59,2436,1,576,-4215,-7.32,18.4,0.80,-1.95,4291,-57,-1090,-1116,161,-1004,207,-3419
MGC,ORB2,"ORB2 08:20 15m opening-candle direction BOTH stop 0.10×ATR 4R days NOTWIDE",595,-2700,-4.54,17.8,0.71,-3.44,2975,1,570,-3323,-5.83,18.8,0.84,-1.52,4145,161,-1066,-805,-991,-1091,259,-2492
MGC,ORB2,"ORB2 08:20 15m break LONG stop 0.10×ATR 4R days NONEWS",517,-1236,-2.39,20.7,0.84,-1.64,1955,1,487,-1981,-4.07,20.9,0.88,-0.99,3374,326,-950,-442,-170,-338,809,-2453
MGC,ORB2,"ORB2 08:20 15m opening-candle direction LONG stop 0.10×ATR 4R days NONEWS",343,-1544,-4.50,17.8,0.71,-2.60,1840,1,318,-3198,-10.06,17.6,0.73,-2.01,3306,235,-755,-417,-608,-221,-37,-2939
MGC,ORB2,"ORB2 08:20 15m break SHORT stop 0.10×ATR 4R days NONEWS",517,-2352,-4.55,17.6,0.71,-3.27,2399,0,485,-2866,-5.91,17.7,0.83,-1.40,3510,-430,-727,-944,-252,-1749,-200,-918
MGC,ORB2,"ORB2 08:20 15m opening-candle direction SHORT stop 0.10×ATR 4R days NONEWS",356,-952,-2.67,20.2,0.82,-1.54,1343,1,294,-1398,-4.76,19.0,0.86,-0.96,2267,100,-108,-466,-478,-653,-164,-580
MGC,ORB2,"ORB2 08:20 15m break BOTH stop 0.10×ATR 4R days NONEWS",702,-2190,-3.12,19.2,0.80,-2.51,2584,2,614,-5488,-8.94,17.6,0.75,-2.59,5722,55,-1084,-1207,46,-1144,-39,-4306
MGC,ORB2,"ORB2 08:20 15m opening-candle direction BOTH stop 0.10×ATR 4R days NONEWS",699,-2496,-3.57,19.0,0.77,-2.92,2983,1,612,-4596,-7.51,18.3,0.79,-2.13,5228,336,-863,-883,-1086,-874,-202,-3519
MGC,ORB2,"ORB2 08:20 15m break LONG stop 0.15×ATR to 15:55 days ALL",555,-520,-0.94,19.3,0.96,-0.34,1504,2,521,-5419,-10.40,19.8,0.80,-1.69,8636,-282,-647,133,277,-172,912,-6159
MGC,ORB2,"ORB2 08:20 15m opening-candle direction LONG stop 0.15×ATR to 15:55 days ALL",372,-1791,-4.82,15.3,0.79,-1.46,1941,1,343,-6689,-19.50,15.7,0.65,-2.55,7169,-211,-1110,126,-596,-285,-1158,-5245
MGC,ORB2,"ORB2 08:20 15m break SHORT stop 0.15×ATR to 15:55 days ALL",552,-1350,-2.45,18.1,0.89,-0.88,1744,1,517,-858,-1.66,17.6,0.97,-0.21,2677,-395,-1038,918,-835,-1069,517,-306
MGC,ORB2,"ORB2 08:20 15m opening-candle direction SHORT stop 0.15×ATR to 15:55 days ALL",381,-1305,-3.43,17.3,0.84,-1.02,1817,1,317,3196,10.08,18.3,1.21,0.88,2076,-289,-506,183,-693,-121,3175,142
MGC,ORB2,"ORB2 08:20 15m break BOTH stop 0.15×ATR to 15:55 days ALL",757,-1835,-2.42,17.2,0.89,-0.99,2151,1,663,-4962,-7.48,17.2,0.86,-1.16,9440,-660,-947,698,-926,1123,1557,-7641
MGC,ORB2,"ORB2 08:20 15m opening-candle direction BOTH stop 0.15×ATR to 15:55 days ALL",753,-3097,-4.11,16.3,0.82,-1.75,3546,1,660,-3493,-5.29,17.0,0.90,-0.78,5672,-500,-1616,309,-1290,-407,2017,-5103
MGC,ORB2,"ORB2 08:20 15m break LONG stop 0.15×ATR to 15:55 days NARROW",193,1322,6.85,23.8,1.32,1.23,751,3,269,-5367,-19.95,18.2,0.65,-2.46,5407,54,-361,706,923,-602,-506,-4259
MGC,ORB2,"ORB2 08:20 15m opening-candle direction LONG stop 0.15×ATR to 15:55 days NARROW",119,260,2.19,20.2,1.10,0.31,889,2,174,-3675,-21.12,18.4,0.65,-1.95,4008,-37,-660,673,284,-197,52,-3529
MGC,ORB2,"ORB2 08:20 15m break SHORT stop 0.15×ATR to 15:55 days NARROW",201,-73,-0.37,20.9,0.98,-0.08,1048,3,269,-119,-0.44,20.8,0.99,-0.04,1717,70,166,525,-835,-759,1493,-853
MGC,ORB2,"ORB2 08:20 15m opening-candle direction SHORT stop 0.15×ATR to 15:55 days NARROW",121,-501,-4.14,17.4,0.82,-0.74,897,1,138,672,4.87,21.7,1.10,0.34,1290,-43,-14,146,-589,95,1704,-1127
MGC,ORB2,"ORB2 08:20 15m break BOTH stop 0.15×ATR to 15:55 days NARROW",246,767,3.12,21.1,1.14,0.65,713,1,316,-7235,-22.90,16.1,0.62,-2.87,7647,-196,-220,1577,-394,70,104,-7409
MGC,ORB2,"ORB2 08:20 15m opening-candle direction BOTH stop 0.15×ATR to 15:55 days NARROW",240,-240,-1.00,18.8,0.96,-0.22,1048,1,312,-3003,-9.63,19.9,0.83,-1.09,4656,-80,-673,818,-305,-102,1755,-4656
MGC,ORB2,"ORB2 08:20 15m break LONG stop 0.15×ATR to 15:55 days NOTWIDE",453,-475,-1.05,19.0,0.95,-0.34,1658,2,463,-3917,-8.46,20.5,0.84,-1.24,7848,-309,-822,202,454,65,1018,-4999
MGC,ORB2,"ORB2 08:20 15m opening-candle direction LONG stop 0.15×ATR to 15:55 days NOTWIDE",293,-1149,-3.92,16.0,0.83,-1.00,1647,1,301,-4941,-16.42,17.3,0.71,-1.91,6180,-220,-1100,349,-178,76,-690,-4327
MGC,ORB2,"ORB2 08:20 15m break SHORT stop 0.15×ATR to 15:55 days NOTWIDE",470,-665,-1.42,18.9,0.94,-0.46,1521,1,465,-1924,-4.14,17.8,0.92,-0.50,2984,-326,-871,1538,-1006,-1083,1076,-1916
MGC,ORB2,"ORB2 08:20 15m opening-candle direction SHORT stop 0.15×ATR to 15:55 days NOTWIDE",302,-1376,-4.56,16.6,0.80,-1.19,1406,1,269,1461,5.43,18.6,1.11,0.46,2553,-242,-521,261,-875,269,2623,-1431
MGC,ORB2,"ORB2 08:20 15m break BOTH stop 0.15×ATR to 15:55 days NOTWIDE",603,-1227,-2.04,17.2,0.91,-0.72,1850,1,576,-4993,-8.67,17.7,0.84,-1.25,9692,-619,-1005,1411,-1014,1184,1983,-8160
MGC,ORB2,"ORB2 08:20 15m opening-candle direction BOTH stop 0.15×ATR to 15:55 days NOTWIDE",595,-2525,-4.24,16.3,0.81,-1.55,2599,1,570,-3479,-6.10,17.9,0.88,-0.85,6209,-462,-1621,610,-1053,345,1934,-5758
MGC,ORB2,"ORB2 08:20 15m break LONG stop 0.15×ATR to 15:55 days NONEWS",517,83,0.16,20.3,1.01,0.06,1169,2,487,-3974,-8.16,20.5,0.84,-1.25,7653,-209,-437,389,340,-190,1435,-5219
MGC,ORB2,"ORB2 08:20 15m opening-candle direction LONG stop 0.15×ATR to 15:55 days NONEWS",343,-1558,-4.54,15.7,0.80,-1.31,1727,1,318,-5595,-17.59,16.4,0.68,-2.17,6270,-190,-1018,288,-639,-242,-861,-4492
MGC,ORB2,"ORB2 08:20 15m break SHORT stop 0.15×ATR to 15:55 days NONEWS",517,-844,-1.63,18.8,0.92,-0.56,1620,1,485,-2538,-5.23,17.7,0.90,-0.67,3031,-319,-902,1008,-631,-1322,-160,-1056
MGC,ORB2,"ORB2 08:20 15m opening-candle direction SHORT stop 0.15×ATR to 15:55 days NONEWS",356,-1029,-2.89,17.4,0.87,-0.81,1645,1,294,346,1.18,17.7,1.02,0.11,2502,-212,-416,275,-676,-444,1974,-1184
MGC,ORB2,"ORB2 08:20 15m break BOTH stop 0.15×ATR to 15:55 days NONEWS",702,-989,-1.41,17.9,0.94,-0.54,1616,1,614,-6373,-10.38,17.3,0.80,-1.65,10191,-562,-769,902,-560,682,955,-8010
MGC,ORB2,"ORB2 08:20 15m opening-candle direction BOTH stop 0.15×ATR to 15:55 days NONEWS",699,-2587,-3.70,16.6,0.84,-1.49,3088,1,612,-5249,-8.58,17.0,0.83,-1.29,6040,-402,-1433,563,-1315,-686,1113,-5677
MGC,ORB2,"ORB2 08:20 15m break LONG stop 0.15×ATR 2R days ALL",555,-1682,-3.03,32.8,0.83,-2.04,2103,2,521,-5633,-10.81,30.9,0.76,-2.60,5639,85,-1186,-638,57,-914,15,-4734
MGC,ORB2,"ORB2 08:20 15m opening-candle direction LONG stop 0.15×ATR 2R days ALL",372,-2353,-6.33,28.2,0.68,-3.59,2500,1,343,-2126,-6.20,35.0,0.86,-1.16,3148,54,-1192,-873,-342,546,475,-3148
MGC,ORB2,"ORB2 08:20 15m break SHORT stop 0.15×ATR 2R days ALL",552,-1051,-1.90,33.7,0.89,-1.26,1080,1,517,614,1.19,33.5,1.03,0.26,1964,-359,-397,222,-516,-1148,-171,1933
MGC,ORB2,"ORB2 08:20 15m opening-candle direction SHORT stop 0.15×ATR 2R days ALL",381,-223,-0.58,36.0,0.97,-0.32,577,1,317,1026,3.24,35.6,1.09,0.60,1072,-23,-29,25,-196,-814,866,974
MGC,ORB2,"ORB2 08:20 15m break BOTH stop 0.15×ATR 2R days ALL",757,-1691,-2.23,33.4,0.88,-1.73,1920,0,663,-4018,-6.06,31.5,0.86,-1.61,4281,-153,-776,-547,-216,-815,-332,-2871
MGC,ORB2,"ORB2 08:20 15m opening-candle direction BOTH stop 0.15×ATR 2R days ALL",753,-2576,-3.42,32.1,0.81,-2.69,2875,1,660,-1101,-1.67,35.3,0.96,-0.44,2847,31,-1221,-848,-537,-268,1341,-2174
MGC,ORB2,"ORB2 08:20 15m break LONG stop 0.15×ATR 2R days NARROW",193,-223,-1.16,35.2,0.94,-0.43,776,2,269,-4121,-15.32,28.3,0.70,-2.41,4260,28,-372,-29,150,-565,-821,-2734
MGC,ORB2,"ORB2 08:20 15m opening-candle direction LONG stop 0.15×ATR 2R days NARROW",119,-1018,-8.55,26.1,0.60,-2.69,1093,0,174,-1217,-7.00,35.6,0.86,-0.83,2551,-44,-651,-112,-210,313,1021,-2551
MGC,ORB2,"ORB2 08:20 15m break SHORT stop 0.15×ATR 2R days NARROW",201,3,0.01,36.3,1.00,0.01,721,2,269,1558,5.79,36.4,1.13,0.83,875,-148,350,368,-567,-750,682,1625
MGC,ORB2,"ORB2 08:20 15m opening-candle direction SHORT stop 0.15×ATR 2R days NARROW",121,-276,-2.28,33.9,0.88,-0.67,471,1,138,-13,-0.10,34.1,1.00,-0.01,1081,-57,129,-70,-280,-674,347,314
MGC,ORB2,"ORB2 08:20 15m break BOTH stop 0.15×ATR 2R days NARROW",246,-65,-0.26,36.2,0.99,-0.11,433,2,316,-3261,-10.32,30.1,0.79,-1.72,3879,-200,55,407,-327,-183,-809,-2269
MGC,ORB2,"ORB2 08:20 15m opening-candle direction BOTH stop 0.15×ATR 2R days NARROW",240,-1294,-5.39,30.0,0.73,-2.31,1335,0,312,-1231,-3.94,34.9,0.92,-0.65,2781,-101,-522,-181,-490,-361,1368,-2238
MGC,ORB2,"ORB2 08:20 15m break LONG stop 0.15×ATR 2R days NOTWIDE",453,-1526,-3.37,32.2,0.82,-2.02,2039,2,463,-4489,-9.69,31.7,0.79,-2.14,4553,28,-1177,-628,252,-657,33,-3865
MGC,ORB2,"ORB2 08:20 15m opening-candle direction LONG stop 0.15×ATR 2R days NOTWIDE",293,-2249,-7.68,26.6,0.62,-3.87,2362,1,301,-1159,-3.85,36.2,0.91,-0.65,2776,19,-1111,-660,-497,515,846,-2521
MGC,ORB2,"ORB2 08:20 15m break SHORT stop 0.15×ATR 2R days NOTWIDE",470,-955,-2.03,33.8,0.89,-1.23,955,1,465,1050,2.26,34.0,1.05,0.46,1402,-347,-434,280,-453,-1193,262,1980
MGC,ORB2,"ORB2 08:20 15m opening-candle direction SHORT stop 0.15×ATR 2R days NOTWIDE",302,-697,-2.31,33.8,0.87,-1.13,835,0,269,293,1.09,35.3,1.03,0.18,960,-34,-235,-160,-268,-710,664,339
MGC,ORB2,"ORB2 08:20 15m break BOTH stop 0.15×ATR 2R days NOTWIDE",603,-1546,-2.56,33.0,0.86,-1.75,1673,0,576,-3104,-5.39,32.1,0.88,-1.29,3206,-198,-951,-371,-25,-664,-140,-2300
MGC,ORB2,"ORB2 08:20 15m opening-candle direction BOTH stop 0.15×ATR 2R days NOTWIDE",595,-2946,-4.95,30.3,0.74,-3.46,3175,0,570,-866,-1.52,35.8,0.96,-0.36,3253,-15,-1346,-821,-765,-195,1510,-2181
MGC,ORB2,"ORB2 08:20 15m break LONG stop 0.15×ATR 2R days NONEWS",517,-1388,-2.68,33.3,0.85,-1.74,1858,2,487,-5069,-10.41,31.0,0.77,-2.40,5101,98,-943,-566,24,-969,268,-4368
MGC,ORB2,"ORB2 08:20 15m opening-candle direction LONG stop 0.15×ATR 2R days NONEWS",343,-2102,-6.13,28.6,0.69,-3.32,2213,1,318,-2008,-6.31,34.9,0.86,-1.14,2970,18,-1123,-711,-285,561,401,-2970
MGC,ORB2,"ORB2 08:20 15m break SHORT stop 0.15×ATR 2R days NONEWS",517,-940,-1.82,33.7,0.90,-1.16,1035,1,485,-135,-0.28,32.6,0.99,-0.06,2073,-342,-275,94,-416,-1240,-232,1337
MGC,ORB2,"ORB2 08:20 15m opening-candle direction SHORT stop 0.15×ATR 2R days NONEWS",356,-129,-0.36,36.2,0.98,-0.19,600,2,294,464,1.58,34.7,1.04,0.28,931,54,27,-48,-162,-645,607,502
MGC,ORB2,"ORB2 08:20 15m break BOTH stop 0.15×ATR 2R days NONEWS",702,-1267,-1.80,33.9,0.90,-1.34,1681,0,614,-4817,-7.85,30.6,0.82,-2.02,4921,-114,-578,-495,-80,-1023,-332,-3462
MGC,ORB2,"ORB2 08:20 15m opening-candle direction BOTH stop 0.15×ATR 2R days NONEWS",699,-2231,-3.19,32.5,0.83,-2.41,2543,1,612,-1543,-2.52,34.8,0.94,-0.64,3144,71,-1096,-759,-447,-84,1008,-2468
MGC,ORB2,"ORB2 08:20 15m break LONG stop 0.15×ATR 4R days ALL",555,-242,-0.44,23.6,0.98,-0.21,1748,2,521,-4919,-9.44,22.5,0.81,-1.73,6476,300,-859,-48,365,-864,698,-4752
MGC,ORB2,"ORB2 08:20 15m opening-candle direction LONG stop 0.15×ATR 4R days ALL",372,-2286,-6.15,18.0,0.72,-2.56,2490,1,343,-6246,-18.21,19.0,0.66,-2.87,6567,88,-1191,-204,-980,10,-1802,-4454
MGC,ORB2,"ORB2 08:20 15m break SHORT stop 0.15×ATR 4R days ALL",552,-1198,-2.17,22.5,0.90,-1.07,1354,0,517,-648,-1.25,21.9,0.97,-0.20,2550,-293,-288,-256,-360,-1524,509,367
MGC,ORB2,"ORB2 08:20 15m opening-candle direction SHORT stop 0.15×ATR 4R days ALL",381,-143,-0.38,23.4,0.98,-0.15,729,2,317,680,2.14,21.8,1.05,0.28,2030,99,-194,-118,70,-731,1417,-6
MGC,ORB2,"ORB2 08:20 15m break BOTH stop 0.15×ATR 4R days ALL",757,-1412,-1.86,22.1,0.91,-1.05,2018,1,663,-6988,-10.54,20.8,0.79,-2.24,8867,33,-400,-669,-376,-852,520,-6655
MGC,ORB2,"ORB2 08:20 15m opening-candle direction BOTH stop 0.15×ATR 4R days ALL",753,-2430,-3.23,20.7,0.85,-1.85,2890,1,660,-5566,-8.43,20.3,0.83,-1.71,5845,187,-1385,-321,-910,-720,-385,-4460
MGC,ORB2,"ORB2 08:20 15m break LONG stop 0.15×ATR 4R days NARROW",193,1024,5.31,28.5,1.26,1.34,700,3,269,-3723,-13.84,20.8,0.75,-1.68,3955,33,-242,506,727,-552,-732,-2438
MGC,ORB2,"ORB2 08:20 15m opening-candle direction LONG stop 0.15×ATR 4R days NARROW",119,-256,-2.15,21.8,0.90,-0.45,930,2,174,-2615,-15.03,20.7,0.75,-1.46,3033,-105,-619,422,47,-14,-181,-2420
MGC,ORB2,"ORB2 08:20 15m break SHORT stop 0.15×ATR 4R days NARROW",201,-260,-1.29,24.9,0.94,-0.37,908,2,269,-18,-0.07,24.2,1.00,-0.01,1665,-83,463,91,-731,-1036,1852,-834
MGC,ORB2,"ORB2 08:20 15m opening-candle direction SHORT stop 0.15×ATR 4R days NARROW",121,-448,-3.70,21.5,0.83,-0.84,759,1,138,32,0.24,23.9,1.00,0.02,1278,-9,103,-195,-348,-183,970,-754
MGC,ORB2,"ORB2 08:20 15m break BOTH stop 0.15×ATR 4R days NARROW",246,321,1.30,26.0,1.06,0.39,432,2,316,-6774,-21.44,19.0,0.63,-3.12,6994,-261,238,696,-351,-433,-321,-6020
MGC,ORB2,"ORB2 08:20 15m opening-candle direction BOTH stop 0.15×ATR 4R days NARROW",240,-704,-2.93,21.7,0.87,-0.91,972,1,312,-2583,-8.28,22.1,0.85,-1.07,3398,-114,-516,227,-301,-198,789,-3174
MGC,ORB2,"ORB2 08:20 15m break LONG stop 0.15×ATR 4R days NOTWIDE",453,-33,-0.07,24.1,1.00,-0.03,1733,3,463,-3958,-8.55,22.9,0.83,-1.44,5650,160,-897,43,661,-608,243,-3593
MGC,ORB2,"ORB2 08:20 15m opening-candle direction LONG stop 0.15×ATR 4R days NOTWIDE",293,-1638,-5.59,18.8,0.75,-2.01,1723,1,301,-4968,-16.51,19.6,0.70,-2.33,5308,-29,-1135,123,-597,-99,-1334,-3536
MGC,ORB2,"ORB2 08:20 15m break SHORT stop 0.15×ATR 4R days NOTWIDE",470,-1030,-2.19,23.0,0.90,-0.99,1031,1,465,-774,-1.66,22.2,0.97,-0.25,2248,-224,-433,127,-499,-1583,1068,-259
MGC,ORB2,"ORB2 08:20 15m opening-candle direction SHORT stop 0.15×ATR 4R days NOTWIDE",302,-954,-3.16,21.5,0.85,-1.16,1257,1,269,552,2.05,22.3,1.04,0.25,1930,51,-471,-307,-226,-485,1492,-455
MGC,ORB2,"ORB2 08:20 15m break BOTH stop 0.15×ATR 4R days NOTWIDE",603,-1159,-1.92,22.4,0.91,-0.96,1584,0,576,-6699,-11.63,21.0,0.78,-2.26,8148,-38,-685,-123,-312,-801,386,-6284
MGC,ORB2,"ORB2 08:20 15m opening-candle direction BOTH stop 0.15×ATR 4R days NOTWIDE",595,-2592,-4.36,20.2,0.80,-2.24,2851,1,570,-4417,-7.75,20.9,0.85,-1.42,5321,21,-1606,-184,-823,-584,158,-3991
MGC,ORB2,"ORB2 08:20 15m break LONG stop 0.15×ATR 4R days NONEWS",517,454,0.88,24.8,1.04,0.39,1498,3,487,-4376,-8.99,22.8,0.82,-1.59,5787,373,-568,208,441,-874,829,-4331
MGC,ORB2,"ORB2 08:20 15m opening-candle direction LONG stop 0.15×ATR 4R days NONEWS",343,-2004,-5.84,18.4,0.74,-2.31,2228,1,318,-5794,-18.22,19.2,0.66,-2.78,6149,110,-1120,-42,-952,-23,-1551,-4220
MGC,ORB2,"ORB2 08:20 15m break SHORT stop 0.15×ATR 4R days NONEWS",517,-1236,-2.39,22.2,0.88,-1.14,1360,0,485,-1488,-3.07,21.6,0.94,-0.49,2211,-316,-238,-322,-360,-1563,526,-451
MGC,ORB2,"ORB2 08:20 15m opening-candle direction SHORT stop 0.15×ATR 4R days NONEWS",356,-66,-0.19,23.6,0.99,-0.07,740,2,294,-617,-2.10,20.7,0.96,-0.27,1965,175,-100,-180,38,-618,1225,-1224
MGC,ORB2,"ORB2 08:20 15m break BOTH stop 0.15×ATR 4R days NONEWS",702,-780,-1.11,22.6,0.95,-0.60,1646,1,614,-8461,-13.78,20.2,0.73,-2.92,9710,131,-226,-496,-188,-1071,220,-7611
MGC,ORB2,"ORB2 08:20 15m opening-candle direction BOTH stop 0.15×ATR 4R days NONEWS",699,-2070,-2.96,21.0,0.86,-1.63,2625,1,612,-6411,-10.48,19.9,0.79,-2.09,6800,285,-1220,-221,-914,-641,-326,-5444
MGC,ORB2,"ORB2 08:20 15m break LONG stop 0.25×ATR to 15:55 days ALL",555,-461,-0.83,29.2,0.97,-0.25,1497,1,521,-4379,-8.41,30.1,0.88,-1.01,8003,-583,-681,887,-84,-298,518,-4599
MGC,ORB2,"ORB2 08:20 15m opening-candle direction LONG stop 0.25×ATR to 15:55 days ALL",372,-820,-2.20,26.3,0.93,-0.51,1753,1,343,-5138,-14.98,26.5,0.80,-1.44,6672,-129,-1140,514,-64,-22,341,-5457
MGC,ORB2,"ORB2 08:20 15m break SHORT stop 0.25×ATR to 15:55 days ALL",552,-1071,-1.94,29.5,0.93,-0.59,1861,1,517,-730,-1.41,28.0,0.98,-0.15,4913,-558,-836,1285,-961,-520,2460,-2670
MGC,ORB2,"ORB2 08:20 15m opening-candle direction SHORT stop 0.25×ATR to 15:55 days ALL",381,-1390,-3.65,27.6,0.88,-0.91,2096,1,317,1610,5.08,29.0,1.07,0.40,3601,-211,-925,198,-452,84,3225,-1699
MGC,ORB2,"ORB2 08:20 15m break BOTH stop 0.25×ATR to 15:55 days ALL",757,-2631,-3.48,26.9,0.89,-1.20,2981,1,663,-4868,-7.34,26.8,0.90,-0.91,10933,-1106,-1274,994,-1244,1084,3448,-9400
MGC,ORB2,"ORB2 08:20 15m opening-candle direction BOTH stop 0.25×ATR to 15:55 days ALL",753,-2209,-2.93,27.0,0.91,-1.00,2925,1,660,-3528,-5.35,27.7,0.93,-0.66,7884,-340,-2065,712,-517,62,3566,-7156
MGC,ORB2,"ORB2 08:20 15m break LONG stop 0.25×ATR to 15:55 days NARROW",193,1079,5.59,32.6,1.19,0.87,805,2,269,-3150,-11.71,29.0,0.85,-0.96,3761,-62,-322,691,771,-969,-182,-2000
MGC,ORB2,"ORB2 08:20 15m opening-candle direction LONG stop 0.25×ATR to 15:55 days NARROW",119,-142,-1.20,27.7,0.96,-0.15,1182,2,174,-2978,-17.11,28.2,0.80,-1.09,4019,-84,-762,400,304,-143,692,-3527
MGC,ORB2,"ORB2 08:20 15m break SHORT stop 0.25×ATR to 15:55 days NARROW",201,-365,-1.81,31.3,0.94,-0.35,1586,3,269,-2424,-9.01,29.0,0.89,-0.68,2931,14,145,817,-1341,-1201,1568,-2792
MGC,ORB2,"ORB2 08:20 15m opening-candle direction SHORT stop 0.25×ATR to 15:55 days NARROW",121,-816,-6.74,27.3,0.78,-1.05,1034,1,138,-854,-6.19,30.4,0.91,-0.38,2515,-90,-97,235,-864,-45,1601,-2410
MGC,ORB2,"ORB2 08:20 15m break BOTH stop 0.25×ATR to 15:55 days NARROW",246,-177,-0.72,30.5,0.98,-0.14,1132,1,316,-7690,-24.34,25.6,0.71,-2.21,8399,-299,-126,1281,-1033,-841,1529,-8378
MGC,ORB2,"ORB2 08:20 15m opening-candle direction BOTH stop 0.25×ATR to 15:55 days NARROW",240,-958,-3.99,27.5,0.88,-0.77,1334,1,312,-3832,-12.28,29.2,0.85,-1.08,6287,-174,-859,635,-560,-188,2293,-5936
MGC,ORB2,"ORB2 08:20 15m break LONG stop 0.25×ATR to 15:55 days NOTWIDE",453,-777,-1.72,28.9,0.94,-0.46,1859,2,463,-3007,-6.49,30.2,0.91,-0.71,6546,-586,-1118,555,372,-468,493,-3032
MGC,ORB2,"ORB2 08:20 15m opening-candle direction LONG stop 0.25×ATR to 15:55 days NOTWIDE",293,-773,-2.64,25.3,0.92,-0.52,1730,2,301,-3713,-12.34,27.6,0.84,-1.06,5929,-100,-1417,737,8,88,744,-4545
MGC,ORB2,"ORB2 08:20 15m break SHORT stop 0.25×ATR to 15:55 days NOTWIDE",470,-178,-0.38,30.6,0.99,-0.10,1341,1,465,-2394,-5.15,28.0,0.93,-0.51,6252,-448,-687,1962,-1005,-725,2706,-4375
MGC,ORB2,"ORB2 08:20 15m opening-candle direction SHORT stop 0.25×ATR to 15:55 days NOTWIDE",302,-1411,-4.67,27.5,0.85,-1.03,1679,1,269,570,2.12,29.7,1.03,0.16,3898,-136,-769,295,-801,415,2946,-2791
MGC,ORB2,"ORB2 08:20 15m break BOTH stop 0.25×ATR to 15:55 days NOTWIDE",603,-2423,-4.02,26.7,0.87,-1.21,2798,1,576,-5387,-9.35,26.9,0.88,-1.07,10503,-999,-1656,1268,-1036,858,3703,-9948
MGC,ORB2,"ORB2 08:20 15m opening-candle direction BOTH stop 0.25×ATR to 15:55 days NOTWIDE",595,-2184,-3.67,26.4,0.88,-1.09,2787,1,570,-3143,-5.51,28.6,0.93,-0.63,7627,-236,-2186,1031,-793,503,3690,-7336
MGC,ORB2,"ORB2 08:20 15m break LONG stop 0.25×ATR to 15:55 days NONEWS",517,-639,-1.24,29.8,0.96,-0.36,1301,1,487,-1686,-3.46,31.6,0.95,-0.39,6609,-467,-622,734,-284,-118,1480,-3049
MGC,ORB2,"ORB2 08:20 15m opening-candle direction LONG stop 0.25×ATR to 15:55 days NONEWS",343,-1012,-2.95,26.8,0.91,-0.67,1588,1,318,-3423,-10.77,27.7,0.86,-0.97,5296,-336,-898,494,-272,-155,947,-4216
MGC,ORB2,"ORB2 08:20 15m break SHORT stop 0.25×ATR to 15:55 days NONEWS",517,-193,-0.37,30.6,0.99,-0.11,1492,1,485,-3208,-6.61,28.0,0.91,-0.70,5790,-436,-656,1593,-694,-789,1631,-4050
MGC,ORB2,"ORB2 08:20 15m opening-candle direction SHORT stop 0.25×ATR to 15:55 days NONEWS",356,-954,-2.68,28.1,0.91,-0.64,1799,1,294,-1623,-5.52,28.2,0.92,-0.46,4087,-89,-733,246,-378,-101,2055,-3577
MGC,ORB2,"ORB2 08:20 15m break BOTH stop 0.25×ATR to 15:55 days NONEWS",702,-2104,-3.00,27.6,0.90,-1.00,2722,1,614,-6391,-10.41,27.2,0.86,-1.29,10963,-950,-1223,851,-781,911,2851,-10153
MGC,ORB2,"ORB2 08:20 15m opening-candle direction BOTH stop 0.25×ATR to 15:55 days NONEWS",699,-1966,-2.81,27.5,0.91,-0.92,2630,1,612,-5046,-8.25,27.9,0.89,-1.01,8064,-425,-1631,740,-649,-256,3002,-7793
MGC,ORB2,"ORB2 08:20 15m break LONG stop 0.25×ATR 2R days ALL",555,-1585,-2.86,35.0,0.90,-1.19,2127,0,521,-3686,-7.07,35.9,0.89,-1.04,6580,-17,-773,-334,-461,198,403,-4287
MGC,ORB2,"ORB2 08:20 15m opening-candle direction LONG stop 0.25×ATR 2R days ALL",372,-2479,-6.66,31.2,0.78,-2.29,2624,1,343,-5242,-15.28,31.5,0.79,-1.81,5298,38,-1238,-583,-696,-364,-369,-4509
MGC,ORB2,"ORB2 08:20 15m break SHORT stop 0.25×ATR 2R days ALL",552,228,0.41,37.3,1.02,0.17,1135,1,517,890,1.72,36.0,1.03,0.24,2903,-374,-156,1444,-686,-1213,1817,286
MGC,ORB2,"ORB2 08:20 15m opening-candle direction SHORT stop 0.25×ATR 2R days ALL",381,149,0.39,36.5,1.01,0.13,970,1,317,1697,5.35,36.9,1.09,0.62,1459,-87,-437,922,-249,-172,558,1311
MGC,ORB2,"ORB2 08:20 15m break BOTH stop 0.25×ATR 2R days ALL",757,-2306,-3.05,34.6,0.89,-1.48,2570,0,663,-6434,-9.70,33.5,0.86,-1.64,8622,-350,-676,-184,-1095,-875,995,-6554
MGC,ORB2,"ORB2 08:20 15m opening-candle direction BOTH stop 0.25×ATR 2R days ALL",753,-2330,-3.09,33.9,0.89,-1.48,2592,1,660,-3544,-5.37,34.1,0.92,-0.89,4093,-50,-1675,340,-945,-535,190,-3199
MGC,ORB2,"ORB2 08:20 15m break LONG stop 0.25×ATR 2R days NARROW",193,-72,-0.38,36.8,0.99,-0.09,687,2,269,-1619,-6.02,34.6,0.92,-0.58,2517,-73,-130,80,51,-254,-512,-853
MGC,ORB2,"ORB2 08:20 15m opening-candle direction LONG stop 0.25×ATR 2R days NARROW",119,-1040,-8.74,30.3,0.73,-1.64,1242,0,174,-3570,-20.51,31.0,0.75,-1.57,3915,-178,-709,-122,-30,-407,-103,-3060
MGC,ORB2,"ORB2 08:20 15m break SHORT stop 0.25×ATR 2R days NARROW",201,397,1.97,38.8,1.07,0.46,1339,2,269,-324,-1.21,36.1,0.98,-0.11,2812,-136,587,1040,-1095,-1100,1600,-825
MGC,ORB2,"ORB2 08:20 15m opening-candle direction SHORT stop 0.25×ATR 2R days NARROW",121,-136,-1.12,34.7,0.96,-0.20,757,2,138,862,6.25,39.1,1.10,0.45,955,-71,131,474,-670,81,518,263
MGC,ORB2,"ORB2 08:20 15m break BOTH stop 0.25×ATR 2R days NARROW",246,-441,-1.79,36.2,0.94,-0.47,1180,2,316,-5567,-17.62,31.6,0.77,-1.89,6192,-316,395,568,-1088,-826,332,-5073
MGC,ORB2,"ORB2 08:20 15m opening-candle direction BOTH stop 0.25×ATR 2R days NARROW",240,-1176,-4.90,32.5,0.84,-1.27,1176,1,312,-2707,-8.68,34.6,0.88,-0.91,4544,-249,-578,351,-700,-325,415,-2797
MGC,ORB2,"ORB2 08:20 15m break LONG stop 0.25×ATR 2R days NOTWIDE",453,-2009,-4.43,33.8,0.85,-1.66,2389,0,463,-3397,-7.34,35.4,0.89,-1.00,5392,-117,-1129,-516,-246,-103,-57,-3237
MGC,ORB2,"ORB2 08:20 15m opening-candle direction LONG stop 0.25×ATR 2R days NOTWIDE",293,-2240,-7.65,30.0,0.75,-2.29,2322,0,301,-4352,-14.46,32.2,0.80,-1.56,4654,-26,-1403,-211,-600,-353,-134,-3865
MGC,ORB2,"ORB2 08:20 15m break SHORT stop 0.25×ATR 2R days NOTWIDE",470,246,0.52,37.9,1.02,0.20,965,1,465,692,1.49,36.1,1.02,0.19,2988,-360,-233,1432,-594,-1072,1844,-80
MGC,ORB2,"ORB2 08:20 15m opening-candle direction SHORT stop 0.25×ATR 2R days NOTWIDE",302,-317,-1.05,35.8,0.96,-0.31,965,1,269,1692,6.29,37.5,1.10,0.66,1592,-108,-467,661,-403,-20,759,953
MGC,ORB2,"ORB2 08:20 15m break BOTH stop 0.25×ATR 2R days NOTWIDE",603,-2943,-4.88,33.3,0.83,-2.11,2943,0,576,-6337,-11.00,33.3,0.84,-1.69,7955,-435,-1221,-294,-992,-824,924,-6437
MGC,ORB2,"ORB2 08:20 15m opening-candle direction BOTH stop 0.25×ATR 2R days NOTWIDE",595,-2558,-4.30,32.9,0.85,-1.81,2694,1,570,-2660,-4.67,34.7,0.93,-0.70,4610,-135,-1871,450,-1003,-373,625,-2912
MGC,ORB2,"ORB2 08:20 15m break LONG stop 0.25×ATR 2R days NONEWS",517,-1087,-2.10,35.6,0.92,-0.84,2027,1,487,-2217,-4.55,36.8,0.93,-0.65,5359,98,-471,-159,-555,88,950,-3255
MGC,ORB2,"ORB2 08:20 15m opening-candle direction LONG stop 0.25×ATR 2R days NONEWS",343,-2128,-6.20,31.8,0.79,-2.04,2212,0,318,-3898,-12.26,32.4,0.83,-1.39,4246,-23,-1006,-492,-608,-342,231,-3786
MGC,ORB2,"ORB2 08:20 15m break SHORT stop 0.25×ATR 2R days NONEWS",517,-21,-0.04,36.9,1.00,-0.02,1301,1,485,256,0.53,35.7,1.01,0.07,2609,-351,-48,1011,-633,-1365,1915,-295
MGC,ORB2,"ORB2 08:20 15m opening-candle direction SHORT stop 0.25×ATR 2R days NONEWS",356,51,0.14,36.5,1.01,0.05,808,2,294,250,0.85,35.4,1.01,0.10,1702,34,-228,447,-202,-50,115,185
MGC,ORB2,"ORB2 08:20 15m break BOTH stop 0.25×ATR 2R days NONEWS",702,-2081,-2.96,34.8,0.89,-1.38,2649,0,614,-7191,-11.71,33.1,0.83,-1.92,8553,-195,-454,-469,-964,-1073,908,-7026
MGC,ORB2,"ORB2 08:20 15m opening-candle direction BOTH stop 0.25×ATR 2R days NONEWS",699,-2077,-2.97,34.2,0.89,-1.37,2313,1,612,-3648,-5.96,33.8,0.91,-0.95,4732,11,-1234,-45,-810,-392,346,-3601
MGC,ORB2,"ORB2 08:20 15m break LONG stop 0.25×ATR 4R days ALL",555,-1111,-2.00,29.9,0.93,-0.67,1272,1,521,-4483,-8.60,30.7,0.88,-1.08,5993,-622,-241,216,-464,-79,-351,-4053
MGC,ORB2,"ORB2 08:20 15m opening-candle direction LONG stop 0.25×ATR 4R days ALL",372,-1929,-5.19,26.9,0.84,-1.42,2000,1,343,-4761,-13.88,26.8,0.82,-1.37,5003,-258,-991,11,-691,-565,-238,-3959
MGC,ORB2,"ORB2 08:20 15m break SHORT stop 0.25×ATR 4R days ALL",552,-1476,-2.67,30.3,0.91,-0.93,1846,1,517,-2053,-3.97,28.4,0.94,-0.46,5683,-594,-310,421,-993,-1320,1867,-2600
MGC,ORB2,"ORB2 08:20 15m opening-candle direction SHORT stop 0.25×ATR 4R days ALL",381,-1756,-4.61,28.1,0.85,-1.35,2207,0,317,124,0.39,29.3,1.01,0.04,3866,-297,-521,-371,-567,-573,2791,-2094
MGC,ORB2,"ORB2 08:20 15m break BOTH stop 0.25×ATR 4R days ALL",757,-4012,-5.30,27.7,0.83,-2.16,4120,0,663,-6830,-10.30,27.3,0.86,-1.42,10443,-1145,-648,-672,-1548,-219,2143,-8754
MGC,ORB2,"ORB2 08:20 15m opening-candle direction BOTH stop 0.25×ATR 4R days ALL",753,-3685,-4.89,27.5,0.84,-1.96,4015,0,660,-4637,-7.03,28.0,0.90,-0.97,6897,-555,-1512,-360,-1258,-1138,2553,-6053
MGC,ORB2,"ORB2 08:20 15m break LONG stop 0.25×ATR 4R days NARROW",193,764,3.96,33.2,1.13,0.71,480,2,269,-2653,-9.86,29.7,0.87,-0.81,3096,-178,-29,515,456,-421,-671,-1562
MGC,ORB2,"ORB2 08:20 15m opening-candle direction LONG stop 0.25×ATR 4R days NARROW",119,-744,-6.25,27.7,0.81,-0.94,1163,1,174,-2811,-16.15,28.2,0.81,-1.02,3378,-204,-762,225,-4,-354,409,-2865
MGC,ORB2,"ORB2 08:20 15m break SHORT stop 0.25×ATR 4R days NARROW",201,-629,-3.13,31.3,0.89,-0.65,1547,2,269,-2497,-9.28,29.4,0.88,-0.75,3104,-21,212,434,-1254,-1657,2125,-2965
MGC,ORB2,"ORB2 08:20 15m opening-candle direction SHORT stop 0.25×ATR 4R days NARROW",121,-1054,-8.71,27.3,0.72,-1.52,1225,1,138,-872,-6.32,30.4,0.91,-0.42,2515,-90,-100,0,-864,-463,2000,-2410
MGC,ORB2,"ORB2 08:20 15m break BOTH stop 0.25×ATR 4R days NARROW",246,-778,-3.16,30.9,0.90,-0.71,1128,2,316,-7979,-25.25,25.9,0.70,-2.40,8326,-416,107,579,-1048,-1321,1646,-8305
MGC,ORB2,"ORB2 08:20 15m opening-candle direction BOTH stop 0.25×ATR 4R days NARROW",240,-1799,-7.49,27.5,0.77,-1.71,1799,1,312,-3683,-11.80,29.2,0.85,-1.07,5634,-294,-862,225,-868,-817,2409,-5275
MGC,ORB2,"ORB2 08:20 15m break LONG stop 0.25×ATR 4R days NOTWIDE",453,-1201,-2.65,29.8,0.91,-0.79,1682,2,463,-3306,-7.14,30.9,0.90,-0.82,4688,-702,-692,54,139,-245,-576,-2486
MGC,ORB2,"ORB2 08:20 15m opening-candle direction LONG stop 0.25×ATR 4R days NOTWIDE",293,-2063,-7.04,25.9,0.78,-1.72,2129,1,301,-3367,-11.19,27.9,0.86,-0.99,4527,-303,-1302,130,-588,-486,165,-3046
MGC,ORB2,"ORB2 08:20 15m break SHORT stop 0.25×ATR 4R days NOTWIDE",470,-441,-0.94,31.5,0.97,-0.29,1187,1,465,-3040,-6.54,28.4,0.91,-0.71,6263,-484,-256,1041,-742,-1656,2316,-3701
MGC,ORB2,"ORB2 08:20 15m opening-candle direction SHORT stop 0.25×ATR 4R days NOTWIDE",302,-1839,-6.09,28.1,0.80,-1.63,2058,0,269,-24,-0.09,30.1,1.00,-0.01,3898,-222,-548,-361,-707,-443,2895,-2476
MGC,ORB2,"ORB2 08:20 15m break BOTH stop 0.25×ATR 4R days NOTWIDE",603,-3428,-5.68,27.7,0.82,-2.05,3428,0,576,-6811,-11.82,27.4,0.84,-1.48,9697,-1115,-1129,-285,-898,-618,2505,-8698
MGC,ORB2,"ORB2 08:20 15m opening-candle direction BOTH stop 0.25×ATR 4R days NOTWIDE",595,-3902,-6.56,27.1,0.79,-2.37,3943,0,570,-3391,-5.95,28.9,0.92,-0.74,6019,-525,-1850,-231,-1295,-929,3060,-5522
MGC,ORB2,"ORB2 08:20 15m break LONG stop 0.25×ATR 4R days NONEWS",517,-1032,-2.00,30.4,0.93,-0.65,1348,1,487,-1797,-3.69,32.2,0.95,-0.44,4587,-506,-80,202,-649,94,612,-2503
MGC,ORB2,"ORB2 08:20 15m opening-candle direction LONG stop 0.25×ATR 4R days NONEWS",343,-1873,-5.46,27.4,0.83,-1.45,1873,0,318,-2913,-9.16,28.0,0.88,-0.85,3701,-382,-700,-9,-782,-564,368,-2717
MGC,ORB2,"ORB2 08:20 15m break SHORT stop 0.25×ATR 4R days NONEWS",517,-835,-1.62,30.9,0.94,-0.54,1544,1,485,-3083,-6.36,28.5,0.91,-0.73,5801,-472,-323,685,-725,-1236,1529,-3376
MGC,ORB2,"ORB2 08:20 15m opening-candle direction SHORT stop 0.25×ATR 4R days NONEWS",356,-1719,-4.83,28.4,0.84,-1.39,2238,0,294,-1382,-4.70,28.6,0.93,-0.45,3955,-175,-376,-539,-629,-398,2277,-3262
MGC,ORB2,"ORB2 08:20 15m break BOTH stop 0.25×ATR 4R days NONEWS",702,-3581,-5.10,28.1,0.83,-2.01,3792,0,614,-6913,-11.26,27.7,0.85,-1.51,9713,-989,-687,-720,-1185,-46,2036,-8903
MGC,ORB2,"ORB2 08:20 15m opening-candle direction BOTH stop 0.25×ATR 4R days NONEWS",699,-3592,-5.14,27.9,0.83,-2.02,3967,0,612,-4295,-7.02,28.3,0.90,-0.93,6259,-557,-1077,-549,-1410,-962,2646,-5979
MGC,ORB2,"ORB2 08:20 30m break LONG stop range to 15:55 days ALL",492,705,1.43,38.4,1.04,0.34,2464,2,473,-2880,-6.09,37.8,0.92,-0.64,9602,-742,-1224,1484,1188,353,3819,-7052
MGC,ORB2,"ORB2 08:20 30m opening-candle direction LONG stop range to 15:55 days ALL",383,-1634,-4.27,36.3,0.90,-0.82,2457,1,354,-9036,-25.53,32.8,0.71,-2.45,9801,-655,-790,419,-608,-1278,1105,-8863
MGC,ORB2,"ORB2 08:20 30m break SHORT stop range to 15:55 days ALL",495,37,0.07,39.0,1.00,0.02,1964,1,482,-1362,-2.82,33.8,0.96,-0.26,4238,-74,-254,1224,-859,-545,-408,-408
MGC,ORB2,"ORB2 08:20 30m opening-candle direction SHORT stop range to 15:55 days ALL",372,-1983,-5.33,39.0,0.86,-1.14,3019,1,306,444,1.45,38.6,1.02,0.10,4519,-540,427,-1305,-564,1185,2139,-2879
MGC,ORB2,"ORB2 08:20 30m break BOTH stop range to 15:55 days ALL",744,706,0.95,39.5,1.03,0.28,2848,2,655,-8166,-12.47,34.7,0.85,-1.45,14679,-871,-1185,2622,140,1567,2542,-12275
MGC,ORB2,"ORB2 08:20 30m opening-candle direction BOTH stop range to 15:55 days ALL",755,-3617,-4.79,37.6,0.88,-1.37,5033,0,660,-8592,-13.02,35.5,0.85,-1.49,12436,-1195,-363,-886,-1173,-94,3244,-11742
MGC,ORB2,"ORB2 08:20 30m break LONG stop range to 15:55 days NARROW",76,1626,21.40,34.2,1.89,1.90,388,3,137,-1399,-10.21,26.3,0.86,-0.60,2383,-24,39,773,838,-474,336,-1261
MGC,ORB2,"ORB2 08:20 30m opening-candle direction LONG stop range to 15:55 days NARROW",50,295,5.90,22.0,1.19,0.40,475,3,98,-5569,-56.83,16.3,0.38,-3.72,5854,43,-213,402,64,134,-1105,-4599
MGC,ORB2,"ORB2 08:20 30m break SHORT stop range to 15:55 days NARROW",76,-518,-6.81,28.9,0.76,-0.98,1014,3,154,1315,8.54,29.2,1.13,0.48,1615,72,138,111,-839,-998,1273,1040
MGC,ORB2,"ORB2 08:20 30m opening-candle direction SHORT stop range to 15:55 days NARROW",51,-154,-3.02,29.4,0.89,-0.36,529,1,79,-1097,-13.89,30.4,0.79,-0.79,2495,-17,248,-140,-245,96,639,-1833
MGC,ORB2,"ORB2 08:20 30m break BOTH stop range to 15:55 days NARROW",103,1174,11.39,35.0,1.45,1.35,658,2,178,-4363,-24.51,23.6,0.68,-1.89,4765,-6,218,1056,-94,-739,515,-4139
MGC,ORB2,"ORB2 08:20 30m opening-candle direction BOTH stop range to 15:55 days NARROW",101,141,1.40,25.7,1.05,0.17,589,3,177,-6667,-37.66,22.6,0.53,-3.25,7349,25,35,262,-182,230,-466,-6431
MGC,ORB2,"ORB2 08:20 30m break LONG stop range to 15:55 days NOTWIDE",329,-9,-0.03,35.6,1.00,-0.01,1799,2,386,-1702,-4.41,35.0,0.94,-0.44,6669,-392,-840,535,688,-205,3123,-4621
MGC,ORB2,"ORB2 08:20 30m opening-candle direction LONG stop range to 15:55 days NOTWIDE",243,-1269,-5.22,29.2,0.86,-0.87,1980,1,279,-5427,-19.45,30.8,0.76,-1.80,7786,-277,-854,235,-373,55,1223,-6705
MGC,ORB2,"ORB2 08:20 30m break SHORT stop range to 15:55 days NOTWIDE",351,-164,-0.47,37.0,0.98,-0.12,1373,2,390,-3111,-7.98,30.5,0.90,-0.69,5178,166,-330,1035,-1035,-439,-1228,-1444
MGC,ORB2,"ORB2 08:20 30m opening-candle direction SHORT stop range to 15:55 days NOTWIDE",235,-1219,-5.19,35.3,0.84,-1.12,1442,1,223,-423,-1.90,35.0,0.98,-0.12,3752,-330,90,-426,-552,1798,1020,-3242
MGC,ORB2,"ORB2 08:20 30m break BOTH stop range to 15:55 days NOTWIDE",483,-429,-0.89,36.6,0.97,-0.24,1575,1,507,-7663,-15.11,31.0,0.81,-1.69,11541,-258,-853,1079,-398,1335,1346,-10343
MGC,ORB2,"ORB2 08:20 30m opening-candle direction BOTH stop range to 15:55 days NOTWIDE",478,-2488,-5.21,32.2,0.85,-1.37,3014,0,502,-5851,-11.65,32.7,0.85,-1.27,11064,-607,-765,-191,-925,1853,2244,-9947
MGC,ORB2,"ORB2 08:20 30m break LONG stop range to 15:55 days NONEWS",460,-229,-0.50,38.5,0.99,-0.12,2192,2,443,-1963,-4.43,38.1,0.94,-0.44,9132,-856,-945,1228,344,-257,4739,-6445
MGC,ORB2,"ORB2 08:20 30m opening-candle direction LONG stop range to 15:55 days NONEWS",352,-2216,-6.29,35.8,0.84,-1.21,2370,1,325,-7131,-21.94,33.2,0.74,-2.00,8834,-736,-631,227,-1075,-1329,1834,-7636
MGC,ORB2,"ORB2 08:20 30m break SHORT stop range to 15:55 days NONEWS",464,430,0.93,39.9,1.03,0.23,1649,2,451,-4111,-9.11,32.8,0.89,-0.85,5822,45,-503,1566,-678,-1164,-1815,-1132
MGC,ORB2,"ORB2 08:20 30m opening-candle direction SHORT stop range to 15:55 days NONEWS",347,-1025,-2.95,40.6,0.92,-0.61,2079,1,285,-1961,-6.88,37.9,0.92,-0.49,5005,-476,522,-613,-458,1090,1175,-4226
MGC,ORB2,"ORB2 08:20 30m break BOTH stop range to 15:55 days NONEWS",691,451,0.65,40.1,1.02,0.19,2622,1,609,-10674,-17.53,33.8,0.79,-2.04,14581,-927,-1013,2653,-262,358,1590,-12623
MGC,ORB2,"ORB2 08:20 30m opening-candle direction BOTH stop range to 15:55 days NONEWS",699,-3240,-4.64,38.2,0.88,-1.30,4064,0,610,-9092,-14.90,35.4,0.82,-1.69,13049,-1212,-109,-386,-1533,-239,3008,-11861
MGC,ORB2,"ORB2 08:20 30m break LONG stop range 2R days ALL",492,-597,-1.21,41.3,0.96,-0.34,2090,2,473,-3675,-7.77,40.8,0.90,-0.92,8682,-901,-780,793,292,498,2365,-6538
MGC,ORB2,"ORB2 08:20 30m opening-candle direction LONG stop range 2R days ALL",383,-3156,-8.24,38.4,0.79,-1.89,3450,0,354,-8745,-24.70,35.9,0.71,-2.53,8745,-725,-465,-602,-1364,-1531,739,-7953
MGC,ORB2,"ORB2 08:20 30m break SHORT stop range 2R days ALL",495,577,1.17,42.6,1.04,0.34,1491,2,482,-611,-1.27,38.4,0.98,-0.14,2902,-309,273,1212,-599,-802,201,-9
MGC,ORB2,"ORB2 08:20 30m opening-candle direction SHORT stop range 2R days ALL",372,-1209,-3.25,42.5,0.91,-0.76,2566,1,306,-208,-0.68,41.5,0.99,-0.05,4133,-479,854,-907,-676,222,2211,-2640
MGC,ORB2,"ORB2 08:20 30m break BOTH stop range 2R days ALL",744,551,0.74,42.9,1.02,0.25,1944,2,655,-6855,-10.47,38.2,0.87,-1.34,12765,-1030,-202,1765,18,475,2910,-10240
MGC,ORB2,"ORB2 08:20 30m opening-candle direction BOTH stop range 2R days ALL",755,-4365,-5.78,40.4,0.85,-1.90,5306,1,660,-8953,-13.57,38.5,0.84,-1.73,11571,-1204,389,-1509,-2041,-1310,2950,-10593
MGC,ORB2,"ORB2 08:20 30m break LONG stop range 2R days NARROW",76,394,5.19,39.5,1.23,0.83,384,2,137,-1170,-8.54,33.6,0.87,-0.65,1868,-39,-100,466,67,-252,-615,-303
MGC,ORB2,"ORB2 08:20 30m opening-candle direction LONG stop range 2R days NARROW",50,-650,-13.00,24.0,0.57,-1.82,671,1,98,-4592,-46.86,23.5,0.44,-3.55,4887,21,-196,-55,-419,59,-887,-3765
MGC,ORB2,"ORB2 08:20 30m break SHORT stop range 2R days NARROW",76,-57,-0.75,36.8,0.97,-0.12,702,3,154,1168,7.58,37.7,1.13,0.61,1516,20,232,218,-527,-735,1540,363
MGC,ORB2,"ORB2 08:20 30m opening-candle direction SHORT stop range 2R days NARROW",51,63,1.24,35.3,1.05,0.16,449,2,79,198,2.50,40.5,1.04,0.16,1708,-4,278,87,-298,286,741,-830
MGC,ORB2,"ORB2 08:20 30m break BOTH stop range 2R days NARROW",103,582,5.65,40.8,1.25,1.02,632,3,178,-2061,-11.58,32.0,0.83,-1.03,3136,10,249,695,-372,-562,426,-1925
MGC,ORB2,"ORB2 08:20 30m opening-candle direction BOTH stop range 2R days NARROW",101,-587,-5.81,29.7,0.79,-1.09,1071,3,177,-4395,-24.83,31.1,0.66,-2.40,4897,16,82,32,-718,345,-146,-4594
MGC,ORB2,"ORB2 08:20 30m break LONG stop range 2R days NOTWIDE",329,-1031,-3.13,39.8,0.90,-0.86,1540,0,386,-2430,-6.29,38.6,0.91,-0.74,5298,-551,-433,-32,-15,-110,1786,-4107
MGC,ORB2,"ORB2 08:20 30m opening-candle direction LONG stop range 2R days NOTWIDE",243,-2463,-10.14,32.5,0.72,-2.30,2728,0,279,-5220,-18.71,34.8,0.76,-1.92,6854,-347,-481,-752,-883,-228,803,-5795
MGC,ORB2,"ORB2 08:20 30m break SHORT stop range 2R days NOTWIDE",351,934,2.66,41.9,1.09,0.74,863,2,390,-2981,-7.64,36.2,0.90,-0.86,3612,-69,278,1340,-615,-636,-824,-1521
MGC,ORB2,"ORB2 08:20 30m opening-candle direction SHORT stop range 2R days NOTWIDE",235,155,0.66,40.9,1.02,0.15,752,2,223,-1305,-5.85,39.0,0.92,-0.49,4188,-269,718,308,-601,811,1104,-3221
MGC,ORB2,"ORB2 08:20 30m break BOTH stop range 2R days NOTWIDE",483,297,0.61,41.8,1.02,0.19,1142,2,507,-6963,-13.73,35.5,0.82,-1.83,9805,-417,289,665,-241,253,1569,-8784
MGC,ORB2,"ORB2 08:20 30m opening-candle direction BOTH stop range 2R days NOTWIDE",478,-2308,-4.83,36.6,0.85,-1.54,2611,1,502,-6526,-13.00,36.7,0.83,-1.71,10186,-616,236,-444,-1484,583,1908,-9016
MGC,ORB2,"ORB2 08:20 30m break LONG stop range 2R days NONEWS",460,-1154,-2.51,41.3,0.93,-0.70,1837,1,443,-3170,-7.16,40.9,0.91,-0.81,8216,-958,-492,590,-294,72,3059,-6301
MGC,ORB2,"ORB2 08:20 30m opening-candle direction LONG stop range 2R days NONEWS",352,-3340,-9.49,38.1,0.76,-2.15,3650,0,325,-7803,-24.01,35.7,0.71,-2.37,8472,-735,-279,-727,-1598,-1543,836,-7096
MGC,ORB2,"ORB2 08:20 30m break SHORT stop range 2R days NONEWS",464,637,1.37,42.9,1.04,0.39,1376,1,451,-2304,-5.11,37.3,0.93,-0.55,4066,-190,-83,1410,-500,-1187,-497,-620
MGC,ORB2,"ORB2 08:20 30m opening-candle direction SHORT stop range 2R days NONEWS",347,-858,-2.47,43.2,0.93,-0.57,1995,1,285,-1910,-6.70,40.7,0.92,-0.53,5384,-415,822,-695,-570,379,1519,-3808
MGC,ORB2,"ORB2 08:20 30m break BOTH stop range 2R days NONEWS",691,107,0.16,43.0,1.00,0.05,1806,1,609,-8435,-13.85,37.3,0.83,-1.74,13131,-1029,-148,1705,-421,-183,2592,-10845
MGC,ORB2,"ORB2 08:20 30m opening-candle direction BOTH stop range 2R days NONEWS",699,-4197,-6.00,40.6,0.84,-1.94,4940,1,610,-9713,-15.92,38.0,0.81,-1.99,13071,-1150,543,-1422,-2168,-1164,2354,-10903
MGC,ORB2,"ORB2 08:20 30m break LONG stop range 4R days ALL",492,493,1.00,38.6,1.03,0.25,2175,2,473,-3276,-6.93,38.3,0.91,-0.75,9646,-749,-937,1423,757,737,3171,-7184
MGC,ORB2,"ORB2 08:20 30m opening-candle direction LONG stop range 4R days ALL",383,-2140,-5.59,36.6,0.86,-1.12,2585,1,354,-8621,-24.35,33.3,0.72,-2.34,9054,-657,-513,53,-1023,-1312,766,-8075
MGC,ORB2,"ORB2 08:20 30m break SHORT stop range 4R days ALL",495,521,1.05,39.4,1.03,0.27,1769,2,482,-12,-0.02,34.4,1.00,0.00,4425,-100,257,1193,-829,-1001,857,133
MGC,ORB2,"ORB2 08:20 30m opening-candle direction SHORT stop range 4R days ALL",372,-1570,-4.22,39.5,0.89,-0.91,2821,1,306,731,2.39,38.9,1.03,0.17,4519,-540,824,-1275,-578,884,2947,-3099
MGC,ORB2,"ORB2 08:20 30m break BOTH stop range 4R days ALL",744,1077,1.45,39.9,1.04,0.43,2254,1,655,-7225,-11.03,35.1,0.87,-1.28,13903,-853,-417,2384,-37,1371,2913,-11509
MGC,ORB2,"ORB2 08:20 30m opening-candle direction BOTH stop range 4R days ALL",755,-3710,-4.91,38.0,0.87,-1.45,5034,1,660,-7890,-11.95,35.9,0.86,-1.38,11868,-1197,311,-1222,-1602,-429,3713,-11174
MGC,ORB2,"ORB2 08:20 30m break LONG stop range 4R days NARROW",76,1085,14.28,34.2,1.59,1.63,384,3,137,-1520,-11.09,27.0,0.85,-0.70,2427,-33,11,597,510,-102,-135,-1283
MGC,ORB2,"ORB2 08:20 30m opening-candle direction LONG stop range 4R days NARROW",50,-381,-7.62,22.0,0.76,-0.83,494,2,98,-5125,-52.30,17.3,0.42,-3.40,5476,43,-213,81,-291,78,-1393,-3811
MGC,ORB2,"ORB2 08:20 30m break SHORT stop range 4R days NARROW",76,-443,-5.83,28.9,0.80,-0.81,1008,3,154,2803,18.20,31.2,1.28,1.06,1497,61,183,146,-833,-1149,2390,1562
MGC,ORB2,"ORB2 08:20 30m opening-candle direction SHORT stop range 4R days NARROW",51,-34,-0.66,29.4,0.98,-0.07,489,1,79,-506,-6.41,31.6,0.91,-0.35,2027,-17,333,-106,-244,117,1161,-1785
MGC,ORB2,"ORB2 08:20 30m break BOTH stop range 4R days NARROW",103,735,7.13,35.0,1.28,1.02,668,2,178,-3520,-19.78,24.7,0.74,-1.51,4176,-15,247,810,-307,-642,731,-3609
MGC,ORB2,"ORB2 08:20 30m opening-candle direction BOTH stop range 4R days NARROW",101,-415,-4.11,25.7,0.86,-0.64,912,2,177,-5632,-31.82,23.7,0.60,-2.68,6228,25,120,-25,-536,195,-232,-5595
MGC,ORB2,"ORB2 08:20 30m break LONG stop range 4R days NOTWIDE",329,-457,-1.39,35.9,0.96,-0.32,1561,2,386,-2098,-5.43,35.5,0.93,-0.56,6713,-399,-553,304,191,179,2475,-4753
MGC,ORB2,"ORB2 08:20 30m opening-candle direction LONG stop range 4R days NOTWIDE",243,-1981,-8.15,29.6,0.78,-1.54,2416,0,279,-5012,-17.96,31.5,0.77,-1.67,7164,-279,-577,-278,-847,21,884,-5917
MGC,ORB2,"ORB2 08:20 30m break SHORT stop range 4R days NOTWIDE",351,331,0.94,37.6,1.03,0.23,1258,3,390,-1761,-4.52,31.3,0.94,-0.40,4763,140,33,1163,-1005,-895,37,-903
MGC,ORB2,"ORB2 08:20 30m opening-candle direction SHORT stop range 4R days NOTWIDE",235,-715,-3.04,36.2,0.90,-0.64,998,1,223,-350,-1.57,35.4,0.98,-0.10,3781,-330,416,-234,-566,1497,1614,-3462
MGC,ORB2,"ORB2 08:20 30m break BOTH stop range 4R days NOTWIDE",483,-283,-0.59,37.3,0.98,-0.16,1139,1,507,-6722,-13.26,31.6,0.84,-1.47,10749,-240,-233,830,-641,1139,1717,-9577
MGC,ORB2,"ORB2 08:20 30m opening-candle direction BOTH stop range 4R days NOTWIDE",478,-2696,-5.64,32.8,0.84,-1.59,3130,0,502,-5363,-10.68,33.3,0.87,-1.19,9915,-609,-162,-512,-1413,1518,2499,-9379
MGC,ORB2,"ORB2 08:20 30m break LONG stop range 4R days NONEWS",460,-290,-0.63,38.7,0.98,-0.15,2028,2,443,-2384,-5.38,38.6,0.93,-0.55,9176,-863,-658,1167,64,102,4091,-6577
MGC,ORB2,"ORB2 08:20 30m opening-candle direction LONG stop range 4R days NONEWS",352,-2635,-7.48,36.1,0.81,-1.49,2729,0,325,-7402,-22.78,33.5,0.73,-2.11,8617,-738,-354,-139,-1403,-1433,1495,-7464
MGC,ORB2,"ORB2 08:20 30m break SHORT stop range 4R days NONEWS",464,622,1.34,39.9,1.04,0.33,1596,2,451,-2080,-4.61,33.5,0.94,-0.43,5281,19,-203,1454,-648,-1397,-92,-591
MGC,ORB2,"ORB2 08:20 30m opening-candle direction SHORT stop range 4R days NONEWS",347,-1019,-2.94,40.6,0.92,-0.62,2092,1,285,-1397,-4.90,38.2,0.94,-0.35,5225,-476,708,-779,-472,1030,2019,-4446
MGC,ORB2,"ORB2 08:20 30m break BOTH stop range 4R days NONEWS",691,566,0.82,40.2,1.02,0.24,2028,1,609,-9077,-14.91,34.3,0.82,-1.71,13680,-909,-456,2334,-403,360,2419,-11857
MGC,ORB2,"ORB2 08:20 30m opening-candle direction BOTH stop range 4R days NONEWS",699,-3653,-5.23,38.3,0.86,-1.51,4472,1,610,-8799,-14.42,35.7,0.83,-1.65,13097,-1214,354,-918,-1875,-403,3513,-11909
MGC,ORB2,"ORB2 08:20 30m break LONG stop 0.10×ATR to 15:55 days ALL",492,-203,-0.41,14.6,0.97,-0.17,1083,2,473,-2029,-4.29,14.4,0.89,-0.76,3147,-205,-650,296,356,-601,1232,-2660
MGC,ORB2,"ORB2 08:20 30m opening-candle direction LONG stop 0.10×ATR to 15:55 days ALL",383,-645,-1.68,12.0,0.90,-0.56,1356,1,354,-5061,-14.30,10.7,0.63,-2.73,5120,-182,-299,-216,53,-291,-723,-4047
MGC,ORB2,"ORB2 08:20 30m break SHORT stop 0.10×ATR to 15:55 days ALL",495,-3352,-6.77,9.9,0.60,-3.49,3509,0,482,-2957,-6.13,11.0,0.84,-0.94,3157,-330,-996,-1086,-940,-604,-1164,-1189
MGC,ORB2,"ORB2 08:20 30m opening-candle direction SHORT stop 0.10×ATR to 15:55 days ALL",372,-1160,-3.12,11.8,0.81,-1.20,1576,1,306,-4811,-15.72,11.1,0.60,-2.43,4923,-275,183,-965,-102,-489,-1474,-2848
MGC,ORB2,"ORB2 08:20 30m break BOTH stop 0.10×ATR to 15:55 days ALL",744,-1856,-2.49,12.6,0.85,-1.28,2193,0,655,-4014,-6.13,11.8,0.84,-1.19,4714,-227,-969,-317,-343,5,-2,-4017
MGC,ORB2,"ORB2 08:20 30m opening-candle direction BOTH stop 0.10×ATR to 15:55 days ALL",755,-1805,-2.39,11.9,0.86,-1.21,2304,0,660,-9871,-14.96,10.9,0.61,-3.65,9926,-458,-116,-1181,-50,-780,-2196,-6895
MGC,ORB2,"ORB2 08:20 30m break LONG stop 0.10×ATR to 15:55 days NARROW",76,851,11.19,21.1,1.70,1.25,212,3,137,634,4.63,16.1,1.11,0.33,1163,33,-152,519,451,-369,366,638
MGC,ORB2,"ORB2 08:20 30m opening-candle direction LONG stop 0.10×ATR to 15:55 days NARROW",50,743,14.87,18.0,1.86,1.12,246,2,98,-4475,-45.66,4.1,0.13,-8.66,4475,-60,-55,580,278,-377,-1403,-2696
MGC,ORB2,"ORB2 08:20 30m break SHORT stop 0.10×ATR to 15:55 days NARROW",76,-783,-10.30,11.8,0.45,-2.72,790,0,154,-902,-5.86,16.2,0.87,-0.56,1875,-117,-20,-267,-379,-285,788,-1404
MGC,ORB2,"ORB2 08:20 30m opening-candle direction SHORT stop 0.10×ATR to 15:55 days NARROW",51,-496,-9.72,11.8,0.47,-2.16,544,2,79,-1548,-19.60,11.4,0.58,-1.56,1909,1,33,-40,-489,23,-79,-1492
MGC,ORB2,"ORB2 08:20 30m break BOTH stop 0.10×ATR to 15:55 days NARROW",103,357,3.46,17.5,1.20,0.52,384,2,178,-1813,-10.18,14.6,0.77,-1.08,2509,-3,-1,261,101,-173,398,-2037
MGC,ORB2,"ORB2 08:20 30m opening-candle direction BOTH stop 0.10×ATR to 15:55 days NARROW",101,248,2.45,14.9,1.14,0.35,362,1,177,-6023,-34.03,7.3,0.32,-5.33,6166,-59,-22,540,-211,-353,-1482,-4188
MGC,ORB2,"ORB2 08:20 30m break LONG stop 0.10×ATR to 15:55 days NOTWIDE",329,-280,-0.85,14.3,0.95,-0.28,1352,1,386,119,0.31,15.5,1.01,0.05,2227,-121,-726,-106,672,-149,1727,-1459
MGC,ORB2,"ORB2 08:20 30m opening-candle direction LONG stop 0.10×ATR to 15:55 days NOTWIDE",243,151,0.62,11.9,1.04,0.15,1044,2,279,-3591,-12.87,11.5,0.68,-2.03,4176,-115,-415,482,199,-42,-322,-3226
MGC,ORB2,"ORB2 08:20 30m break SHORT stop 0.10×ATR to 15:55 days NOTWIDE",351,-2368,-6.75,10.8,0.61,-2.94,2368,0,390,-2227,-5.71,11.5,0.86,-0.79,2887,-194,-630,-384,-1159,-479,22,-1770
MGC,ORB2,"ORB2 08:20 30m opening-candle direction SHORT stop 0.10×ATR to 15:55 days NOTWIDE",235,-1648,-7.01,11.1,0.59,-2.76,1687,0,223,-4330,-19.42,12.1,0.53,-3.07,4601,-158,-282,-582,-625,-168,-529,-3633
MGC,ORB2,"ORB2 08:20 30m break BOTH stop 0.10×ATR to 15:55 days NOTWIDE",483,-1192,-2.47,13.0,0.85,-1.01,1691,0,507,-1968,-3.88,12.6,0.90,-0.64,4307,-11,-826,-229,-126,558,1340,-3866
MGC,ORB2,"ORB2 08:20 30m opening-candle direction BOTH stop 0.10×ATR to 15:55 days NOTWIDE",478,-1496,-3.13,11.5,0.82,-1.25,1679,0,502,-7921,-15.78,11.8,0.61,-3.51,8728,-273,-697,-100,-426,-210,-851,-6859
MGC,ORB2,"ORB2 08:20 30m break LONG stop 0.10×ATR to 15:55 days NONEWS",460,297,0.65,15.4,1.04,0.24,811,2,443,-713,-1.61,15.3,0.96,-0.27,2525,-169,-461,412,516,-358,1720,-2076
MGC,ORB2,"ORB2 08:20 30m opening-candle direction LONG stop 0.10×ATR to 15:55 days NONEWS",352,-356,-1.01,12.5,0.94,-0.32,1313,1,325,-3994,-12.29,11.4,0.68,-2.18,4053,-151,-352,-85,233,-314,-252,-3428
MGC,ORB2,"ORB2 08:20 30m break SHORT stop 0.10×ATR to 15:55 days NONEWS",464,-3113,-6.71,10.1,0.60,-3.40,3305,0,451,-4984,-11.05,10.6,0.71,-1.87,5241,-276,-833,-1200,-804,-936,-2291,-1758
MGC,ORB2,"ORB2 08:20 30m opening-candle direction SHORT stop 0.10×ATR to 15:55 days NONEWS",347,-913,-2.63,12.4,0.84,-0.97,1179,1,285,-6261,-21.97,10.9,0.44,-4.58,6392,-238,287,-745,-217,-308,-1738,-4215
MGC,ORB2,"ORB2 08:20 30m break BOTH stop 0.10×ATR to 15:55 days NONEWS",691,-1319,-1.91,13.2,0.88,-0.93,1900,0,609,-5191,-8.52,12.0,0.77,-1.75,5604,-158,-734,-334,-93,-157,-655,-4379
MGC,ORB2,"ORB2 08:20 30m opening-candle direction BOTH stop 0.10×ATR to 15:55 days NONEWS",699,-1269,-1.81,12.4,0.89,-0.87,1872,1,610,-10255,-16.81,11.1,0.56,-4.49,10329,-389,-65,-830,15,-622,-1990,-7643
MGC,ORB2,"ORB2 08:20 30m break LONG stop 0.10×ATR 2R days ALL",492,-1975,-4.01,30.3,0.70,-3.85,2046,1,473,-2612,-5.52,32.6,0.82,-1.82,2806,23,-704,-864,-430,-374,133,-2372
MGC,ORB2,"ORB2 08:20 30m opening-candle direction LONG stop 0.10×ATR 2R days ALL",383,-1518,-3.96,30.5,0.70,-3.36,1627,1,354,-1217,-3.44,33.3,0.88,-0.98,1374,109,-463,-724,-440,-268,255,-1204
MGC,ORB2,"ORB2 08:20 30m break SHORT stop 0.10×ATR 2R days ALL",495,-1718,-3.47,30.9,0.73,-3.30,1765,0,482,-3246,-6.73,30.3,0.78,-2.26,4057,-357,-609,-115,-636,-809,-1303,-1134
MGC,ORB2,"ORB2 08:20 30m opening-candle direction SHORT stop 0.10×ATR 2R days ALL",372,-695,-1.87,34.1,0.85,-1.50,836,0,306,-932,-3.05,33.7,0.89,-0.82,1309,-95,-272,-128,-200,-388,136,-680
MGC,ORB2,"ORB2 08:20 30m break BOTH stop 0.10×ATR 2R days ALL",744,-2329,-3.13,31.7,0.76,-3.63,2433,0,655,-3884,-5.93,31.5,0.80,-2.37,4113,-127,-932,-707,-563,-750,-208,-2926
MGC,ORB2,"ORB2 08:20 30m opening-candle direction BOTH stop 0.10×ATR 2R days ALL",755,-2212,-2.93,32.3,0.77,-3.42,2400,1,660,-2149,-3.26,33.5,0.89,-1.28,2149,15,-736,-852,-639,-656,391,-1883
MGC,ORB2,"ORB2 08:20 30m break LONG stop 0.10×ATR 2R days NARROW",76,-178,-2.35,32.9,0.83,-0.78,239,1,137,114,0.83,34.3,1.02,0.11,674,-20,-179,103,-83,-75,-81,270
MGC,ORB2,"ORB2 08:20 30m opening-candle direction LONG stop 0.10×ATR 2R days NARROW",50,-130,-2.60,36.0,0.81,-0.70,179,2,98,-1285,-13.11,24.5,0.67,-1.61,1379,46,-48,9,-138,-127,-471,-687
MGC,ORB2,"ORB2 08:20 30m break SHORT stop 0.10×ATR 2R days NARROW",76,-33,-0.44,38.2,0.97,-0.14,177,1,154,50,0.32,35.7,1.01,0.05,1042,-18,17,-7,-26,-369,588,-169
MGC,ORB2,"ORB2 08:20 30m opening-candle direction SHORT stop 0.10×ATR 2R days NARROW",51,179,3.50,45.1,1.31,0.91,99,4,79,-641,-8.11,35.4,0.77,-0.99,1105,19,57,84,19,37,427,-1105
MGC,ORB2,"ORB2 08:20 30m break BOTH stop 0.10×ATR 2R days NARROW",103,5,0.05,38.8,1.00,0.02,288,2,178,389,2.19,36.5,1.06,0.35,1142,-10,-119,109,25,-41,687,-257
MGC,ORB2,"ORB2 08:20 30m opening-candle direction BOTH stop 0.10×ATR 2R days NARROW",101,49,0.48,40.6,1.04,0.18,240,3,177,-1926,-10.88,29.4,0.72,-1.88,1936,66,9,93,-119,-90,-43,-1792
MGC,ORB2,"ORB2 08:20 30m break LONG stop 0.10×ATR 2R days NOTWIDE",329,-1502,-4.57,29.2,0.66,-3.55,1582,0,386,-1186,-3.07,35.0,0.90,-0.87,2176,-53,-664,-632,-153,-175,639,-1650
MGC,ORB2,"ORB2 08:20 30m opening-candle direction LONG stop 0.10×ATR 2R days NOTWIDE",243,-1041,-4.28,30.0,0.68,-2.83,1152,1,279,-838,-3.00,35.1,0.90,-0.73,1433,80,-468,-422,-231,-71,554,-1321
MGC,ORB2,"ORB2 08:20 30m break SHORT stop 0.10×ATR 2R days NOTWIDE",351,-954,-2.72,32.8,0.79,-2.11,1001,1,390,-2067,-5.30,31.5,0.83,-1.51,2512,-268,-294,49,-441,-534,-713,-821
MGC,ORB2,"ORB2 08:20 30m opening-candle direction SHORT stop 0.10×ATR 2R days NOTWIDE",235,-300,-1.28,35.3,0.90,-0.79,432,1,223,-895,-4.01,34.5,0.87,-0.89,1414,-63,-267,108,-77,-155,-8,-732
MGC,ORB2,"ORB2 08:20 30m break BOTH stop 0.10×ATR 2R days NOTWIDE",483,-1404,-2.91,32.5,0.78,-2.65,1568,0,507,-1546,-3.05,34.5,0.90,-1.00,2628,-124,-700,-388,-193,-163,792,-2176
MGC,ORB2,"ORB2 08:20 30m opening-candle direction BOTH stop 0.10×ATR 2R days NOTWIDE",478,-1340,-2.80,32.6,0.78,-2.54,1526,1,502,-1733,-3.45,34.9,0.89,-1.14,2165,17,-735,-314,-308,-226,546,-2053
MGC,ORB2,"ORB2 08:20 30m break LONG stop 0.10×ATR 2R days NONEWS",460,-1934,-4.20,29.8,0.68,-3.91,2020,1,443,-1966,-4.44,33.2,0.85,-1.40,2304,6,-705,-787,-448,-273,281,-1973
MGC,ORB2,"ORB2 08:20 30m opening-candle direction LONG stop 0.10×ATR 2R days NONEWS",352,-1421,-4.04,30.4,0.70,-3.27,1523,1,325,-753,-2.32,33.8,0.92,-0.62,989,102,-467,-704,-352,-262,279,-770
MGC,ORB2,"ORB2 08:20 30m break SHORT stop 0.10×ATR 2R days NONEWS",464,-1505,-3.24,31.3,0.75,-2.97,1558,0,451,-3089,-6.85,29.9,0.78,-2.22,3832,-304,-543,-122,-536,-800,-1392,-898
MGC,ORB2,"ORB2 08:20 30m opening-candle direction SHORT stop 0.10×ATR 2R days NONEWS",347,-688,-1.98,34.0,0.84,-1.55,829,0,285,-1147,-4.03,33.3,0.86,-1.05,1467,-57,-231,-207,-194,-280,121,-988
MGC,ORB2,"ORB2 08:20 30m break BOTH stop 0.10×ATR 2R days NONEWS",691,-2174,-3.15,31.5,0.76,-3.51,2311,0,609,-3336,-5.48,31.7,0.81,-2.10,3622,-111,-881,-655,-527,-581,-218,-2537
MGC,ORB2,"ORB2 08:20 30m opening-candle direction BOTH stop 0.10×ATR 2R days NONEWS",699,-2109,-3.02,32.2,0.76,-3.39,2290,1,610,-1900,-3.12,33.6,0.89,-1.17,1929,45,-698,-911,-546,-542,399,-1758
MGC,ORB2,"ORB2 08:20 30m break LONG stop 0.10×ATR 4R days ALL",492,-1337,-2.72,20.5,0.82,-1.84,1622,1,473,-3463,-7.32,19.0,0.80,-1.77,3594,86,-580,-425,-417,-871,-290,-2302
MGC,ORB2,"ORB2 08:20 30m opening-candle direction LONG stop 0.10×ATR 4R days ALL",383,-1089,-2.84,20.1,0.81,-1.69,1289,1,354,-2935,-8.29,19.2,0.77,-1.84,3165,49,-23,-570,-544,-651,480,-2763
MGC,ORB2,"ORB2 08:20 30m break SHORT stop 0.10×ATR 4R days ALL",495,-2212,-4.47,18.0,0.71,-3.15,2212,0,482,-2265,-4.70,18.5,0.87,-1.10,3937,-469,-793,-211,-739,-1611,-377,-277
MGC,ORB2,"ORB2 08:20 30m opening-candle direction SHORT stop 0.10×ATR 4R days ALL",372,-413,-1.11,21.5,0.92,-0.62,564,1,306,-2847,-9.30,18.6,0.74,-1.99,3511,-131,96,-287,-91,-573,-338,-1935
MGC,ORB2,"ORB2 08:20 30m break BOTH stop 0.10×ATR 4R days ALL",744,-1847,-2.48,20.3,0.84,-2.04,1894,0,655,-5045,-7.70,18.0,0.78,-2.24,5600,-75,-816,-310,-646,-1784,-157,-3104
MGC,ORB2,"ORB2 08:20 30m opening-candle direction BOTH stop 0.10×ATR 4R days ALL",755,-1501,-1.99,20.8,0.87,-1.62,1612,1,660,-5782,-8.76,18.9,0.75,-2.70,5913,-82,72,-856,-635,-1224,141,-4699
MGC,ORB2,"ORB2 08:20 30m break LONG stop 0.10×ATR 4R days NARROW",76,215,2.83,26.3,1.19,0.62,211,2,137,219,1.60,19.7,1.04,0.15,954,44,-151,357,-35,-380,-574,1173
MGC,ORB2,"ORB2 08:20 30m opening-candle direction LONG stop 0.10×ATR 4R days NARROW",50,-92,-1.83,22.0,0.89,-0.35,246,1,98,-2199,-22.44,11.2,0.53,-2.25,2215,-60,-55,125,-101,-355,-385,-1460
MGC,ORB2,"ORB2 08:20 30m break SHORT stop 0.10×ATR 4R days NARROW",76,-335,-4.41,19.7,0.74,-1.08,335,1,154,249,1.61,22.1,1.04,0.17,1662,-117,28,-64,-182,-526,1317,-543
MGC,ORB2,"ORB2 08:20 30m opening-candle direction SHORT stop 0.10×ATR 4R days NARROW",51,-331,-6.50,15.7,0.63,-1.38,417,3,79,-1388,-17.56,17.7,0.60,-1.75,1560,4,1,27,-363,-104,113,-1397
MGC,ORB2,"ORB2 08:20 30m break BOTH stop 0.10×ATR 4R days NARROW",103,61,0.59,24.3,1.04,0.15,299,2,178,-241,-1.35,20.2,0.97,-0.15,1541,7,-57,183,-72,-450,681,-471
MGC,ORB2,"ORB2 08:20 30m opening-candle direction BOTH stop 0.10×ATR 4R days NARROW",101,-423,-4.19,18.8,0.75,-1.19,588,1,177,-3587,-20.27,14.1,0.56,-2.85,3587,-56,-55,152,-464,-459,-272,-2856
MGC,ORB2,"ORB2 08:20 30m break LONG stop 0.10×ATR 4R days NOTWIDE",329,-950,-2.89,20.7,0.81,-1.58,1183,0,386,-1993,-5.16,19.9,0.86,-1.06,2444,-60,-566,-275,-50,-669,-223,-1102
MGC,ORB2,"ORB2 08:20 30m opening-candle direction LONG stop 0.10×ATR 4R days NOTWIDE",243,-917,-3.77,18.9,0.76,-1.78,961,0,279,-2388,-8.56,19.4,0.77,-1.63,2714,-83,-313,-171,-350,-589,688,-2487
MGC,ORB2,"ORB2 08:20 30m break SHORT stop 0.10×ATR 4R days NOTWIDE",351,-1400,-3.99,19.1,0.74,-2.31,1400,1,390,-778,-1.99,19.5,0.95,-0.39,1900,-333,-525,16,-557,-1220,553,-111
MGC,ORB2,"ORB2 08:20 30m opening-candle direction SHORT stop 0.10×ATR 4R days NOTWIDE",235,-593,-2.52,19.6,0.84,-1.12,635,1,223,-2204,-9.88,18.8,0.74,-1.71,2782,-155,-182,70,-326,-414,-6,-1783
MGC,ORB2,"ORB2 08:20 30m break BOTH stop 0.10×ATR 4R days NOTWIDE",483,-1003,-2.08,21.3,0.86,-1.34,1265,0,507,-2542,-5.01,19.3,0.86,-1.19,2989,-89,-634,-145,-136,-1036,700,-2206
MGC,ORB2,"ORB2 08:20 30m opening-candle direction BOTH stop 0.10×ATR 4R days NOTWIDE",478,-1510,-3.16,19.2,0.80,-2.05,1532,0,502,-4592,-9.15,19.1,0.76,-2.35,4731,-238,-495,-101,-676,-1003,681,-4270
MGC,ORB2,"ORB2 08:20 30m break LONG stop 0.10×ATR 4R days NONEWS",460,-864,-1.88,21.5,0.87,-1.20,1231,1,443,-2574,-5.81,19.6,0.84,-1.33,2830,121,-375,-309,-301,-748,-107,-1718
MGC,ORB2,"ORB2 08:20 30m opening-candle direction LONG stop 0.10×ATR 4R days NONEWS",352,-937,-2.66,20.5,0.82,-1.51,1171,1,325,-2447,-7.53,19.4,0.79,-1.59,2742,80,-102,-551,-364,-670,368,-2144
MGC,ORB2,"ORB2 08:20 30m break SHORT stop 0.10×ATR 4R days NONEWS",464,-2150,-4.63,17.7,0.70,-3.17,2150,0,451,-2243,-4.97,18.4,0.86,-1.13,3873,-415,-791,-282,-663,-1506,-611,-125
MGC,ORB2,"ORB2 08:20 30m opening-candle direction SHORT stop 0.10×ATR 4R days NONEWS",347,-338,-0.97,21.6,0.93,-0.52,593,1,285,-3281,-11.51,17.9,0.68,-2.43,3647,-93,200,-287,-158,-513,-406,-2362
MGC,ORB2,"ORB2 08:20 30m break BOTH stop 0.10×ATR 4R days NONEWS",691,-1410,-2.04,20.7,0.86,-1.59,1539,0,609,-4515,-7.41,18.2,0.79,-2.07,5127,-6,-622,-284,-498,-1510,-260,-2746
MGC,ORB2,"ORB2 08:20 30m opening-candle direction BOTH stop 0.10×ATR 4R days NONEWS",699,-1275,-1.82,21.0,0.88,-1.42,1499,1,610,-5728,-9.39,18.7,0.74,-2.80,6022,-13,98,-838,-522,-1183,-38,-4507
MGC,ORB2,"ORB2 08:20 30m break LONG stop 0.15×ATR to 15:55 days ALL",492,724,1.47,20.7,1.07,0.48,1179,2,473,-4218,-8.92,20.3,0.82,-1.40,5420,-459,-233,121,1295,-707,797,-4307
MGC,ORB2,"ORB2 08:20 30m opening-candle direction LONG stop 0.15×ATR to 15:55 days ALL",383,-1796,-4.69,15.9,0.80,-1.43,2025,0,354,-4483,-12.66,16.4,0.76,-1.71,5459,-387,-547,-570,-291,-25,-643,-3815
MGC,ORB2,"ORB2 08:20 30m break SHORT stop 0.15×ATR to 15:55 days ALL",495,-1295,-2.62,20.4,0.88,-1.02,1856,1,482,365,0.76,18.7,1.01,0.09,2967,-330,-1203,719,-480,-393,234,524
MGC,ORB2,"ORB2 08:20 30m opening-candle direction SHORT stop 0.15×ATR to 15:55 days ALL",372,-2073,-5.57,15.9,0.75,-1.84,2573,0,306,-2779,-9.08,19.0,0.82,-0.94,3142,-416,-340,-889,-428,242,-769,-2253
MGC,ORB2,"ORB2 08:20 30m break BOTH stop 0.15×ATR to 15:55 days ALL",744,-534,-0.72,20.0,0.97,-0.30,2077,2,655,-6173,-9.42,18.0,0.82,-1.59,8052,-563,-1126,640,515,853,-95,-6931
MGC,ORB2,"ORB2 08:20 30m opening-candle direction BOTH stop 0.15×ATR to 15:55 days ALL",755,-3869,-5.12,15.9,0.77,-2.29,4488,0,660,-7262,-11.00,17.6,0.79,-1.83,7765,-804,-887,-1460,-719,217,-1412,-6068
MGC,ORB2,"ORB2 08:20 30m break LONG stop 0.15×ATR to 15:55 days NARROW",76,1376,18.11,27.6,1.87,1.70,279,3,137,-1325,-9.67,19.7,0.84,-0.64,1808,-1,83,513,782,-547,-158,-621
MGC,ORB2,"ORB2 08:20 30m opening-candle direction LONG stop 0.15×ATR to 15:55 days NARROW",50,294,5.88,18.0,1.22,0.42,401,2,98,-4251,-43.38,11.2,0.40,-3.21,4437,-86,-126,370,136,28,-1013,-3265
MGC,ORB2,"ORB2 08:20 30m break SHORT stop 0.15×ATR to 15:55 days NARROW",76,-355,-4.68,22.4,0.80,-0.74,709,3,154,878,5.70,24.0,1.10,0.36,1296,16,30,178,-579,-648,1393,133
MGC,ORB2,"ORB2 08:20 30m opening-candle direction SHORT stop 0.15×ATR to 15:55 days NARROW",51,-577,-11.32,15.7,0.54,-1.83,669,0,79,-1110,-14.05,24.1,0.76,-0.89,1967,-23,-12,-141,-401,-88,349,-1372
MGC,ORB2,"ORB2 08:20 30m break BOTH stop 0.15×ATR to 15:55 days NARROW",103,987,9.58,27.2,1.45,1.22,493,3,178,-4845,-27.22,17.4,0.58,-2.62,5029,-53,185,777,79,-492,-167,-4185
MGC,ORB2,"ORB2 08:20 30m opening-candle direction BOTH stop 0.15×ATR to 15:55 days NARROW",101,-283,-2.80,16.8,0.89,-0.37,590,1,177,-5361,-30.29,16.9,0.54,-2.94,5667,-109,-138,230,-266,-60,-664,-4637
MGC,ORB2,"ORB2 08:20 30m break LONG stop 0.15×ATR to 15:55 days NOTWIDE",329,-39,-0.12,19.8,0.99,-0.03,1478,1,386,-1501,-3.89,22.0,0.92,-0.51,3784,-322,-483,-185,951,-226,1593,-2868
MGC,ORB2,"ORB2 08:20 30m opening-candle direction LONG stop 0.15×ATR to 15:55 days NOTWIDE",243,-670,-2.76,16.5,0.88,-0.61,1281,1,279,-3404,-12.20,17.6,0.78,-1.46,4068,-274,-462,311,-245,289,-178,-3515
MGC,ORB2,"ORB2 08:20 30m break SHORT stop 0.15×ATR to 15:55 days NOTWIDE",351,-1122,-3.20,20.8,0.85,-1.06,1443,1,390,-1031,-2.64,18.7,0.95,-0.29,3784,-138,-673,957,-1269,-503,536,-1065
MGC,ORB2,"ORB2 08:20 30m opening-candle direction SHORT stop 0.15×ATR to 15:55 days NOTWIDE",235,-1886,-8.02,16.2,0.65,-2.36,1916,0,223,-3199,-14.34,20.2,0.74,-1.33,4379,-250,-601,-292,-743,684,-708,-3175
MGC,ORB2,"ORB2 08:20 30m break BOTH stop 0.15×ATR to 15:55 days NOTWIDE",483,-1152,-2.38,19.3,0.89,-0.83,1805,1,507,-5147,-10.15,18.9,0.81,-1.51,7269,-252,-1129,554,-324,1110,629,-6886
MGC,ORB2,"ORB2 08:20 30m opening-candle direction BOTH stop 0.15×ATR to 15:55 days NOTWIDE",478,-2556,-5.35,16.3,0.77,-1.88,2559,1,502,-6603,-13.15,18.7,0.76,-1.97,8295,-524,-1062,19,-988,973,-886,-6690
MGC,ORB2,"ORB2 08:20 30m break LONG stop 0.15×ATR to 15:55 days NONEWS",460,1072,2.33,21.5,1.11,0.73,864,2,443,-3545,-8.00,20.5,0.84,-1.20,5010,-409,-84,286,1278,-761,1304,-4088
MGC,ORB2,"ORB2 08:20 30m opening-candle direction LONG stop 0.15×ATR to 15:55 days NONEWS",352,-1206,-3.43,16.8,0.85,-0.98,1860,0,325,-3441,-10.59,16.6,0.80,-1.33,4318,-343,-519,-310,-34,-370,-172,-2899
MGC,ORB2,"ORB2 08:20 30m break SHORT stop 0.15×ATR to 15:55 days NONEWS",464,-953,-2.05,21.1,0.90,-0.77,1748,1,451,-2332,-5.17,18.2,0.90,-0.65,3524,-254,-970,692,-421,-646,-1068,-618
MGC,ORB2,"ORB2 08:20 30m opening-candle direction SHORT stop 0.15×ATR to 15:55 days NONEWS",347,-1630,-4.70,16.7,0.79,-1.49,1914,0,285,-3900,-13.68,19.3,0.74,-1.50,4461,-362,-193,-574,-500,502,-920,-3482
MGC,ORB2,"ORB2 08:20 30m break BOTH stop 0.15×ATR to 15:55 days NONEWS",691,-133,-0.19,20.7,0.99,-0.08,1767,2,609,-8359,-13.73,17.7,0.74,-2.43,9326,-465,-912,752,492,442,-1034,-7767
MGC,ORB2,"ORB2 08:20 30m opening-candle direction BOTH stop 0.15×ATR to 15:55 days NONEWS",699,-2836,-4.06,16.7,0.82,-1.72,3266,0,610,-7341,-12.03,17.9,0.77,-2.01,7859,-706,-712,-884,-534,132,-1092,-6381
MGC,ORB2,"ORB2 08:20 30m break LONG stop 0.15×ATR 2R days ALL",492,-1111,-2.26,33.7,0.87,-1.42,1514,1,473,-5498,-11.62,29.4,0.75,-2.60,5498,-123,-481,-749,242,-1370,-972,-3156
MGC,ORB2,"ORB2 08:20 30m opening-candle direction LONG stop 0.15×ATR 2R days ALL",383,-1785,-4.66,30.5,0.75,-2.65,1944,0,354,-3852,-10.88,30.8,0.76,-2.17,4051,-35,-535,-857,-358,-374,-772,-2706
MGC,ORB2,"ORB2 08:20 30m break SHORT stop 0.15×ATR 2R days ALL",495,-689,-1.39,34.5,0.92,-0.86,1411,1,482,72,0.15,34.2,1.00,0.03,1606,-420,-725,653,-197,-715,-101,889
MGC,ORB2,"ORB2 08:20 30m opening-candle direction SHORT stop 0.15×ATR 2R days ALL",372,-959,-2.58,32.8,0.86,-1.41,977,1,306,-359,-1.17,34.3,0.97,-0.21,1743,-243,22,-80,-658,-567,119,89
MGC,ORB2,"ORB2 08:20 30m break BOTH stop 0.15×ATR 2R days ALL",744,-886,-1.19,34.8,0.93,-0.91,1714,1,655,-7116,-10.86,30.2,0.76,-2.97,7712,-345,-896,-62,417,-1043,-924,-5149
MGC,ORB2,"ORB2 08:20 30m opening-candle direction BOTH stop 0.15×ATR 2R days ALL",755,-2744,-3.63,31.7,0.80,-2.86,2745,0,660,-4211,-6.38,32.4,0.85,-1.70,4211,-278,-512,-937,-1016,-941,-652,-2617
MGC,ORB2,"ORB2 08:20 30m break LONG stop 0.15×ATR 2R days NARROW",76,103,1.36,38.2,1.08,0.30,279,1,137,-2468,-18.02,24.8,0.69,-1.77,2478,-22,-115,245,-4,-579,-840,-1049
MGC,ORB2,"ORB2 08:20 30m opening-candle direction LONG stop 0.15×ATR 2R days NARROW",50,-280,-5.60,32.0,0.73,-1.04,430,1,98,-3067,-31.30,22.4,0.51,-2.87,3112,-86,-155,36,-75,-73,-617,-2376
MGC,ORB2,"ORB2 08:20 30m break SHORT stop 0.15×ATR 2R days NARROW",76,-145,-1.90,34.2,0.90,-0.41,387,2,154,1778,11.55,39.6,1.25,1.15,1019,-86,101,61,-221,-504,1627,655
MGC,ORB2,"ORB2 08:20 30m opening-candle direction SHORT stop 0.15×ATR 2R days NARROW",51,-61,-1.19,33.3,0.94,-0.21,282,2,79,-172,-2.17,36.7,0.96,-0.17,793,-37,23,218,-265,-132,492,-531
MGC,ORB2,"ORB2 08:20 30m break BOTH stop 0.15×ATR 2R days NARROW",103,205,1.99,38.8,1.11,0.50,304,2,178,-2290,-12.86,29.2,0.77,-1.47,2830,-75,66,322,-109,-498,527,-2319
MGC,ORB2,"ORB2 08:20 30m opening-candle direction BOTH stop 0.15×ATR 2R days NARROW",101,-341,-3.37,32.7,0.83,-0.87,407,1,177,-3239,-18.30,28.8,0.68,-2.18,3328,-122,-132,255,-340,-205,-126,-2908
MGC,ORB2,"ORB2 08:20 30m break LONG stop 0.15×ATR 2R days NOTWIDE",329,-1193,-3.62,31.9,0.80,-1.86,1545,1,386,-4286,-11.10,29.8,0.76,-2.17,4297,-191,-668,-585,251,-1156,-676,-2455
MGC,ORB2,"ORB2 08:20 30m opening-candle direction LONG stop 0.15×ATR 2R days NOTWIDE",243,-1366,-5.62,29.2,0.71,-2.51,1435,0,279,-3230,-11.58,31.2,0.75,-1.98,3370,-144,-532,-358,-332,-192,-282,-2756
MGC,ORB2,"ORB2 08:20 30m break SHORT stop 0.15×ATR 2R days NOTWIDE",351,-549,-1.56,34.2,0.91,-0.80,804,1,390,607,1.56,34.9,1.04,0.29,1104,-356,-237,679,-635,-709,477,839
MGC,ORB2,"ORB2 08:20 30m opening-candle direction SHORT stop 0.15×ATR 2R days NOTWIDE",235,-584,-2.49,32.8,0.86,-1.05,620,1,223,-387,-1.74,35.0,0.96,-0.25,1581,-205,-167,315,-527,-116,-238,-33
MGC,ORB2,"ORB2 08:20 30m break BOTH stop 0.15×ATR 2R days NOTWIDE",483,-1110,-2.30,33.3,0.87,-1.39,1348,1,507,-5473,-10.80,30.6,0.77,-2.46,5829,-359,-815,85,-22,-819,-98,-4556
MGC,ORB2,"ORB2 08:20 30m opening-candle direction BOTH stop 0.15×ATR 2R days NOTWIDE",478,-1951,-4.08,31.0,0.78,-2.51,1951,0,502,-3617,-7.21,32.9,0.84,-1.61,3876,-349,-699,-43,-859,-308,-520,-2789
MGC,ORB2,"ORB2 08:20 30m break LONG stop 0.15×ATR 2R days NONEWS",460,-872,-1.90,34.3,0.89,-1.15,1282,1,443,-5280,-11.92,29.3,0.74,-2.59,5280,-73,-305,-768,274,-1487,-653,-3140
MGC,ORB2,"ORB2 08:20 30m opening-candle direction LONG stop 0.15×ATR 2R days NONEWS",352,-1555,-4.42,31.0,0.76,-2.39,1784,1,325,-3583,-11.02,30.5,0.75,-2.11,3849,9,-626,-836,-102,-612,-607,-2364
MGC,ORB2,"ORB2 08:20 30m break SHORT stop 0.15×ATR 2R days NONEWS",464,-592,-1.28,34.5,0.93,-0.77,1322,1,451,-600,-1.33,33.0,0.97,-0.28,2127,-403,-637,573,-125,-925,-403,728
MGC,ORB2,"ORB2 08:20 30m opening-candle direction SHORT stop 0.15×ATR 2R days NONEWS",347,-1010,-2.91,32.6,0.84,-1.55,1028,1,285,-479,-1.68,34.0,0.96,-0.29,1703,-189,76,-241,-656,-504,88,-63
MGC,ORB2,"ORB2 08:20 30m break BOTH stop 0.15×ATR 2R days NONEWS",691,-745,-1.08,34.9,0.94,-0.79,1537,1,609,-7085,-11.63,29.6,0.74,-3.06,7520,-306,-706,-189,456,-1277,-1001,-4807
MGC,ORB2,"ORB2 08:20 30m opening-candle direction BOTH stop 0.15×ATR 2R days NONEWS",699,-2565,-3.67,31.8,0.80,-2.78,2598,0,610,-4062,-6.66,32.1,0.85,-1.70,4271,-180,-550,-1077,-758,-1116,-519,-2427
MGC,ORB2,"ORB2 08:20 30m break LONG stop 0.15×ATR 4R days ALL",492,-150,-0.30,24.2,0.99,-0.14,1329,1,473,-4833,-10.22,22.0,0.80,-1.78,5310,-254,-400,-347,851,-1173,388,-4049
MGC,ORB2,"ORB2 08:20 30m opening-candle direction LONG stop 0.15×ATR 4R days ALL",383,-2080,-5.43,19.6,0.75,-2.29,2469,0,354,-4177,-11.80,19.8,0.77,-1.83,4337,-162,-426,-980,-511,-451,-755,-2971
MGC,ORB2,"ORB2 08:20 30m break SHORT stop 0.15×ATR 4R days ALL",495,-1372,-2.77,23.4,0.87,-1.33,1655,0,482,-124,-0.26,22.4,0.99,-0.04,2676,-384,-570,-46,-371,-1056,661,271
MGC,ORB2,"ORB2 08:20 30m opening-candle direction SHORT stop 0.15×ATR 4R days ALL",372,-885,-2.38,21.8,0.89,-0.95,1052,0,306,-3068,-10.03,22.9,0.80,-1.48,4113,-381,-153,-50,-300,-6,23,-3085
MGC,ORB2,"ORB2 08:20 30m break BOTH stop 0.15×ATR 4R days ALL",744,-1188,-1.60,23.7,0.92,-0.90,2014,1,655,-7764,-11.85,20.5,0.77,-2.48,8594,-363,-558,-652,386,-1046,116,-6834
MGC,ORB2,"ORB2 08:20 30m opening-candle direction BOTH stop 0.15×ATR 4R days ALL",755,-2965,-3.93,20.7,0.82,-2.28,3366,0,660,-7244,-10.98,21.2,0.78,-2.36,7511,-544,-579,-1030,-812,-457,-731,-6056
MGC,ORB2,"ORB2 08:20 30m break LONG stop 0.15×ATR 4R days NARROW",76,979,12.89,32.9,1.67,1.84,279,3,137,-1573,-11.48,20.4,0.81,-0.83,1639,44,-12,524,423,-447,-591,-535
MGC,ORB2,"ORB2 08:20 30m opening-candle direction LONG stop 0.15×ATR 4R days NARROW",50,-323,-6.46,20.0,0.75,-0.84,428,1,98,-3730,-38.06,13.3,0.45,-2.96,3826,-86,-119,137,-254,-30,-1397,-2303
MGC,ORB2,"ORB2 08:20 30m break SHORT stop 0.15×ATR 4R days NARROW",76,-358,-4.71,23.7,0.80,-0.81,662,2,154,1904,12.37,27.3,1.22,0.87,1421,-33,113,75,-513,-797,2710,-9
MGC,ORB2,"ORB2 08:20 30m opening-candle direction SHORT stop 0.15×ATR 4R days NARROW",51,-383,-7.51,17.6,0.68,-1.09,572,2,79,-609,-7.70,29.1,0.86,-0.52,1650,11,-32,66,-428,36,954,-1598
MGC,ORB2,"ORB2 08:20 30m break BOTH stop 0.15×ATR 4R days NARROW",103,632,6.14,30.1,1.30,1.07,393,2,178,-3309,-18.59,19.1,0.71,-1.66,4310,-9,228,495,-83,-678,649,-3280
MGC,ORB2,"ORB2 08:20 30m opening-candle direction BOTH stop 0.15×ATR 4R days NARROW",101,-706,-6.99,18.8,0.72,-1.36,934,1,177,-4338,-24.51,20.3,0.62,-2.52,4616,-75,-151,203,-683,6,-443,-3901
MGC,ORB2,"ORB2 08:20 30m break LONG stop 0.15×ATR 4R days NOTWIDE",329,-291,-0.88,24.0,0.96,-0.32,1188,1,386,-2990,-7.75,23.1,0.85,-1.16,3708,-195,-525,-198,627,-725,345,-2610
MGC,ORB2,"ORB2 08:20 30m opening-candle direction LONG stop 0.15×ATR 4R days NOTWIDE",243,-1180,-4.86,20.6,0.78,-1.57,1324,0,279,-3165,-11.35,20.8,0.78,-1.52,3440,-97,-279,-124,-682,-77,-475,-2613
MGC,ORB2,"ORB2 08:20 30m break SHORT stop 0.15×ATR 4R days NOTWIDE",351,-1052,-3.00,23.4,0.86,-1.19,1218,1,390,-265,-0.68,22.3,0.99,-0.09,2589,-290,-52,205,-915,-1257,1362,-370
MGC,ORB2,"ORB2 08:20 30m opening-candle direction SHORT stop 0.15×ATR 4R days NOTWIDE",235,-755,-3.21,21.7,0.85,-1.02,820,1,223,-2642,-11.85,24.2,0.78,-1.48,3955,-215,-319,304,-525,175,304,-3122
MGC,ORB2,"ORB2 08:20 30m break BOTH stop 0.15×ATR 4R days NOTWIDE",483,-1270,-2.63,23.2,0.88,-1.20,1460,0,507,-6172,-12.17,20.7,0.77,-2.13,6528,-230,-427,-372,-242,-921,683,-5935
MGC,ORB2,"ORB2 08:20 30m opening-candle direction BOTH stop 0.15×ATR 4R days NOTWIDE",478,-1935,-4.05,21.1,0.81,-1.83,1973,1,502,-5808,-11.57,22.3,0.78,-2.11,6925,-312,-598,180,-1206,99,-171,-5735
MGC,ORB2,"ORB2 08:20 30m break LONG stop 0.15×ATR 4R days NONEWS",460,263,0.57,25.0,1.03,0.24,1095,1,443,-4340,-9.80,22.1,0.81,-1.63,4825,-203,-199,-181,846,-1244,734,-3830
MGC,ORB2,"ORB2 08:20 30m opening-candle direction LONG stop 0.15×ATR 4R days NONEWS",352,-1682,-4.78,20.2,0.78,-1.92,2141,0,325,-3567,-10.98,20.0,0.78,-1.63,3853,-119,-422,-887,-255,-709,-284,-2574
MGC,ORB2,"ORB2 08:20 30m break SHORT stop 0.15×ATR 4R days NONEWS",464,-1219,-2.63,23.5,0.87,-1.21,1428,0,451,-1356,-3.01,21.7,0.94,-0.46,2778,-406,-422,-13,-377,-1123,117,-350
MGC,ORB2,"ORB2 08:20 30m opening-candle direction SHORT stop 0.15×ATR 4R days NONEWS",347,-926,-2.67,21.9,0.87,-1.04,1007,0,285,-3410,-11.96,22.8,0.76,-1.74,4659,-327,-7,-184,-408,106,217,-3732
MGC,ORB2,"ORB2 08:20 30m break BOTH stop 0.15×ATR 4R days NONEWS",691,-913,-1.32,23.9,0.94,-0.72,1736,1,609,-8665,-14.23,19.9,0.72,-2.92,9192,-364,-377,-481,310,-1291,-226,-7149
MGC,ORB2,"ORB2 08:20 30m opening-candle direction BOTH stop 0.15×ATR 4R days NONEWS",699,-2608,-3.73,21.0,0.82,-2.10,2948,0,610,-6977,-11.44,21.3,0.77,-2.38,7242,-446,-428,-1071,-663,-604,-67,-6306
MGC,ORB2,"ORB2 08:20 30m break LONG stop 0.25×ATR to 15:55 days ALL",492,883,1.79,30.3,1.06,0.49,1653,2,473,-3305,-6.99,31.5,0.90,-0.82,7678,-760,-280,1336,587,-440,2368,-5233
MGC,ORB2,"ORB2 08:20 30m opening-candle direction LONG stop 0.25×ATR to 15:55 days ALL",383,-1644,-4.29,24.3,0.87,-1.02,1808,1,354,-8841,-24.98,25.1,0.68,-2.78,8841,-572,-622,611,-1061,-1032,-836,-6973
MGC,ORB2,"ORB2 08:20 30m break SHORT stop 0.25×ATR to 15:55 days ALL",495,-1217,-2.46,30.3,0.91,-0.78,1952,1,482,-3539,-7.34,27.6,0.90,-0.74,4201,-436,-883,687,-584,-710,-847,-1981
MGC,ORB2,"ORB2 08:20 30m opening-candle direction SHORT stop 0.25×ATR to 15:55 days ALL",372,-2894,-7.78,25.5,0.75,-2.17,3502,0,306,-1555,-5.08,30.1,0.93,-0.42,4246,-506,-401,-1357,-630,828,1253,-3637
MGC,ORB2,"ORB2 08:20 30m break BOTH stop 0.25×ATR to 15:55 days ALL",744,-911,-1.22,29.4,0.96,-0.43,2432,1,655,-11387,-17.39,26.7,0.77,-2.36,13018,-940,-1061,1637,-546,502,-353,-11536
MGC,ORB2,"ORB2 08:20 30m opening-candle direction BOTH stop 0.25×ATR to 15:55 days ALL",755,-4538,-6.01,24.9,0.81,-2.17,5161,0,660,-10396,-15.75,27.4,0.79,-2.13,11735,-1078,-1023,-745,-1691,-203,417,-10610
MGC,ORB2,"ORB2 08:20 30m break LONG stop 0.25×ATR to 15:55 days NARROW",76,1413,18.59,36.8,1.66,1.60,448,2,137,-2910,-21.24,29.2,0.76,-1.18,3306,-70,-6,647,841,-517,-190,-2202
MGC,ORB2,"ORB2 08:20 30m opening-candle direction LONG stop 0.25×ATR to 15:55 days NARROW",50,46,0.92,24.0,1.03,0.06,511,2,98,-6400,-65.30,20.4,0.39,-3.70,6631,10,-205,306,-64,94,-1780,-4713
MGC,ORB2,"ORB2 08:20 30m break SHORT stop 0.25×ATR to 15:55 days NARROW",76,-544,-7.16,32.9,0.77,-0.95,1008,3,154,-321,-2.08,33.1,0.97,-0.11,2045,54,104,99,-801,-1002,1256,-575
MGC,ORB2,"ORB2 08:20 30m opening-candle direction SHORT stop 0.25×ATR to 15:55 days NARROW",51,-230,-4.52,33.3,0.85,-0.51,538,1,79,-1125,-14.24,38.0,0.82,-0.73,2776,-59,227,-45,-353,42,743,-1909
MGC,ORB2,"ORB2 08:20 30m break BOTH stop 0.25×ATR to 15:55 days NARROW",103,766,7.43,36.9,1.25,0.85,762,2,178,-7030,-39.50,26.4,0.58,-2.80,7242,-65,167,942,-279,-874,-12,-6144
MGC,ORB2,"ORB2 08:20 30m opening-candle direction BOTH stop 0.25×ATR to 15:55 days NARROW",101,-184,-1.82,28.7,0.95,-0.21,719,2,177,-7524,-42.51,28.2,0.55,-3.22,8135,-49,22,260,-418,136,-1037,-6623
MGC,ORB2,"ORB2 08:20 30m break LONG stop 0.25×ATR to 15:55 days NOTWIDE",329,392,1.19,30.7,1.04,0.27,1420,2,386,-2041,-5.29,32.1,0.93,-0.55,6565,-516,-532,620,819,-658,2667,-4051
MGC,ORB2,"ORB2 08:20 30m opening-candle direction LONG stop 0.25×ATR to 15:55 days NOTWIDE",243,-1615,-6.65,23.0,0.80,-1.25,1615,1,279,-6535,-23.42,26.9,0.70,-2.27,7289,-384,-738,611,-1104,-367,-173,-5995
MGC,ORB2,"ORB2 08:20 30m break SHORT stop 0.25×ATR to 15:55 days NOTWIDE",351,-619,-1.76,31.9,0.94,-0.47,1506,1,390,-4617,-11.84,27.2,0.85,-1.08,4830,-243,-500,1176,-1051,-735,-987,-2895
MGC,ORB2,"ORB2 08:20 30m opening-candle direction SHORT stop 0.25×ATR to 15:55 days NOTWIDE",235,-1547,-6.58,29.4,0.78,-1.54,1645,0,223,-1178,-5.28,31.8,0.93,-0.37,4557,-242,-320,-445,-540,1203,1429,-3810
MGC,ORB2,"ORB2 08:20 30m break BOTH stop 0.25×ATR to 15:55 days NOTWIDE",483,-595,-1.23,30.6,0.96,-0.35,1636,1,507,-10565,-20.84,26.8,0.74,-2.50,12689,-440,-803,1240,-593,605,212,-11382
MGC,ORB2,"ORB2 08:20 30m opening-candle direction BOTH stop 0.25×ATR to 15:55 days NOTWIDE",478,-3162,-6.62,26.2,0.79,-1.93,3217,1,502,-7713,-15.36,29.1,0.80,-1.80,10960,-626,-1058,167,-1644,836,1256,-9805
MGC,ORB2,"ORB2 08:20 30m break LONG stop 0.25×ATR to 15:55 days NONEWS",460,606,1.32,30.9,1.05,0.36,1316,2,443,-1683,-3.80,32.5,0.95,-0.42,7242,-680,-156,1124,318,-334,3291,-4640
MGC,ORB2,"ORB2 08:20 30m opening-candle direction LONG stop 0.25×ATR to 15:55 days NONEWS",352,-1472,-4.18,25.0,0.87,-0.96,1601,1,325,-6698,-20.61,26.2,0.73,-2.15,6702,-503,-430,410,-949,-1267,33,-5463
MGC,ORB2,"ORB2 08:20 30m break SHORT stop 0.25×ATR to 15:55 days NONEWS",464,-922,-1.99,30.8,0.93,-0.62,2069,1,451,-5541,-12.29,27.3,0.83,-1.26,6011,-314,-954,836,-490,-996,-1924,-2621
MGC,ORB2,"ORB2 08:20 30m opening-candle direction SHORT stop 0.25×ATR to 15:55 days NONEWS",347,-2100,-6.05,26.8,0.80,-1.61,2493,0,285,-3571,-12.53,29.5,0.83,-1.07,4968,-420,-211,-852,-617,670,553,-4793
MGC,ORB2,"ORB2 08:20 30m break BOTH stop 0.25×ATR to 15:55 days NONEWS",691,-592,-0.86,30.1,0.97,-0.29,2086,1,609,-12240,-20.10,26.9,0.73,-2.75,13287,-784,-874,1530,-464,343,-911,-11671
MGC,ORB2,"ORB2 08:20 30m opening-candle direction BOTH stop 0.25×ATR to 15:55 days NONEWS",699,-3572,-5.11,25.9,0.84,-1.78,4020,0,610,-10268,-16.83,27.7,0.77,-2.25,10946,-922,-642,-443,-1565,-597,585,-10257
MGC,ORB2,"ORB2 08:20 30m break LONG stop 0.25×ATR 2R days ALL",492,-1124,-2.28,35.6,0.92,-0.90,1558,0,473,-4474,-9.46,36.2,0.86,-1.36,7132,-420,-229,-357,-117,-433,590,-4631
MGC,ORB2,"ORB2 08:20 30m opening-candle direction LONG stop 0.25×ATR 2R days ALL",383,-3022,-7.89,30.0,0.74,-2.80,3480,0,354,-8127,-22.96,30.8,0.68,-2.97,8234,-82,-252,-1038,-1651,-1062,-1083,-5982
MGC,ORB2,"ORB2 08:20 30m break SHORT stop 0.25×ATR 2R days ALL",495,-42,-0.08,37.4,1.00,-0.03,1648,1,482,-5019,-10.41,33.8,0.85,-1.46,5716,-293,-391,1294,-651,-1136,478,-4361
MGC,ORB2,"ORB2 08:20 30m opening-candle direction SHORT stop 0.25×ATR 2R days ALL",372,-1357,-3.65,33.3,0.87,-1.24,1504,0,306,-2714,-8.87,35.9,0.87,-1.04,5552,-473,-6,-284,-594,379,672,-3764
MGC,ORB2,"ORB2 08:20 30m break BOTH stop 0.25×ATR 2R days ALL",744,-840,-1.13,36.6,0.96,-0.54,1671,1,655,-12599,-19.23,32.4,0.73,-3.37,13532,-391,-351,737,-836,-1007,-61,-11531
MGC,ORB2,"ORB2 08:20 30m opening-candle direction BOTH stop 0.25×ATR 2R days ALL",755,-4379,-5.80,31.7,0.80,-2.85,4558,0,660,-10841,-16.43,33.2,0.77,-2.86,11512,-555,-257,-1321,-2245,-683,-412,-9746
MGC,ORB2,"ORB2 08:20 30m break LONG stop 0.25×ATR 2R days NARROW",76,654,8.61,42.1,1.33,1.14,448,2,137,-2302,-16.81,33.6,0.80,-1.07,2552,-27,-115,503,294,-116,-1124,-1063
MGC,ORB2,"ORB2 08:20 30m opening-candle direction LONG stop 0.25×ATR 2R days NARROW",50,-731,-14.63,26.0,0.59,-1.73,731,0,98,-4627,-47.22,26.5,0.52,-2.71,4981,-9,-177,-54,-491,203,-1582,-3249
MGC,ORB2,"ORB2 08:20 30m break SHORT stop 0.25×ATR 2R days NARROW",76,-155,-2.04,38.2,0.93,-0.29,879,3,154,-188,-1.22,37.7,0.98,-0.08,2745,25,196,297,-672,-933,2427,-1683
MGC,ORB2,"ORB2 08:20 30m opening-candle direction SHORT stop 0.25×ATR 2R days NARROW",51,50,0.98,37.3,1.03,0.11,599,2,79,52,0.66,44.3,1.01,0.03,2359,-40,293,274,-477,190,1213,-1351
MGC,ORB2,"ORB2 08:20 30m break BOTH stop 0.25×ATR 2R days NARROW",103,447,4.34,41.7,1.16,0.67,916,3,178,-4488,-25.21,32.0,0.71,-1.87,5095,14,208,789,-564,-691,566,-4362
MGC,ORB2,"ORB2 08:20 30m opening-candle direction BOTH stop 0.25×ATR 2R days NARROW",101,-681,-6.75,31.7,0.79,-1.09,1234,2,177,-4575,-25.85,34.5,0.70,-1.98,5860,-49,116,220,-968,393,-369,-4600
MGC,ORB2,"ORB2 08:20 30m break LONG stop 0.25×ATR 2R days NOTWIDE",329,-900,-2.73,35.6,0.90,-0.87,1247,1,386,-3758,-9.74,36.0,0.86,-1.23,5306,-239,-512,-248,99,-550,295,-3503
MGC,ORB2,"ORB2 08:20 30m opening-candle direction LONG stop 0.25×ATR 2R days NOTWIDE",243,-2651,-10.91,28.0,0.65,-3.10,2749,0,279,-5961,-21.36,31.9,0.71,-2.33,6343,-180,-576,-491,-1404,-445,-677,-4839
MGC,ORB2,"ORB2 08:20 30m break SHORT stop 0.25×ATR 2R days NOTWIDE",351,408,1.16,38.5,1.04,0.38,1091,1,390,-4483,-11.49,33.3,0.84,-1.39,4774,-394,-159,1703,-742,-1267,829,-4045
MGC,ORB2,"ORB2 08:20 30m opening-candle direction SHORT stop 0.25×ATR 2R days NOTWIDE",235,28,0.12,37.0,1.00,0.03,676,2,223,-1358,-6.09,37.7,0.91,-0.58,4549,-210,32,633,-427,260,1235,-2853
MGC,ORB2,"ORB2 08:20 30m break BOTH stop 0.25×ATR 2R days NOTWIDE",483,-384,-0.80,37.3,0.97,-0.30,1042,1,507,-10445,-20.60,32.1,0.73,-3.03,11603,-248,-390,969,-716,-808,537,-10173
MGC,ORB2,"ORB2 08:20 30m opening-candle direction BOTH stop 0.25×ATR 2R days NOTWIDE",478,-2622,-5.49,32.4,0.81,-2.10,2663,1,502,-7318,-14.58,34.5,0.80,-2.11,9147,-389,-543,141,-1831,-185,558,-7692
MGC,ORB2,"ORB2 08:20 30m break LONG stop 0.25×ATR 2R days NONEWS",460,-688,-1.50,36.3,0.94,-0.57,1134,1,443,-4138,-9.34,36.6,0.86,-1.30,7089,-340,108,-328,-129,-469,1073,-4741
MGC,ORB2,"ORB2 08:20 30m opening-candle direction LONG stop 0.25×ATR 2R days NONEWS",352,-2377,-6.75,31.0,0.77,-2.29,3131,0,325,-7240,-22.28,31.1,0.69,-2.76,7389,-12,-58,-965,-1341,-1137,-1113,-4991
MGC,ORB2,"ORB2 08:20 30m break SHORT stop 0.25×ATR 2R days NONEWS",464,-279,-0.60,36.9,0.98,-0.23,1617,1,451,-5206,-11.54,33.5,0.83,-1.58,5635,-270,-410,1041,-639,-1186,296,-4316
MGC,ORB2,"ORB2 08:20 30m opening-candle direction SHORT stop 0.25×ATR 2R days NONEWS",347,-1283,-3.70,33.4,0.87,-1.22,1358,1,285,-3190,-11.19,35.4,0.83,-1.27,5456,-387,45,-340,-600,508,329,-4026
MGC,ORB2,"ORB2 08:20 30m break BOTH stop 0.25×ATR 2R days NONEWS",691,-750,-1.08,36.6,0.96,-0.50,1552,1,609,-12589,-20.67,32.2,0.71,-3.52,13034,-334,-94,470,-792,-923,-166,-11500
MGC,ORB2,"ORB2 08:20 30m opening-candle direction BOTH stop 0.25×ATR 2R days NONEWS",699,-3660,-5.24,32.2,0.82,-2.48,3807,0,610,-10430,-17.10,33.1,0.76,-2.88,10801,-399,-14,-1305,-1942,-629,-784,-9017
MGC,ORB2,"ORB2 08:20 30m break LONG stop 0.25×ATR 4R days ALL",492,310,0.63,31.3,1.02,0.19,1615,3,473,-3939,-8.33,31.9,0.88,-1.03,7092,-843,124,734,295,-50,1622,-5511
MGC,ORB2,"ORB2 08:20 30m opening-candle direction LONG stop 0.25×ATR 4R days ALL",383,-2718,-7.10,25.3,0.78,-2.03,2718,0,354,-9142,-25.83,25.4,0.66,-3.01,9142,-658,-70,-266,-1723,-1268,-880,-6994
MGC,ORB2,"ORB2 08:20 30m break SHORT stop 0.25×ATR 4R days ALL",495,-993,-2.01,31.1,0.93,-0.67,2032,1,482,-5295,-10.99,27.8,0.85,-1.25,5850,-472,-307,575,-789,-1552,-101,-3642
MGC,ORB2,"ORB2 08:20 30m opening-candle direction SHORT stop 0.25×ATR 4R days ALL",372,-2823,-7.59,26.3,0.76,-2.29,3231,0,306,-3598,-11.76,30.7,0.83,-1.19,5640,-431,-77,-1459,-857,164,1136,-4897
MGC,ORB2,"ORB2 08:20 30m break BOTH stop 0.25×ATR 4R days ALL",744,-1233,-1.66,30.5,0.94,-0.65,1881,1,655,-13392,-20.45,27.2,0.73,-3.08,14598,-1058,-86,813,-901,-158,-144,-13089
MGC,ORB2,"ORB2 08:20 30m opening-candle direction BOTH stop 0.25×ATR 4R days ALL",755,-5542,-7.34,25.8,0.77,-3.05,5876,0,660,-12740,-19.30,27.9,0.74,-2.97,13150,-1089,-147,-1726,-2580,-1104,256,-11891
MGC,ORB2,"ORB2 08:20 30m break LONG stop 0.25×ATR 4R days NARROW",76,1163,15.31,36.8,1.55,1.53,448,2,137,-2089,-15.25,29.9,0.83,-0.82,2641,-70,-6,550,689,-212,-340,-1537
MGC,ORB2,"ORB2 08:20 30m opening-candle direction LONG stop 0.25×ATR 4R days NARROW",50,-445,-8.91,24.0,0.76,-0.81,526,2,98,-6584,-67.19,20.4,0.37,-3.95,6795,10,-205,57,-307,52,-1923,-4713
MGC,ORB2,"ORB2 08:20 30m break SHORT stop 0.25×ATR 4R days NARROW",76,-507,-6.67,32.9,0.79,-0.88,1008,3,154,363,2.35,33.8,1.03,0.13,2015,54,141,99,-801,-1192,2261,-707
MGC,ORB2,"ORB2 08:20 30m opening-candle direction SHORT stop 0.25×ATR 4R days NARROW",51,-201,-3.94,33.3,0.87,-0.44,538,1,79,-761,-9.63,39.2,0.87,-0.48,2258,-59,257,-45,-353,-158,1313,-1916
MGC,ORB2,"ORB2 08:20 30m break BOTH stop 0.25×ATR 4R days NARROW",103,454,4.41,36.9,1.15,0.58,769,2,178,-6101,-34.28,27.5,0.63,-2.37,6436,-65,205,734,-419,-759,793,-6136
MGC,ORB2,"ORB2 08:20 30m opening-candle direction BOTH stop 0.25×ATR 4R days NARROW",101,-646,-6.40,28.7,0.81,-0.91,961,2,177,-7345,-41.50,28.8,0.56,-3.16,7714,-49,51,12,-661,-106,-610,-6629
MGC,ORB2,"ORB2 08:20 30m break LONG stop 0.25×ATR 4R days NOTWIDE",329,224,0.68,31.9,1.02,0.17,1267,2,386,-2396,-6.21,32.6,0.91,-0.67,5888,-598,-226,285,764,-241,1842,-3997
MGC,ORB2,"ORB2 08:20 30m opening-candle direction LONG stop 0.25×ATR 4R days NOTWIDE",243,-2110,-8.68,24.3,0.74,-1.94,2110,0,279,-6544,-23.46,27.2,0.70,-2.32,7102,-471,-283,-77,-1280,-613,-304,-5628
MGC,ORB2,"ORB2 08:20 30m break SHORT stop 0.25×ATR 4R days NOTWIDE",351,-327,-0.93,32.8,0.97,-0.26,1565,1,390,-5530,-14.18,27.4,0.82,-1.42,5601,-279,-160,1140,-1028,-1560,91,-4060
MGC,ORB2,"ORB2 08:20 30m opening-candle direction SHORT stop 0.25×ATR 4R days NOTWIDE",235,-1243,-5.29,30.6,0.82,-1.29,1384,1,223,-2756,-12.36,32.3,0.83,-1.04,4866,-167,16,-471,-621,196,1560,-4512
MGC,ORB2,"ORB2 08:20 30m break BOTH stop 0.25×ATR 4R days NOTWIDE",483,-492,-1.02,32.1,0.97,-0.32,1207,1,507,-11560,-22.80,27.4,0.71,-2.94,12693,-558,-142,730,-522,-57,606,-12109
MGC,ORB2,"ORB2 08:20 30m opening-candle direction BOTH stop 0.25×ATR 4R days NOTWIDE",478,-3353,-7.01,27.4,0.78,-2.31,3408,0,502,-9301,-18.53,29.5,0.76,-2.40,11188,-637,-266,-548,-1901,-417,1256,-10140
MGC,ORB2,"ORB2 08:20 30m break LONG stop 0.25×ATR 4R days NONEWS",460,187,0.41,31.7,1.01,0.12,1279,3,443,-2342,-5.29,33.0,0.92,-0.62,6500,-762,335,575,40,32,2544,-4918
MGC,ORB2,"ORB2 08:20 30m opening-candle direction LONG stop 0.25×ATR 4R days NONEWS",352,-2292,-6.51,26.1,0.79,-1.79,2364,1,325,-6995,-21.52,26.5,0.71,-2.36,6995,-589,159,-383,-1479,-1499,-11,-5484
MGC,ORB2,"ORB2 08:20 30m break SHORT stop 0.25×ATR 4R days NONEWS",464,-941,-2.03,31.3,0.93,-0.66,1838,1,451,-6231,-13.82,27.5,0.81,-1.56,6462,-350,-531,671,-732,-1514,-930,-3787
MGC,ORB2,"ORB2 08:20 30m opening-candle direction SHORT stop 0.25×ATR 4R days NONEWS",347,-2402,-6.92,27.1,0.77,-2.03,2664,0,285,-4478,-15.71,30.2,0.78,-1.57,5670,-344,-147,-1138,-774,347,671,-5496
MGC,ORB2,"ORB2 08:20 30m break BOTH stop 0.25×ATR 4R days NONEWS",691,-1230,-1.78,30.8,0.94,-0.68,1686,1,609,-13202,-21.68,27.4,0.71,-3.22,14281,-902,-76,706,-958,-17,-455,-12730
MGC,ORB2,"ORB2 08:20 30m opening-candle direction BOTH stop 0.25×ATR 4R days NONEWS",699,-4695,-6.72,26.6,0.78,-2.69,4923,1,610,-11473,-18.81,28.2,0.74,-2.79,11719,-933,12,-1521,-2253,-1152,660,-10980
MGC,ORB2,"ORB2 09:30 5m break LONG stop range to 15:55 days ALL",640,-684,-1.07,25.3,0.95,-0.42,1657,1,562,-494,-0.88,26.3,0.98,-0.13,4716,-195,-1082,780,-187,-299,2422,-2617
MGC,ORB2,"ORB2 09:30 5m opening-candle direction LONG stop range to 15:55 days ALL",367,-53,-0.14,23.2,0.99,-0.04,1206,1,334,-4377,-13.11,23.7,0.78,-1.56,5535,-13,-435,1154,-759,-23,-626,-3729
MGC,ORB2,"ORB2 09:30 5m break SHORT stop range to 15:55 days ALL",630,-1535,-2.44,25.4,0.90,-0.97,2041,1,561,-3925,-7.00,23.5,0.88,-1.03,5144,59,-661,-384,-548,-925,-851,-2148
MGC,ORB2,"ORB2 09:30 5m opening-candle direction SHORT stop range to 15:55 days ALL",373,-1911,-5.12,22.8,0.80,-1.49,2187,0,326,-792,-2.43,23.3,0.96,-0.25,3018,-67,-913,-74,-857,213,-209,-796
MGC,ORB2,"ORB2 09:30 5m break BOTH stop range to 15:55 days ALL",761,-1899,-2.50,23.5,0.90,-1.04,2161,1,666,-5443,-8.17,22.8,0.86,-1.25,6499,-34,-1576,186,-475,-898,-677,-3867
MGC,ORB2,"ORB2 09:30 5m opening-candle direction BOTH stop range to 15:55 days ALL",740,-1964,-2.65,23.0,0.90,-1.06,2450,1,660,-5169,-7.83,23.5,0.87,-1.21,6767,-80,-1348,1080,-1616,190,-834,-4525
MGC,ORB2,"ORB2 09:30 5m break LONG stop range to 15:55 days NARROW",510,-513,-1.01,22.7,0.95,-0.36,1947,2,463,1040,2.25,24.4,1.05,0.31,3236,-13,-1664,1108,56,-377,2175,-758
MGC,ORB2,"ORB2 09:30 5m opening-candle direction LONG stop range to 15:55 days NARROW",290,-238,-0.82,20.7,0.96,-0.21,1156,2,276,-647,-2.34,23.9,0.95,-0.25,2943,250,-816,999,-670,-46,602,-1203
MGC,ORB2,"ORB2 09:30 5m break SHORT stop range to 15:55 days NARROW",510,-1249,-2.45,22.7,0.89,-0.95,1752,1,460,-5489,-11.93,21.3,0.77,-1.97,6572,167,-756,-277,-383,-892,-2227,-2370
MGC,ORB2,"ORB2 09:30 5m opening-candle direction SHORT stop range to 15:55 days NARROW",286,-1621,-5.67,21.0,0.75,-1.77,1632,0,258,-2265,-8.78,21.7,0.82,-1.07,3117,-15,-753,-39,-814,75,-624,-1717
MGC,ORB2,"ORB2 09:30 5m break BOTH stop range to 15:55 days NARROW",597,-2006,-3.36,20.9,0.85,-1.37,2454,2,540,-2653,-4.91,22.2,0.90,-0.76,4127,257,-2016,271,-518,-420,-871,-1362
MGC,ORB2,"ORB2 09:30 5m opening-candle direction BOTH stop range to 15:55 days NARROW",576,-1859,-3.23,20.8,0.86,-1.27,2249,2,534,-2912,-5.45,22.8,0.89,-0.88,5059,235,-1569,960,-1485,29,-22,-2919
MGC,ORB2,"ORB2 09:30 5m break LONG stop range to 15:55 days NOTWIDE",638,-597,-0.94,25.4,0.96,-0.37,1657,1,558,180,0.32,26.3,1.01,0.05,4603,-180,-1082,780,-115,-234,2367,-1953
MGC,ORB2,"ORB2 09:30 5m opening-candle direction LONG stop range to 15:55 days NOTWIDE",366,-80,-0.22,23.0,0.99,-0.06,1206,1,332,-3786,-11.40,23.8,0.80,-1.38,4984,-40,-435,1154,-759,18,-626,-3178
MGC,ORB2,"ORB2 09:30 5m break SHORT stop range to 15:55 days NOTWIDE",625,-1720,-2.75,25.4,0.88,-1.14,2382,1,557,-4692,-8.42,23.3,0.85,-1.27,5911,214,-612,-845,-477,-713,-1391,-2588
MGC,ORB2,"ORB2 09:30 5m opening-candle direction SHORT stop range to 15:55 days NOTWIDE",369,-2247,-6.09,22.8,0.76,-1.90,2572,0,322,-879,-2.73,23.3,0.95,-0.28,2703,-18,-876,-569,-785,405,-803,-481
MGC,ORB2,"ORB2 09:30 5m break BOTH stop range to 15:55 days NOTWIDE",756,-2084,-2.76,23.5,0.89,-1.19,2502,1,660,-5042,-7.64,22.9,0.87,-1.18,6043,121,-1527,-275,-403,-621,-1218,-3204
MGC,ORB2,"ORB2 09:30 5m opening-candle direction BOTH stop range to 15:55 days NOTWIDE",735,-2327,-3.17,22.9,0.88,-1.30,2547,1,654,-4664,-7.13,23.5,0.87,-1.12,6452,-58,-1310,585,-1544,424,-1429,-3659
MGC,ORB2,"ORB2 09:30 5m break LONG stop range to 15:55 days NONEWS",592,-785,-1.33,25.2,0.94,-0.50,1839,1,520,760,1.46,26.9,1.03,0.20,3990,-347,-1128,765,-74,-749,3449,-1939
MGC,ORB2,"ORB2 09:30 5m opening-candle direction LONG stop range to 15:55 days NONEWS",337,276,0.82,23.7,1.03,0.21,997,1,308,-3606,-11.71,23.7,0.80,-1.32,4844,-145,-233,1305,-651,-417,-20,-3170
MGC,ORB2,"ORB2 09:30 5m break SHORT stop range to 15:55 days NONEWS",583,-852,-1.46,26.1,0.94,-0.56,1506,2,518,-4715,-9.10,23.4,0.84,-1.32,5585,131,-752,166,-397,-952,-891,-2873
MGC,ORB2,"ORB2 09:30 5m opening-candle direction SHORT stop range to 15:55 days NONEWS",347,-1593,-4.59,23.9,0.82,-1.32,1696,1,302,-713,-2.36,23.5,0.96,-0.23,2690,-18,-1081,188,-682,154,-250,-616
MGC,ORB2,"ORB2 09:30 5m break BOTH stop range to 15:55 days NONEWS",705,-1317,-1.87,24.3,0.92,-0.76,2148,1,616,-5153,-8.36,23.1,0.86,-1.24,6104,-70,-1775,700,-172,-1353,-89,-3710
MGC,ORB2,"ORB2 09:30 5m opening-candle direction BOTH stop range to 15:55 days NONEWS",684,-1316,-1.92,23.8,0.92,-0.74,2003,1,610,-4319,-7.08,23.6,0.88,-1.04,6060,-163,-1314,1493,-1333,-263,-270,-3786
MGC,ORB2,"ORB2 09:30 5m break LONG stop range 2R days ALL",640,-1907,-2.98,33.6,0.86,-1.68,2075,0,562,-1649,-2.93,35.1,0.94,-0.56,2811,-382,-584,-588,-353,-274,47,-1422
MGC,ORB2,"ORB2 09:30 5m opening-candle direction LONG stop range 2R days ALL",367,-1038,-2.83,33.2,0.87,-1.16,1038,1,334,-4336,-12.98,33.2,0.76,-2.02,5384,-209,-414,82,-497,410,-2085,-2662
MGC,ORB2,"ORB2 09:30 5m break SHORT stop range 2R days ALL",630,-225,-0.36,37.1,0.98,-0.19,1329,2,561,2649,4.72,34.9,1.10,0.80,2365,79,356,-202,-457,-533,455,2728
MGC,ORB2,"ORB2 09:30 5m opening-candle direction SHORT stop range 2R days ALL",373,-1502,-4.03,31.6,0.83,-1.59,1709,0,326,1843,5.65,37.1,1.11,0.71,1688,-113,-416,-420,-553,666,-628,1805
MGC,ORB2,"ORB2 09:30 5m break BOTH stop range 2R days ALL",761,-1431,-1.88,34.0,0.91,-1.08,1592,0,666,-3316,-4.98,33.6,0.90,-0.98,4253,-146,-482,-488,-315,-653,-1912,-750
MGC,ORB2,"ORB2 09:30 5m opening-candle direction BOTH stop range 2R days ALL",740,-2540,-3.43,32.4,0.85,-1.95,2540,0,660,-2493,-3.78,35.2,0.93,-0.74,4565,-322,-830,-338,-1050,1076,-2712,-857
MGC,ORB2,"ORB2 09:30 5m break LONG stop range 2R days NARROW",510,-1768,-3.47,32.4,0.82,-2.01,1999,0,463,-927,-2.00,34.1,0.95,-0.40,1780,-199,-1062,-178,-329,-739,-330,142
MGC,ORB2,"ORB2 09:30 5m opening-candle direction LONG stop range 2R days NARROW",290,-1157,-3.99,31.7,0.81,-1.70,1304,2,276,-2175,-7.88,34.1,0.83,-1.25,2787,54,-634,4,-580,145,-1343,-977
MGC,ORB2,"ORB2 09:30 5m break SHORT stop range 2R days NARROW",510,-170,-0.33,36.3,0.98,-0.19,952,2,460,1136,2.47,34.8,1.06,0.49,1491,-49,25,189,-335,-148,150,1134
MGC,ORB2,"ORB2 09:30 5m opening-candle direction SHORT stop range 2R days NARROW",286,-730,-2.55,31.8,0.87,-1.05,811,0,258,1923,7.45,38.4,1.19,1.11,1289,-135,-146,-46,-403,788,-56,1190
MGC,ORB2,"ORB2 09:30 5m break BOTH stop range 2R days NARROW",597,-1305,-2.19,33.3,0.89,-1.32,1565,0,540,-1848,-3.42,34.4,0.92,-0.75,3119,-61,-710,-73,-461,-122,-2015,289
MGC,ORB2,"ORB2 09:30 5m opening-candle direction BOTH stop range 2R days NARROW",576,-1887,-3.28,31.8,0.84,-1.94,1887,0,534,-252,-0.47,36.1,0.99,-0.10,3251,-81,-780,-42,-984,933,-1399,214
MGC,ORB2,"ORB2 09:30 5m break LONG stop range 2R days NOTWIDE",638,-1820,-2.85,33.7,0.87,-1.61,1988,0,558,-975,-1.75,35.1,0.96,-0.34,2363,-367,-584,-588,-281,-209,-8,-758
MGC,ORB2,"ORB2 09:30 5m opening-candle direction LONG stop range 2R days NOTWIDE",366,-1065,-2.91,33.1,0.87,-1.19,1065,1,332,-3745,-11.28,33.4,0.78,-1.80,4833,-236,-414,82,-497,451,-2085,-2111
MGC,ORB2,"ORB2 09:30 5m break SHORT stop range 2R days NOTWIDE",625,-217,-0.35,37.3,0.98,-0.19,1257,2,557,1305,2.34,34.8,1.05,0.43,2222,234,405,-470,-386,-321,-7,1633
MGC,ORB2,"ORB2 09:30 5m opening-candle direction SHORT stop range 2R days NOTWIDE",369,-1612,-4.37,31.7,0.81,-1.79,1867,0,322,1888,5.86,37.3,1.12,0.76,2102,-64,-379,-689,-481,858,-1090,2120
MGC,ORB2,"ORB2 09:30 5m break BOTH stop range 2R days NOTWIDE",756,-1423,-1.88,34.1,0.91,-1.10,1740,1,660,-2837,-4.30,33.8,0.92,-0.87,3887,9,-433,-756,-243,-376,-2375,-87
MGC,ORB2,"ORB2 09:30 5m opening-candle direction BOTH stop range 2R days NOTWIDE",735,-2677,-3.64,32.4,0.84,-2.10,2680,0,654,-1856,-2.84,35.3,0.94,-0.57,4418,-300,-792,-607,-978,1310,-3175,9
MGC,ORB2,"ORB2 09:30 5m break LONG stop range 2R days NONEWS",592,-1915,-3.23,33.3,0.85,-1.76,2074,0,520,-2047,-3.94,34.8,0.92,-0.73,3510,-381,-600,-494,-439,-660,602,-1988
MGC,ORB2,"ORB2 09:30 5m opening-candle direction LONG stop range 2R days NONEWS",337,-736,-2.18,33.5,0.90,-0.85,846,1,308,-4179,-13.57,32.8,0.74,-2.04,4896,-174,-301,181,-442,79,-1742,-2517
MGC,ORB2,"ORB2 09:30 5m break SHORT stop range 2R days NONEWS",583,72,0.12,37.4,1.01,0.06,1096,3,518,2732,5.27,34.9,1.11,0.85,2297,24,250,129,-331,-447,811,2367
MGC,ORB2,"ORB2 09:30 5m opening-candle direction SHORT stop range 2R days NONEWS",347,-1376,-3.96,31.4,0.83,-1.51,1570,0,302,1671,5.53,37.1,1.11,0.67,1538,-64,-511,-347,-454,615,-402,1459
MGC,ORB2,"ORB2 09:30 5m break BOTH stop range 2R days NONEWS",705,-957,-1.36,34.3,0.94,-0.75,1136,0,616,-3323,-5.39,33.6,0.90,-1.02,4313,-126,-591,-73,-167,-711,-1344,-1267
MGC,ORB2,"ORB2 09:30 5m opening-candle direction BOTH stop range 2R days NONEWS",684,-2111,-3.09,32.5,0.86,-1.68,2111,0,610,-2508,-4.11,34.9,0.92,-0.77,4177,-238,-812,-166,-896,694,-2144,-1058
MGC,ORB2,"ORB2 09:30 5m break LONG stop range 4R days ALL",640,-1816,-2.84,26.6,0.88,-1.31,1873,1,562,-223,-0.40,28.5,0.99,-0.06,3336,-436,-966,95,-509,256,625,-1104
MGC,ORB2,"ORB2 09:30 5m opening-candle direction LONG stop range 4R days ALL",367,-802,-2.18,24.8,0.91,-0.71,1130,1,334,-3549,-10.63,25.4,0.81,-1.31,4616,-261,-423,572,-690,548,-2018,-2080
MGC,ORB2,"ORB2 09:30 5m break SHORT stop range 4R days ALL",630,-1441,-2.29,27.1,0.90,-0.98,1686,0,561,-2136,-3.81,24.2,0.93,-0.55,3679,-64,-699,-16,-661,-566,-963,-606
MGC,ORB2,"ORB2 09:30 5m opening-candle direction SHORT stop range 4R days ALL",373,-1270,-3.41,24.1,0.87,-1.01,1485,1,326,-275,-0.84,24.2,0.99,-0.08,3296,-30,-843,40,-437,101,-455,79
MGC,ORB2,"ORB2 09:30 5m break BOTH stop range 4R days ALL",761,-2022,-2.66,25.1,0.89,-1.21,2277,1,666,-5123,-7.69,24.6,0.87,-1.24,5958,-221,-1456,183,-528,-433,-1952,-2737
MGC,ORB2,"ORB2 09:30 5m opening-candle direction BOTH stop range 4R days ALL",740,-2072,-2.80,24.5,0.89,-1.22,2345,1,660,-3824,-5.79,24.8,0.90,-0.90,6157,-291,-1266,612,-1127,649,-2472,-2001
MGC,ORB2,"ORB2 09:30 5m break LONG stop range 4R days NARROW",510,-1841,-3.61,24.1,0.83,-1.65,2059,1,463,1081,2.33,27.0,1.05,0.36,2150,-254,-1657,345,-275,8,367,706
MGC,ORB2,"ORB2 09:30 5m opening-candle direction LONG stop range 4R days NARROW",290,-1107,-3.82,22.4,0.83,-1.24,1481,2,276,-414,-1.50,26.1,0.97,-0.17,2347,2,-860,417,-665,420,-809,-25
MGC,ORB2,"ORB2 09:30 5m break SHORT stop range 4R days NARROW",510,-1215,-2.38,24.9,0.89,-1.05,1501,1,460,-4172,-9.07,22.2,0.82,-1.53,5530,-43,-693,58,-537,-432,-1856,-1884
MGC,ORB2,"ORB2 09:30 5m opening-candle direction SHORT stop range 4R days NARROW",286,-1026,-3.59,22.7,0.84,-1.17,1117,1,258,-2108,-8.17,22.9,0.83,-1.04,3236,-52,-627,83,-430,135,-571,-1673
MGC,ORB2,"ORB2 09:30 5m break BOTH stop range 4R days NARROW",597,-2279,-3.82,22.8,0.83,-1.82,2635,1,540,-2619,-4.85,24.4,0.90,-0.84,3841,-17,-1876,235,-621,53,-1889,-783
MGC,ORB2,"ORB2 09:30 5m opening-candle direction BOTH stop range 4R days NARROW",576,-2133,-3.70,22.6,0.84,-1.71,2422,1,534,-2522,-4.72,24.5,0.90,-0.81,4759,-50,-1487,500,-1096,555,-1380,-1697
MGC,ORB2,"ORB2 09:30 5m break LONG stop range 4R days NOTWIDE",638,-1729,-2.71,26.6,0.88,-1.25,1858,1,558,451,0.81,28.5,1.02,0.13,2796,-421,-966,95,-437,321,570,-440
MGC,ORB2,"ORB2 09:30 5m opening-candle direction LONG stop range 4R days NOTWIDE",366,-829,-2.26,24.6,0.91,-0.73,1130,1,332,-2958,-8.91,25.6,0.84,-1.11,4066,-288,-423,572,-690,589,-2018,-1529
MGC,ORB2,"ORB2 09:30 5m break SHORT stop range 4R days NOTWIDE",625,-1703,-2.72,27.2,0.88,-1.25,2091,1,557,-2903,-5.21,24.1,0.91,-0.77,4270,91,-650,-554,-590,-354,-1503,-1046
MGC,ORB2,"ORB2 09:30 5m opening-candle direction SHORT stop range 4R days NOTWIDE",369,-1650,-4.47,24.1,0.82,-1.46,1914,1,322,-362,-1.12,24.2,0.98,-0.11,2981,19,-806,-499,-365,293,-1049,394
MGC,ORB2,"ORB2 09:30 5m break BOTH stop range 4R days NOTWIDE",756,-2284,-3.02,25.1,0.88,-1.44,2695,0,660,-4722,-7.15,24.7,0.87,-1.17,5613,-66,-1407,-355,-456,-156,-2493,-2074
MGC,ORB2,"ORB2 09:30 5m opening-candle direction BOTH stop range 4R days NOTWIDE",735,-2479,-3.37,24.4,0.87,-1.55,2773,1,654,-3319,-5.08,24.9,0.91,-0.80,5842,-269,-1228,73,-1055,883,-3067,-1135
MGC,ORB2,"ORB2 09:30 5m break LONG stop range 4R days NONEWS",592,-2012,-3.40,26.2,0.85,-1.52,2119,0,520,748,1.44,28.8,1.03,0.21,3526,-477,-1019,-31,-484,-201,1652,-702
MGC,ORB2,"ORB2 09:30 5m opening-candle direction LONG stop range 4R days NONEWS",337,-461,-1.37,25.2,0.94,-0.42,1044,1,308,-2824,-9.17,25.3,0.84,-1.07,3549,-268,-221,693,-665,269,-1573,-1521
MGC,ORB2,"ORB2 09:30 5m break SHORT stop range 4R days NONEWS",583,-633,-1.09,27.8,0.95,-0.44,1237,2,518,-2524,-4.87,24.1,0.91,-0.68,3697,8,-555,473,-559,-541,-1032,-952
MGC,ORB2,"ORB2 09:30 5m opening-candle direction SHORT stop range 4R days NONEWS",347,-908,-2.62,24.8,0.90,-0.74,1204,2,302,-234,-0.77,24.5,0.99,-0.07,2968,19,-770,105,-262,73,-565,259
MGC,ORB2,"ORB2 09:30 5m break BOTH stop range 4R days NONEWS",705,-1243,-1.76,25.7,0.93,-0.76,1985,1,616,-4574,-7.43,24.8,0.87,-1.15,5456,-146,-1420,636,-313,-579,-1457,-2537
MGC,ORB2,"ORB2 09:30 5m opening-candle direction BOTH stop range 4R days NONEWS",684,-1368,-2.00,25.0,0.92,-0.83,1737,1,610,-3058,-5.01,24.9,0.91,-0.74,5554,-249,-991,798,-927,342,-2138,-1262
MGC,ORB2,"ORB2 09:30 5m break LONG stop 0.10×ATR to 15:55 days ALL",640,-2242,-3.50,13.3,0.79,-1.89,2292,0,562,1063,1.89,15.8,1.05,0.35,3281,-380,-662,-274,-925,-654,2744,-1026
MGC,ORB2,"ORB2 09:30 5m opening-candle direction LONG stop 0.10×ATR to 15:55 days ALL",367,997,2.72,15.0,1.17,0.86,906,2,334,-1714,-5.13,13.8,0.86,-0.78,3027,126,-232,1533,-430,-498,284,-1500
MGC,ORB2,"ORB2 09:30 5m break SHORT stop 0.10×ATR to 15:55 days ALL",630,-2715,-4.31,12.5,0.74,-2.35,3044,0,561,-8127,-14.49,11.6,0.62,-3.41,8729,-270,-1513,-72,-860,-863,-2886,-4378
MGC,ORB2,"ORB2 09:30 5m opening-candle direction SHORT stop 0.10×ATR to 15:55 days ALL",373,-1600,-4.29,11.3,0.74,-1.56,1600,1,326,-553,-1.70,13.8,0.95,-0.24,1913,-374,-591,38,-672,-643,1247,-1157
MGC,ORB2,"ORB2 09:30 5m break BOTH stop 0.10×ATR to 15:55 days ALL",761,-3402,-4.47,12.2,0.73,-2.70,3627,0,666,-3416,-5.13,13.7,0.86,-1.10,3874,-221,-1592,-523,-1066,-547,-1008,-1862
MGC,ORB2,"ORB2 09:30 5m opening-candle direction BOTH stop 0.10×ATR to 15:55 days ALL",740,-603,-0.81,13.1,0.95,-0.39,1529,1,660,-2267,-3.43,13.8,0.91,-0.71,4290,-248,-823,1571,-1102,-1140,1531,-2658
MGC,ORB2,"ORB2 09:30 5m break LONG stop 0.10×ATR to 15:55 days NARROW",510,-1805,-3.54,13.9,0.78,-1.72,1855,1,463,1446,3.12,16.4,1.09,0.51,2658,-237,-947,143,-764,-523,2570,-601
MGC,ORB2,"ORB2 09:30 5m opening-candle direction LONG stop 0.10×ATR to 15:55 days NARROW",290,681,2.35,15.5,1.14,0.66,847,2,276,-510,-1.85,14.9,0.95,-0.24,2240,235,-555,1508,-507,-355,541,-695
MGC,ORB2,"ORB2 09:30 5m break SHORT stop 0.10×ATR to 15:55 days NARROW",510,-2073,-4.07,13.1,0.76,-2.03,2379,1,460,-6973,-15.16,12.2,0.60,-3.51,7545,-180,-1343,18,-568,-1305,-2997,-2671
MGC,ORB2,"ORB2 09:30 5m opening-candle direction SHORT stop 0.10×ATR to 15:55 days NARROW",286,-2056,-7.19,11.2,0.58,-2.97,2056,0,258,-1215,-4.71,14.7,0.87,-0.66,1983,-255,-713,-382,-706,-784,467,-898
MGC,ORB2,"ORB2 09:30 5m break BOTH stop 0.10×ATR to 15:55 days NARROW",597,-3333,-5.58,12.4,0.67,-3.24,3595,0,540,-1237,-2.29,14.8,0.94,-0.43,2482,-112,-2000,-371,-850,-800,-471,34
MGC,ORB2,"ORB2 09:30 5m opening-candle direction BOTH stop 0.10×ATR to 15:55 days NARROW",576,-1375,-2.39,13.4,0.86,-1.10,1735,1,534,-1725,-3.23,14.8,0.91,-0.61,3316,-20,-1268,1126,-1213,-1139,1008,-1593
MGC,ORB2,"ORB2 09:30 5m break LONG stop 0.10×ATR to 15:55 days NOTWIDE",638,-2210,-3.46,13.3,0.79,-1.87,2260,0,558,1248,2.24,15.9,1.06,0.41,3224,-365,-662,-274,-909,-629,2764,-887
MGC,ORB2,"ORB2 09:30 5m opening-candle direction LONG stop 0.10×ATR to 15:55 days NOTWIDE",366,1013,2.77,15.0,1.17,0.87,906,2,332,-1607,-4.84,13.9,0.87,-0.73,2946,142,-232,1533,-430,-472,284,-1419
MGC,ORB2,"ORB2 09:30 5m break SHORT stop 0.10×ATR to 15:55 days NOTWIDE",625,-2633,-4.21,12.6,0.74,-2.28,2993,0,557,-7945,-14.26,11.7,0.62,-3.33,8547,-239,-1496,-54,-843,-832,-2816,-4297
MGC,ORB2,"ORB2 09:30 5m opening-candle direction SHORT stop 0.10×ATR to 15:55 days NOTWIDE",369,-2045,-5.54,11.1,0.67,-2.28,2045,0,322,-1134,-3.52,13.7,0.90,-0.51,2030,-358,-575,-456,-656,-612,577,-1100
MGC,ORB2,"ORB2 09:30 5m break BOTH stop 0.10×ATR to 15:55 days NOTWIDE",756,-3320,-4.39,12.3,0.73,-2.63,3577,0,660,-3150,-4.77,13.8,0.87,-1.01,3608,-189,-1575,-506,-1050,-490,-937,-1723
MGC,ORB2,"ORB2 09:30 5m opening-candle direction BOTH stop 0.10×ATR to 15:55 days NOTWIDE",735,-1032,-1.40,13.1,0.91,-0.70,1512,1,654,-2741,-4.19,13.8,0.89,-0.88,4223,-217,-806,1077,-1086,-1083,861,-2519
MGC,ORB2,"ORB2 09:30 5m break LONG stop 0.10×ATR to 15:55 days NONEWS",592,-2232,-3.77,13.2,0.77,-1.97,2282,0,520,1796,3.45,16.3,1.10,0.59,2729,-347,-574,-410,-901,-720,3422,-906
MGC,ORB2,"ORB2 09:30 5m opening-candle direction LONG stop 0.10×ATR to 15:55 days NONEWS",337,998,2.96,15.1,1.18,0.89,802,1,308,-1277,-4.14,14.3,0.89,-0.59,2823,-43,-166,1629,-422,-674,610,-1212
MGC,ORB2,"ORB2 09:30 5m break SHORT stop 0.10×ATR to 15:55 days NONEWS",583,-2320,-3.98,13.0,0.76,-2.12,2606,1,518,-6993,-13.50,12.0,0.64,-2.98,7734,-216,-1587,245,-763,-1055,-2310,-3628
MGC,ORB2,"ORB2 09:30 5m opening-candle direction SHORT stop 0.10×ATR to 15:55 days NONEWS",347,-1693,-4.88,11.5,0.71,-1.80,1693,1,302,-159,-0.53,14.2,0.99,-0.07,1848,-358,-968,204,-570,-741,1347,-765
MGC,ORB2,"ORB2 09:30 5m break BOTH stop 0.10×ATR to 15:55 days NONEWS",705,-2979,-4.22,12.8,0.74,-2.49,3220,0,616,-2231,-3.62,14.3,0.90,-0.73,2878,-152,-1629,-247,-950,-802,-265,-1165
MGC,ORB2,"ORB2 09:30 5m opening-candle direction BOTH stop 0.10×ATR to 15:55 days NONEWS",684,-695,-1.02,13.3,0.94,-0.47,1910,1,610,-1436,-2.35,14.3,0.94,-0.46,3485,-401,-1134,1833,-992,-1415,1956,-1977
MGC,ORB2,"ORB2 09:30 5m break LONG stop 0.10×ATR 2R days ALL",640,-2943,-4.60,28.9,0.66,-5.08,3042,0,562,-274,-0.49,33.6,0.98,-0.17,1543,-249,-963,-831,-901,-997,421,301
MGC,ORB2,"ORB2 09:30 5m opening-candle direction LONG stop 0.10×ATR 2R days ALL",367,-1234,-3.36,31.3,0.74,-2.72,1359,0,334,-1829,-5.47,30.5,0.82,-1.51,2186,-77,-618,-223,-316,-340,-1489,0
MGC,ORB2,"ORB2 09:30 5m break SHORT stop 0.10×ATR 2R days ALL",630,-2547,-4.04,29.8,0.69,-4.40,2703,0,561,-1567,-2.79,31.4,0.90,-1.00,2901,-287,-1129,-466,-666,-1368,-421,222
MGC,ORB2,"ORB2 09:30 5m opening-candle direction SHORT stop 0.10×ATR 2R days ALL",373,-1565,-4.20,29.8,0.68,-3.54,1565,0,326,743,2.28,36.2,1.09,0.61,865,-246,-604,-338,-376,-465,274,934
MGC,ORB2,"ORB2 09:30 5m break BOTH stop 0.10×ATR 2R days ALL",761,-3082,-4.05,29.8,0.69,-4.83,3261,0,666,1213,1.82,35.0,1.07,0.68,1838,-266,-1608,-644,-565,-1074,-239,2526
MGC,ORB2,"ORB2 09:30 5m opening-candle direction BOTH stop 0.10×ATR 2R days ALL",740,-2799,-3.78,30.5,0.71,-4.42,2829,0,660,-1086,-1.65,33.3,0.94,-0.63,2422,-323,-1222,-561,-692,-805,-1215,934
MGC,ORB2,"ORB2 09:30 5m break LONG stop 0.10×ATR 2R days NARROW",510,-2118,-4.15,29.6,0.69,-3.99,2217,0,463,-474,-1.02,33.7,0.96,-0.32,1404,-106,-722,-508,-782,-847,497,-124
MGC,ORB2,"ORB2 09:30 5m opening-candle direction LONG stop 0.10×ATR 2R days NARROW",290,-1081,-3.73,30.7,0.72,-2.65,1252,1,276,-1461,-5.29,31.2,0.82,-1.32,1809,32,-431,-252,-430,-325,-1038,-98
MGC,ORB2,"ORB2 09:30 5m break SHORT stop 0.10×ATR 2R days NARROW",510,-2114,-4.15,29.8,0.69,-4.01,2325,0,460,358,0.78,32.8,1.03,0.24,1837,-202,-1066,-368,-479,-1196,-205,1760
MGC,ORB2,"ORB2 09:30 5m opening-candle direction SHORT stop 0.10×ATR 2R days NARROW",286,-1318,-4.61,29.4,0.66,-3.38,1319,0,258,887,3.44,36.4,1.13,0.80,863,-171,-452,-407,-288,-385,162,1109
MGC,ORB2,"ORB2 09:30 5m break BOTH stop 0.10×ATR 2R days NARROW",597,-2190,-3.67,30.5,0.72,-3.78,2372,0,540,2297,4.25,36.3,1.16,1.40,1215,-163,-1279,-353,-395,-947,253,2991
MGC,ORB2,"ORB2 09:30 5m opening-candle direction BOTH stop 0.10×ATR 2R days NARROW",576,-2399,-4.16,30.0,0.69,-4.26,2415,0,534,-574,-1.07,33.7,0.96,-0.37,2014,-139,-883,-659,-718,-710,-875,1011
MGC,ORB2,"ORB2 09:30 5m break LONG stop 0.10×ATR 2R days NOTWIDE",638,-2911,-4.56,29.0,0.66,-5.02,3010,0,558,-255,-0.46,33.7,0.98,-0.16,1651,-233,-963,-831,-884,-971,441,275
MGC,ORB2,"ORB2 09:30 5m opening-candle direction LONG stop 0.10×ATR 2R days NOTWIDE",366,-1218,-3.33,31.4,0.75,-2.68,1359,0,332,-1792,-5.40,30.4,0.82,-1.48,2149,-61,-618,-223,-316,-384,-1489,81
MGC,ORB2,"ORB2 09:30 5m break SHORT stop 0.10×ATR 2R days NOTWIDE",625,-2505,-4.01,29.9,0.70,-4.33,2661,0,557,-1384,-2.49,31.6,0.91,-0.88,2719,-295,-1112,-448,-649,-1337,-350,303
MGC,ORB2,"ORB2 09:30 5m opening-candle direction SHORT stop 0.10×ATR 2R days NOTWIDE",369,-1543,-4.18,29.8,0.68,-3.51,1543,0,322,540,1.68,35.7,1.06,0.44,865,-230,-588,-365,-360,-434,148,826
MGC,ORB2,"ORB2 09:30 5m break BOTH stop 0.10×ATR 2R days NOTWIDE",756,-3041,-4.02,29.9,0.70,-4.77,3219,0,660,1313,1.99,35.2,1.07,0.74,1629,-275,-1591,-626,-549,-1018,-169,2500
MGC,ORB2,"ORB2 09:30 5m opening-candle direction BOTH stop 0.10×ATR 2R days NOTWIDE",735,-2761,-3.76,30.6,0.71,-4.37,2792,0,654,-1252,-1.91,33.0,0.93,-0.73,2560,-292,-1206,-588,-676,-818,-1341,907
MGC,ORB2,"ORB2 09:30 5m break LONG stop 0.10×ATR 2R days NONEWS",592,-2810,-4.75,28.5,0.65,-5.05,2909,0,520,-546,-1.05,33.8,0.96,-0.36,1597,-215,-981,-813,-800,-930,578,-194
MGC,ORB2,"ORB2 09:30 5m opening-candle direction LONG stop 0.10×ATR 2R days NONEWS",337,-1089,-3.23,31.5,0.75,-2.49,1217,0,308,-1797,-5.84,30.8,0.81,-1.56,2255,-62,-588,-149,-290,-293,-1383,-121
MGC,ORB2,"ORB2 09:30 5m break SHORT stop 0.10×ATR 2R days NONEWS",583,-2623,-4.50,29.0,0.66,-4.75,2782,0,518,-839,-1.62,31.9,0.94,-0.55,2280,-326,-1158,-415,-725,-1289,-38,488
MGC,ORB2,"ORB2 09:30 5m opening-candle direction SHORT stop 0.10×ATR 2R days NONEWS",347,-1685,-4.86,28.5,0.64,-4.02,1685,0,302,948,3.14,36.1,1.12,0.80,740,-230,-706,-333,-416,-539,512,974
MGC,ORB2,"ORB2 09:30 5m break BOTH stop 0.10×ATR 2R days NONEWS",705,-2966,-4.21,29.5,0.68,-4.84,3180,0,616,1383,2.24,35.6,1.08,0.80,1427,-290,-1606,-484,-586,-920,67,2236
MGC,ORB2,"ORB2 09:30 5m opening-candle direction BOTH stop 0.10×ATR 2R days NONEWS",684,-2774,-4.06,30.0,0.69,-4.57,2826,0,610,-850,-1.39,33.4,0.95,-0.51,2177,-293,-1294,-482,-706,-832,-871,853
MGC,ORB2,"ORB2 09:30 5m break LONG stop 0.10×ATR 4R days ALL",640,-2638,-4.12,18.6,0.73,-3.28,2896,0,562,-1608,-2.86,19.9,0.91,-0.73,2414,-430,-1023,-617,-569,-1414,-52,-142
MGC,ORB2,"ORB2 09:30 5m opening-candle direction LONG stop 0.10×ATR 4R days ALL",367,-715,-1.95,21.0,0.87,-1.09,859,1,334,-2369,-7.09,18.3,0.80,-1.45,2423,-168,-617,314,-243,-611,-1311,-447
MGC,ORB2,"ORB2 09:30 5m break SHORT stop 0.10×ATR 4R days ALL",630,-2267,-3.60,19.2,0.76,-2.81,2496,0,561,-4867,-8.67,17.6,0.75,-2.39,5728,-231,-1291,-308,-437,-889,-2006,-1971
MGC,ORB2,"ORB2 09:30 5m opening-candle direction SHORT stop 0.10×ATR 4R days ALL",373,-1569,-4.21,18.2,0.73,-2.58,1569,0,326,1436,4.41,23.3,1.14,0.81,1404,-237,-550,-501,-280,-158,1246,348
MGC,ORB2,"ORB2 09:30 5m break BOTH stop 0.10×ATR 4R days ALL",761,-2594,-3.41,19.1,0.78,-2.88,2925,0,666,-3737,-5.61,19.4,0.84,-1.63,4489,-258,-1560,-484,-291,-973,-2136,-628
MGC,ORB2,"ORB2 09:30 5m opening-candle direction BOTH stop 0.10×ATR 4R days ALL",740,-2283,-3.09,19.6,0.80,-2.56,2370,0,660,-932,-1.41,20.8,0.96,-0.39,2323,-405,-1167,-187,-523,-769,-64,-99
MGC,ORB2,"ORB2 09:30 5m break LONG stop 0.10×ATR 4R days NARROW",510,-1716,-3.37,19.4,0.78,-2.30,1993,0,463,-1261,-2.72,20.3,0.92,-0.62,1987,-287,-966,-82,-382,-1163,91,-189
MGC,ORB2,"ORB2 09:30 5m opening-candle direction LONG stop 0.10×ATR 4R days NARROW",290,-668,-2.30,20.3,0.85,-1.14,946,1,276,-2005,-7.27,18.8,0.79,-1.36,2144,-59,-543,291,-356,-490,-932,-583
MGC,ORB2,"ORB2 09:30 5m break SHORT stop 0.10×ATR 4R days NARROW",510,-1730,-3.39,19.6,0.78,-2.35,2014,0,460,-2614,-5.68,18.5,0.84,-1.34,3431,-161,-1122,-110,-337,-915,-1435,-264
MGC,ORB2,"ORB2 09:30 5m opening-candle direction SHORT stop 0.10×ATR 4R days NARROW",286,-1404,-4.91,17.5,0.69,-2.63,1404,0,258,1315,5.10,23.3,1.16,0.82,1233,-191,-544,-395,-274,-162,558,919
MGC,ORB2,"ORB2 09:30 5m break BOTH stop 0.10×ATR 4R days NARROW",597,-1912,-3.20,19.3,0.79,-2.35,2322,0,540,-1414,-2.62,20.6,0.92,-0.66,2635,-170,-1522,-105,-115,-867,-1317,770
MGC,ORB2,"ORB2 09:30 5m opening-candle direction BOTH stop 0.10×ATR 4R days NARROW",576,-2072,-3.60,18.9,0.77,-2.61,2213,0,534,-690,-1.29,21.0,0.96,-0.32,2013,-250,-1087,-105,-630,-653,-373,336
MGC,ORB2,"ORB2 09:30 5m break LONG stop 0.10×ATR 4R days NOTWIDE",638,-2606,-4.09,18.7,0.73,-3.24,2864,0,558,-1424,-2.55,20.1,0.92,-0.65,2287,-414,-1023,-617,-552,-1388,-32,-4
MGC,ORB2,"ORB2 09:30 5m opening-candle direction LONG stop 0.10×ATR 4R days NOTWIDE",366,-699,-1.91,21.0,0.87,-1.07,849,1,332,-2262,-6.81,18.4,0.81,-1.38,2394,-152,-617,314,-243,-585,-1311,-366
MGC,ORB2,"ORB2 09:30 5m break SHORT stop 0.10×ATR 4R days NOTWIDE",625,-2185,-3.50,19.4,0.77,-2.71,2415,0,557,-4684,-8.41,17.8,0.76,-2.30,5545,-200,-1274,-291,-421,-858,-1936,-1890
MGC,ORB2,"ORB2 09:30 5m opening-candle direction SHORT stop 0.10×ATR 4R days NOTWIDE",369,-1577,-4.27,18.2,0.72,-2.60,1577,0,322,1358,4.22,23.3,1.13,0.77,1404,-221,-534,-558,-264,-127,1079,405
MGC,ORB2,"ORB2 09:30 5m break BOTH stop 0.10×ATR 4R days NOTWIDE",756,-2512,-3.32,19.2,0.78,-2.79,2843,0,660,-3472,-5.26,19.5,0.85,-1.52,4224,-227,-1544,-467,-275,-916,-2066,-489
MGC,ORB2,"ORB2 09:30 5m opening-candle direction BOTH stop 0.10×ATR 4R days NOTWIDE",735,-2275,-3.10,19.6,0.80,-2.55,2362,0,654,-904,-1.38,20.8,0.96,-0.38,2265,-374,-1151,-244,-507,-712,-232,39
MGC,ORB2,"ORB2 09:30 5m break LONG stop 0.10×ATR 4R days NONEWS",592,-2603,-4.40,18.2,0.72,-3.38,2841,0,520,-1620,-3.12,20.2,0.91,-0.77,2792,-396,-914,-714,-578,-1316,11,-315
MGC,ORB2,"ORB2 09:30 5m opening-candle direction LONG stop 0.10×ATR 4R days NONEWS",337,-491,-1.46,21.4,0.90,-0.77,817,1,308,-2382,-7.73,18.5,0.78,-1.55,2624,-178,-576,427,-163,-544,-1128,-710
MGC,ORB2,"ORB2 09:30 5m break SHORT stop 0.10×ATR 4R days NONEWS",583,-2140,-3.67,19.2,0.76,-2.77,2396,0,518,-3672,-7.09,18.1,0.80,-1.82,4672,-265,-1282,-153,-440,-891,-1559,-1221
MGC,ORB2,"ORB2 09:30 5m opening-candle direction SHORT stop 0.10×ATR 4R days NONEWS",347,-1485,-4.28,18.2,0.72,-2.53,1485,0,302,1262,4.18,22.8,1.13,0.74,1349,-221,-607,-413,-244,-260,1366,155
MGC,ORB2,"ORB2 09:30 5m break BOTH stop 0.10×ATR 4R days NONEWS",705,-2350,-3.33,19.1,0.78,-2.70,2662,0,616,-3014,-4.89,19.8,0.86,-1.35,4097,-277,-1515,-283,-275,-893,-1839,-283
MGC,ORB2,"ORB2 09:30 5m opening-candle direction BOTH stop 0.10×ATR 4R days NONEWS",684,-1976,-2.89,19.7,0.81,-2.28,2098,1,610,-1120,-1.84,20.7,0.95,-0.49,2032,-400,-1183,14,-407,-804,238,-555
MGC,ORB2,"ORB2 09:30 5m break LONG stop 0.15×ATR to 15:55 days ALL",640,-563,-0.88,21.6,0.96,-0.37,1806,1,562,115,0.20,22.2,1.00,0.03,4266,-152,-1019,784,-176,-965,2935,-1856
MGC,ORB2,"ORB2 09:30 5m opening-candle direction LONG stop 0.15×ATR to 15:55 days ALL",367,1160,3.16,21.0,1.15,0.88,1075,2,334,-1913,-5.73,19.2,0.88,-0.72,3737,145,-165,1477,-297,-535,-717,-661
MGC,ORB2,"ORB2 09:30 5m break SHORT stop 0.15×ATR to 15:55 days ALL",630,-2246,-3.56,20.0,0.83,-1.60,2825,1,561,-5116,-9.12,19.6,0.82,-1.48,5792,45,-1095,-746,-450,-451,46,-4712
MGC,ORB2,"ORB2 09:30 5m opening-candle direction SHORT stop 0.15×ATR to 15:55 days ALL",373,-2000,-5.36,17.2,0.76,-1.74,2056,0,326,-573,-1.76,20.2,0.96,-0.21,2636,-214,-958,-213,-616,-14,1082,-1641
MGC,ORB2,"ORB2 09:30 5m break BOTH stop 0.15×ATR to 15:55 days ALL",761,-2431,-3.19,18.9,0.85,-1.52,2789,0,666,-2984,-4.48,19.5,0.91,-0.75,4793,-38,-1490,-307,-596,-679,507,-2812
MGC,ORB2,"ORB2 09:30 5m opening-candle direction BOTH stop 0.15×ATR to 15:55 days ALL",740,-840,-1.14,19.1,0.95,-0.48,1760,1,660,-2486,-3.77,19.7,0.92,-0.65,6039,-69,-1123,1265,-912,-549,365,-2302
MGC,ORB2,"ORB2 09:30 5m break LONG stop 0.15×ATR to 15:55 days NARROW",510,-185,-0.36,22.4,0.98,-0.13,1788,2,463,896,1.94,22.7,1.04,0.28,3297,-67,-1393,1107,168,-778,2456,-781
MGC,ORB2,"ORB2 09:30 5m opening-candle direction LONG stop 0.15×ATR to 15:55 days NARROW",290,1045,3.60,22.1,1.17,0.88,955,2,276,157,0.57,21.0,1.01,0.06,2939,299,-491,1500,-263,-326,-168,652
MGC,ORB2,"ORB2 09:30 5m break SHORT stop 0.15×ATR to 15:55 days NARROW",510,-2187,-4.29,19.4,0.80,-1.75,2592,0,460,-4647,-10.10,20.7,0.80,-1.54,4944,-39,-1034,-587,-527,-631,-1359,-2657
MGC,ORB2,"ORB2 09:30 5m opening-candle direction SHORT stop 0.15×ATR to 15:55 days NARROW",286,-2441,-8.54,17.5,0.62,-3.00,2441,0,258,-1823,-7.06,21.3,0.85,-0.85,2488,-165,-989,-479,-807,-154,-371,-1298
MGC,ORB2,"ORB2 09:30 5m break BOTH stop 0.15×ATR to 15:55 days NARROW",597,-2864,-4.80,18.6,0.78,-2.10,3210,1,540,-732,-1.36,21.1,0.97,-0.20,3459,40,-2087,-183,-634,-670,153,-215
MGC,ORB2,"ORB2 09:30 5m opening-candle direction BOTH stop 0.15×ATR to 15:55 days NARROW",576,-1396,-2.42,19.8,0.89,-0.96,1655,2,534,-1665,-3.12,21.2,0.94,-0.50,4736,135,-1481,1021,-1071,-481,-539,-646
MGC,ORB2,"ORB2 09:30 5m break LONG stop 0.15×ATR to 15:55 days NOTWIDE",638,-518,-0.81,21.6,0.96,-0.34,1806,1,558,302,0.54,22.2,1.01,0.09,4181,-129,-1019,784,-153,-927,2880,-1650
MGC,ORB2,"ORB2 09:30 5m opening-candle direction LONG stop 0.15×ATR to 15:55 days NOTWIDE",366,1183,3.23,21.0,1.15,0.89,1075,2,332,-1755,-5.29,19.3,0.89,-0.66,3737,167,-165,1477,-297,-498,-717,-541
MGC,ORB2,"ORB2 09:30 5m break SHORT stop 0.15×ATR to 15:55 days NOTWIDE",625,-2130,-3.41,20.2,0.84,-1.52,2754,1,557,-5558,-9.98,19.6,0.80,-1.64,5870,90,-1071,-721,-427,-406,-561,-4591
MGC,ORB2,"ORB2 09:30 5m opening-candle direction SHORT stop 0.15×ATR to 15:55 days NOTWIDE",369,-2426,-6.57,17.1,0.70,-2.34,2504,0,322,-1104,-3.43,20.2,0.93,-0.42,2551,-191,-935,-707,-593,31,420,-1556
MGC,ORB2,"ORB2 09:30 5m break BOTH stop 0.15×ATR to 15:55 days NOTWIDE",756,-2315,-3.06,19.0,0.86,-1.44,2718,1,660,-3304,-5.01,19.5,0.90,-0.84,4708,6,-1467,-282,-573,-597,-101,-2607
MGC,ORB2,"ORB2 09:30 5m opening-candle direction BOTH stop 0.15×ATR to 15:55 days NOTWIDE",735,-1243,-1.69,19.0,0.92,-0.74,1736,1,654,-2860,-4.37,19.7,0.91,-0.76,5954,-24,-1099,770,-890,-467,-297,-2097
MGC,ORB2,"ORB2 09:30 5m break LONG stop 0.15×ATR to 15:55 days NONEWS",592,-549,-0.93,21.6,0.96,-0.37,1533,1,520,1251,2.41,22.9,1.05,0.36,3720,-320,-879,692,-43,-925,3808,-1632
MGC,ORB2,"ORB2 09:30 5m opening-candle direction LONG stop 0.15×ATR to 15:55 days NONEWS",337,1367,4.06,21.7,1.19,1.06,916,1,308,-1326,-4.31,19.8,0.91,-0.51,3508,-9,-58,1646,-212,-652,-243,-431
MGC,ORB2,"ORB2 09:30 5m break SHORT stop 0.15×ATR to 15:55 days NONEWS",583,-1917,-3.29,20.4,0.85,-1.44,2528,1,518,-5518,-10.65,19.5,0.79,-1.70,6035,52,-1371,-293,-305,-1032,99,-4585
MGC,ORB2,"ORB2 09:30 5m opening-candle direction SHORT stop 0.15×ATR to 15:55 days NONEWS",347,-1899,-5.47,17.9,0.75,-1.78,1948,1,302,-812,-2.69,20.2,0.94,-0.31,2274,-191,-1262,24,-469,-739,1361,-1433
MGC,ORB2,"ORB2 09:30 5m break BOTH stop 0.15×ATR to 15:55 days NONEWS",705,-2164,-3.07,19.4,0.86,-1.43,2862,1,616,-2570,-4.17,20.1,0.92,-0.67,4850,-155,-1762,113,-360,-1294,1275,-2551
MGC,ORB2,"ORB2 09:30 5m opening-candle direction BOTH stop 0.15×ATR to 15:55 days NONEWS",684,-532,-0.78,19.7,0.96,-0.32,1848,1,610,-2138,-3.51,20.0,0.93,-0.58,5531,-200,-1320,1670,-682,-1392,1119,-1865
MGC,ORB2,"ORB2 09:30 5m break LONG stop 0.15×ATR 2R days ALL",640,-1618,-2.53,33.1,0.86,-1.81,1778,1,562,-535,-0.95,33.1,0.98,-0.22,2133,-388,-1106,105,-229,-1502,165,802
MGC,ORB2,"ORB2 09:30 5m opening-candle direction LONG stop 0.15×ATR 2R days ALL",367,-973,-2.65,33.2,0.85,-1.42,1008,0,334,-868,-2.60,32.6,0.94,-0.46,2028,-104,-558,-3,-308,-89,-1767,988
MGC,ORB2,"ORB2 09:30 5m break SHORT stop 0.15×ATR 2R days ALL",630,-1235,-1.96,34.3,0.89,-1.39,1906,0,561,-201,-0.36,34.0,0.99,-0.09,2217,-33,-294,-671,-238,-317,-281,397
MGC,ORB2,"ORB2 09:30 5m opening-candle direction SHORT stop 0.15×ATR 2R days ALL",373,-1528,-4.10,30.3,0.78,-2.28,1529,0,326,1549,4.75,36.2,1.12,0.84,1499,-270,-662,-253,-343,-224,474,1298
MGC,ORB2,"ORB2 09:30 5m break BOTH stop 0.15×ATR 2R days ALL",761,-2257,-2.97,32.7,0.84,-2.33,2431,0,666,-49,-0.07,33.8,1.00,-0.02,2960,-244,-1145,-760,-108,-1017,-895,1863
MGC,ORB2,"ORB2 09:30 5m opening-candle direction BOTH stop 0.15×ATR 2R days ALL",740,-2501,-3.38,31.8,0.82,-2.61,2501,0,660,681,1.03,34.4,1.03,0.26,2914,-374,-1221,-256,-651,-313,-1292,2286
MGC,ORB2,"ORB2 09:30 5m break LONG stop 0.15×ATR 2R days NARROW",510,-1474,-2.89,32.5,0.84,-1.83,1653,0,463,-1058,-2.28,33.0,0.95,-0.49,1909,-249,-1146,-8,-72,-1278,134,87
MGC,ORB2,"ORB2 09:30 5m opening-candle direction LONG stop 0.15×ATR 2R days NARROW",290,-737,-2.54,33.1,0.86,-1.19,881,2,276,-577,-2.09,33.3,0.95,-0.34,1888,51,-347,30,-471,-199,-1180,802
MGC,ORB2,"ORB2 09:30 5m break SHORT stop 0.15×ATR 2R days NARROW",510,-1612,-3.16,32.7,0.83,-2.01,2009,0,460,1580,3.44,35.9,1.09,0.72,1107,-72,-751,-526,-262,-11,-75,1666
MGC,ORB2,"ORB2 09:30 5m opening-candle direction SHORT stop 0.15×ATR 2R days NARROW",286,-1425,-4.98,29.4,0.74,-2.42,1425,0,258,1585,6.14,36.4,1.16,0.96,1478,-224,-660,-232,-310,-119,164,1540
MGC,ORB2,"ORB2 09:30 5m break BOTH stop 0.15×ATR 2R days NARROW",597,-2293,-3.84,31.5,0.79,-2.65,2567,0,540,1155,2.14,35.2,1.05,0.49,1738,-103,-1418,-682,-89,-731,-340,2226
MGC,ORB2,"ORB2 09:30 5m opening-candle direction BOTH stop 0.15×ATR 2R days NARROW",576,-2162,-3.75,31.3,0.80,-2.53,2170,0,534,1007,1.89,34.8,1.05,0.42,2795,-173,-1007,-202,-780,-319,-1016,2342
MGC,ORB2,"ORB2 09:30 5m break LONG stop 0.15×ATR 2R days NOTWIDE",638,-1573,-2.47,33.2,0.86,-1.76,1733,1,558,-591,-1.06,33.0,0.97,-0.25,2146,-366,-1106,105,-206,-1464,115,759
MGC,ORB2,"ORB2 09:30 5m opening-candle direction LONG stop 0.15×ATR 2R days NOTWIDE",366,-951,-2.60,33.3,0.86,-1.39,1008,0,332,-1168,-3.52,32.2,0.92,-0.63,2028,-81,-558,-3,-308,-156,-1767,755
MGC,ORB2,"ORB2 09:30 5m break SHORT stop 0.15×ATR 2R days NOTWIDE",625,-1183,-1.89,34.4,0.89,-1.34,1898,1,557,-147,-0.26,34.1,0.99,-0.06,2237,12,-334,-646,-215,-272,-392,518
MGC,ORB2,"ORB2 09:30 5m opening-candle direction SHORT stop 0.15×ATR 2R days NOTWIDE",369,-1501,-4.07,30.4,0.78,-2.25,1502,0,322,1488,4.62,36.0,1.12,0.82,1499,-248,-638,-295,-320,-179,284,1383
MGC,ORB2,"ORB2 09:30 5m break BOTH stop 0.15×ATR 2R days NOTWIDE",756,-2205,-2.92,32.8,0.84,-2.28,2424,0,660,-120,-0.18,33.8,1.00,-0.05,2869,-200,-1185,-735,-85,-934,-1006,1820
MGC,ORB2,"ORB2 09:30 5m opening-candle direction BOTH stop 0.15×ATR 2R days NOTWIDE",735,-2452,-3.34,31.8,0.82,-2.57,2456,0,654,320,0.49,34.1,1.01,0.12,2829,-329,-1197,-298,-628,-335,-1483,2138
MGC,ORB2,"ORB2 09:30 5m break LONG stop 0.15×ATR 2R days NONEWS",592,-1536,-2.59,32.9,0.86,-1.79,1766,1,520,-1117,-2.15,33.3,0.95,-0.49,2007,-399,-1150,111,-98,-1333,476,-261
MGC,ORB2,"ORB2 09:30 5m opening-candle direction LONG stop 0.15×ATR 2R days NONEWS",337,-633,-1.88,34.1,0.90,-0.95,700,1,308,-853,-2.77,32.8,0.93,-0.48,1785,-85,-461,197,-283,-127,-1542,816
MGC,ORB2,"ORB2 09:30 5m break SHORT stop 0.15×ATR 2R days NONEWS",583,-1452,-2.49,33.8,0.86,-1.71,1864,0,518,168,0.32,34.2,1.01,0.07,1606,-104,-428,-565,-355,-229,118,280
MGC,ORB2,"ORB2 09:30 5m opening-candle direction SHORT stop 0.15×ATR 2R days NONEWS",347,-1469,-4.23,30.3,0.77,-2.28,1470,0,302,1637,5.42,36.1,1.14,0.92,1337,-248,-706,-161,-355,-274,820,1091
MGC,ORB2,"ORB2 09:30 5m break BOTH stop 0.15×ATR 2R days NONEWS",705,-2085,-2.96,32.8,0.84,-2.23,2296,0,616,-164,-0.27,34.1,0.99,-0.07,2485,-282,-1236,-461,-106,-820,-461,1116
MGC,ORB2,"ORB2 09:30 5m opening-candle direction BOTH stop 0.15×ATR 2R days NONEWS",684,-2102,-3.07,32.2,0.83,-2.27,2102,1,610,784,1.29,34.4,1.03,0.31,2383,-333,-1167,36,-638,-401,-722,1908
MGC,ORB2,"ORB2 09:30 5m break LONG stop 0.15×ATR 4R days ALL",640,-1898,-2.97,23.3,0.85,-1.62,1973,0,562,578,1.03,24.6,1.02,0.18,2302,-404,-932,0,-562,-534,503,609
MGC,ORB2,"ORB2 09:30 5m opening-candle direction LONG stop 0.15×ATR 4R days ALL",367,-368,-1.00,23.7,0.95,-0.39,874,1,334,-981,-2.94,21.6,0.94,-0.40,2469,-121,-517,400,-130,-349,-1775,1143
MGC,ORB2,"ORB2 09:30 5m break SHORT stop 0.15×ATR 4R days ALL",630,-1691,-2.68,23.0,0.87,-1.44,2216,1,561,-5602,-9.99,21.6,0.80,-1.94,6048,78,-955,-514,-301,-414,-518,-4671
MGC,ORB2,"ORB2 09:30 5m opening-candle direction SHORT stop 0.15×ATR 4R days ALL",373,-1964,-5.27,19.8,0.75,-2.25,2008,0,326,-1589,-4.87,22.4,0.90,-0.69,2494,-195,-764,-531,-475,-321,-157,-1112
MGC,ORB2,"ORB2 09:30 5m break BOTH stop 0.15×ATR 4R days ALL",761,-3267,-4.29,21.2,0.80,-2.57,3661,0,666,-4267,-6.41,21.5,0.87,-1.27,4810,-280,-1501,-572,-914,-651,-2108,-1508
MGC,ORB2,"ORB2 09:30 5m opening-candle direction BOTH stop 0.15×ATR 4R days ALL",740,-2332,-3.15,21.8,0.85,-1.81,2473,0,660,-2570,-3.89,22.0,0.92,-0.76,4573,-315,-1281,-131,-605,-670,-1931,31
MGC,ORB2,"ORB2 09:30 5m break LONG stop 0.15×ATR 4R days NARROW",510,-1275,-2.50,23.9,0.88,-1.20,1682,1,463,726,1.57,24.8,1.03,0.25,2066,-307,-1189,326,-106,-411,456,681
MGC,ORB2,"ORB2 09:30 5m opening-candle direction LONG stop 0.15×ATR 4R days NARROW",290,-212,-0.73,24.1,0.96,-0.25,787,2,276,-99,-0.36,22.8,0.99,-0.04,2219,34,-540,477,-183,-215,-1236,1352
MGC,ORB2,"ORB2 09:30 5m break SHORT stop 0.15×ATR 4R days NARROW",510,-1893,-3.71,22.4,0.82,-1.80,2266,0,460,-3637,-7.91,22.8,0.84,-1.37,4491,-107,-964,-282,-540,-125,-596,-2917
MGC,ORB2,"ORB2 09:30 5m opening-candle direction SHORT stop 0.15×ATR 4R days NARROW",286,-1642,-5.74,20.3,0.73,-2.16,1662,0,258,-1327,-5.14,23.6,0.89,-0.66,2156,-229,-592,-299,-521,-239,-385,-703
MGC,ORB2,"ORB2 09:30 5m break BOTH stop 0.15×ATR 4R days NARROW",597,-3087,-5.17,20.9,0.76,-2.76,3475,0,540,-1782,-3.30,23.1,0.93,-0.58,2845,-259,-1726,-373,-730,-358,-1412,-12
MGC,ORB2,"ORB2 09:30 5m opening-candle direction BOTH stop 0.15×ATR 4R days NARROW",576,-1853,-3.22,22.2,0.85,-1.62,2103,1,534,-1426,-2.67,23.2,0.94,-0.47,4040,-195,-1132,177,-704,-454,-1621,649
MGC,ORB2,"ORB2 09:30 5m break LONG stop 0.15×ATR 4R days NOTWIDE",638,-1853,-2.90,23.4,0.86,-1.58,1927,0,558,765,1.37,24.6,1.03,0.24,2217,-382,-932,0,-539,-497,448,814
MGC,ORB2,"ORB2 09:30 5m opening-candle direction LONG stop 0.15×ATR 4R days NOTWIDE",366,-346,-0.94,23.8,0.95,-0.37,874,1,332,-823,-2.48,21.7,0.95,-0.34,2469,-98,-517,400,-130,-312,-1775,1263
MGC,ORB2,"ORB2 09:30 5m break SHORT stop 0.15×ATR 4R days NOTWIDE",625,-1576,-2.52,23.2,0.88,-1.34,2144,1,557,-5690,-10.22,21.5,0.79,-1.98,6210,123,-931,-489,-278,-368,-771,-4551
MGC,ORB2,"ORB2 09:30 5m opening-candle direction SHORT stop 0.15×ATR 4R days NOTWIDE",369,-1981,-5.37,19.8,0.75,-2.28,2025,0,322,-1712,-5.32,22.4,0.89,-0.75,2408,-172,-740,-617,-452,-276,-410,-1026
MGC,ORB2,"ORB2 09:30 5m break BOTH stop 0.15×ATR 4R days NOTWIDE",756,-3152,-4.17,21.3,0.80,-2.48,3590,0,660,-4233,-6.41,21.5,0.87,-1.27,4831,-236,-1477,-547,-891,-568,-2362,-1303
MGC,ORB2,"ORB2 09:30 5m opening-candle direction BOTH stop 0.15×ATR 4R days NOTWIDE",735,-2327,-3.17,21.8,0.85,-1.81,2490,0,654,-2535,-3.88,22.0,0.92,-0.76,4488,-271,-1257,-217,-582,-587,-2185,237
MGC,ORB2,"ORB2 09:30 5m break LONG stop 0.15×ATR 4R days NONEWS",592,-1786,-3.02,23.1,0.85,-1.58,1926,0,520,1177,2.26,25.0,1.05,0.39,2241,-452,-833,-88,-413,-412,1376,213
MGC,ORB2,"ORB2 09:30 5m opening-candle direction LONG stop 0.15×ATR 4R days NONEWS",337,-17,-0.05,24.3,1.00,-0.02,739,1,308,-388,-1.26,22.1,0.97,-0.16,2239,-140,-411,557,-24,-258,-1502,1373
MGC,ORB2,"ORB2 09:30 5m break SHORT stop 0.15×ATR 4R days NONEWS",583,-1709,-2.93,23.0,0.86,-1.53,2160,1,518,-4729,-9.13,21.6,0.81,-1.67,5328,41,-985,-525,-240,-427,-232,-4070
MGC,ORB2,"ORB2 09:30 5m opening-candle direction SHORT stop 0.15×ATR 4R days NONEWS",347,-1618,-4.66,20.5,0.78,-1.91,1662,0,302,-1224,-4.05,22.5,0.91,-0.54,2131,-172,-706,-411,-328,-479,217,-962
MGC,ORB2,"ORB2 09:30 5m break BOTH stop 0.15×ATR 4R days NONEWS",705,-2662,-3.78,21.6,0.82,-2.15,3064,0,616,-3096,-5.03,22.1,0.90,-0.95,3707,-277,-1429,-294,-662,-544,-1260,-1292
MGC,ORB2,"ORB2 09:30 5m opening-candle direction BOTH stop 0.15×ATR 4R days NONEWS",684,-1635,-2.39,22.4,0.88,-1.30,1890,1,610,-1612,-2.64,22.3,0.94,-0.49,4071,-312,-1117,147,-352,-737,-1285,410
MGC,ORB2,"ORB2 09:30 5m break LONG stop 0.25×ATR to 15:55 days ALL",640,-803,-1.26,31.4,0.96,-0.44,2247,1,562,-1732,-3.08,32.0,0.95,-0.41,6130,-459,-486,472,-330,-652,3052,-4132
MGC,ORB2,"ORB2 09:30 5m opening-candle direction LONG stop 0.25×ATR to 15:55 days ALL",367,263,0.72,28.3,1.02,0.17,1541,1,334,-5489,-16.43,29.0,0.77,-1.75,6638,-91,-442,1371,-575,-517,-327,-4646
MGC,ORB2,"ORB2 09:30 5m break SHORT stop 0.25×ATR to 15:55 days ALL",630,-1580,-2.51,32.5,0.91,-0.92,2278,1,561,-5106,-9.10,30.5,0.87,-1.20,6025,99,-1221,-448,-9,-315,-1026,-3765
MGC,ORB2,"ORB2 09:30 5m opening-candle direction SHORT stop 0.25×ATR to 15:55 days ALL",373,-994,-2.66,31.4,0.91,-0.71,1912,1,326,-799,-2.45,29.8,0.96,-0.23,3128,354,-824,-190,-334,596,-257,-1138
MGC,ORB2,"ORB2 09:30 5m break BOTH stop 0.25×ATR to 15:55 days ALL",761,-1617,-2.12,29.7,0.93,-0.80,2102,1,666,-5096,-7.65,29.6,0.89,-1.06,6690,-84,-1529,262,-265,-1139,196,-4153
MGC,ORB2,"ORB2 09:30 5m opening-candle direction BOTH stop 0.25×ATR to 15:55 days ALL",740,-731,-0.99,29.9,0.97,-0.36,2171,2,660,-6288,-9.53,29.4,0.86,-1.33,8775,263,-1266,1181,-908,79,-584,-5783
MGC,ORB2,"ORB2 09:30 5m break LONG stop 0.25×ATR to 15:55 days NARROW",510,-562,-1.10,31.8,0.96,-0.34,1866,2,463,-1225,-2.65,32.4,0.96,-0.32,5224,-268,-1066,698,74,-399,2606,-3432
MGC,ORB2,"ORB2 09:30 5m opening-candle direction LONG stop 0.25×ATR to 15:55 days NARROW",290,-59,-0.20,28.3,0.99,-0.04,1477,2,276,-2165,-7.85,31.9,0.89,-0.72,4799,156,-919,1208,-504,-149,686,-2702
MGC,ORB2,"ORB2 09:30 5m break SHORT stop 0.25×ATR to 15:55 days NARROW",510,-1382,-2.71,32.9,0.90,-0.93,2197,2,460,-4362,-9.48,32.0,0.86,-1.16,5143,131,-1090,-470,47,-230,-1838,-2294
MGC,ORB2,"ORB2 09:30 5m opening-candle direction SHORT stop 0.25×ATR to 15:55 days NARROW",286,-1347,-4.71,32.2,0.83,-1.23,1921,1,258,-2620,-10.16,31.0,0.85,-0.96,3564,338,-943,-302,-440,223,-934,-1908
MGC,ORB2,"ORB2 09:30 5m break BOTH stop 0.25×ATR to 15:55 days NARROW",597,-1744,-2.92,30.5,0.90,-1.01,2065,2,540,-1997,-3.70,31.7,0.95,-0.45,5269,160,-1835,162,-231,-626,293,-1663
MGC,ORB2,"ORB2 09:30 5m opening-candle direction BOTH stop 0.25×ATR to 15:55 days NARROW",576,-1405,-2.44,30.2,0.92,-0.81,2362,2,534,-4785,-8.96,31.5,0.87,-1.18,7410,493,-1861,907,-944,74,-249,-4610
MGC,ORB2,"ORB2 09:30 5m break LONG stop 0.25×ATR to 15:55 days NOTWIDE",638,-732,-1.15,31.5,0.96,-0.40,2247,1,558,-1416,-2.54,32.1,0.96,-0.34,6017,-424,-486,472,-294,-592,2997,-3821
MGC,ORB2,"ORB2 09:30 5m opening-candle direction LONG stop 0.25×ATR to 15:55 days NOTWIDE",366,298,0.81,28.4,1.03,0.20,1541,1,332,-5230,-15.75,29.2,0.78,-1.67,6440,-56,-442,1371,-575,-456,-327,-4447
MGC,ORB2,"ORB2 09:30 5m break SHORT stop 0.25×ATR to 15:55 days NOTWIDE",625,-1896,-3.03,32.6,0.89,-1.15,2701,2,557,-5424,-9.74,30.5,0.86,-1.29,6342,169,-1184,-909,27,-242,-1616,-3567
MGC,ORB2,"ORB2 09:30 5m opening-candle direction SHORT stop 0.25×ATR to 15:55 days NOTWIDE",369,-1378,-3.74,31.4,0.87,-1.06,2332,1,322,-1229,-3.82,29.8,0.94,-0.35,3219,390,-786,-685,-297,669,-901,-998
MGC,ORB2,"ORB2 09:30 5m break BOTH stop 0.25×ATR to 15:55 days NOTWIDE",756,-1934,-2.56,29.8,0.91,-0.98,2313,0,660,-5241,-7.94,29.7,0.89,-1.10,6577,-14,-1492,-199,-229,-1005,-394,-3842
MGC,ORB2,"ORB2 09:30 5m opening-candle direction BOTH stop 0.25×ATR to 15:55 days NOTWIDE",735,-1081,-1.47,29.9,0.95,-0.54,2171,2,654,-6460,-9.88,29.5,0.86,-1.38,8635,333,-1229,686,-872,213,-1228,-5445
MGC,ORB2,"ORB2 09:30 5m break LONG stop 0.25×ATR to 15:55 days NONEWS",592,-845,-1.43,31.8,0.95,-0.49,1818,1,520,132,0.25,32.9,1.00,0.03,5249,-612,-449,554,-337,-1064,4490,-3294
MGC,ORB2,"ORB2 09:30 5m opening-candle direction LONG stop 0.25×ATR to 15:55 days NONEWS",337,435,1.29,29.1,1.04,0.30,1291,1,308,-4326,-14.05,29.9,0.80,-1.41,5877,-212,-254,1601,-701,-785,445,-3986
MGC,ORB2,"ORB2 09:30 5m break SHORT stop 0.25×ATR to 15:55 days NONEWS",583,-778,-1.33,33.6,0.95,-0.47,2036,3,518,-6160,-11.89,30.3,0.82,-1.55,6670,136,-1298,278,106,-673,-1450,-4038
MGC,ORB2,"ORB2 09:30 5m opening-candle direction SHORT stop 0.25×ATR to 15:55 days NONEWS",347,-503,-1.45,33.1,0.95,-0.38,1526,2,302,-1065,-3.53,30.1,0.95,-0.32,3330,390,-981,187,-98,13,-465,-613
MGC,ORB2,"ORB2 09:30 5m break BOTH stop 0.25×ATR to 15:55 days NONEWS",705,-1051,-1.49,30.8,0.95,-0.55,2181,1,616,-4768,-7.74,30.2,0.89,-1.04,6274,-155,-1715,968,-148,-1964,687,-3491
MGC,ORB2,"ORB2 09:30 5m opening-candle direction BOTH stop 0.25×ATR to 15:55 days NONEWS",684,-68,-0.10,31.1,1.00,-0.03,1816,2,610,-5391,-8.84,30.0,0.87,-1.18,7807,178,-1234,1788,-799,-773,-20,-4599
MGC,ORB2,"ORB2 09:30 5m break LONG stop 0.25×ATR 2R days ALL",640,-2094,-3.27,35.8,0.88,-1.52,2159,0,562,-2041,-3.63,36.7,0.94,-0.57,3697,-733,-506,-605,-250,-650,781,-2172
MGC,ORB2,"ORB2 09:30 5m opening-candle direction LONG stop 0.25×ATR 2R days ALL",367,-649,-1.77,34.9,0.94,-0.59,958,1,334,-3926,-11.76,33.8,0.83,-1.40,4364,-248,-457,305,-248,-448,-1187,-2291
MGC,ORB2,"ORB2 09:30 5m break SHORT stop 0.25×ATR 2R days ALL",630,-130,-0.21,38.6,0.99,-0.09,1087,1,561,-3480,-6.20,34.4,0.90,-0.97,4147,366,-151,-305,-39,-166,-1287,-2028
MGC,ORB2,"ORB2 09:30 5m opening-candle direction SHORT stop 0.25×ATR 2R days ALL",373,-673,-1.80,36.2,0.93,-0.63,1318,2,326,-2052,-6.29,35.3,0.90,-0.76,3705,38,-246,-561,95,965,-1350,-1667
MGC,ORB2,"ORB2 09:30 5m break BOTH stop 0.25×ATR 2R days ALL",761,-2132,-2.80,35.5,0.90,-1.39,2290,0,666,-5403,-8.11,34.2,0.88,-1.38,5689,-179,-936,-757,-261,-752,-2735,-1916
MGC,ORB2,"ORB2 09:30 5m opening-candle direction BOTH stop 0.25×ATR 2R days ALL",740,-1322,-1.79,35.5,0.93,-0.87,1774,0,660,-5978,-9.06,34.5,0.86,-1.54,7247,-210,-703,-256,-153,517,-2537,-3958
MGC,ORB2,"ORB2 09:30 5m break LONG stop 0.25×ATR 2R days NARROW",510,-1654,-3.24,35.7,0.88,-1.33,1895,0,463,-1435,-3.10,36.9,0.95,-0.44,3413,-515,-821,-223,-94,-523,841,-1753
MGC,ORB2,"ORB2 09:30 5m opening-candle direction LONG stop 0.25×ATR 2R days NARROW",290,-655,-2.26,34.1,0.92,-0.66,1159,1,276,-2023,-7.33,35.9,0.89,-0.78,3572,-1,-527,179,-306,-178,-491,-1354
MGC,ORB2,"ORB2 09:30 5m break SHORT stop 0.25×ATR 2R days NARROW",510,-331,-0.65,38.2,0.97,-0.26,1072,2,460,-1857,-4.04,35.7,0.94,-0.57,3152,183,-431,88,-170,92,-730,-1219
MGC,ORB2,"ORB2 09:30 5m opening-candle direction SHORT stop 0.25×ATR 2R days NARROW",286,-300,-1.05,37.1,0.96,-0.32,903,2,258,-2365,-9.17,35.3,0.86,-1.01,3739,3,-154,-227,78,636,-1078,-1923
MGC,ORB2,"ORB2 09:30 5m break BOTH stop 0.25×ATR 2R days NARROW",597,-1851,-3.10,35.5,0.89,-1.36,1953,0,540,-2431,-4.50,35.9,0.93,-0.68,3399,-65,-1099,-343,-343,-262,-1573,-596
MGC,ORB2,"ORB2 09:30 5m opening-candle direction BOTH stop 0.25×ATR 2R days NARROW",576,-954,-1.66,35.6,0.94,-0.70,1529,1,534,-4389,-8.22,35.6,0.87,-1.25,5793,2,-681,-48,-228,458,-1570,-3277
MGC,ORB2,"ORB2 09:30 5m break LONG stop 0.25×ATR 2R days NOTWIDE",638,-2023,-3.17,35.9,0.88,-1.47,2099,0,558,-1725,-3.09,36.7,0.95,-0.49,3537,-698,-506,-605,-214,-590,725,-1860
MGC,ORB2,"ORB2 09:30 5m opening-candle direction LONG stop 0.25×ATR 2R days NOTWIDE",366,-614,-1.68,35.0,0.94,-0.56,958,1,332,-3667,-11.05,34.0,0.84,-1.31,4166,-213,-457,305,-248,-388,-1187,-2092
MGC,ORB2,"ORB2 09:30 5m break SHORT stop 0.25×ATR 2R days NOTWIDE",625,-261,-0.42,38.4,0.98,-0.19,1190,1,557,-3397,-6.10,34.5,0.90,-0.95,4137,337,-219,-376,-2,-92,-1475,-1830
MGC,ORB2,"ORB2 09:30 5m opening-candle direction SHORT stop 0.25×ATR 2R days NOTWIDE",369,-635,-1.72,36.3,0.93,-0.60,1351,2,322,-2027,-6.30,35.4,0.90,-0.75,3754,73,-208,-632,132,1038,-1538,-1527
MGC,ORB2,"ORB2 09:30 5m break BOTH stop 0.25×ATR 2R days NOTWIDE",756,-2263,-2.99,35.3,0.89,-1.48,2393,0,660,-5146,-7.80,34.4,0.88,-1.32,5433,-207,-1004,-828,-224,-618,-2924,-1604
MGC,ORB2,"ORB2 09:30 5m opening-candle direction BOTH stop 0.25×ATR 2R days NOTWIDE",735,-1248,-1.70,35.6,0.94,-0.82,1771,0,654,-5694,-8.71,34.7,0.87,-1.47,7144,-139,-665,-327,-116,651,-2726,-3619
MGC,ORB2,"ORB2 09:30 5m break LONG stop 0.25×ATR 2R days NONEWS",592,-1933,-3.26,35.8,0.88,-1.46,2069,0,520,-1215,-2.34,36.9,0.96,-0.35,3128,-754,-453,-559,-167,-966,1625,-1873
MGC,ORB2,"ORB2 09:30 5m opening-candle direction LONG stop 0.25×ATR 2R days NONEWS",337,-194,-0.58,35.6,0.98,-0.18,835,1,308,-3134,-10.17,34.4,0.85,-1.15,3729,-222,-308,461,-125,-529,-847,-1757
MGC,ORB2,"ORB2 09:30 5m break SHORT stop 0.25×ATR 2R days NONEWS",583,12,0.02,38.9,1.00,0.01,994,2,518,-3009,-5.81,34.2,0.91,-0.87,3561,144,64,-154,-42,-214,-1190,-1604
MGC,ORB2,"ORB2 09:30 5m opening-candle direction SHORT stop 0.25×ATR 2R days NONEWS",347,-247,-0.71,37.2,0.97,-0.24,1337,2,302,-1418,-4.70,35.8,0.93,-0.54,3079,73,-9,-642,330,867,-1141,-1143
MGC,ORB2,"ORB2 09:30 5m break BOTH stop 0.25×ATR 2R days NONEWS",705,-1414,-2.01,36.2,0.92,-0.96,1694,0,616,-4494,-7.29,34.4,0.89,-1.19,4882,-348,-725,-288,-53,-944,-2292,-1257
MGC,ORB2,"ORB2 09:30 5m opening-candle direction BOTH stop 0.25×ATR 2R days NONEWS",684,-442,-0.65,36.4,0.98,-0.30,1320,1,610,-4552,-7.46,35.1,0.89,-1.21,6150,-149,-317,-181,205,337,-1989,-2900
MGC,ORB2,"ORB2 09:30 5m break LONG stop 0.25×ATR 4R days ALL",640,-1456,-2.28,31.9,0.92,-0.87,2059,0,562,-2152,-3.83,32.4,0.94,-0.52,5487,-589,-406,-102,-359,-720,2222,-3654
MGC,ORB2,"ORB2 09:30 5m opening-candle direction LONG stop 0.25×ATR 4R days ALL",367,-217,-0.59,29.2,0.98,-0.16,1161,1,334,-4047,-12.12,29.9,0.83,-1.25,5807,-243,-293,842,-523,-148,-772,-3127
MGC,ORB2,"ORB2 09:30 5m break SHORT stop 0.25×ATR 4R days ALL",630,-2273,-3.61,32.7,0.87,-1.45,2768,1,561,-4868,-8.68,30.7,0.87,-1.18,5930,42,-1420,-760,-136,-741,-876,-3251
MGC,ORB2,"ORB2 09:30 5m opening-candle direction SHORT stop 0.25×ATR 4R days ALL",373,-1224,-3.28,31.9,0.88,-0.98,1781,1,326,-259,-0.79,30.4,0.99,-0.07,3168,277,-889,-256,-356,166,-178,-247
MGC,ORB2,"ORB2 09:30 5m break BOTH stop 0.25×ATR 4R days ALL",761,-2664,-3.50,30.1,0.88,-1.45,2868,0,666,-5626,-8.45,30.0,0.88,-1.21,6572,-133,-1691,-257,-584,-1321,-464,-3841
MGC,ORB2,"ORB2 09:30 5m opening-candle direction BOTH stop 0.25×ATR 4R days ALL",740,-1441,-1.95,30.5,0.93,-0.78,1949,2,660,-4306,-6.52,30.2,0.91,-0.91,8469,35,-1182,586,-880,18,-950,-3374
MGC,ORB2,"ORB2 09:30 5m break LONG stop 0.25×ATR 4R days NARROW",510,-1205,-2.36,32.2,0.92,-0.80,1836,2,463,-1785,-3.85,32.6,0.94,-0.47,5023,-399,-911,94,10,-473,1870,-3182
MGC,ORB2,"ORB2 09:30 5m opening-candle direction LONG stop 0.25×ATR 4R days NARROW",290,-511,-1.76,29.0,0.94,-0.42,1249,2,276,-1448,-5.25,32.6,0.92,-0.47,4852,4,-727,691,-479,-3,137,-1583
MGC,ORB2,"ORB2 09:30 5m break SHORT stop 0.25×ATR 4R days NARROW",510,-1594,-3.13,33.1,0.89,-1.12,2265,1,460,-3513,-7.64,32.2,0.89,-0.95,4392,22,-1139,-414,-63,-579,-790,-2144
MGC,ORB2,"ORB2 09:30 5m opening-candle direction SHORT stop 0.25×ATR 4R days NARROW",286,-1125,-3.93,32.9,0.86,-1.05,1583,2,258,-2015,-7.81,31.4,0.88,-0.73,3041,222,-926,41,-461,47,-193,-1869
MGC,ORB2,"ORB2 09:30 5m break BOTH stop 0.25×ATR 4R days NARROW",597,-2272,-3.80,30.8,0.87,-1.40,2481,2,540,-2498,-4.63,32.0,0.93,-0.59,5581,59,-1780,17,-569,-694,343,-2147
MGC,ORB2,"ORB2 09:30 5m opening-candle direction BOTH stop 0.25×ATR 4R days NARROW",576,-1635,-2.84,30.9,0.90,-1.02,2325,2,534,-3463,-6.49,32.0,0.90,-0.84,7504,227,-1653,732,-941,44,-56,-3451
MGC,ORB2,"ORB2 09:30 5m break LONG stop 0.25×ATR 4R days NOTWIDE",638,-1385,-2.17,32.0,0.92,-0.83,2059,0,558,-1836,-3.29,32.4,0.95,-0.44,5374,-554,-406,-102,-323,-660,2167,-3343
MGC,ORB2,"ORB2 09:30 5m opening-candle direction LONG stop 0.25×ATR 4R days NOTWIDE",366,-182,-0.50,29.2,0.98,-0.13,1161,1,332,-3788,-11.41,30.1,0.84,-1.17,5807,-208,-293,842,-523,-88,-772,-2929
MGC,ORB2,"ORB2 09:30 5m break SHORT stop 0.25×ATR 4R days NOTWIDE",625,-2273,-3.64,32.8,0.87,-1.45,2854,1,557,-5021,-9.01,30.7,0.87,-1.22,6083,112,-1382,-904,-99,-667,-1302,-3052
MGC,ORB2,"ORB2 09:30 5m opening-candle direction SHORT stop 0.25×ATR 4R days NOTWIDE",369,-1259,-3.41,32.0,0.88,-1.02,1851,1,322,-471,-1.46,30.4,0.98,-0.14,3028,313,-851,-401,-320,240,-603,-107
MGC,ORB2,"ORB2 09:30 5m break BOTH stop 0.25×ATR 4R days NOTWIDE",756,-2664,-3.52,30.2,0.88,-1.46,2938,0,660,-5606,-8.49,30.2,0.88,-1.21,6459,-62,-1653,-401,-548,-1187,-889,-3529
MGC,ORB2,"ORB2 09:30 5m opening-candle direction BOTH stop 0.25×ATR 4R days NOTWIDE",735,-1441,-1.96,30.6,0.93,-0.79,2019,2,654,-4259,-6.51,30.3,0.91,-0.90,8329,105,-1145,442,-843,152,-1375,-3036
MGC,ORB2,"ORB2 09:30 5m break LONG stop 0.25×ATR 4R days NONEWS",592,-1385,-2.34,32.1,0.92,-0.86,1746,0,520,-106,-0.20,33.3,1.00,-0.03,4589,-672,-356,-20,-337,-950,3660,-2816
MGC,ORB2,"ORB2 09:30 5m opening-candle direction LONG stop 0.25×ATR 4R days NONEWS",337,76,0.23,29.7,1.01,0.06,1028,1,308,-2745,-8.91,30.8,0.87,-0.86,5298,-280,-105,1072,-612,-278,0,-2467
MGC,ORB2,"ORB2 09:30 5m break SHORT stop 0.25×ATR 4R days NONEWS",583,-1557,-2.67,33.6,0.90,-1.03,2344,1,518,-5476,-10.57,30.5,0.84,-1.40,6042,79,-1270,-216,-150,-748,-1379,-3349
MGC,ORB2,"ORB2 09:30 5m opening-candle direction SHORT stop 0.25×ATR 4R days NONEWS",347,-861,-2.48,33.1,0.91,-0.72,1514,1,302,-238,-0.79,30.8,0.99,-0.07,2572,313,-812,-240,-121,-48,-467,278
MGC,ORB2,"ORB2 09:30 5m break BOTH stop 0.25×ATR 4R days NONEWS",705,-1955,-2.77,30.9,0.90,-1.11,2230,1,616,-4601,-7.47,30.7,0.89,-1.03,6005,-134,-1649,266,-438,-1613,-72,-2916
MGC,ORB2,"ORB2 09:30 5m opening-candle direction BOTH stop 0.25×ATR 4R days NONEWS",684,-784,-1.15,31.4,0.96,-0.44,1595,2,610,-2983,-4.89,30.8,0.93,-0.65,7502,33,-917,833,-733,-326,-467,-2189
MGC,ORB2,"ORB2 09:30 10m break LONG stop range to 15:55 days ALL",582,562,0.97,33.8,1.04,0.32,1909,1,522,-2639,-5.05,33.1,0.92,-0.65,7501,-585,-783,1998,-67,22,2688,-5348
MGC,ORB2,"ORB2 09:30 10m opening-candle direction LONG stop range to 15:55 days ALL",371,-1447,-3.90,29.6,0.88,-0.99,1815,1,336,-7235,-21.53,28.0,0.71,-2.17,7520,-219,-1215,13,-26,-518,-1019,-5697
MGC,ORB2,"ORB2 09:30 10m break SHORT stop range to 15:55 days ALL",583,-1799,-3.09,32.8,0.89,-1.09,2241,1,512,-3741,-7.31,31.8,0.89,-0.93,6839,-221,-1208,83,-454,-920,-1828,-993
MGC,ORB2,"ORB2 09:30 10m opening-candle direction SHORT stop range to 15:55 days ALL",377,-954,-2.53,31.6,0.91,-0.66,1810,1,327,-1215,-3.71,27.8,0.95,-0.32,2571,88,-809,-91,-141,-1148,-316,250
MGC,ORB2,"ORB2 09:30 10m break BOTH stop range to 15:55 days ALL",761,-2111,-2.77,31.0,0.91,-1.04,2302,1,665,-7280,-10.95,31.1,0.84,-1.56,10470,-471,-1663,975,-952,-806,1446,-7919
MGC,ORB2,"ORB2 09:30 10m opening-candle direction BOTH stop range to 15:55 days ALL",748,-2400,-3.21,30.6,0.89,-1.17,2928,0,663,-8449,-12.74,27.9,0.83,-1.67,8592,-131,-2024,-78,-167,-1667,-1335,-5447
MGC,ORB2,"ORB2 09:30 10m break LONG stop range to 15:55 days NARROW",286,1529,5.35,29.4,1.23,1.21,940,2,279,-92,-0.33,28.3,0.99,-0.03,3231,-305,-489,1100,1224,-293,1647,-1446
MGC,ORB2,"ORB2 09:30 10m opening-candle direction LONG stop range to 15:55 days NARROW",170,114,0.67,25.3,1.03,0.12,737,1,162,-2319,-14.31,21.0,0.76,-1.10,3072,-76,-249,-322,761,-484,-980,-855
MGC,ORB2,"ORB2 09:30 10m break SHORT stop range to 15:55 days NARROW",294,-1265,-4.30,25.5,0.83,-1.26,1695,1,283,-4517,-15.96,26.5,0.72,-1.96,4848,-47,-1013,198,-403,-1533,-1857,-1127
MGC,ORB2,"ORB2 09:30 10m opening-candle direction SHORT stop range to 15:55 days NARROW",176,-1082,-6.15,26.7,0.75,-1.52,1394,1,179,-870,-4.86,26.3,0.92,-0.34,2016,-104,-669,8,-317,-795,-861,786
MGC,ORB2,"ORB2 09:30 10m break BOTH stop range to 15:55 days NARROW",357,-657,-1.84,24.9,0.93,-0.51,1512,2,344,-3495,-10.16,26.5,0.83,-1.21,4587,-393,-1001,546,191,-1226,-253,-2016
MGC,ORB2,"ORB2 09:30 10m opening-candle direction BOTH stop range to 15:55 days NARROW",346,-968,-2.80,26.0,0.89,-0.79,1656,1,341,-3189,-9.35,23.8,0.85,-0.97,4556,-180,-918,-313,444,-1280,-1841,-68
MGC,ORB2,"ORB2 09:30 10m break LONG stop range to 15:55 days NOTWIDE",548,989,1.80,33.4,1.07,0.59,1762,2,508,-814,-1.60,33.1,0.97,-0.21,6228,-441,-595,1792,232,57,2914,-3785
MGC,ORB2,"ORB2 09:30 10m opening-candle direction LONG stop range to 15:55 days NOTWIDE",348,-1347,-3.87,28.4,0.87,-0.98,1827,1,326,-5718,-17.54,27.6,0.75,-1.83,6414,-225,-1144,-208,230,-669,-704,-4345
MGC,ORB2,"ORB2 09:30 10m break SHORT stop range to 15:55 days NOTWIDE",551,-1194,-2.17,32.5,0.92,-0.77,2347,1,494,-4357,-8.82,31.2,0.86,-1.15,7152,138,-785,-307,-240,-1041,-2168,-1149
MGC,ORB2,"ORB2 09:30 10m opening-candle direction SHORT stop range to 15:55 days NOTWIDE",352,-541,-1.54,31.8,0.94,-0.41,1854,2,312,-1853,-5.94,26.9,0.92,-0.50,3315,281,-449,-459,86,-1187,-623,-42
MGC,ORB2,"ORB2 09:30 10m break BOTH stop range to 15:55 days NOTWIDE",713,-1148,-1.61,30.7,0.94,-0.60,2241,1,641,-6364,-9.93,30.6,0.85,-1.45,8668,-58,-1053,416,-453,-981,734,-6117
MGC,ORB2,"ORB2 09:30 10m opening-candle direction BOTH stop range to 15:55 days NOTWIDE",700,-1888,-2.70,30.1,0.91,-0.99,2845,2,638,-7570,-11.87,27.3,0.83,-1.57,7713,56,-1593,-667,316,-1856,-1328,-4387
MGC,ORB2,"ORB2 09:30 10m break LONG stop range to 15:55 days NONEWS",539,-80,-0.15,33.4,0.99,-0.05,1792,1,484,-764,-1.58,33.9,0.98,-0.19,6508,-712,-829,1887,-425,-253,3865,-4376
MGC,ORB2,"ORB2 09:30 10m opening-candle direction LONG stop range to 15:55 days NONEWS",350,-1722,-4.92,28.9,0.84,-1.24,1836,1,309,-5856,-18.95,28.5,0.74,-1.80,6257,-315,-1240,91,-259,-1137,-359,-4360
MGC,ORB2,"ORB2 09:30 10m break SHORT stop range to 15:55 days NONEWS",539,-931,-1.73,33.8,0.94,-0.59,1860,1,473,-4108,-8.69,31.5,0.87,-1.07,6486,-138,-1213,604,-184,-1059,-1660,-1389
MGC,ORB2,"ORB2 09:30 10m opening-candle direction SHORT stop range to 15:55 days NONEWS",342,-228,-0.67,33.3,0.98,-0.17,1632,3,304,-2380,-7.83,27.0,0.89,-0.66,3780,129,-944,441,145,-1048,-1325,-8
MGC,ORB2,"ORB2 09:30 10m break BOTH stop range to 15:55 days NONEWS",705,-1134,-1.61,31.9,0.94,-0.58,2303,1,616,-6825,-11.08,31.3,0.84,-1.52,9483,-471,-1684,1601,-580,-1331,2046,-7539
MGC,ORB2,"ORB2 09:30 10m opening-candle direction BOTH stop range to 15:55 days NONEWS",692,-1950,-2.82,31.1,0.91,-1.01,2933,1,613,-8236,-13.44,27.7,0.82,-1.70,8584,-185,-2184,533,-113,-2185,-1684,-4367
MGC,ORB2,"ORB2 09:30 10m break LONG stop range 2R days ALL",582,-1097,-1.88,37.6,0.93,-0.80,1769,2,522,-3565,-6.83,37.7,0.89,-1.01,7327,-646,122,409,-981,769,1100,-5433
MGC,ORB2,"ORB2 09:30 10m opening-candle direction LONG stop range 2R days ALL",371,-2516,-6.78,33.2,0.78,-2.17,2788,0,336,-6880,-20.48,33.0,0.71,-2.35,7750,-245,-897,-498,-876,-167,-1725,-4987
MGC,ORB2,"ORB2 09:30 10m break SHORT stop range 2R days ALL",583,-1313,-2.25,37.7,0.91,-0.93,1858,2,512,1768,3.45,37.5,1.06,0.48,3309,9,-931,347,-739,-661,-110,2539
MGC,ORB2,"ORB2 09:30 10m opening-candle direction SHORT stop range 2R days ALL",377,-456,-1.21,37.4,0.96,-0.38,1238,2,327,-1968,-6.02,33.3,0.91,-0.65,3424,52,-330,186,-363,-907,-1053,-7
MGC,ORB2,"ORB2 09:30 10m break BOTH stop range 2R days ALL",761,-2080,-2.73,36.4,0.90,-1.23,2306,1,665,-4471,-6.72,36.4,0.90,-1.07,7427,-341,-647,286,-1378,23,164,-4657
MGC,ORB2,"ORB2 09:30 10m opening-candle direction BOTH stop range 2R days ALL",748,-2971,-3.97,35.3,0.86,-1.77,3347,0,663,-8847,-13.34,33.2,0.81,-2.10,9805,-193,-1227,-312,-1239,-1075,-2778,-4994
MGC,ORB2,"ORB2 09:30 10m break LONG stop range 2R days NARROW",286,-238,-0.83,35.7,0.96,-0.30,870,2,279,-1335,-4.79,34.4,0.91,-0.63,2423,-238,-113,67,47,69,-106,-1298
MGC,ORB2,"ORB2 09:30 10m opening-candle direction LONG stop range 2R days NARROW",170,-916,-5.39,31.2,0.78,-1.49,1310,1,162,-2786,-17.20,29.0,0.70,-1.88,3372,48,-33,-769,-162,-420,-1202,-1164
MGC,ORB2,"ORB2 09:30 10m break SHORT stop range 2R days NARROW",294,-761,-2.59,33.3,0.89,-0.95,1254,2,283,228,0.80,35.3,1.02,0.11,1723,14,-880,499,-394,-863,-184,1275
MGC,ORB2,"ORB2 09:30 10m opening-candle direction SHORT stop range 2R days NARROW",176,-204,-1.16,36.4,0.95,-0.33,583,1,179,-252,-1.41,35.8,0.97,-0.14,1590,-33,-371,416,-216,-199,-747,694
MGC,ORB2,"ORB2 09:30 10m break BOTH stop range 2R days NARROW",357,-921,-2.58,33.9,0.89,-1.04,1092,1,344,-1420,-4.13,34.9,0.92,-0.60,3001,-214,-482,132,-357,-283,-1235,98
MGC,ORB2,"ORB2 09:30 10m opening-candle direction BOTH stop range 2R days NARROW",346,-1120,-3.24,33.8,0.86,-1.29,1626,1,341,-3038,-8.91,32.6,0.84,-1.30,3706,15,-404,-352,-378,-620,-1949,-469
MGC,ORB2,"ORB2 09:30 10m break LONG stop range 2R days NOTWIDE",548,-812,-1.48,37.4,0.94,-0.64,1679,2,508,-1981,-3.90,37.8,0.93,-0.60,5825,-502,310,118,-739,804,1085,-3870
MGC,ORB2,"ORB2 09:30 10m opening-candle direction LONG stop range 2R days NOTWIDE",348,-2538,-7.29,32.2,0.75,-2.43,2764,0,326,-5603,-17.19,32.8,0.74,-2.11,6263,-251,-826,-788,-673,-318,-1650,-3635
MGC,ORB2,"ORB2 09:30 10m break SHORT stop range 2R days NOTWIDE",551,-678,-1.23,37.7,0.95,-0.52,1932,2,494,-257,-0.52,36.8,0.99,-0.08,3968,368,-569,48,-525,-782,-532,1056
MGC,ORB2,"ORB2 09:30 10m opening-candle direction SHORT stop range 2R days NOTWIDE",352,-120,-0.34,37.8,0.99,-0.11,1068,1,312,-3394,-10.88,32.7,0.84,-1.24,4684,245,-151,-78,-136,-1024,-1442,-927
MGC,ORB2,"ORB2 09:30 10m break BOTH stop range 2R days NOTWIDE",713,-1168,-1.64,36.5,0.94,-0.76,2211,1,641,-5205,-8.12,35.9,0.87,-1.37,7615,72,-37,-267,-936,-152,-871,-4182
MGC,ORB2,"ORB2 09:30 10m opening-candle direction BOTH stop range 2R days NOTWIDE",700,-2658,-3.80,35.0,0.86,-1.75,3155,0,638,-8996,-14.10,32.8,0.79,-2.36,10000,-6,-977,-866,-809,-1342,-3093,-4562
MGC,ORB2,"ORB2 09:30 10m break LONG stop range 2R days NONEWS",539,-1652,-3.07,36.7,0.88,-1.26,1837,2,484,-2585,-5.34,37.8,0.91,-0.76,6756,-680,38,333,-1342,454,1873,-4912
MGC,ORB2,"ORB2 09:30 10m opening-candle direction LONG stop range 2R days NONEWS",350,-2757,-7.88,32.3,0.74,-2.47,2949,0,309,-5961,-19.29,32.7,0.73,-2.10,6766,-234,-983,-487,-1054,-595,-1463,-3903
MGC,ORB2,"ORB2 09:30 10m break SHORT stop range 2R days NONEWS",539,-736,-1.37,38.4,0.95,-0.55,1362,1,473,1561,3.30,37.4,1.05,0.44,3529,-78,-722,607,-543,-600,109,2052
MGC,ORB2,"ORB2 09:30 10m opening-candle direction SHORT stop range 2R days NONEWS",342,-159,-0.46,38.3,0.98,-0.14,1204,2,304,-2686,-8.84,32.6,0.87,-0.94,4158,93,-427,285,-111,-641,-1585,-461
MGC,ORB2,"ORB2 09:30 10m break BOTH stop range 2R days NONEWS",705,-1594,-2.26,36.9,0.92,-0.99,1948,1,616,-4396,-7.14,36.2,0.89,-1.10,6835,-378,-539,654,-1331,-198,424,-4621
MGC,ORB2,"ORB2 09:30 10m opening-candle direction BOTH stop range 2R days NONEWS",692,-2916,-4.21,35.3,0.85,-1.82,3253,0,613,-8647,-14.11,32.6,0.80,-2.14,9788,-140,-1410,-201,-1164,-1236,-3048,-4363
MGC,ORB2,"ORB2 09:30 10m break LONG stop range 4R days ALL",582,-606,-1.04,34.4,0.96,-0.39,1897,1,522,-3130,-6.00,33.7,0.91,-0.80,7337,-596,-840,1453,-622,0,2395,-5524
MGC,ORB2,"ORB2 09:30 10m opening-candle direction LONG stop range 4R days ALL",371,-1970,-5.31,30.2,0.83,-1.48,2197,0,336,-7949,-23.66,28.6,0.68,-2.56,8092,-244,-1214,-104,-408,-700,-1297,-5951
MGC,ORB2,"ORB2 09:30 10m break SHORT stop range 4R days ALL",583,-1821,-3.12,32.9,0.89,-1.13,2343,1,512,-1543,-3.01,32.2,0.95,-0.37,4815,-280,-1226,25,-341,-558,-932,-53
MGC,ORB2,"ORB2 09:30 10m opening-candle direction SHORT stop range 4R days ALL",377,81,0.22,32.4,1.01,0.05,1649,2,327,-2397,-7.33,28.1,0.90,-0.70,3054,279,-519,335,-13,-970,-61,-1365
MGC,ORB2,"ORB2 09:30 10m break BOTH stop range 4R days ALL",761,-2837,-3.73,31.3,0.87,-1.49,2897,1,665,-7476,-11.24,31.6,0.84,-1.65,10546,-390,-1873,640,-1214,-473,1439,-8441
MGC,ORB2,"ORB2 09:30 10m opening-candle direction BOTH stop range 4R days ALL",748,-1888,-2.52,31.3,0.92,-0.94,2837,2,663,-10345,-15.60,28.4,0.79,-2.24,10490,35,-1733,231,-421,-1671,-1358,-7316
MGC,ORB2,"ORB2 09:30 10m break LONG stop range 4R days NARROW",286,261,0.91,30.4,1.04,0.27,1061,2,279,-626,-2.24,29.4,0.96,-0.25,2943,-305,-610,479,698,-166,1259,-1719
MGC,ORB2,"ORB2 09:30 10m opening-candle direction LONG stop range 4R days NARROW",170,-494,-2.91,26.5,0.89,-0.63,983,1,162,-2833,-17.49,22.2,0.70,-1.60,2865,-76,-248,-546,376,-716,-1008,-1109
MGC,ORB2,"ORB2 09:30 10m break SHORT stop range 4R days NARROW",294,-1270,-4.32,25.9,0.83,-1.34,1660,1,283,-3083,-10.90,27.2,0.81,-1.31,3430,-198,-1023,225,-274,-1148,-998,-937
MGC,ORB2,"ORB2 09:30 10m opening-candle direction SHORT stop range 4R days NARROW",176,-352,-2.00,28.4,0.92,-0.46,836,1,179,-1978,-11.05,26.8,0.82,-0.98,2444,-104,-570,477,-155,-570,-795,-613
MGC,ORB2,"ORB2 09:30 10m break BOTH stop range 4R days NARROW",357,-1490,-4.17,25.5,0.84,-1.38,1881,1,344,-3711,-10.79,27.3,0.82,-1.40,4628,-393,-1203,142,-36,-924,-188,-2599
MGC,ORB2,"ORB2 09:30 10m opening-candle direction BOTH stop range 4R days NARROW",346,-846,-2.44,27.5,0.90,-0.77,1540,1,341,-4811,-14.11,24.6,0.77,-1.80,5226,-180,-818,-68,221,-1287,-1803,-1721
MGC,ORB2,"ORB2 09:30 10m break LONG stop range 4R days NOTWIDE",548,-179,-0.33,33.9,0.99,-0.12,1750,1,508,-1305,-2.57,33.7,0.96,-0.35,6063,-452,-652,1247,-323,35,2621,-3961
MGC,ORB2,"ORB2 09:30 10m opening-candle direction LONG stop range 4R days NOTWIDE",348,-1870,-5.37,29.0,0.82,-1.51,2257,0,326,-6432,-19.73,28.2,0.72,-2.23,6821,-250,-1143,-325,-152,-851,-982,-4599
MGC,ORB2,"ORB2 09:30 10m break SHORT stop range 4R days NOTWIDE",551,-1216,-2.21,32.7,0.92,-0.80,2450,1,494,-2159,-4.37,31.6,0.93,-0.55,5128,79,-803,-365,-127,-679,-1272,-209
MGC,ORB2,"ORB2 09:30 10m opening-candle direction SHORT stop range 4R days NOTWIDE",352,338,0.96,32.7,1.03,0.25,1442,2,312,-3035,-9.73,27.2,0.86,-0.93,3692,472,-315,-33,214,-1009,-368,-1657
MGC,ORB2,"ORB2 09:30 10m break BOTH stop range 4R days NOTWIDE",713,-1874,-2.63,31.0,0.91,-1.06,2529,2,641,-6560,-10.23,31.0,0.85,-1.54,8744,23,-1263,81,-715,-648,727,-6639
MGC,ORB2,"ORB2 09:30 10m opening-candle direction BOTH stop range 4R days NOTWIDE",700,-1532,-2.19,30.9,0.92,-0.83,2675,2,638,-9466,-14.84,27.7,0.79,-2.17,9611,222,-1458,-358,62,-1860,-1351,-6256
MGC,ORB2,"ORB2 09:30 10m break LONG stop range 4R days NONEWS",539,-1146,-2.13,33.8,0.92,-0.77,1860,1,484,-1411,-2.92,34.3,0.95,-0.37,6660,-712,-897,1314,-850,-115,3256,-4552
MGC,ORB2,"ORB2 09:30 10m opening-candle direction LONG stop range 4R days NONEWS",350,-2067,-5.91,29.4,0.81,-1.61,2192,0,309,-7148,-23.13,28.5,0.69,-2.39,7431,-315,-1239,-26,-488,-1160,-953,-5035
MGC,ORB2,"ORB2 09:30 10m break SHORT stop range 4R days NONEWS",539,-922,-1.71,34.0,0.94,-0.60,1992,1,473,-1936,-4.09,31.9,0.94,-0.49,4392,-197,-1200,546,-71,-678,-713,-545
MGC,ORB2,"ORB2 09:30 10m opening-candle direction SHORT stop range 4R days NONEWS",342,458,1.34,33.6,1.05,0.32,1520,3,304,-3380,-11.12,27.3,0.84,-1.06,4103,320,-616,480,273,-842,-916,-1623
MGC,ORB2,"ORB2 09:30 10m break BOTH stop range 4R days NONEWS",705,-1818,-2.58,32.2,0.91,-0.99,2390,1,616,-7203,-11.69,31.7,0.83,-1.67,9875,-379,-1863,1266,-842,-819,1774,-8157
MGC,ORB2,"ORB2 09:30 10m opening-candle direction BOTH stop range 4R days NONEWS",692,-1609,-2.32,31.5,0.92,-0.84,2755,2,613,-10528,-17.18,27.9,0.76,-2.40,10878,6,-1855,455,-214,-2002,-1869,-6657
MGC,ORB2,"ORB2 09:30 10m break LONG stop 0.10×ATR to 15:55 days ALL",582,-709,-1.22,14.8,0.92,-0.57,1847,2,522,-1716,-3.29,15.5,0.91,-0.62,3928,-491,-735,352,166,-1114,2258,-2859
MGC,ORB2,"ORB2 09:30 10m opening-candle direction LONG stop 0.10×ATR to 15:55 days ALL",371,-1738,-4.69,12.7,0.72,-1.96,2154,0,336,-2550,-7.59,11.6,0.79,-1.12,3058,-69,-1102,-495,-72,-1620,102,-1031
MGC,ORB2,"ORB2 09:30 10m break SHORT stop 0.10×ATR to 15:55 days ALL",583,-1984,-3.40,13.6,0.79,-1.78,2115,1,512,-5511,-10.76,11.9,0.71,-2.00,6866,-282,-1064,329,-967,-1142,-3403,-966
MGC,ORB2,"ORB2 09:30 10m opening-candle direction SHORT stop 0.10×ATR to 15:55 days ALL",377,-238,-0.63,14.3,0.96,-0.22,1094,2,327,-4131,-12.63,11.3,0.67,-2.14,4631,103,-393,345,-293,-1002,-999,-2131
MGC,ORB2,"ORB2 09:30 10m break BOTH stop 0.10×ATR to 15:55 days ALL",761,-2235,-2.94,13.3,0.82,-1.67,2400,0,665,-6632,-9.97,12.6,0.73,-2.12,7076,-398,-922,-59,-856,-1604,-1290,-3738
MGC,ORB2,"ORB2 09:30 10m opening-candle direction BOTH stop 0.10×ATR to 15:55 days ALL",748,-1976,-2.64,13.5,0.84,-1.43,2328,1,663,-6681,-10.08,11.5,0.73,-2.24,6902,34,-1495,-150,-365,-2622,-897,-3162
MGC,ORB2,"ORB2 09:30 10m break LONG stop 0.10×ATR to 15:55 days NARROW",286,0,0.00,14.7,1.00,0.00,1195,2,279,1760,6.31,19.0,1.17,0.74,2312,-366,-409,277,497,-133,2397,-505
MGC,ORB2,"ORB2 09:30 10m opening-candle direction LONG stop 0.10×ATR to 15:55 days NARROW",170,-223,-1.31,14.1,0.92,-0.30,787,2,162,-330,-2.04,12.3,0.95,-0.18,2024,-216,-382,88,287,-648,-417,735
MGC,ORB2,"ORB2 09:30 10m break SHORT stop 0.10×ATR to 15:55 days NARROW",294,-1385,-4.71,13.6,0.72,-1.86,1513,1,283,-5431,-19.19,12.4,0.51,-3.63,5665,-247,-781,36,-392,-1602,-2380,-1450
MGC,ORB2,"ORB2 09:30 10m opening-candle direction SHORT stop 0.10×ATR to 15:55 days NARROW",176,-1352,-7.68,13.1,0.54,-2.99,1564,0,179,-2068,-11.55,14.0,0.71,-1.39,2430,-116,-672,-351,-213,-615,-927,-525
MGC,ORB2,"ORB2 09:30 10m break BOTH stop 0.10×ATR to 15:55 days NARROW",357,-1415,-3.96,13.2,0.77,-1.53,1651,0,344,-2186,-6.36,15.4,0.83,-0.95,2887,-406,-686,-178,-146,-1036,-558,-593
MGC,ORB2,"ORB2 09:30 10m opening-candle direction BOTH stop 0.10×ATR to 15:55 days NARROW",346,-1575,-4.55,13.6,0.73,-1.82,2155,1,341,-2398,-7.03,13.2,0.82,-1.01,3152,-332,-1055,-263,74,-1264,-1344,210
MGC,ORB2,"ORB2 09:30 10m break LONG stop 0.10×ATR to 15:55 days NOTWIDE",548,-574,-1.05,14.8,0.93,-0.47,1908,2,508,-1307,-2.57,15.7,0.93,-0.47,3781,-439,-889,413,342,-1043,2258,-2522
MGC,ORB2,"ORB2 09:30 10m opening-candle direction LONG stop 0.10×ATR to 15:55 days NOTWIDE",348,-1509,-4.34,12.9,0.74,-1.72,2025,1,326,-1999,-6.13,12.0,0.83,-0.88,2944,-15,-1113,-434,52,-1568,320,-751
MGC,ORB2,"ORB2 09:30 10m break SHORT stop 0.10×ATR to 15:55 days NOTWIDE",551,-1516,-2.75,14.0,0.83,-1.37,1802,1,494,-5797,-11.73,11.9,0.69,-2.23,7207,-200,-839,397,-874,-1047,-4187,-563
MGC,ORB2,"ORB2 09:30 10m opening-candle direction SHORT stop 0.10×ATR to 15:55 days NOTWIDE",352,-338,-0.96,14.8,0.94,-0.35,1270,1,312,-3539,-11.34,11.9,0.70,-1.84,4039,151,-200,-62,-228,-876,-773,-1891
MGC,ORB2,"ORB2 09:30 10m break BOTH stop 0.10×ATR to 15:55 days NOTWIDE",713,-1849,-2.59,13.5,0.84,-1.40,2306,1,641,-6902,-10.77,12.6,0.71,-2.31,7365,-295,-941,53,-667,-1457,-2227,-3218
MGC,ORB2,"ORB2 09:30 10m opening-candle direction BOTH stop 0.10×ATR to 15:55 days NOTWIDE",700,-1847,-2.64,13.9,0.84,-1.42,2381,1,638,-5538,-8.68,11.9,0.77,-1.86,5759,136,-1313,-496,-175,-2443,-453,-2642
MGC,ORB2,"ORB2 09:30 10m break LONG stop 0.10×ATR to 15:55 days NONEWS",539,-1026,-1.90,14.5,0.88,-0.88,1820,2,484,-810,-1.67,16.1,0.95,-0.30,3633,-458,-663,88,7,-1169,2878,-2519
MGC,ORB2,"ORB2 09:30 10m opening-candle direction LONG stop 0.10×ATR to 15:55 days NONEWS",350,-1693,-4.84,12.6,0.71,-1.96,2083,1,309,-1706,-5.52,12.3,0.85,-0.76,2697,-219,-1016,-531,73,-1721,415,-400
MGC,ORB2,"ORB2 09:30 10m break SHORT stop 0.10×ATR to 15:55 days NONEWS",539,-1794,-3.33,13.9,0.79,-1.72,2133,1,473,-5468,-11.56,11.8,0.69,-2.09,6585,-228,-1327,625,-863,-1407,-3054,-1007
MGC,ORB2,"ORB2 09:30 10m opening-candle direction SHORT stop 0.10×ATR to 15:55 days NONEWS",342,-306,-0.90,14.6,0.94,-0.31,1202,2,304,-3808,-12.52,11.5,0.67,-2.04,4326,119,-808,602,-220,-1163,-904,-1740
MGC,ORB2,"ORB2 09:30 10m break BOTH stop 0.10×ATR to 15:55 days NONEWS",705,-1893,-2.68,13.6,0.84,-1.48,2462,1,616,-6092,-9.89,13.0,0.73,-2.02,6382,-329,-1118,190,-636,-1879,-774,-3439
MGC,ORB2,"ORB2 09:30 10m opening-candle direction BOTH stop 0.10×ATR to 15:55 days NONEWS",692,-2000,-2.89,13.6,0.82,-1.53,2438,1,613,-5514,-8.99,11.9,0.76,-1.89,5810,-100,-1824,71,-147,-2884,-489,-2141
MGC,ORB2,"ORB2 09:30 10m break LONG stop 0.10×ATR 2R days ALL",582,-2821,-4.85,28.4,0.64,-5.14,2923,0,522,-2356,-4.51,31.8,0.85,-1.58,3063,-396,-845,-758,-821,-884,471,-1943
MGC,ORB2,"ORB2 09:30 10m opening-candle direction LONG stop 0.10×ATR 2R days ALL",371,-2077,-5.60,26.7,0.60,-4.75,2124,0,336,-1517,-4.51,29.8,0.85,-1.25,1907,-268,-977,-613,-219,-1037,-541,61
MGC,ORB2,"ORB2 09:30 10m break SHORT stop 0.10×ATR 2R days ALL",583,-1876,-3.22,31.2,0.75,-3.30,1913,0,512,-3237,-6.32,29.1,0.79,-2.21,4453,-216,-991,-125,-545,-1429,-1615,-192
MGC,ORB2,"ORB2 09:30 10m opening-candle direction SHORT stop 0.10×ATR 2R days ALL",377,-498,-1.32,35.3,0.89,-1.07,863,2,327,-1618,-4.95,30.9,0.83,-1.37,2510,116,-275,-343,4,-564,-946,-108
MGC,ORB2,"ORB2 09:30 10m break BOTH stop 0.10×ATR 2R days ALL",761,-3206,-4.21,29.8,0.68,-5.06,3283,0,665,-2833,-4.26,31.9,0.85,-1.67,4187,-478,-1262,-604,-863,-1161,-886,-786
MGC,ORB2,"ORB2 09:30 10m opening-candle direction BOTH stop 0.10×ATR 2R days ALL",748,-2576,-3.44,31.0,0.73,-4.02,2783,0,663,-3135,-4.73,30.3,0.84,-1.85,4183,-152,-1252,-956,-216,-1601,-1487,-47
MGC,ORB2,"ORB2 09:30 10m break LONG stop 0.10×ATR 2R days NARROW",286,-1390,-4.86,28.3,0.65,-3.43,1508,0,279,-5,-0.02,35.1,1.00,0.00,1627,-179,-352,-464,-395,-248,503,-261
MGC,ORB2,"ORB2 09:30 10m opening-candle direction LONG stop 0.10×ATR 2R days NARROW",170,-985,-5.79,26.5,0.61,-3.12,1033,0,162,-380,-2.35,30.9,0.92,-0.42,1028,-161,-183,-516,-126,-433,-394,446
MGC,ORB2,"ORB2 09:30 10m break SHORT stop 0.10×ATR 2R days NARROW",294,-1148,-3.91,30.3,0.71,-2.77,1288,0,283,-1289,-4.56,29.3,0.85,-1.09,2330,-51,-527,-150,-419,-1072,-1127,909
MGC,ORB2,"ORB2 09:30 10m opening-candle direction SHORT stop 0.10×ATR 2R days NARROW",176,-430,-2.44,33.0,0.81,-1.33,561,0,179,-527,-2.94,32.4,0.91,-0.54,1265,-18,-185,-204,-24,-376,-585,435
MGC,ORB2,"ORB2 09:30 10m break BOTH stop 0.10×ATR 2R days NARROW",357,-1599,-4.48,29.7,0.68,-3.53,1811,0,344,771,2.24,35.2,1.08,0.57,1377,-241,-466,-470,-421,-642,-518,1931
MGC,ORB2,"ORB2 09:30 10m opening-candle direction BOTH stop 0.10×ATR 2R days NARROW",346,-1415,-4.09,29.8,0.70,-3.13,1527,0,341,-907,-2.66,31.7,0.91,-0.68,2103,-178,-368,-720,-149,-809,-979,881
MGC,ORB2,"ORB2 09:30 10m break LONG stop 0.10×ATR 2R days NOTWIDE",548,-2558,-4.67,28.8,0.65,-4.76,2659,0,508,-2042,-4.02,32.3,0.86,-1.38,2939,-345,-763,-765,-685,-812,541,-1771
MGC,ORB2,"ORB2 09:30 10m opening-candle direction LONG stop 0.10×ATR 2R days NOTWIDE",348,-2013,-5.79,26.4,0.59,-4.75,2109,0,326,-1272,-3.90,30.1,0.86,-1.06,1662,-269,-898,-671,-175,-1055,-322,105
MGC,ORB2,"ORB2 09:30 10m break SHORT stop 0.10×ATR 2R days NOTWIDE",551,-1624,-2.95,31.8,0.77,-2.91,1681,0,494,-2994,-6.06,29.1,0.80,-2.08,4266,-213,-761,-98,-552,-1385,-1821,211
MGC,ORB2,"ORB2 09:30 10m opening-candle direction SHORT stop 0.10×ATR 2R days NOTWIDE",352,-546,-1.55,34.7,0.87,-1.21,791,1,312,-1605,-5.14,31.1,0.83,-1.39,2389,42,-244,-337,-7,-501,-820,-283
MGC,ORB2,"ORB2 09:30 10m break BOTH stop 0.10×ATR 2R days NOTWIDE",713,-2860,-4.01,30.3,0.70,-4.61,2978,0,641,-2466,-3.85,32.1,0.87,-1.48,3935,-453,-1057,-600,-750,-1064,-971,-431
MGC,ORB2,"ORB2 09:30 10m opening-candle direction BOTH stop 0.10×ATR 2R days NOTWIDE",700,-2559,-3.66,30.6,0.72,-4.12,2787,0,638,-2876,-4.51,30.6,0.85,-1.73,3925,-227,-1142,-1008,-182,-1555,-1143,-178
MGC,ORB2,"ORB2 09:30 10m break LONG stop 0.10×ATR 2R days NONEWS",539,-2940,-5.45,27.3,0.60,-5.64,3041,0,484,-2005,-4.14,32.2,0.86,-1.39,2777,-363,-879,-841,-857,-935,720,-1791
MGC,ORB2,"ORB2 09:30 10m opening-candle direction LONG stop 0.10×ATR 2R days NONEWS",350,-1947,-5.56,26.6,0.60,-4.55,2011,0,309,-1261,-4.08,30.1,0.86,-1.08,1708,-253,-891,-610,-192,-1095,-399,233
MGC,ORB2,"ORB2 09:30 10m break SHORT stop 0.10×ATR 2R days NONEWS",539,-1868,-3.47,30.8,0.73,-3.44,1907,0,473,-2764,-5.84,29.2,0.80,-1.94,3884,-256,-988,-96,-528,-1377,-1233,-154
MGC,ORB2,"ORB2 09:30 10m opening-candle direction SHORT stop 0.10×ATR 2R days NONEWS",342,-648,-1.89,34.2,0.85,-1.48,928,1,304,-1294,-4.26,31.3,0.85,-1.13,2153,92,-395,-242,-102,-528,-696,-71
MGC,ORB2,"ORB2 09:30 10m break BOTH stop 0.10×ATR 2R days NONEWS",705,-3161,-4.48,29.4,0.67,-5.21,3257,0,616,-2522,-4.09,32.0,0.86,-1.54,3603,-502,-1281,-570,-808,-1212,-494,-816
MGC,ORB2,"ORB2 09:30 10m opening-candle direction BOTH stop 0.10×ATR 2R days NONEWS",692,-2594,-3.75,30.3,0.71,-4.23,2835,0,613,-2555,-4.17,30.7,0.86,-1.56,3609,-162,-1286,-853,-294,-1623,-1095,163
MGC,ORB2,"ORB2 09:30 10m break LONG stop 0.10×ATR 4R days ALL",582,-1866,-3.21,19.6,0.79,-2.38,2018,0,522,-3135,-6.01,19.3,0.83,-1.54,3732,-495,-882,-284,-205,-1247,574,-2463
MGC,ORB2,"ORB2 09:30 10m opening-candle direction LONG stop 0.10×ATR 4R days ALL",371,-2145,-5.78,17.0,0.63,-3.65,2258,0,336,-3885,-11.56,15.5,0.68,-2.49,3927,-293,-939,-751,-161,-1345,-853,-1687
MGC,ORB2,"ORB2 09:30 10m break SHORT stop 0.10×ATR 4R days ALL",583,-1712,-2.94,19.9,0.81,-2.16,2016,0,512,-4807,-9.39,17.2,0.73,-2.45,5789,-229,-1224,-115,-144,-1198,-3008,-601
MGC,ORB2,"ORB2 09:30 10m opening-candle direction SHORT stop 0.10×ATR 4R days ALL",377,-614,-1.63,21.0,0.89,-0.94,938,1,327,-2894,-8.85,18.3,0.75,-1.87,3816,27,-275,-134,-232,-334,-1560,-999
MGC,ORB2,"ORB2 09:30 10m break BOTH stop 0.10×ATR 4R days ALL",761,-2406,-3.16,19.4,0.79,-2.66,2611,0,665,-7744,-11.64,17.3,0.67,-3.61,8257,-537,-1169,-203,-497,-1468,-2801,-3475
MGC,ORB2,"ORB2 09:30 10m opening-candle direction BOTH stop 0.10×ATR 4R days ALL",748,-2759,-3.69,19.0,0.76,-3.13,3112,0,663,-6779,-10.22,16.9,0.71,-3.09,7391,-266,-1215,-885,-393,-1680,-2413,-2686
MGC,ORB2,"ORB2 09:30 10m break LONG stop 0.10×ATR 4R days NARROW",286,-499,-1.74,21.0,0.89,-0.83,995,2,279,-17,-0.06,22.9,1.00,-0.01,1572,-291,-498,97,194,-368,870,-519
MGC,ORB2,"ORB2 09:30 10m opening-candle direction LONG stop 0.10×ATR 4R days NARROW",170,-782,-4.60,18.8,0.72,-1.78,1025,1,162,-1259,-7.77,16.7,0.79,-1.03,1875,-216,-197,-424,54,-512,-492,-256
MGC,ORB2,"ORB2 09:30 10m break SHORT stop 0.10×ATR 4R days NARROW",294,-1090,-3.71,19.0,0.77,-1.89,1282,0,283,-2785,-9.84,17.0,0.74,-1.79,3037,-145,-764,-22,-158,-1087,-1756,58
MGC,ORB2,"ORB2 09:30 10m opening-candle direction SHORT stop 0.10×ATR 4R days NARROW",176,-650,-3.69,18.8,0.76,-1.47,843,0,179,-1515,-8.46,19.6,0.78,-1.21,2278,-116,-441,-18,-75,-75,-1341,-98
MGC,ORB2,"ORB2 09:30 10m break BOTH stop 0.10×ATR 4R days NARROW",357,-1125,-3.15,19.6,0.80,-1.74,1456,1,344,-1950,-5.67,19.8,0.85,-1.09,2646,-406,-652,37,-104,-737,-1121,-92
MGC,ORB2,"ORB2 09:30 10m opening-candle direction BOTH stop 0.10×ATR 4R days NARROW",346,-1433,-4.14,18.8,0.74,-2.30,1809,0,341,-2773,-8.13,18.2,0.78,-1.58,3362,-332,-638,-442,-21,-587,-1833,-353
MGC,ORB2,"ORB2 09:30 10m break LONG stop 0.10×ATR 4R days NOTWIDE",548,-1751,-3.19,19.7,0.79,-2.29,1975,0,508,-2768,-5.45,19.7,0.84,-1.37,3499,-444,-943,-335,-29,-1175,533,-2125
MGC,ORB2,"ORB2 09:30 10m opening-candle direction LONG stop 0.10×ATR 4R days NOTWIDE",348,-2063,-5.93,17.0,0.63,-3.64,2234,0,326,-3451,-10.58,15.6,0.70,-2.23,3492,-239,-919,-802,-103,-1409,-635,-1407
MGC,ORB2,"ORB2 09:30 10m break SHORT stop 0.10×ATR 4R days NOTWIDE",551,-1458,-2.65,20.3,0.83,-1.87,1746,0,494,-4720,-9.56,17.2,0.73,-2.46,5758,-210,-1024,-48,-176,-1103,-3419,-198
MGC,ORB2,"ORB2 09:30 10m opening-candle direction SHORT stop 0.10×ATR 4R days NOTWIDE",352,-617,-1.75,20.7,0.88,-0.97,875,0,312,-2883,-9.24,18.6,0.74,-1.93,3908,-54,-239,-157,-166,-209,-1500,-1174
MGC,ORB2,"ORB2 09:30 10m break BOTH stop 0.10×ATR 4R days NOTWIDE",713,-2117,-2.97,19.8,0.81,-2.40,2364,0,641,-7345,-11.46,17.5,0.68,-3.49,7858,-497,-1109,-204,-307,-1320,-3069,-2955
MGC,ORB2,"ORB2 09:30 10m opening-candle direction BOTH stop 0.10×ATR 4R days NOTWIDE",700,-2680,-3.83,18.9,0.75,-3.14,2992,0,638,-6334,-9.93,17.1,0.72,-2.94,6946,-293,-1158,-959,-270,-1617,-2135,-2582
MGC,ORB2,"ORB2 09:30 10m break LONG stop 0.10×ATR 4R days NONEWS",539,-2184,-4.05,18.7,0.74,-2.96,2299,0,484,-2633,-5.44,19.8,0.84,-1.34,3500,-462,-788,-526,-408,-1149,579,-2063
MGC,ORB2,"ORB2 09:30 10m opening-candle direction LONG stop 0.10×ATR 4R days NONEWS",350,-2098,-5.99,16.6,0.62,-3.68,2250,0,309,-3204,-10.37,15.9,0.71,-2.10,3246,-304,-854,-809,-132,-1323,-825,-1056
MGC,ORB2,"ORB2 09:30 10m break SHORT stop 0.10×ATR 4R days NONEWS",539,-1456,-2.70,20.2,0.82,-1.90,1867,1,473,-4059,-8.58,17.3,0.76,-2.11,5259,-175,-1219,19,-81,-1175,-2698,-186
MGC,ORB2,"ORB2 09:30 10m opening-candle direction SHORT stop 0.10×ATR 4R days NONEWS",342,-567,-1.66,20.8,0.89,-0.91,842,0,304,-2285,-7.52,18.8,0.79,-1.50,3207,-23,-356,-44,-144,-386,-1290,-609
MGC,ORB2,"ORB2 09:30 10m break BOTH stop 0.10×ATR 4R days NONEWS",705,-2149,-3.05,19.6,0.80,-2.46,2334,0,616,-6680,-10.84,17.7,0.70,-3.19,7382,-468,-1170,-98,-414,-1319,-2641,-2720
MGC,ORB2,"ORB2 09:30 10m opening-candle direction BOTH stop 0.10×ATR 4R days NONEWS",692,-2665,-3.85,18.6,0.75,-3.14,3000,0,613,-5489,-8.96,17.3,0.75,-2.55,6175,-327,-1210,-852,-276,-1708,-2115,-1666
MGC,ORB2,"ORB2 09:30 10m break LONG stop 0.15×ATR to 15:55 days ALL",582,734,1.26,23.5,1.06,0.49,1346,2,522,-2035,-3.90,22.4,0.92,-0.62,4916,-412,-616,1122,640,-1062,2957,-3930
MGC,ORB2,"ORB2 09:30 10m opening-candle direction LONG stop 0.15×ATR to 15:55 days ALL",371,-1574,-4.24,18.6,0.81,-1.44,1747,0,336,-4387,-13.06,16.4,0.74,-1.71,4417,-111,-814,-604,-45,-1553,-190,-2644
MGC,ORB2,"ORB2 09:30 10m break SHORT stop 0.15×ATR to 15:55 days ALL",583,-411,-0.70,22.6,0.97,-0.29,1749,2,512,-3597,-7.03,21.1,0.86,-1.08,5285,45,-1206,978,-229,-516,-1713,-1368
MGC,ORB2,"ORB2 09:30 10m opening-candle direction SHORT stop 0.15×ATR to 15:55 days ALL",377,-301,-0.80,19.9,0.96,-0.25,1337,2,327,-1142,-3.49,17.4,0.93,-0.36,3636,162,-530,432,-364,-1160,-1700,1718
MGC,ORB2,"ORB2 09:30 10m break BOTH stop 0.15×ATR to 15:55 days ALL",761,-322,-0.42,21.0,0.98,-0.19,1713,1,665,-5950,-8.95,20.5,0.82,-1.60,7698,-258,-1039,1020,-47,-920,831,-5861
MGC,ORB2,"ORB2 09:30 10m opening-candle direction BOTH stop 0.15×ATR to 15:55 days ALL",748,-1874,-2.51,19.3,0.88,-1.15,2301,1,663,-5529,-8.34,16.9,0.84,-1.34,5666,51,-1344,-173,-408,-2713,-1890,-926
MGC,ORB2,"ORB2 09:30 10m break LONG stop 0.15×ATR to 15:55 days NARROW",286,1707,5.97,25.5,1.29,1.43,819,2,279,947,3.39,25.4,1.07,0.36,2828,-465,-267,1116,1323,-176,2015,-893
MGC,ORB2,"ORB2 09:30 10m opening-candle direction LONG stop 0.15×ATR to 15:55 days NARROW",170,-825,-4.85,17.6,0.79,-1.01,1308,1,162,-1723,-10.64,17.3,0.80,-0.86,3118,-154,-514,-473,315,-602,-421,-700
MGC,ORB2,"ORB2 09:30 10m break SHORT stop 0.15×ATR to 15:55 days NARROW",294,-1090,-3.71,21.4,0.83,-1.20,1667,1,283,-3774,-13.34,23.0,0.74,-1.78,4106,-39,-996,250,-304,-1164,-1019,-1592
MGC,ORB2,"ORB2 09:30 10m opening-candle direction SHORT stop 0.15×ATR to 15:55 days NARROW",176,-1256,-7.14,19.9,0.67,-2.06,1577,0,179,-354,-1.98,21.2,0.96,-0.15,2024,-166,-696,-296,-98,-799,-976,1421
MGC,ORB2,"ORB2 09:30 10m break BOTH stop 0.15×ATR to 15:55 days NARROW",357,-342,-0.96,21.3,0.96,-0.28,1533,2,344,-2239,-6.51,23.8,0.87,-0.83,4243,-523,-918,664,436,-837,322,-1724
MGC,ORB2,"ORB2 09:30 10m opening-candle direction BOTH stop 0.15×ATR to 15:55 days NARROW",346,-2081,-6.01,18.8,0.74,-2.05,2468,1,341,-2077,-6.09,19.4,0.88,-0.67,4423,-320,-1210,-768,217,-1401,-1397,721
MGC,ORB2,"ORB2 09:30 10m break LONG stop 0.15×ATR to 15:55 days NOTWIDE",548,994,1.81,23.9,1.09,0.67,1352,2,508,-1434,-2.82,22.6,0.94,-0.44,4499,-339,-766,1210,888,-959,2956,-3431
MGC,ORB2,"ORB2 09:30 10m opening-candle direction LONG stop 0.15×ATR to 15:55 days NOTWIDE",348,-1415,-4.07,18.7,0.82,-1.31,1797,1,326,-3850,-11.81,16.6,0.77,-1.51,4248,-33,-997,-516,132,-1477,-143,-2230
MGC,ORB2,"ORB2 09:30 10m break SHORT stop 0.15×ATR to 15:55 days NOTWIDE",551,-241,-0.44,23.2,0.98,-0.18,1935,2,494,-3615,-7.32,21.3,0.85,-1.13,5439,161,-872,562,-92,-470,-2374,-771
MGC,ORB2,"ORB2 09:30 10m opening-candle direction SHORT stop 0.15×ATR to 15:55 days NOTWIDE",352,-240,-0.68,20.7,0.97,-0.21,1457,2,312,-275,-0.88,18.3,0.98,-0.09,2981,230,-237,38,-271,-979,-1370,2074
MGC,ORB2,"ORB2 09:30 10m break BOTH stop 0.15×ATR to 15:55 days NOTWIDE",713,-162,-0.23,21.5,0.99,-0.10,1846,2,641,-5860,-9.14,20.6,0.82,-1.63,7293,-112,-1001,728,222,-799,30,-5091
MGC,ORB2,"ORB2 09:30 10m opening-candle direction BOTH stop 0.15×ATR to 15:55 days NOTWIDE",700,-1655,-2.36,19.7,0.89,-1.07,2424,1,638,-4125,-6.47,17.4,0.87,-1.01,4860,196,-1234,-478,-139,-2455,-1513,-157
MGC,ORB2,"ORB2 09:30 10m break LONG stop 0.15×ATR to 15:55 days NONEWS",539,338,0.63,23.2,1.03,0.24,1339,2,484,-1022,-2.11,22.9,0.96,-0.32,4336,-560,-544,876,566,-1287,3744,-3480
MGC,ORB2,"ORB2 09:30 10m opening-candle direction LONG stop 0.15×ATR to 15:55 days NONEWS",350,-1551,-4.43,18.3,0.80,-1.45,1788,1,309,-3319,-10.74,17.2,0.79,-1.31,3884,-244,-854,-614,161,-1565,268,-2022
MGC,ORB2,"ORB2 09:30 10m break SHORT stop 0.15×ATR to 15:55 days NONEWS",539,-203,-0.38,23.0,0.98,-0.15,1730,2,473,-3782,-8.00,20.9,0.84,-1.19,5324,52,-1467,1289,-78,-693,-1868,-1221
MGC,ORB2,"ORB2 09:30 10m opening-candle direction SHORT stop 0.15×ATR to 15:55 days NONEWS",342,-114,-0.33,20.8,0.98,-0.10,1351,2,304,-1196,-3.94,17.8,0.92,-0.39,3523,184,-865,797,-231,-1259,-1420,1483
MGC,ORB2,"ORB2 09:30 10m break BOTH stop 0.15×ATR to 15:55 days NONEWS",705,97,0.14,21.6,1.01,0.06,1843,2,616,-5310,-8.62,20.9,0.83,-1.49,7091,-354,-1245,1403,293,-1334,1359,-5335
MGC,ORB2,"ORB2 09:30 10m opening-candle direction BOTH stop 0.15×ATR to 15:55 days NONEWS",692,-1666,-2.41,19.5,0.89,-1.07,2202,1,613,-4515,-7.37,17.5,0.85,-1.13,5111,-60,-1719,183,-70,-2824,-1153,-538
MGC,ORB2,"ORB2 09:30 10m break LONG stop 0.15×ATR 2R days ALL",582,-806,-1.38,34.4,0.92,-0.94,1195,2,522,-2390,-4.58,32.4,0.89,-1.07,3097,-430,-561,142,43,-1520,801,-1672
MGC,ORB2,"ORB2 09:30 10m opening-candle direction LONG stop 0.15×ATR 2R days ALL",371,-2577,-6.95,27.5,0.65,-3.96,2651,0,336,-2337,-6.96,29.5,0.84,-1.31,2474,-307,-1102,-719,-448,-1440,-341,-556
MGC,ORB2,"ORB2 09:30 10m break SHORT stop 0.15×ATR 2R days ALL",583,-644,-1.10,35.3,0.94,-0.75,1345,2,512,719,1.40,35.2,1.03,0.32,3048,10,-804,392,-242,-125,-1307,2151
MGC,ORB2,"ORB2 09:30 10m opening-candle direction SHORT stop 0.15×ATR 2R days ALL",377,-48,-0.13,35.8,0.99,-0.07,660,2,327,-150,-0.46,32.1,0.99,-0.08,2267,205,-250,149,-153,-725,-999,1574
MGC,ORB2,"ORB2 09:30 10m break BOTH stop 0.15×ATR 2R days ALL",761,-1548,-2.03,34.2,0.89,-1.59,1940,0,665,-2151,-3.23,33.5,0.92,-0.85,3915,-485,-824,-79,-160,-1085,-1040,-26
MGC,ORB2,"ORB2 09:30 10m opening-candle direction BOTH stop 0.15×ATR 2R days ALL",748,-2625,-3.51,31.7,0.81,-2.74,2852,0,663,-2487,-3.75,30.8,0.91,-0.97,4382,-102,-1352,-570,-601,-2165,-1341,1018
MGC,ORB2,"ORB2 09:30 10m break LONG stop 0.15×ATR 2R days NARROW",286,-87,-0.30,35.3,0.98,-0.14,665,2,279,-28,-0.10,35.1,1.00,-0.02,1526,-251,-170,65,270,-214,79,107
MGC,ORB2,"ORB2 09:30 10m opening-candle direction LONG stop 0.15×ATR 2R days NARROW",170,-1450,-8.53,25.9,0.60,-3.15,1577,0,162,-1192,-7.36,29.0,0.84,-0.90,2123,-84,-339,-710,-317,-745,-298,-149
MGC,ORB2,"ORB2 09:30 10m break SHORT stop 0.15×ATR 2R days NARROW",294,-978,-3.33,32.3,0.82,-1.57,1375,2,283,1034,3.65,36.4,1.09,0.58,1298,11,-791,162,-360,-443,-600,2077
MGC,ORB2,"ORB2 09:30 10m opening-candle direction SHORT stop 0.15×ATR 2R days NARROW",176,-14,-0.08,35.8,1.00,-0.03,465,1,179,582,3.25,33.5,1.07,0.39,1527,-19,-215,344,-123,-431,-956,1969
MGC,ORB2,"ORB2 09:30 10m break BOTH stop 0.15×ATR 2R days NARROW",357,-923,-2.58,33.1,0.86,-1.32,1228,1,344,1436,4.17,37.2,1.10,0.71,1586,-354,-523,12,-58,-383,-596,2415
MGC,ORB2,"ORB2 09:30 10m opening-candle direction BOTH stop 0.15×ATR 2R days NARROW",346,-1463,-4.23,30.9,0.78,-2.16,1737,0,341,-610,-1.79,31.4,0.96,-0.30,2629,-103,-554,-366,-441,-1176,-1254,1819
MGC,ORB2,"ORB2 09:30 10m break LONG stop 0.15×ATR 2R days NOTWIDE",548,-517,-0.94,35.0,0.95,-0.61,1058,2,508,-2017,-3.97,32.7,0.91,-0.92,2806,-357,-522,129,232,-1416,820,-1421
MGC,ORB2,"ORB2 09:30 10m opening-candle direction LONG stop 0.15×ATR 2R days NOTWIDE",348,-2420,-6.95,27.6,0.65,-3.82,2535,0,326,-1883,-5.78,29.8,0.86,-1.07,2298,-230,-1126,-733,-331,-1468,-273,-142
MGC,ORB2,"ORB2 09:30 10m break SHORT stop 0.15×ATR 2R days NOTWIDE",551,-579,-1.05,35.4,0.94,-0.69,1358,2,494,183,0.37,34.8,1.01,0.08,3088,4,-679,357,-261,-200,-1625,2008
MGC,ORB2,"ORB2 09:30 10m opening-candle direction SHORT stop 0.15×ATR 2R days NOTWIDE",352,-146,-0.41,35.2,0.98,-0.22,648,2,312,-117,-0.38,32.1,0.99,-0.07,2216,92,-218,154,-174,-743,-931,1557
MGC,ORB2,"ORB2 09:30 10m break BOTH stop 0.15×ATR 2R days NOTWIDE",713,-1361,-1.91,34.4,0.89,-1.43,1987,0,641,-2141,-3.34,33.5,0.92,-0.86,3855,-462,-808,-87,-4,-1084,-1180,123
MGC,ORB2,"ORB2 09:30 10m opening-candle direction BOTH stop 0.15×ATR 2R days NOTWIDE",700,-2566,-3.67,31.4,0.80,-2.76,2785,0,638,-2000,-3.14,30.9,0.93,-0.79,4101,-138,-1344,-578,-505,-2211,-1204,1415
MGC,ORB2,"ORB2 09:30 10m break LONG stop 0.15×ATR 2R days NONEWS",539,-1211,-2.25,33.2,0.87,-1.48,1306,0,484,-2592,-5.36,32.2,0.87,-1.22,3226,-440,-686,0,-85,-1543,1034,-2083
MGC,ORB2,"ORB2 09:30 10m opening-candle direction LONG stop 0.15×ATR 2R days NONEWS",350,-2478,-7.08,27.1,0.64,-3.91,2552,0,309,-2448,-7.92,29.4,0.82,-1.44,2669,-289,-1123,-720,-347,-1382,-269,-797
MGC,ORB2,"ORB2 09:30 10m break SHORT stop 0.15×ATR 2R days NONEWS",539,-451,-0.84,35.6,0.95,-0.54,1160,1,473,1004,2.12,35.3,1.05,0.46,2509,-61,-786,527,-132,-163,-1013,2181
MGC,ORB2,"ORB2 09:30 10m opening-candle direction SHORT stop 0.15×ATR 2R days NONEWS",342,-395,-1.16,34.5,0.93,-0.60,850,2,304,153,0.50,32.2,1.01,0.09,2107,168,-349,6,-220,-786,-696,1635
MGC,ORB2,"ORB2 09:30 10m break BOTH stop 0.15×ATR 2R days NONEWS",705,-1222,-1.73,34.5,0.90,-1.30,1909,2,616,-1960,-3.18,33.6,0.92,-0.80,3267,-524,-843,134,11,-1146,-598,-216
MGC,ORB2,"ORB2 09:30 10m opening-candle direction BOTH stop 0.15×ATR 2R days NONEWS",692,-2874,-4.15,30.8,0.78,-3.14,3101,0,613,-2295,-3.74,30.8,0.91,-0.93,3897,-121,-1472,-714,-567,-2168,-965,838
MGC,ORB2,"ORB2 09:30 10m break LONG stop 0.15×ATR 4R days ALL",582,-451,-0.77,25.6,0.96,-0.40,1325,2,522,-3159,-6.05,23.9,0.87,-1.11,4283,-605,-488,204,439,-1255,1816,-3719
MGC,ORB2,"ORB2 09:30 10m opening-candle direction LONG stop 0.15×ATR 4R days ALL",371,-1351,-3.64,21.8,0.83,-1.48,1738,1,336,-3990,-11.87,18.2,0.76,-1.75,4055,-219,-620,-632,121,-1791,-895,-1304
MGC,ORB2,"ORB2 09:30 10m break SHORT stop 0.15×ATR 4R days ALL",583,-998,-1.71,24.5,0.91,-0.89,1686,1,512,-3645,-7.12,22.9,0.85,-1.32,4060,-100,-1119,532,-312,-353,-1449,-1843
MGC,ORB2,"ORB2 09:30 10m opening-candle direction SHORT stop 0.15×ATR 4R days ALL",377,-303,-0.80,22.5,0.96,-0.32,939,2,327,-2613,-7.99,19.3,0.84,-1.09,3237,0,-460,429,-271,-1103,-1371,-139
MGC,ORB2,"ORB2 09:30 10m break BOTH stop 0.15×ATR 4R days ALL",761,-1576,-2.07,23.5,0.90,-1.21,1690,1,665,-7245,-10.90,22.1,0.78,-2.37,7749,-539,-752,223,-509,-1062,-346,-5838
MGC,ORB2,"ORB2 09:30 10m opening-candle direction BOTH stop 0.15×ATR 4R days ALL",748,-1654,-2.21,22.2,0.89,-1.25,2001,0,663,-6603,-9.96,18.7,0.80,-2.00,6842,-219,-1080,-203,-151,-2894,-2265,-1443
MGC,ORB2,"ORB2 09:30 10m break LONG stop 0.15×ATR 4R days NARROW",286,701,2.45,27.6,1.12,0.80,770,2,279,-755,-2.71,26.2,0.95,-0.34,3003,-465,-250,370,1047,-222,977,-1510
MGC,ORB2,"ORB2 09:30 10m opening-candle direction LONG stop 0.15×ATR 4R days NARROW",170,-707,-4.16,21.2,0.82,-1.07,1251,1,162,-2432,-15.01,18.5,0.71,-1.52,2577,-67,-348,-608,316,-714,-833,-885
MGC,ORB2,"ORB2 09:30 10m break SHORT stop 0.15×ATR 4R days NARROW",294,-1184,-4.03,22.4,0.81,-1.49,1562,1,283,-2650,-9.36,24.7,0.81,-1.32,3019,-190,-932,235,-297,-627,-588,-1435
MGC,ORB2,"ORB2 09:30 10m opening-candle direction SHORT stop 0.15×ATR 4R days NARROW",176,-340,-1.93,22.7,0.91,-0.52,837,2,179,-758,-4.23,22.3,0.92,-0.39,1695,-166,-552,239,138,-477,-548,267
MGC,ORB2,"ORB2 09:30 10m break BOTH stop 0.15×ATR 4R days NARROW",357,-1126,-3.16,23.0,0.85,-1.23,1515,2,344,-2905,-8.44,25.3,0.83,-1.26,4626,-523,-868,157,108,-415,-224,-2266
MGC,ORB2,"ORB2 09:30 10m opening-candle direction BOTH stop 0.15×ATR 4R days NARROW",346,-1047,-3.03,22.0,0.86,-1.13,1658,1,341,-3190,-9.35,20.5,0.82,-1.27,3944,-233,-900,-368,454,-1190,-1381,-618
MGC,ORB2,"ORB2 09:30 10m break LONG stop 0.15×ATR 4R days NOTWIDE",548,-438,-0.80,25.7,0.96,-0.40,1354,2,508,-2711,-5.34,24.2,0.89,-0.97,3996,-532,-618,123,589,-1152,1661,-3220
MGC,ORB2,"ORB2 09:30 10m opening-candle direction LONG stop 0.15×ATR 4R days NOTWIDE",348,-1435,-4.12,21.6,0.81,-1.63,1922,1,326,-3599,-11.04,18.4,0.77,-1.60,3664,-142,-779,-712,198,-1715,-994,-890
MGC,ORB2,"ORB2 09:30 10m break SHORT stop 0.15×ATR 4R days NOTWIDE",551,-737,-1.34,25.0,0.93,-0.67,1463,2,494,-3831,-7.75,22.9,0.84,-1.44,4187,16,-841,458,-369,-392,-1571,-1868
MGC,ORB2,"ORB2 09:30 10m opening-candle direction SHORT stop 0.15×ATR 4R days NOTWIDE",352,-36,-0.10,23.3,0.99,-0.04,903,2,312,-2552,-8.18,19.6,0.83,-1.09,3220,68,-315,390,-179,-921,-1226,-405
MGC,ORB2,"ORB2 09:30 10m break BOTH stop 0.15×ATR 4R days NOTWIDE",713,-1376,-1.93,23.8,0.91,-1.09,1626,1,641,-7477,-11.66,22.2,0.76,-2.53,7981,-393,-749,104,-339,-1026,-761,-5690
MGC,ORB2,"ORB2 09:30 10m opening-candle direction BOTH stop 0.15×ATR 4R days NOTWIDE",700,-1471,-2.10,22.4,0.90,-1.14,1966,1,638,-6152,-9.64,19.0,0.80,-1.90,6391,-74,-1094,-322,19,-2636,-2220,-1296
MGC,ORB2,"ORB2 09:30 10m break LONG stop 0.15×ATR 4R days NONEWS",539,-965,-1.79,24.7,0.91,-0.90,1408,1,484,-2056,-4.25,24.4,0.91,-0.75,3823,-653,-503,-14,205,-1288,2603,-3371
MGC,ORB2,"ORB2 09:30 10m opening-candle direction LONG stop 0.15×ATR 4R days NONEWS",350,-1394,-3.98,21.1,0.81,-1.56,1809,1,309,-3242,-10.49,18.8,0.79,-1.46,3307,-238,-668,-641,154,-1605,-437,-1200
MGC,ORB2,"ORB2 09:30 10m break SHORT stop 0.15×ATR 4R days NONEWS",539,-874,-1.62,24.7,0.92,-0.81,1680,1,473,-3164,-6.69,22.8,0.86,-1.18,3907,-137,-1193,708,-251,-331,-1488,-1345
MGC,ORB2,"ORB2 09:30 10m opening-candle direction SHORT stop 0.15×ATR 4R days NONEWS",342,-252,-0.74,22.8,0.96,-0.28,866,2,304,-1981,-6.52,19.7,0.87,-0.84,2941,22,-461,336,-150,-1041,-980,40
MGC,ORB2,"ORB2 09:30 10m break BOTH stop 0.15×ATR 4R days NONEWS",705,-1256,-1.78,23.7,0.91,-1.00,1574,1,616,-5679,-9.22,22.7,0.81,-1.90,6412,-536,-880,514,-354,-1015,297,-4961
MGC,ORB2,"ORB2 09:30 10m opening-candle direction BOTH stop 0.15×ATR 4R days NONEWS",692,-1646,-2.38,22.0,0.89,-1.30,2066,1,613,-5223,-8.52,19.2,0.83,-1.62,5572,-216,-1129,-305,4,-2646,-1417,-1160
MGC,ORB2,"ORB2 09:30 10m break LONG stop 0.25×ATR to 15:55 days ALL",582,-467,-0.80,32.5,0.97,-0.27,1853,1,522,-2335,-4.47,32.2,0.93,-0.59,6043,-630,-396,577,-19,-435,2372,-4272
MGC,ORB2,"ORB2 09:30 10m opening-candle direction LONG stop 0.25×ATR to 15:55 days ALL",371,-749,-2.02,30.7,0.93,-0.54,1140,1,336,-5498,-16.36,27.4,0.77,-1.75,6132,-184,-607,85,-43,-515,-377,-4606
MGC,ORB2,"ORB2 09:30 10m break SHORT stop 0.25×ATR to 15:55 days ALL",583,-562,-0.96,34.1,0.96,-0.35,2104,2,512,-1321,-2.58,33.2,0.96,-0.31,4029,-47,-1212,314,382,359,-1189,-491
MGC,ORB2,"ORB2 09:30 10m opening-candle direction SHORT stop 0.25×ATR to 15:55 days ALL",377,-1076,-2.85,29.7,0.90,-0.77,2030,2,327,-979,-2.99,28.7,0.96,-0.26,3807,62,-801,37,-375,-958,-919,898
MGC,ORB2,"ORB2 09:30 10m break BOTH stop 0.25×ATR to 15:55 days ALL",761,-2023,-2.66,30.2,0.91,-1.03,2437,0,665,-4505,-6.77,31.4,0.90,-0.95,8728,-428,-1103,-93,-400,-688,1819,-5637
MGC,ORB2,"ORB2 09:30 10m opening-candle direction BOTH stop 0.25×ATR to 15:55 days ALL",748,-1825,-2.44,30.2,0.92,-0.93,2351,1,663,-6477,-9.77,28.1,0.86,-1.33,6625,-122,-1408,122,-418,-1473,-1296,-3707
MGC,ORB2,"ORB2 09:30 10m break LONG stop 0.25×ATR to 15:55 days NARROW",286,1065,3.73,34.3,1.13,0.80,939,2,279,-1899,-6.81,32.3,0.90,-0.63,4265,-440,-224,571,1158,-455,1307,-2752
MGC,ORB2,"ORB2 09:30 10m opening-candle direction LONG stop 0.25×ATR to 15:55 days NARROW",170,-12,-0.07,31.8,1.00,-0.01,858,1,162,-3018,-18.63,27.2,0.74,-1.32,4417,-100,-205,-352,645,-306,-523,-2189
MGC,ORB2,"ORB2 09:30 10m break SHORT stop 0.25×ATR to 15:55 days NARROW",294,-1053,-3.58,33.0,0.87,-0.97,1877,2,283,-1576,-5.57,36.0,0.91,-0.52,2748,-50,-1107,29,74,-138,-960,-478
MGC,ORB2,"ORB2 09:30 10m opening-candle direction SHORT stop 0.25×ATR to 15:55 days NARROW",176,-1783,-10.13,30.1,0.66,-2.34,2088,0,179,-48,-0.27,34.1,1.00,-0.02,1871,-154,-846,-247,-537,-741,-764,1457
MGC,ORB2,"ORB2 09:30 10m break BOTH stop 0.25×ATR to 15:55 days NARROW",357,-879,-2.46,31.1,0.92,-0.63,1477,1,344,-2395,-6.96,33.7,0.90,-0.68,5261,-526,-714,-9,369,-760,456,-2091
MGC,ORB2,"ORB2 09:30 10m opening-candle direction BOTH stop 0.25×ATR to 15:55 days NARROW",346,-1795,-5.19,30.9,0.83,-1.38,2486,1,341,-3067,-8.99,30.8,0.87,-0.86,5475,-254,-1051,-599,108,-1046,-1288,-733
MGC,ORB2,"ORB2 09:30 10m break LONG stop 0.25×ATR to 15:55 days NOTWIDE",548,26,0.05,33.0,1.00,0.02,1606,2,508,-1753,-3.45,32.3,0.95,-0.45,5792,-513,-556,719,377,-268,2264,-3748
MGC,ORB2,"ORB2 09:30 10m opening-candle direction LONG stop 0.25×ATR to 15:55 days NOTWIDE",348,-670,-1.93,30.7,0.93,-0.49,1213,2,326,-5122,-15.71,27.3,0.78,-1.65,6156,-140,-707,97,80,-392,-437,-4293
MGC,ORB2,"ORB2 09:30 10m break SHORT stop 0.25×ATR to 15:55 days NOTWIDE",551,-377,-0.68,34.7,0.97,-0.24,2225,2,494,-1509,-3.06,33.4,0.95,-0.37,4018,136,-919,-75,480,465,-2031,57
MGC,ORB2,"ORB2 09:30 10m opening-candle direction SHORT stop 0.25×ATR to 15:55 days NOTWIDE",352,-1075,-3.05,30.4,0.89,-0.82,2174,1,312,-251,-0.80,29.5,0.99,-0.07,3219,170,-616,-328,-300,-862,-875,1486
MGC,ORB2,"ORB2 09:30 10m break BOTH stop 0.25×ATR to 15:55 days NOTWIDE",713,-1536,-2.15,30.9,0.92,-0.81,2496,0,641,-4519,-7.05,31.5,0.90,-0.98,7757,-197,-994,-304,-41,-459,605,-4665
MGC,ORB2,"ORB2 09:30 10m opening-candle direction BOTH stop 0.25×ATR to 15:55 days NOTWIDE",700,-1745,-2.49,30.6,0.91,-0.93,2512,1,638,-5373,-8.42,28.4,0.88,-1.12,6346,30,-1323,-231,-220,-1254,-1312,-2807
MGC,ORB2,"ORB2 09:30 10m break LONG stop 0.25×ATR to 15:55 days NONEWS",539,-758,-1.41,32.5,0.95,-0.47,1529,1,484,-649,-1.34,32.9,0.98,-0.17,5150,-763,-324,453,-124,-815,3671,-3505
MGC,ORB2,"ORB2 09:30 10m opening-candle direction LONG stop 0.25×ATR to 15:55 days NONEWS",350,-1052,-3.01,30.3,0.90,-0.80,1173,1,309,-4233,-13.70,27.8,0.81,-1.38,5191,-285,-607,126,-286,-1116,369,-3486
MGC,ORB2,"ORB2 09:30 10m break SHORT stop 0.25×ATR to 15:55 days NONEWS",539,58,0.11,35.1,1.00,0.04,1832,2,473,-3364,-7.11,32.3,0.89,-0.84,5310,-9,-1300,863,504,-165,-2239,-960
MGC,ORB2,"ORB2 09:30 10m opening-candle direction SHORT stop 0.25×ATR to 15:55 days NONEWS",342,-381,-1.11,31.6,0.96,-0.29,1676,2,304,-2691,-8.85,28.3,0.87,-0.77,5298,98,-977,623,-124,-933,-2360,603
MGC,ORB2,"ORB2 09:30 10m break BOTH stop 0.25×ATR to 15:55 days NONEWS",705,-1012,-1.43,31.2,0.95,-0.53,2161,2,616,-5559,-9.02,31.3,0.87,-1.24,7889,-479,-1093,557,4,-1718,1678,-5519
MGC,ORB2,"ORB2 09:30 10m opening-candle direction BOTH stop 0.25×ATR to 15:55 days NONEWS",692,-1433,-2.07,30.9,0.93,-0.77,2045,1,613,-6924,-11.29,28.1,0.84,-1.49,7252,-187,-1584,748,-410,-2049,-1992,-2883
MGC,ORB2,"ORB2 09:30 10m break LONG stop 0.25×ATR 2R days ALL",582,-1331,-2.29,36.4,0.91,-1.02,1474,0,522,-3173,-6.08,36.0,0.90,-0.95,5178,-866,-139,-122,-204,-127,678,-3725
MGC,ORB2,"ORB2 09:30 10m opening-candle direction LONG stop 0.25×ATR 2R days ALL",371,-1517,-4.09,34.8,0.85,-1.42,1773,0,336,-5818,-17.31,31.3,0.75,-2.20,5849,-339,-436,-454,-288,-612,-1862,-3343
MGC,ORB2,"ORB2 09:30 10m break SHORT stop 0.25×ATR 2R days ALL",583,-115,-0.20,38.8,0.99,-0.09,1713,3,512,-234,-0.46,36.9,0.99,-0.07,2823,50,-1025,565,295,-186,-399,351
MGC,ORB2,"ORB2 09:30 10m opening-candle direction SHORT stop 0.25×ATR 2R days ALL",377,-853,-2.26,35.5,0.92,-0.80,1214,2,327,-2613,-7.99,33.6,0.88,-0.93,3687,165,-571,94,-542,-326,-1603,-684
MGC,ORB2,"ORB2 09:30 10m break BOTH stop 0.25×ATR 2R days ALL",761,-1920,-2.52,35.7,0.91,-1.26,1973,0,665,-5927,-8.91,34.9,0.86,-1.54,7408,-588,-671,-284,-377,-495,-682,-4749
MGC,ORB2,"ORB2 09:30 10m opening-candle direction BOTH stop 0.25×ATR 2R days ALL",748,-2370,-3.17,35.2,0.88,-1.57,2908,0,663,-8430,-12.72,32.4,0.81,-2.19,8474,-174,-1006,-360,-830,-938,-3465,-4028
MGC,ORB2,"ORB2 09:30 10m break LONG stop 0.25×ATR 2R days NARROW",286,-63,-0.22,37.8,0.99,-0.07,1145,2,279,-2383,-8.54,34.8,0.87,-0.91,3675,-440,-255,16,616,-330,127,-2180
MGC,ORB2,"ORB2 09:30 10m opening-candle direction LONG stop 0.25×ATR 2R days NARROW",170,-584,-3.44,35.9,0.88,-0.76,1070,1,162,-2930,-18.09,30.9,0.74,-1.53,3290,-50,-17,-739,222,-319,-1047,-1564
MGC,ORB2,"ORB2 09:30 10m break SHORT stop 0.25×ATR 2R days NARROW",294,-499,-1.70,36.4,0.94,-0.52,1404,2,283,-184,-0.65,38.9,0.99,-0.07,1954,-12,-1099,559,53,102,-143,-143
MGC,ORB2,"ORB2 09:30 10m opening-candle direction SHORT stop 0.25×ATR 2R days NARROW",176,-724,-4.11,35.2,0.85,-0.98,1050,1,179,122,0.68,38.0,1.01,0.05,1277,-129,-643,297,-249,175,-574,522
MGC,ORB2,"ORB2 09:30 10m break BOTH stop 0.25×ATR 2R days NARROW",357,-1035,-2.90,35.3,0.90,-0.95,1346,2,344,-2549,-7.41,36.0,0.89,-0.86,3956,-395,-784,7,137,-94,-649,-1806
MGC,ORB2,"ORB2 09:30 10m opening-candle direction BOTH stop 0.25×ATR 2R days NARROW",346,-1308,-3.78,35.5,0.87,-1.23,2031,0,341,-2808,-8.24,34.6,0.88,-0.95,3832,-179,-660,-442,-27,-144,-1621,-1043
MGC,ORB2,"ORB2 09:30 10m break LONG stop 0.25×ATR 2R days NOTWIDE",548,-1085,-1.98,36.9,0.92,-0.85,1525,1,508,-2621,-5.16,36.2,0.92,-0.79,4654,-749,-279,-149,93,40,539,-3201
MGC,ORB2,"ORB2 09:30 10m opening-candle direction LONG stop 0.25×ATR 2R days NOTWIDE",348,-1636,-4.70,34.5,0.83,-1.58,1936,0,326,-5517,-16.92,31.3,0.75,-2.14,5548,-313,-608,-609,-106,-489,-1944,-3083
MGC,ORB2,"ORB2 09:30 10m break SHORT stop 0.25×ATR 2R days NOTWIDE",551,2,0.00,39.0,1.00,0.00,1618,3,494,-1669,-3.38,36.4,0.95,-0.50,3557,134,-858,532,194,-142,-1235,-292
MGC,ORB2,"ORB2 09:30 10m opening-candle direction SHORT stop 0.25×ATR 2R days NOTWIDE",352,-851,-2.42,35.5,0.91,-0.82,1129,1,312,-2399,-7.69,34.0,0.88,-0.87,3657,-28,-438,98,-484,-189,-1492,-719
MGC,ORB2,"ORB2 09:30 10m break BOTH stop 0.25×ATR 2R days NOTWIDE",713,-1567,-2.20,36.2,0.92,-1.05,1706,0,641,-6143,-9.58,34.8,0.85,-1.64,7132,-456,-668,-308,-136,-328,-1415,-4400
MGC,ORB2,"ORB2 09:30 10m opening-candle direction BOTH stop 0.25×ATR 2R days NOTWIDE",700,-2487,-3.55,35.0,0.87,-1.70,2947,0,638,-7916,-12.41,32.6,0.81,-2.10,7960,-341,-1045,-512,-590,-678,-3436,-3802
MGC,ORB2,"ORB2 09:30 10m break LONG stop 0.25×ATR 2R days NONEWS",539,-1671,-3.10,35.8,0.88,-1.34,1759,0,484,-2165,-4.47,36.4,0.93,-0.67,4680,-886,-90,-296,-399,-443,1775,-3498
MGC,ORB2,"ORB2 09:30 10m opening-candle direction LONG stop 0.25×ATR 2R days NONEWS",350,-1601,-4.57,34.3,0.84,-1.54,1924,0,309,-5040,-16.31,31.4,0.76,-1.97,5072,-313,-426,-465,-396,-952,-1346,-2742
MGC,ORB2,"ORB2 09:30 10m break SHORT stop 0.25×ATR 2R days NONEWS",539,-99,-0.18,39.0,0.99,-0.08,1726,2,473,-596,-1.26,36.4,0.98,-0.18,3423,-172,-879,661,291,-85,-921,410
MGC,ORB2,"ORB2 09:30 10m opening-candle direction SHORT stop 0.25×ATR 2R days NONEWS",342,-587,-1.72,36.3,0.93,-0.58,1046,2,304,-2856,-9.39,33.2,0.86,-1.06,4217,102,-505,105,-289,-263,-2032,-560
MGC,ORB2,"ORB2 09:30 10m break BOTH stop 0.25×ATR 2R days NONEWS",705,-1645,-2.33,35.9,0.91,-1.12,1811,0,616,-5830,-9.46,34.7,0.85,-1.58,6740,-757,-538,-65,-285,-697,-511,-4622
MGC,ORB2,"ORB2 09:30 10m opening-candle direction BOTH stop 0.25×ATR 2R days NONEWS",692,-2188,-3.16,35.3,0.88,-1.51,2787,0,613,-7896,-12.88,32.3,0.81,-2.13,8120,-211,-931,-360,-686,-1216,-3378,-3302
MGC,ORB2,"ORB2 09:30 10m break LONG stop 0.25×ATR 4R days ALL",582,-870,-1.49,33.0,0.94,-0.56,1600,1,522,-2139,-4.10,32.6,0.94,-0.54,5490,-698,-407,242,-7,-387,1909,-3662
MGC,ORB2,"ORB2 09:30 10m opening-candle direction LONG stop 0.25×ATR 4R days ALL",371,-701,-1.89,31.5,0.93,-0.54,1097,1,336,-5498,-16.36,27.7,0.77,-1.77,5652,-267,-545,234,-123,-476,-927,-4095
MGC,ORB2,"ORB2 09:30 10m break SHORT stop 0.25×ATR 4R days ALL",583,-1088,-1.87,34.3,0.93,-0.72,2398,1,512,-94,-0.18,33.6,1.00,-0.02,2960,-96,-1302,-3,312,-64,-415,385
MGC,ORB2,"ORB2 09:30 10m opening-candle direction SHORT stop 0.25×ATR 4R days ALL",377,-1667,-4.42,30.0,0.85,-1.34,2267,1,327,-681,-2.08,29.4,0.97,-0.19,2888,127,-1028,-180,-586,-1042,-548,909
MGC,ORB2,"ORB2 09:30 10m break BOTH stop 0.25×ATR 4R days ALL",761,-2789,-3.66,30.6,0.87,-1.55,2893,0,665,-3421,-5.14,32.0,0.92,-0.74,7101,-406,-1333,-489,-561,-857,1823,-4387
MGC,ORB2,"ORB2 09:30 10m opening-candle direction BOTH stop 0.25×ATR 4R days ALL",748,-2368,-3.17,30.7,0.89,-1.31,2785,1,663,-6178,-9.32,28.5,0.87,-1.32,6344,-140,-1573,54,-709,-1518,-1474,-3186
MGC,ORB2,"ORB2 09:30 10m break LONG stop 0.25×ATR 4R days NARROW",286,543,1.90,34.6,1.07,0.45,1093,2,279,-1607,-5.76,32.6,0.92,-0.53,4068,-440,-261,135,1108,-146,1040,-2501
MGC,ORB2,"ORB2 09:30 10m opening-candle direction LONG stop 0.25×ATR 4R days NARROW",170,-309,-1.82,32.4,0.94,-0.33,991,1,162,-3439,-21.23,27.2,0.71,-1.54,4417,-100,-223,-525,539,-425,-862,-2151
MGC,ORB2,"ORB2 09:30 10m break SHORT stop 0.25×ATR 4R days NARROW",294,-1007,-3.42,33.3,0.87,-0.95,1774,2,283,-934,-3.30,36.4,0.95,-0.31,2742,-188,-1099,150,130,-408,106,-632
MGC,ORB2,"ORB2 09:30 10m opening-candle direction SHORT stop 0.25×ATR 4R days NARROW",176,-1656,-9.41,30.7,0.68,-2.18,1942,0,179,483,2.70,34.6,1.04,0.18,1621,-154,-848,-98,-556,-625,-54,1162
MGC,ORB2,"ORB2 09:30 10m break BOTH stop 0.25×ATR 4R days NARROW",357,-1362,-3.82,31.4,0.87,-1.07,1855,1,344,-1698,-4.93,34.3,0.93,-0.48,5033,-526,-813,-302,279,-708,1035,-2025
MGC,ORB2,"ORB2 09:30 10m opening-candle direction BOTH stop 0.25×ATR 4R days NARROW",346,-1966,-5.68,31.5,0.81,-1.63,2739,0,341,-2956,-8.67,31.1,0.88,-0.84,5473,-254,-1072,-623,-17,-1050,-917,-989
MGC,ORB2,"ORB2 09:30 10m break LONG stop 0.25×ATR 4R days NOTWIDE",548,-690,-1.26,33.4,0.95,-0.45,1785,2,508,-1616,-3.18,32.7,0.95,-0.41,5101,-581,-601,103,389,-220,1742,-3138
MGC,ORB2,"ORB2 09:30 10m opening-candle direction LONG stop 0.25×ATR 4R days NOTWIDE",348,-1018,-2.92,31.3,0.90,-0.82,1305,0,326,-5180,-15.89,27.6,0.77,-1.70,5714,-223,-677,-117,0,-353,-1045,-3782
MGC,ORB2,"ORB2 09:30 10m break SHORT stop 0.25×ATR 4R days NOTWIDE",551,-673,-1.22,34.8,0.95,-0.45,2294,2,494,-1288,-2.61,33.6,0.96,-0.33,3086,87,-1061,-109,410,42,-1226,-103
MGC,ORB2,"ORB2 09:30 10m opening-candle direction SHORT stop 0.25×ATR 4R days NOTWIDE",352,-1356,-3.85,30.7,0.87,-1.12,2115,1,312,-963,-3.09,29.8,0.95,-0.28,3201,234,-830,-249,-511,-1009,-415,460
MGC,ORB2,"ORB2 09:30 10m break BOTH stop 0.25×ATR 4R days NOTWIDE",713,-2332,-3.27,31.1,0.89,-1.34,2923,0,641,-4500,-7.02,32.0,0.90,-1.01,7165,-175,-1258,-697,-202,-629,581,-4452
MGC,ORB2,"ORB2 09:30 10m opening-candle direction BOTH stop 0.25×ATR 4R days NOTWIDE",700,-2374,-3.39,31.0,0.88,-1.37,2986,1,638,-6142,-9.63,28.7,0.86,-1.35,6308,11,-1507,-367,-512,-1362,-1459,-3322
MGC,ORB2,"ORB2 09:30 10m break LONG stop 0.25×ATR 4R days NONEWS",539,-1119,-2.08,32.8,0.92,-0.75,1626,1,484,-297,-0.61,33.3,0.99,-0.08,4597,-781,-321,118,-135,-610,3209,-2895
MGC,ORB2,"ORB2 09:30 10m opening-candle direction LONG stop 0.25×ATR 4R days NONEWS",350,-944,-2.70,30.9,0.91,-0.75,1118,1,309,-4053,-13.12,28.2,0.81,-1.33,4748,-304,-544,275,-370,-897,-181,-2975
MGC,ORB2,"ORB2 09:30 10m break SHORT stop 0.25×ATR 4R days NONEWS",539,-555,-1.03,35.1,0.96,-0.38,2056,2,473,-1952,-4.13,32.8,0.94,-0.50,4033,-58,-1221,363,362,-243,-1676,-32
MGC,ORB2,"ORB2 09:30 10m opening-candle direction SHORT stop 0.25×ATR 4R days NONEWS",342,-972,-2.84,31.6,0.90,-0.82,1591,2,304,-2083,-6.85,28.9,0.90,-0.63,4338,162,-1021,223,-335,-951,-1948,816
MGC,ORB2,"ORB2 09:30 10m break BOTH stop 0.25×ATR 4R days NONEWS",705,-1936,-2.75,31.3,0.90,-1.12,2363,0,616,-4134,-6.71,32.0,0.90,-0.94,6494,-408,-1156,-21,-351,-1386,1471,-4219
MGC,ORB2,"ORB2 09:30 10m opening-candle direction BOTH stop 0.25×ATR 4R days NONEWS",692,-1915,-2.77,31.2,0.90,-1.11,2465,1,613,-6136,-10.01,28.5,0.86,-1.37,6481,-142,-1565,498,-705,-1848,-2129,-2159
MGC,ORB2,"ORB2 09:30 15m break LONG stop range to 15:55 days ALL",539,1235,2.29,38.0,1.08,0.71,1999,2,496,663,1.34,37.7,1.02,0.16,6195,-452,-314,1839,162,-235,3796,-2897
MGC,ORB2,"ORB2 09:30 15m opening-candle direction LONG stop range to 15:55 days ALL",380,-512,-1.35,34.5,0.96,-0.33,1697,1,343,-7637,-22.27,33.5,0.73,-2.06,9520,-293,-639,707,-287,132,-668,-7101
MGC,ORB2,"ORB2 09:30 15m break SHORT stop range to 15:55 days ALL",534,-566,-1.06,37.1,0.96,-0.34,1546,1,485,-4193,-8.65,36.3,0.88,-0.99,7017,-225,-846,782,-277,-409,-2453,-1330
MGC,ORB2,"ORB2 09:30 15m opening-candle direction SHORT stop range to 15:55 days ALL",370,-2814,-7.61,31.4,0.78,-1.94,3387,1,316,-7247,-22.93,31.3,0.72,-2.23,8185,42,-963,-634,-1259,-1926,-1028,-4293
MGC,ORB2,"ORB2 09:30 15m break BOTH stop range to 15:55 days ALL",757,337,0.45,36.6,1.02,0.16,1828,1,662,-7423,-11.21,36.0,0.85,-1.51,9548,-210,-978,2364,-838,-1499,993,-6916
MGC,ORB2,"ORB2 09:30 15m opening-candle direction BOTH stop range to 15:55 days ALL",750,-3326,-4.43,32.9,0.87,-1.56,3653,1,659,-14884,-22.59,32.5,0.73,-3.02,16005,-251,-1601,73,-1546,-1794,-1697,-11393
MGC,ORB2,"ORB2 09:30 15m break LONG stop range to 15:55 days NARROW",175,851,4.86,29.7,1.19,0.83,1123,2,176,925,5.26,29.5,1.09,0.39,3115,-164,-527,1169,373,-458,2164,-781
MGC,ORB2,"ORB2 09:30 15m opening-candle direction LONG stop range to 15:55 days NARROW",111,872,7.86,31.5,1.32,1.00,572,3,111,-790,-7.12,23.4,0.90,-0.38,3016,25,-207,775,280,-437,456,-809
MGC,ORB2,"ORB2 09:30 15m break SHORT stop range to 15:55 days NARROW",176,-636,-3.61,26.7,0.86,-0.78,1081,2,178,-906,-5.09,31.5,0.92,-0.42,2104,84,-343,166,-543,-530,-675,298
MGC,ORB2,"ORB2 09:30 15m opening-candle direction SHORT stop range to 15:55 days NARROW",104,-919,-8.84,25.0,0.68,-1.52,1392,1,108,-321,-2.98,29.6,0.95,-0.18,1416,239,-9,-634,-516,-533,173,39
MGC,ORB2,"ORB2 09:30 15m break BOTH stop range to 15:55 days NARROW",222,546,2.46,27.5,1.09,0.48,944,2,221,890,4.03,30.3,1.07,0.33,2913,121,-670,1734,-639,-1055,2056,-111
MGC,ORB2,"ORB2 09:30 15m opening-candle direction BOTH stop range to 15:55 days NARROW",215,-47,-0.22,28.4,0.99,-0.04,842,2,219,-1111,-5.07,26.5,0.92,-0.41,3556,264,-216,141,-236,-970,629,-770
MGC,ORB2,"ORB2 09:30 15m break LONG stop range to 15:55 days NOTWIDE",485,1413,2.91,36.9,1.11,0.89,1665,3,455,3621,7.96,37.4,1.13,0.93,4721,-440,10,1546,296,-360,3687,295
MGC,ORB2,"ORB2 09:30 15m opening-candle direction LONG stop range to 15:55 days NOTWIDE",342,439,1.28,34.2,1.04,0.30,1146,2,311,-3623,-11.65,33.4,0.84,-1.12,5472,-373,-151,750,213,-281,-444,-2898
MGC,ORB2,"ORB2 09:30 15m break SHORT stop range to 15:55 days NOTWIDE",481,75,0.16,37.0,1.01,0.05,1438,2,443,-3404,-7.68,35.7,0.88,-0.92,6350,165,-618,599,-71,-70,-3139,-195
MGC,ORB2,"ORB2 09:30 15m opening-candle direction SHORT stop range to 15:55 days NOTWIDE",318,-1839,-5.78,31.8,0.82,-1.45,2680,1,282,-7549,-26.77,30.1,0.66,-2.62,8589,141,-433,-752,-796,-1464,-2224,-3861
MGC,ORB2,"ORB2 09:30 15m break BOTH stop range to 15:55 days NOTWIDE",669,1151,1.72,35.9,1.06,0.61,1566,2,598,-4003,-6.69,35.5,0.90,-0.92,5579,73,-486,1917,-354,-1378,251,-2876
MGC,ORB2,"ORB2 09:30 15m opening-candle direction BOTH stop range to 15:55 days NOTWIDE",660,-1400,-2.12,33.0,0.93,-0.73,2064,0,593,-11171,-18.84,31.9,0.75,-2.58,12498,-232,-583,-2,-583,-1746,-2668,-6758
MGC,ORB2,"ORB2 09:30 15m break LONG stop range to 15:55 days NONEWS",499,427,0.86,37.5,1.03,0.26,1705,1,462,2461,5.33,38.3,1.08,0.61,5716,-617,-334,1702,-324,-464,4999,-2074
MGC,ORB2,"ORB2 09:30 15m opening-candle direction LONG stop range to 15:55 days NONEWS",360,-600,-1.67,34.2,0.95,-0.40,1364,1,317,-5868,-18.51,34.4,0.78,-1.62,8045,-398,-683,862,-380,-196,246,-5917
MGC,ORB2,"ORB2 09:30 15m break SHORT stop range to 15:55 days NONEWS",492,480,0.98,38.2,1.04,0.31,1221,2,448,-5028,-11.22,35.5,0.84,-1.23,7374,-99,-738,1230,87,-524,-2767,-1737
MGC,ORB2,"ORB2 09:30 15m opening-candle direction SHORT stop range to 15:55 days NONEWS",334,-1585,-4.75,33.5,0.85,-1.14,2246,1,293,-9222,-31.48,30.4,0.61,-3.17,9957,156,-792,-3,-947,-1725,-2599,-4898
MGC,ORB2,"ORB2 09:30 15m break BOTH stop range to 15:55 days NONEWS",701,1597,2.28,37.5,1.08,0.79,1516,1,613,-7703,-12.57,35.4,0.83,-1.64,9035,-250,-1008,3134,-279,-2154,1434,-6983
MGC,ORB2,"ORB2 09:30 15m opening-candle direction BOTH stop range to 15:55 days NONEWS",694,-2185,-3.15,33.9,0.90,-1.07,2531,1,610,-15090,-24.74,32.5,0.70,-3.25,15903,-242,-1475,859,-1327,-1921,-2353,-10815
MGC,ORB2,"ORB2 09:30 15m break LONG stop range 2R days ALL",539,-493,-0.91,39.9,0.97,-0.35,1787,2,496,-1724,-3.48,40.3,0.95,-0.48,4880,-523,153,619,-742,232,1300,-3255
MGC,ORB2,"ORB2 09:30 15m opening-candle direction LONG stop range 2R days ALL",380,-1424,-3.75,37.6,0.88,-1.08,2177,0,343,-8157,-23.78,36.7,0.71,-2.48,10034,-224,-133,-146,-921,654,-1913,-6898
MGC,ORB2,"ORB2 09:30 15m break SHORT stop range 2R days ALL",534,-58,-0.11,40.4,1.00,-0.04,1007,1,485,-2080,-4.29,39.4,0.94,-0.53,4426,-231,-485,1191,-533,-714,-766,-599
MGC,ORB2,"ORB2 09:30 15m opening-candle direction SHORT stop range 2R days ALL",370,-1698,-4.59,35.7,0.86,-1.21,2257,2,316,-6260,-19.81,33.2,0.75,-1.84,7388,67,-424,65,-1406,-1865,-1190,-3205
MGC,ORB2,"ORB2 09:30 15m break BOTH stop range 2R days ALL",757,-111,-0.15,39.8,0.99,-0.06,1834,1,662,-6308,-9.53,39.1,0.87,-1.41,7723,-269,-193,1581,-1229,-1189,415,-5533
MGC,ORB2,"ORB2 09:30 15m opening-candle direction BOTH stop range 2R days ALL",750,-3122,-4.16,36.7,0.87,-1.63,4022,0,659,-14417,-21.88,35.1,0.73,-3.05,15959,-157,-556,-81,-2327,-1211,-3104,-10102
MGC,ORB2,"ORB2 09:30 15m break LONG stop range 2R days NARROW",175,-240,-1.37,34.9,0.94,-0.37,917,1,176,161,0.92,35.2,1.02,0.09,2042,-167,-278,410,-205,-486,1018,-371
MGC,ORB2,"ORB2 09:30 15m opening-candle direction LONG stop range 2R days NARROW",111,390,3.52,39.6,1.16,0.72,497,3,111,-1111,-10.01,30.6,0.84,-0.73,2021,115,132,149,-5,-456,-160,-495
MGC,ORB2,"ORB2 09:30 15m break SHORT stop range 2R days NARROW",176,-572,-3.25,33.0,0.86,-0.89,770,1,178,1136,6.38,38.2,1.12,0.59,1435,-155,-387,493,-523,-360,387,1108
MGC,ORB2,"ORB2 09:30 15m opening-candle direction SHORT stop range 2R days NARROW",104,-419,-4.03,34.6,0.84,-0.83,677,1,108,120,1.11,35.2,1.02,0.08,977,2,-113,-48,-261,-291,154,257
MGC,ORB2,"ORB2 09:30 15m break BOTH stop range 2R days NARROW",222,-238,-1.07,35.1,0.95,-0.32,780,1,221,1349,6.10,37.6,1.11,0.61,1384,-103,-513,995,-617,-1051,1508,892
MGC,ORB2,"ORB2 09:30 15m opening-candle direction BOTH stop range 2R days NARROW",215,-29,-0.13,37.2,0.99,-0.04,782,3,219,-991,-4.53,32.9,0.93,-0.45,2159,117,19,101,-266,-747,-6,-238
MGC,ORB2,"ORB2 09:30 15m break LONG stop range 2R days NOTWIDE",485,-242,-0.50,39.0,0.98,-0.19,1522,2,455,1446,3.18,40.2,1.05,0.44,3155,-505,477,443,-658,141,1369,-63
MGC,ORB2,"ORB2 09:30 15m opening-candle direction LONG stop range 2R days NOTWIDE",342,-710,-2.07,37.4,0.93,-0.62,1458,1,311,-4226,-13.59,37.0,0.81,-1.55,5693,-290,179,-178,-421,292,-1823,-2695
MGC,ORB2,"ORB2 09:30 15m break SHORT stop range 2R days NOTWIDE",481,335,0.70,40.7,1.03,0.26,1063,2,443,-1321,-2.98,39.1,0.95,-0.40,3398,159,-428,931,-327,-375,-1482,536
MGC,ORB2,"ORB2 09:30 15m opening-candle direction SHORT stop range 2R days NOTWIDE",318,-1245,-3.92,36.5,0.87,-1.10,1660,0,282,-7972,-28.27,32.3,0.64,-3.01,9217,0,-215,-88,-943,-1528,-2694,-3750
MGC,ORB2,"ORB2 09:30 15m break BOTH stop range 2R days NOTWIDE",669,570,0.85,39.5,1.03,0.36,1641,3,598,-2706,-4.53,39.0,0.93,-0.70,4065,20,189,1174,-814,-1034,-179,-1493
MGC,ORB2,"ORB2 09:30 15m opening-candle direction BOTH stop range 2R days NOTWIDE",660,-1955,-2.96,37.0,0.90,-1.21,2772,0,593,-12197,-20.57,34.7,0.72,-3.21,13945,-290,-35,-266,-1364,-1237,-4517,-6444
MGC,ORB2,"ORB2 09:30 15m break LONG stop range 2R days NONEWS",499,-1147,-2.30,39.1,0.91,-0.86,1590,2,462,-263,-0.57,40.7,0.99,-0.08,4644,-619,89,409,-1026,232,2223,-2718
MGC,ORB2,"ORB2 09:30 15m opening-candle direction LONG stop range 2R days NONEWS",360,-1364,-3.79,37.2,0.88,-1.07,1976,1,317,-7152,-22.56,36.6,0.72,-2.25,8809,-256,-251,9,-865,336,-1487,-6000
MGC,ORB2,"ORB2 09:30 15m break SHORT stop range 2R days NONEWS",492,216,0.44,41.1,1.02,0.15,1014,1,448,-2606,-5.82,38.8,0.92,-0.70,4416,-181,-487,1091,-207,-759,-1034,-813
MGC,ORB2,"ORB2 09:30 15m opening-candle direction SHORT stop range 2R days NONEWS",334,-1222,-3.66,37.1,0.88,-0.95,1705,2,293,-7585,-25.89,32.1,0.68,-2.37,8535,181,-571,261,-1094,-1610,-2036,-3939
MGC,ORB2,"ORB2 09:30 15m break BOTH stop range 2R days NONEWS",701,318,0.45,40.4,1.02,0.18,1445,1,613,-6668,-10.88,38.5,0.85,-1.56,7589,-316,-418,1819,-767,-1545,570,-5693
MGC,ORB2,"ORB2 09:30 15m opening-candle direction BOTH stop range 2R days NONEWS",694,-2586,-3.73,37.2,0.88,-1.42,3424,1,610,-14737,-24.16,34.4,0.70,-3.27,16013,-75,-822,270,-1959,-1274,-3523,-9939
MGC,ORB2,"ORB2 09:30 15m break LONG stop range 4R days ALL",539,674,1.25,38.4,1.05,0.42,1912,1,496,348,0.70,37.7,1.01,0.08,6195,-423,-249,1399,-53,-432,3688,-2907
MGC,ORB2,"ORB2 09:30 15m opening-candle direction LONG stop range 4R days ALL",380,-829,-2.18,35.0,0.93,-0.57,1593,1,343,-8423,-24.56,33.5,0.71,-2.33,9667,-268,-640,650,-571,-149,-1024,-7250
MGC,ORB2,"ORB2 09:30 15m break SHORT stop range 4R days ALL",534,-320,-0.60,37.3,0.98,-0.20,1516,1,485,-2710,-5.59,36.7,0.92,-0.62,5528,-368,-671,804,-85,-212,-1780,-717
MGC,ORB2,"ORB2 09:30 15m opening-candle direction SHORT stop range 4R days ALL",370,-2578,-6.97,31.6,0.79,-1.77,3133,0,316,-7079,-22.40,31.6,0.72,-2.19,8039,-33,-853,-615,-1077,-1716,-992,-4371
MGC,ORB2,"ORB2 09:30 15m break BOTH stop range 4R days ALL",757,-206,-0.27,37.0,0.99,-0.10,1821,1,662,-6509,-9.83,36.1,0.87,-1.31,8666,-336,-974,1837,-732,-1364,805,-5949
MGC,ORB2,"ORB2 09:30 15m opening-candle direction BOTH stop range 4R days ALL",750,-3407,-4.54,33.3,0.86,-1.65,3820,1,659,-15502,-23.52,32.6,0.71,-3.20,16645,-301,-1492,35,-1648,-1865,-2017,-11620
MGC,ORB2,"ORB2 09:30 15m break LONG stop range 4R days NARROW",175,251,1.43,30.9,1.06,0.30,1030,2,176,383,2.18,29.5,1.04,0.17,3124,-164,-527,716,226,-651,1853,-819
MGC,ORB2,"ORB2 09:30 15m opening-candle direction LONG stop range 4R days NARROW",111,398,3.59,33.3,1.15,0.61,510,3,111,-1394,-12.56,23.4,0.82,-0.71,3016,25,-207,542,39,-613,150,-931
MGC,ORB2,"ORB2 09:30 15m break SHORT stop range 4R days NARROW",176,-545,-3.10,27.3,0.88,-0.70,874,1,178,-516,-2.90,32.6,0.95,-0.25,1760,-59,-322,182,-346,-394,-100,-23
MGC,ORB2,"ORB2 09:30 15m opening-candle direction SHORT stop range 4R days NARROW",104,-785,-7.55,26.0,0.72,-1.38,1139,1,108,-41,-0.38,30.6,0.99,-0.02,1302,68,-20,-579,-255,-391,389,-39
MGC,ORB2,"ORB2 09:30 15m break BOTH stop range 4R days NARROW",222,82,0.37,28.8,1.01,0.09,867,1,221,856,3.87,30.8,1.06,0.32,2760,-34,-744,1259,-399,-1127,1989,-6
MGC,ORB2,"ORB2 09:30 15m opening-candle direction BOTH stop range 4R days NARROW",215,-387,-1.80,29.8,0.93,-0.44,780,1,219,-1435,-6.55,26.9,0.90,-0.55,3579,93,-227,-37,-216,-1004,539,-970
MGC,ORB2,"ORB2 09:30 15m break LONG stop range 4R days NOTWIDE",485,928,1.91,37.3,1.07,0.63,1578,3,455,3306,7.27,37.4,1.12,0.86,4721,-411,75,1182,81,-557,3579,285
MGC,ORB2,"ORB2 09:30 15m opening-candle direction LONG stop range 4R days NOTWIDE",342,122,0.36,34.8,1.01,0.09,1111,1,311,-4409,-14.18,33.4,0.80,-1.41,5594,-348,-152,693,-71,-562,-800,-3047
MGC,ORB2,"ORB2 09:30 15m break SHORT stop range 4R days NOTWIDE",481,321,0.67,37.2,1.02,0.22,1261,3,443,-1921,-4.34,36.1,0.93,-0.50,4859,22,-443,621,121,127,-2466,418
MGC,ORB2,"ORB2 09:30 15m opening-candle direction SHORT stop range 4R days NOTWIDE",318,-1603,-5.04,32.1,0.84,-1.27,2382,1,282,-7381,-26.17,30.5,0.67,-2.58,8443,66,-323,-733,-614,-1254,-2188,-3939
MGC,ORB2,"ORB2 09:30 15m break BOTH stop range 4R days NOTWIDE",669,684,1.02,36.3,1.04,0.38,1559,1,598,-3089,-5.17,35.6,0.92,-0.70,4766,-53,-482,1466,-248,-1243,63,-1909
MGC,ORB2,"ORB2 09:30 15m opening-candle direction BOTH stop range 4R days NOTWIDE",660,-1481,-2.24,33.5,0.93,-0.80,2231,0,593,-11789,-19.88,32.0,0.74,-2.78,13118,-282,-474,-40,-685,-1817,-2988,-6985
MGC,ORB2,"ORB2 09:30 15m break LONG stop range 4R days NONEWS",499,-93,-0.19,37.9,0.99,-0.06,1618,1,462,2246,4.86,38.3,1.08,0.56,5716,-617,-269,1197,-404,-561,4891,-2084
MGC,ORB2,"ORB2 09:30 15m opening-candle direction LONG stop range 4R days NONEWS",360,-776,-2.16,34.7,0.93,-0.54,1361,1,317,-6549,-20.66,34.4,0.75,-1.85,8192,-398,-684,805,-498,-372,-110,-6066
MGC,ORB2,"ORB2 09:30 15m break SHORT stop range 4R days NONEWS",492,726,1.48,38.4,1.05,0.46,1187,2,448,-3494,-7.80,35.9,0.89,-0.83,5834,-242,-563,1252,279,-327,-2043,-1124
MGC,ORB2,"ORB2 09:30 15m opening-candle direction SHORT stop range 4R days NONEWS",334,-1349,-4.04,33.8,0.87,-0.97,1948,2,293,-8971,-30.62,30.7,0.62,-3.10,9728,81,-682,16,-765,-1515,-2480,-4976
MGC,ORB2,"ORB2 09:30 15m break BOTH stop range 4R days NONEWS",701,1025,1.46,37.9,1.05,0.53,1667,1,613,-6638,-10.83,35.6,0.85,-1.39,8153,-405,-1004,2607,-173,-1919,1297,-6016
MGC,ORB2,"ORB2 09:30 15m opening-candle direction BOTH stop range 4R days NONEWS",694,-2125,-3.06,34.3,0.90,-1.07,2532,1,610,-15520,-25.44,32.6,0.69,-3.40,16355,-317,-1366,821,-1263,-1887,-2590,-11042
MGC,ORB2,"ORB2 09:30 15m break LONG stop 0.10×ATR to 15:55 days ALL",539,-693,-1.28,16.0,0.92,-0.60,1630,1,496,-2520,-5.08,14.7,0.86,-0.93,4220,-338,-841,608,-121,-1147,1603,-2976
MGC,ORB2,"ORB2 09:30 15m opening-candle direction LONG stop 0.10×ATR to 15:55 days ALL",380,437,1.15,16.6,1.07,0.41,816,2,343,-3771,-10.99,11.7,0.72,-1.66,4040,-165,-501,826,278,-989,14,-2796
MGC,ORB2,"ORB2 09:30 15m break SHORT stop 0.10×ATR to 15:55 days ALL",534,-1594,-2.99,13.9,0.82,-1.50,1976,1,485,-6666,-13.74,11.3,0.63,-2.66,7018,-440,-937,443,-659,-1480,-3522,-1664
MGC,ORB2,"ORB2 09:30 15m opening-candle direction SHORT stop 0.10×ATR to 15:55 days ALL",370,-1036,-2.80,13.5,0.83,-1.11,1858,1,316,-4328,-13.70,11.1,0.63,-2.33,4804,344,-149,-550,-681,-1358,-838,-2133
MGC,ORB2,"ORB2 09:30 15m break BOTH stop 0.10×ATR to 15:55 days ALL",757,-1788,-2.36,13.9,0.85,-1.33,2866,1,662,-7440,-11.24,12.5,0.70,-2.53,7611,-515,-1498,1071,-846,-1681,-1175,-4584
MGC,ORB2,"ORB2 09:30 15m opening-candle direction BOTH stop 0.10×ATR to 15:55 days ALL",750,-599,-0.80,15.1,0.95,-0.42,1774,2,659,-8099,-12.29,11.4,0.68,-2.77,8611,179,-651,276,-403,-2347,-824,-4929
MGC,ORB2,"ORB2 09:30 15m break LONG stop 0.10×ATR to 15:55 days NARROW",175,206,1.18,16.0,1.07,0.27,697,2,176,1246,7.08,18.8,1.18,0.65,1807,-174,-355,578,158,-285,2194,-664
MGC,ORB2,"ORB2 09:30 15m opening-candle direction LONG stop 0.10×ATR to 15:55 days NARROW",111,853,7.68,19.8,1.49,1.18,281,2,111,733,6.60,15.3,1.16,0.40,1853,-57,-180,1077,13,-302,765,269
MGC,ORB2,"ORB2 09:30 15m break SHORT stop 0.10×ATR to 15:55 days NARROW",176,-400,-2.27,16.5,0.86,-0.64,751,1,178,-3299,-18.53,14.6,0.54,-2.85,3715,-128,-330,284,-226,-681,-1518,-1100
MGC,ORB2,"ORB2 09:30 15m opening-candle direction SHORT stop 0.10×ATR to 15:55 days NARROW",104,-596,-5.73,13.5,0.67,-1.22,1025,2,108,-1418,-13.13,13.9,0.68,-1.22,1820,264,110,-533,-437,-552,-649,-218
MGC,ORB2,"ORB2 09:30 15m break BOTH stop 0.10×ATR to 15:55 days NARROW",222,323,1.45,17.1,1.09,0.39,851,1,221,-76,-0.34,18.1,0.99,-0.04,1537,-191,-466,1254,-274,-470,1105,-711
MGC,ORB2,"ORB2 09:30 15m opening-candle direction BOTH stop 0.10×ATR to 15:55 days NARROW",215,257,1.20,16.7,1.07,0.29,487,2,219,-686,-3.13,14.6,0.92,-0.31,2532,207,-69,544,-424,-854,116,52
MGC,ORB2,"ORB2 09:30 15m break LONG stop 0.10×ATR to 15:55 days NOTWIDE",485,-873,-1.80,15.7,0.89,-0.83,1780,2,455,-1239,-2.72,15.6,0.93,-0.46,3517,-447,-936,382,127,-816,1851,-2273
MGC,ORB2,"ORB2 09:30 15m opening-candle direction LONG stop 0.10×ATR to 15:55 days NOTWIDE",342,634,1.85,17.0,1.12,0.61,893,2,311,-3304,-10.62,11.6,0.73,-1.49,3415,-279,-490,964,440,-957,68,-2414
MGC,ORB2,"ORB2 09:30 15m break SHORT stop 0.10×ATR to 15:55 days NOTWIDE",481,-1168,-2.43,14.6,0.85,-1.15,1683,1,443,-6309,-14.24,11.5,0.62,-2.73,7001,-343,-793,572,-604,-1276,-4146,-887
MGC,ORB2,"ORB2 09:30 15m opening-candle direction SHORT stop 0.10×ATR to 15:55 days NOTWIDE",318,-768,-2.41,14.2,0.85,-0.88,1525,2,282,-4072,-14.44,11.7,0.62,-2.39,4585,336,19,-435,-688,-1084,-1151,-1837
MGC,ORB2,"ORB2 09:30 15m break BOTH stop 0.10×ATR to 15:55 days NOTWIDE",669,-1803,-2.70,13.8,0.84,-1.47,2811,1,598,-6410,-10.72,13.2,0.71,-2.31,6599,-557,-1526,937,-656,-1230,-1647,-3533
MGC,ORB2,"ORB2 09:30 15m opening-candle direction BOTH stop 0.10×ATR to 15:55 days NOTWIDE",660,-133,-0.20,15.6,0.99,-0.10,1356,2,593,-7376,-12.44,11.6,0.67,-2.64,7853,57,-471,528,-248,-2041,-1083,-4251
MGC,ORB2,"ORB2 09:30 15m break LONG stop 0.10×ATR to 15:55 days NONEWS",499,-1004,-2.01,15.8,0.87,-0.94,1578,1,462,-1731,-3.75,15.2,0.90,-0.66,3930,-323,-768,368,-280,-1213,2169,-2686
MGC,ORB2,"ORB2 09:30 15m opening-candle direction LONG stop 0.10×ATR to 15:55 days NONEWS",360,761,2.11,17.2,1.14,0.71,809,2,317,-2916,-9.20,12.3,0.76,-1.30,3100,-132,-471,919,445,-1103,387,-2199
MGC,ORB2,"ORB2 09:30 15m break SHORT stop 0.10×ATR to 15:55 days NONEWS",492,-1077,-2.19,14.6,0.86,-1.04,1848,1,448,-6670,-14.89,11.2,0.60,-2.81,6907,-387,-953,740,-477,-1448,-3173,-2050
MGC,ORB2,"ORB2 09:30 15m opening-candle direction SHORT stop 0.10×ATR to 15:55 days NONEWS",334,-767,-2.30,14.1,0.86,-0.86,1421,1,293,-4827,-16.47,10.9,0.56,-2.95,5378,380,-239,-292,-616,-1163,-1199,-2465
MGC,ORB2,"ORB2 09:30 15m break BOTH stop 0.10×ATR to 15:55 days NONEWS",701,-1029,-1.47,14.7,0.91,-0.78,2609,1,613,-7644,-12.47,12.2,0.67,-2.74,7890,-446,-1417,1382,-548,-1845,-793,-5007
MGC,ORB2,"ORB2 09:30 15m opening-candle direction BOTH stop 0.10×ATR to 15:55 days NONEWS",694,-7,-0.01,15.7,1.00,0.00,1602,2,610,-7743,-12.69,11.6,0.67,-2.79,8258,248,-711,627,-171,-2267,-812,-4665
MGC,ORB2,"ORB2 09:30 15m break LONG stop 0.10×ATR 2R days ALL",539,-2016,-3.74,30.6,0.71,-3.74,2062,0,496,-2463,-4.97,31.0,0.83,-1.69,2564,-225,-391,-609,-790,-970,825,-2318
MGC,ORB2,"ORB2 09:30 15m opening-candle direction LONG stop 0.10×ATR 2R days ALL",380,-1021,-2.69,32.6,0.79,-2.21,1373,1,343,-2432,-7.09,29.2,0.77,-1.97,2489,-211,-708,-119,16,-781,-568,-1083
MGC,ORB2,"ORB2 09:30 15m break SHORT stop 0.10×ATR 2R days ALL",534,-2084,-3.90,29.8,0.70,-3.87,2146,0,485,-4602,-9.49,26.8,0.69,-3.36,4854,-342,-833,-361,-547,-1471,-2028,-1103
MGC,ORB2,"ORB2 09:30 15m opening-candle direction SHORT stop 0.10×ATR 2R days ALL",370,-643,-1.74,33.8,0.86,-1.38,1077,2,316,-1892,-5.99,31.3,0.79,-1.70,2760,72,52,-451,-316,-758,-952,-182
MGC,ORB2,"ORB2 09:30 15m break BOTH stop 0.10×ATR 2R days ALL",757,-2787,-3.68,30.5,0.72,-4.35,2833,0,662,-5332,-8.05,28.9,0.74,-3.24,5584,-463,-1029,-403,-892,-1490,-1165,-2677
MGC,ORB2,"ORB2 09:30 15m opening-candle direction BOTH stop 0.10×ATR 2R days ALL",750,-1664,-2.22,33.2,0.82,-2.54,1891,0,659,-4324,-6.56,30.2,0.78,-2.60,4709,-139,-656,-570,-299,-1539,-1520,-1265
MGC,ORB2,"ORB2 09:30 15m break LONG stop 0.10×ATR 2R days NARROW",175,-589,-3.37,30.9,0.75,-1.78,623,0,176,-70,-0.40,34.1,0.99,-0.07,797,-113,-20,-215,-242,-280,323,-113
MGC,ORB2,"ORB2 09:30 15m opening-candle direction LONG stop 0.10×ATR 2R days NARROW",111,-19,-0.17,37.8,0.99,-0.07,209,2,111,-320,-2.89,32.4,0.91,-0.40,564,-28,14,99,-103,-273,62,-109
MGC,ORB2,"ORB2 09:30 15m break SHORT stop 0.10×ATR 2R days NARROW",176,-790,-4.49,29.5,0.68,-2.44,858,0,178,-1161,-6.52,28.7,0.80,-1.20,2075,-37,-355,-138,-260,-693,-941,473
MGC,ORB2,"ORB2 09:30 15m opening-candle direction SHORT stop 0.10×ATR 2R days NARROW",104,50,0.48,38.5,1.04,0.19,280,2,108,-272,-2.52,32.4,0.92,-0.36,1196,43,-68,-92,167,-288,-570,586
MGC,ORB2,"ORB2 09:30 15m break BOTH stop 0.10×ATR 2R days NARROW",222,-442,-1.99,34.2,0.85,-1.17,550,1,221,-66,-0.30,34.4,0.99,-0.06,1698,-78,-245,11,-130,-587,-72,593
MGC,ORB2,"ORB2 09:30 15m opening-candle direction BOTH stop 0.10×ATR 2R days NARROW",215,32,0.15,38.1,1.01,0.08,341,3,219,-592,-2.70,32.4,0.92,-0.54,1628,14,-53,7,64,-561,-508,477
MGC,ORB2,"ORB2 09:30 15m break LONG stop 0.10×ATR 2R days NOTWIDE",485,-1733,-3.57,30.9,0.73,-3.35,1780,0,455,-1691,-3.72,32.1,0.87,-1.19,2134,-203,-417,-478,-636,-715,964,-1940
MGC,ORB2,"ORB2 09:30 15m opening-candle direction LONG stop 0.10×ATR 2R days NOTWIDE",342,-926,-2.71,32.7,0.79,-2.11,1314,1,311,-2367,-7.61,28.3,0.76,-2.02,2396,-241,-612,-158,84,-782,-567,-1017
MGC,ORB2,"ORB2 09:30 15m break SHORT stop 0.10×ATR 2R days NOTWIDE",481,-1812,-3.77,30.1,0.72,-3.50,1885,0,443,-4210,-9.50,26.4,0.69,-3.23,4583,-283,-672,-380,-477,-1471,-2129,-610
MGC,ORB2,"ORB2 09:30 15m opening-candle direction SHORT stop 0.10×ATR 2R days NOTWIDE",318,-532,-1.67,33.6,0.87,-1.21,907,2,282,-2038,-7.23,30.9,0.76,-1.94,2896,14,115,-453,-208,-659,-961,-419
MGC,ORB2,"ORB2 09:30 15m break BOTH stop 0.10×ATR 2R days NOTWIDE",669,-2277,-3.40,31.1,0.74,-3.72,2324,0,598,-4206,-7.03,29.4,0.77,-2.65,4798,-412,-936,-271,-658,-1318,-1097,-1792
MGC,ORB2,"ORB2 09:30 15m opening-candle direction BOTH stop 0.10×ATR 2R days NOTWIDE",660,-1459,-2.21,33.2,0.83,-2.35,1694,0,593,-4405,-7.43,29.5,0.76,-2.80,4756,-227,-497,-611,-124,-1441,-1528,-1436
MGC,ORB2,"ORB2 09:30 15m break LONG stop 0.10×ATR 2R days NONEWS",499,-2146,-4.30,29.7,0.68,-4.19,2193,0,462,-2067,-4.47,31.4,0.85,-1.48,2274,-210,-425,-686,-825,-990,939,-2017
MGC,ORB2,"ORB2 09:30 15m opening-candle direction LONG stop 0.10×ATR 2R days NONEWS",360,-794,-2.21,33.6,0.82,-1.75,1257,1,317,-2587,-8.16,28.4,0.74,-2.20,2617,-178,-683,-26,93,-859,-534,-1194
MGC,ORB2,"ORB2 09:30 15m break SHORT stop 0.10×ATR 2R days NONEWS",492,-1675,-3.40,30.9,0.74,-3.22,1736,0,448,-4239,-9.46,26.6,0.69,-3.19,4548,-288,-711,-230,-445,-1380,-1705,-1154
MGC,ORB2,"ORB2 09:30 15m opening-candle direction SHORT stop 0.10×ATR 2R days NONEWS",334,-787,-2.36,32.6,0.81,-1.80,1091,1,293,-1906,-6.51,30.7,0.78,-1.78,2644,55,-11,-386,-444,-766,-906,-235
MGC,ORB2,"ORB2 09:30 15m break BOTH stop 0.10×ATR 2R days NONEWS",701,-2353,-3.36,31.2,0.74,-3.79,2400,0,613,-5278,-8.61,28.2,0.72,-3.34,5457,-394,-934,-274,-751,-1548,-976,-2754
MGC,ORB2,"ORB2 09:30 15m opening-candle direction BOTH stop 0.10×ATR 2R days NONEWS",694,-1581,-2.28,33.1,0.82,-2.51,1729,0,610,-4493,-7.37,29.5,0.76,-2.82,4947,-123,-694,-412,-352,-1625,-1439,-1429
MGC,ORB2,"ORB2 09:30 15m break LONG stop 0.10×ATR 4R days ALL",539,-1484,-2.75,20.4,0.82,-1.96,1621,0,496,-3980,-8.02,18.5,0.77,-2.10,4096,-372,-584,-227,-301,-981,355,-3354
MGC,ORB2,"ORB2 09:30 15m opening-candle direction LONG stop 0.10×ATR 4R days ALL",380,-403,-1.06,22.6,0.93,-0.61,1046,2,343,-4323,-12.60,15.7,0.66,-2.71,4462,-188,-587,140,232,-963,-1007,-2353
MGC,ORB2,"ORB2 09:30 15m break SHORT stop 0.10×ATR 4R days ALL",534,-2122,-3.97,18.7,0.74,-2.87,2216,0,485,-5579,-11.50,15.9,0.68,-3.04,5914,-360,-1119,-343,-300,-1397,-2913,-1269
MGC,ORB2,"ORB2 09:30 15m opening-candle direction SHORT stop 0.10×ATR 4R days ALL",370,-961,-2.60,20.3,0.83,-1.51,1249,1,316,-3574,-11.31,17.4,0.68,-2.51,4214,33,-262,-355,-377,-1214,-960,-1399
MGC,ORB2,"ORB2 09:30 15m break BOTH stop 0.10×ATR 4R days ALL",757,-2495,-3.30,19.3,0.78,-2.79,2574,0,662,-7742,-11.69,16.8,0.67,-3.65,7981,-496,-1152,-192,-655,-1420,-1758,-4563
MGC,ORB2,"ORB2 09:30 15m opening-candle direction BOTH stop 0.10×ATR 4R days ALL",750,-1363,-1.82,21.5,0.88,-1.49,1814,0,659,-7897,-11.98,16.5,0.67,-3.70,8376,-155,-849,-215,-145,-2177,-1967,-3753
MGC,ORB2,"ORB2 09:30 15m break LONG stop 0.10×ATR 4R days NARROW",175,-125,-0.72,21.7,0.95,-0.26,474,2,176,492,2.79,23.9,1.08,0.35,1261,-183,-212,238,31,-384,1022,-145
MGC,ORB2,"ORB2 09:30 15m opening-candle direction LONG stop 0.10×ATR 4R days NARROW",111,332,2.99,27.0,1.21,0.82,277,2,111,-463,-4.17,18.0,0.90,-0.40,1237,-19,57,320,-27,-429,132,-166
MGC,ORB2,"ORB2 09:30 15m break SHORT stop 0.10×ATR 4R days NARROW",176,-313,-1.78,21.6,0.89,-0.66,660,1,178,-1849,-10.39,16.9,0.74,-1.42,2234,-112,-304,250,-146,-687,-1370,207
MGC,ORB2,"ORB2 09:30 15m opening-candle direction SHORT stop 0.10×ATR 4R days NARROW",104,-320,-3.08,21.2,0.81,-0.91,565,1,108,-1180,-10.92,16.7,0.72,-1.17,1696,20,-88,-186,-66,-471,-591,-118
MGC,ORB2,"ORB2 09:30 15m break BOTH stop 0.10×ATR 4R days NARROW",222,226,1.02,24.3,1.07,0.40,527,1,221,-307,-1.39,21.7,0.96,-0.20,1330,-200,-286,757,-46,-581,126,149
MGC,ORB2,"ORB2 09:30 15m opening-candle direction BOTH stop 0.10×ATR 4R days NARROW",215,11,0.05,24.2,1.00,0.02,477,2,219,-1642,-7.50,17.4,0.81,-1.07,2141,1,-31,134,-92,-900,-459,-284
MGC,ORB2,"ORB2 09:30 15m break LONG stop 0.10×ATR 4R days NOTWIDE",485,-1331,-2.74,20.4,0.82,-1.83,1469,0,455,-2907,-6.39,19.3,0.82,-1.56,3041,-381,-719,-123,-109,-775,519,-2651
MGC,ORB2,"ORB2 09:30 15m opening-candle direction LONG stop 0.10×ATR 4R days NOTWIDE",342,-258,-0.75,23.1,0.95,-0.41,974,2,311,-4223,-13.58,15.4,0.64,-2.84,4338,-194,-523,165,295,-801,-1068,-2354
MGC,ORB2,"ORB2 09:30 15m break SHORT stop 0.10×ATR 4R days NOTWIDE",481,-1728,-3.59,19.3,0.77,-2.42,1838,0,443,-5329,-12.03,16.0,0.66,-3.10,5806,-263,-901,-214,-351,-1193,-3170,-965
MGC,ORB2,"ORB2 09:30 15m opening-candle direction SHORT stop 0.10×ATR 4R days NOTWIDE",318,-675,-2.12,21.1,0.86,-1.12,1093,1,282,-3508,-12.44,17.4,0.65,-2.63,4191,-42,70,-412,-292,-941,-1048,-1519
MGC,ORB2,"ORB2 09:30 15m break BOTH stop 0.10×ATR 4R days NOTWIDE",669,-2072,-3.10,19.6,0.80,-2.42,2151,1,598,-6522,-10.91,17.4,0.70,-3.19,6780,-438,-1146,3,-490,-1093,-1917,-3513
MGC,ORB2,"ORB2 09:30 15m opening-candle direction BOTH stop 0.10×ATR 4R days NOTWIDE",660,-933,-1.41,22.1,0.90,-1.07,1376,1,593,-7730,-13.04,16.4,0.64,-3.87,8259,-236,-453,-247,3,-1741,-2116,-3873
MGC,ORB2,"ORB2 09:30 15m break LONG stop 0.10×ATR 4R days NONEWS",499,-1737,-3.48,19.8,0.77,-2.44,1836,0,462,-3741,-8.10,18.6,0.77,-2.07,3875,-357,-490,-435,-455,-906,171,-3006
MGC,ORB2,"ORB2 09:30 15m opening-candle direction LONG stop 0.10×ATR 4R days NONEWS",360,-264,-0.73,23.1,0.95,-0.41,972,2,317,-3778,-11.92,15.8,0.68,-2.42,3868,-155,-592,233,249,-968,-1054,-1757
MGC,ORB2,"ORB2 09:30 15m break SHORT stop 0.10×ATR 4R days NONEWS",492,-1660,-3.37,19.5,0.78,-2.31,1806,0,448,-5222,-11.66,15.6,0.67,-2.93,5703,-306,-975,-207,-172,-1396,-2603,-1223
MGC,ORB2,"ORB2 09:30 15m opening-candle direction SHORT stop 0.10×ATR 4R days NONEWS",334,-899,-2.69,20.1,0.82,-1.49,1189,1,293,-3290,-11.23,17.4,0.68,-2.39,4006,69,-316,-341,-312,-1139,-910,-1241
MGC,ORB2,"ORB2 09:30 15m break BOTH stop 0.10×ATR 4R days NONEWS",701,-1966,-2.80,20.0,0.81,-2.25,2026,0,613,-7805,-12.73,16.2,0.65,-3.87,8119,-427,-983,-98,-457,-1474,-1836,-4496
MGC,ORB2,"ORB2 09:30 15m opening-candle direction BOTH stop 0.10×ATR 4R days NONEWS",694,-1164,-1.68,21.6,0.89,-1.31,1643,0,610,-7068,-11.59,16.6,0.68,-3.40,7623,-86,-908,-108,-62,-2107,-1964,-2997
MGC,ORB2,"ORB2 09:30 15m break LONG stop 0.15×ATR to 15:55 days ALL",539,908,1.68,25.2,1.09,0.64,1411,2,496,-1236,-2.49,22.0,0.95,-0.37,4886,-371,-694,1704,269,-1399,2991,-2828
MGC,ORB2,"ORB2 09:30 15m opening-candle direction LONG stop 0.15×ATR to 15:55 days ALL",380,321,0.85,22.1,1.04,0.26,1070,2,343,-4666,-13.60,19.0,0.74,-1.78,4998,-265,-307,765,128,-841,-673,-3153
MGC,ORB2,"ORB2 09:30 15m break SHORT stop 0.15×ATR to 15:55 days ALL",534,-703,-1.32,22.7,0.94,-0.55,1925,1,485,-1824,-3.76,21.0,0.92,-0.54,4785,-237,-1037,790,-219,-1065,-1525,767
MGC,ORB2,"ORB2 09:30 15m opening-candle direction SHORT stop 0.15×ATR to 15:55 days ALL",370,-1398,-3.78,18.6,0.83,-1.28,2018,1,316,-6252,-19.79,16.5,0.61,-2.92,6677,234,-298,-290,-1044,-1932,-1649,-2671
MGC,ORB2,"ORB2 09:30 15m break BOTH stop 0.15×ATR to 15:55 days ALL",757,216,0.29,22.5,1.01,0.13,1821,1,662,-4533,-6.85,20.7,0.86,-1.21,5618,-182,-1339,2202,-464,-1502,1237,-4268
MGC,ORB2,"ORB2 09:30 15m opening-candle direction BOTH stop 0.15×ATR to 15:55 days ALL",750,-1077,-1.44,20.4,0.93,-0.65,1641,1,659,-10918,-16.57,17.8,0.68,-3.23,11321,-31,-604,475,-916,-2773,-2322,-5824
MGC,ORB2,"ORB2 09:30 15m break LONG stop 0.15×ATR to 15:55 days NARROW",175,1383,7.90,27.4,1.39,1.42,853,2,176,990,5.63,25.0,1.11,0.44,2661,-224,-327,1445,489,-279,1982,-712
MGC,ORB2,"ORB2 09:30 15m opening-candle direction LONG stop 0.15×ATR to 15:55 days NARROW",111,932,8.40,25.2,1.40,1.12,460,2,111,-227,-2.05,18.9,0.96,-0.11,2662,-69,-165,904,262,-600,589,-216
MGC,ORB2,"ORB2 09:30 15m break SHORT stop 0.15×ATR to 15:55 days NARROW",176,-350,-1.99,22.7,0.91,-0.47,791,2,178,-335,-1.88,27.0,0.96,-0.17,1885,131,-429,318,-370,-524,-690,879
MGC,ORB2,"ORB2 09:30 15m opening-candle direction SHORT stop 0.15×ATR to 15:55 days NARROW",104,-999,-9.60,17.3,0.59,-1.88,1404,2,108,-1818,-16.84,21.3,0.69,-1.34,2261,248,77,-598,-725,-736,-616,-466
MGC,ORB2,"ORB2 09:30 15m break BOTH stop 0.15×ATR to 15:55 days NARROW",222,979,4.41,23.9,1.21,0.92,767,2,221,1232,5.57,26.7,1.11,0.49,2287,84,-661,2058,-503,-669,1696,204
MGC,ORB2,"ORB2 09:30 15m opening-candle direction BOTH stop 0.15×ATR to 15:55 days NARROW",215,-66,-0.31,21.4,0.99,-0.07,820,2,219,-2046,-9.34,20.1,0.83,-0.85,3237,179,-88,306,-463,-1336,-27,-682
MGC,ORB2,"ORB2 09:30 15m break LONG stop 0.15×ATR to 15:55 days NOTWIDE",485,844,1.74,25.2,1.09,0.63,1375,2,455,657,1.44,23.3,1.03,0.20,4149,-458,-732,1500,534,-924,3369,-1788
MGC,ORB2,"ORB2 09:30 15m opening-candle direction LONG stop 0.15×ATR to 15:55 days NOTWIDE",342,679,1.99,22.8,1.10,0.56,904,2,311,-3812,-12.26,19.3,0.76,-1.50,4326,-356,-291,962,364,-715,-662,-2436
MGC,ORB2,"ORB2 09:30 15m break SHORT stop 0.15×ATR to 15:55 days NOTWIDE",481,-267,-0.55,23.5,0.97,-0.22,1745,1,443,-2080,-4.70,21.4,0.90,-0.67,4880,-99,-914,926,-180,-864,-2471,1255
MGC,ORB2,"ORB2 09:30 15m opening-candle direction SHORT stop 0.15×ATR to 15:55 days NOTWIDE",318,-1029,-3.24,19.5,0.85,-1.01,1626,1,282,-5437,-19.28,17.7,0.62,-2.72,5914,246,-139,-171,-965,-1539,-1665,-2234
MGC,ORB2,"ORB2 09:30 15m break BOTH stop 0.15×ATR to 15:55 days NOTWIDE",669,267,0.40,22.6,1.02,0.17,1735,1,598,-3102,-5.19,21.9,0.89,-0.87,4882,-174,-1363,2126,-321,-945,554,-2712
MGC,ORB2,"ORB2 09:30 15m opening-candle direction BOTH stop 0.15×ATR to 15:55 days NOTWIDE",660,-350,-0.53,21.2,0.98,-0.22,1359,1,593,-9249,-15.60,18.5,0.70,-2.86,9660,-110,-430,790,-600,-2254,-2326,-4669
MGC,ORB2,"ORB2 09:30 15m break LONG stop 0.15×ATR to 15:55 days NONEWS",499,697,1.40,25.3,1.07,0.52,1208,2,462,-161,-0.35,22.5,0.99,-0.05,4297,-350,-622,1473,196,-1645,3701,-2217
MGC,ORB2,"ORB2 09:30 15m opening-candle direction LONG stop 0.15×ATR to 15:55 days NONEWS",360,434,1.21,22.8,1.06,0.37,887,2,317,-3734,-11.78,19.6,0.77,-1.45,4011,-218,-254,898,9,-982,-127,-2625
MGC,ORB2,"ORB2 09:30 15m break SHORT stop 0.15×ATR to 15:55 days NONEWS",492,-396,-0.81,23.0,0.96,-0.32,2005,1,448,-2121,-4.74,20.8,0.90,-0.66,4936,-230,-1232,1104,-38,-942,-1680,501
MGC,ORB2,"ORB2 09:30 15m opening-candle direction SHORT stop 0.15×ATR to 15:55 days NONEWS",334,-1037,-3.10,19.5,0.86,-1.00,1513,2,293,-6739,-23.00,16.4,0.55,-3.51,7274,285,-471,78,-930,-1651,-1876,-3211
MGC,ORB2,"ORB2 09:30 15m break BOTH stop 0.15×ATR to 15:55 days NONEWS",701,915,1.31,23.1,1.06,0.56,1943,1,613,-4488,-7.32,20.7,0.85,-1.25,5552,-154,-1490,2653,-94,-1812,1621,-4297
MGC,ORB2,"ORB2 09:30 15m opening-candle direction BOTH stop 0.15×ATR to 15:55 days NONEWS",694,-603,-0.87,21.2,0.96,-0.38,1413,2,610,-10473,-17.17,18.0,0.67,-3.26,10951,67,-725,976,-920,-2633,-2004,-5836
MGC,ORB2,"ORB2 09:30 15m break LONG stop 0.15×ATR 2R days ALL",539,-273,-0.51,35.6,0.97,-0.33,931,1,496,-2541,-5.12,32.1,0.88,-1.18,2927,-229,-151,288,-180,-1132,527,-1937
MGC,ORB2,"ORB2 09:30 15m opening-candle direction LONG stop 0.15×ATR 2R days ALL",380,-1262,-3.32,32.4,0.82,-1.85,1496,0,343,-4729,-13.79,28.9,0.71,-2.67,4817,-312,-577,-142,-231,-986,-1090,-2652
MGC,ORB2,"ORB2 09:30 15m break SHORT stop 0.15×ATR 2R days ALL",534,-535,-1.00,35.4,0.94,-0.65,960,1,485,-1043,-2.15,33.6,0.95,-0.49,2888,-236,-458,618,-460,-290,-1389,635
MGC,ORB2,"ORB2 09:30 15m opening-candle direction SHORT stop 0.15×ATR 2R days ALL",370,-1358,-3.67,31.4,0.80,-2.02,1494,2,316,-4532,-14.34,28.5,0.68,-2.83,5045,52,-413,33,-1030,-1051,-1884,-1597
MGC,ORB2,"ORB2 09:30 15m break BOTH stop 0.15×ATR 2R days ALL",757,-627,-0.83,35.5,0.95,-0.64,956,1,662,-3681,-5.56,32.5,0.87,-1.47,4177,-281,-420,711,-637,-1107,-929,-1646
MGC,ORB2,"ORB2 09:30 15m opening-candle direction BOTH stop 0.15×ATR 2R days ALL",750,-2620,-3.49,31.9,0.81,-2.74,2799,0,659,-9260,-14.05,28.7,0.69,-3.88,9558,-260,-990,-109,-1261,-2037,-2974,-4249
MGC,ORB2,"ORB2 09:30 15m break LONG stop 0.15×ATR 2R days NARROW",175,121,0.69,36.6,1.04,0.24,653,1,176,-503,-2.86,34.7,0.94,-0.35,1612,-160,-5,325,-38,-313,493,-682
MGC,ORB2,"ORB2 09:30 15m opening-candle direction LONG stop 0.15×ATR 2R days NARROW",111,-75,-0.68,36.0,0.96,-0.19,383,2,111,-1081,-9.74,30.6,0.81,-0.92,1498,-46,58,100,-188,-703,260,-638
MGC,ORB2,"ORB2 09:30 15m break SHORT stop 0.15×ATR 2R days NARROW",176,-345,-1.96,34.1,0.89,-0.69,636,2,178,822,4.62,37.1,1.11,0.55,1061,24,-259,372,-483,-407,-386,1614
MGC,ORB2,"ORB2 09:30 15m opening-candle direction SHORT stop 0.15×ATR 2R days NARROW",104,-274,-2.63,34.6,0.86,-0.71,604,2,108,-1379,-12.77,30.6,0.74,-1.28,1958,-11,33,55,-351,-440,-379,-560
MGC,ORB2,"ORB2 09:30 15m break BOTH stop 0.15×ATR 2R days NARROW",222,168,0.76,37.4,1.04,0.29,576,1,221,750,3.39,37.1,1.08,0.44,1022,-40,-173,861,-480,-739,174,1315
MGC,ORB2,"ORB2 09:30 15m opening-candle direction BOTH stop 0.15×ATR 2R days NARROW",215,-349,-1.62,35.3,0.91,-0.63,783,2,219,-2460,-11.23,30.6,0.78,-1.55,2733,-56,91,155,-539,-1144,-118,-1198
MGC,ORB2,"ORB2 09:30 15m break LONG stop 0.15×ATR 2R days NOTWIDE",485,-100,-0.21,35.9,0.99,-0.13,863,1,455,-2237,-4.92,32.5,0.88,-1.08,2607,-201,-265,412,-45,-840,526,-1923
MGC,ORB2,"ORB2 09:30 15m opening-candle direction LONG stop 0.15×ATR 2R days NOTWIDE",342,-896,-2.62,33.3,0.85,-1.37,1215,0,311,-4382,-14.09,28.9,0.70,-2.62,4494,-279,-435,-108,-74,-821,-993,-2567
MGC,ORB2,"ORB2 09:30 15m break SHORT stop 0.15×ATR 2R days NOTWIDE",481,-472,-0.98,35.6,0.94,-0.60,795,1,443,-1179,-2.66,33.6,0.93,-0.58,2711,-163,-334,514,-489,-159,-1740,720
MGC,ORB2,"ORB2 09:30 15m opening-candle direction SHORT stop 0.15×ATR 2R days NOTWIDE",318,-1095,-3.44,31.8,0.81,-1.72,1364,1,282,-3858,-13.68,29.4,0.70,-2.51,4416,-39,-170,74,-960,-763,-1563,-1532
MGC,ORB2,"ORB2 09:30 15m break BOTH stop 0.15×ATR 2R days NOTWIDE",669,-370,-0.55,35.9,0.97,-0.40,825,1,598,-3207,-5.36,33.1,0.87,-1.35,3703,-223,-400,822,-568,-803,-921,-1483
MGC,ORB2,"ORB2 09:30 15m opening-candle direction BOTH stop 0.15×ATR 2R days NOTWIDE",660,-1991,-3.02,32.6,0.84,-2.18,2203,0,593,-8239,-13.89,29.2,0.70,-3.63,8609,-319,-604,-35,-1034,-1584,-2556,-4099
MGC,ORB2,"ORB2 09:30 15m break LONG stop 0.15×ATR 2R days NONEWS",499,-576,-1.16,34.9,0.93,-0.73,862,1,462,-2253,-4.88,32.0,0.88,-1.09,2563,-208,-276,156,-249,-1091,585,-1747
MGC,ORB2,"ORB2 09:30 15m opening-candle direction LONG stop 0.15×ATR 2R days NONEWS",360,-1170,-3.25,32.5,0.82,-1.76,1337,0,317,-4713,-14.87,28.4,0.68,-2.80,4797,-265,-611,-9,-285,-956,-1190,-2567
MGC,ORB2,"ORB2 09:30 15m break SHORT stop 0.15×ATR 2R days NONEWS",492,-298,-0.61,35.8,0.96,-0.37,956,1,448,-788,-1.76,33.7,0.96,-0.38,2647,-228,-481,761,-350,-165,-1185,562
MGC,ORB2,"ORB2 09:30 15m opening-candle direction SHORT stop 0.15×ATR 2R days NONEWS",334,-1381,-4.13,30.8,0.78,-2.18,1502,2,293,-4378,-14.94,28.0,0.67,-2.84,5002,24,-491,47,-962,-1072,-1642,-1664
MGC,ORB2,"ORB2 09:30 15m break BOTH stop 0.15×ATR 2R days NONEWS",701,-227,-0.32,36.1,0.98,-0.24,983,1,613,-3396,-5.54,32.1,0.87,-1.41,3886,-251,-550,980,-406,-1127,-766,-1503
MGC,ORB2,"ORB2 09:30 15m opening-candle direction BOTH stop 0.15×ATR 2R days NONEWS",694,-2551,-3.68,31.7,0.80,-2.78,2740,1,610,-9091,-14.90,28.2,0.68,-3.98,9499,-241,-1102,39,-1247,-2029,-2832,-4231
MGC,ORB2,"ORB2 09:30 15m break LONG stop 0.15×ATR 4R days ALL",539,-316,-0.59,26.9,0.97,-0.30,1242,2,496,-2405,-4.85,24.0,0.90,-0.86,5326,-453,-493,413,216,-846,1696,-3255
MGC,ORB2,"ORB2 09:30 15m opening-candle direction LONG stop 0.15×ATR 4R days ALL",380,-405,-1.07,24.7,0.95,-0.43,924,1,343,-4662,-13.59,20.7,0.74,-2.02,4896,-265,-217,516,-440,-778,-981,-2903
MGC,ORB2,"ORB2 09:30 15m break SHORT stop 0.15×ATR 4R days ALL",534,-1137,-2.13,24.5,0.89,-1.06,1747,1,485,-3029,-6.25,22.3,0.87,-1.12,4014,-303,-962,426,-298,-1061,-1445,-523
MGC,ORB2,"ORB2 09:30 15m opening-candle direction SHORT stop 0.15×ATR 4R days ALL",370,-937,-2.53,21.6,0.88,-1.01,1358,2,316,-6387,-20.21,18.0,0.60,-3.43,6880,74,26,-67,-970,-2132,-1544,-2711
MGC,ORB2,"ORB2 09:30 15m break BOTH stop 0.15×ATR 4R days ALL",757,-1189,-1.57,24.6,0.92,-0.93,1582,1,662,-5258,-7.94,22.5,0.84,-1.66,6051,-426,-913,772,-622,-998,202,-4462
MGC,ORB2,"ORB2 09:30 15m opening-candle direction BOTH stop 0.15×ATR 4R days ALL",750,-1343,-1.79,23.2,0.91,-1.02,1928,1,659,-11049,-16.77,19.4,0.67,-3.72,11507,-191,-191,449,-1410,-2910,-2525,-5614
MGC,ORB2,"ORB2 09:30 15m break LONG stop 0.15×ATR 4R days NARROW",175,687,3.93,29.7,1.20,0.99,738,2,176,-319,-1.81,25.6,0.97,-0.17,2680,-224,-239,696,454,-324,1246,-1241
MGC,ORB2,"ORB2 09:30 15m opening-candle direction LONG stop 0.15×ATR 4R days NARROW",111,227,2.05,27.9,1.10,0.42,455,1,111,-1195,-10.76,19.8,0.81,-0.75,2379,-76,0,436,-133,-645,124,-674
MGC,ORB2,"ORB2 09:30 15m break SHORT stop 0.15×ATR 4R days NARROW",176,-395,-2.24,24.4,0.89,-0.62,625,1,178,154,0.87,29.2,1.02,0.09,1723,-19,-437,429,-368,-368,-236,758
MGC,ORB2,"ORB2 09:30 15m opening-candle direction SHORT stop 0.15×ATR 4R days NARROW",104,-664,-6.39,20.2,0.72,-1.39,819,1,108,-1821,-16.86,22.2,0.69,-1.47,2291,34,-21,-345,-333,-662,-372,-787
MGC,ORB2,"ORB2 09:30 15m break BOTH stop 0.15×ATR 4R days NARROW",222,203,0.91,26.6,1.04,0.26,767,1,221,610,2.76,28.1,1.05,0.28,1768,-114,-553,1384,-514,-653,1242,21
MGC,ORB2,"ORB2 09:30 15m opening-candle direction BOTH stop 0.15×ATR 4R days NARROW",215,-437,-2.03,24.2,0.91,-0.60,766,1,219,-3016,-13.77,21.0,0.75,-1.50,3514,-42,-21,91,-465,-1308,-247,-1461
MGC,ORB2,"ORB2 09:30 15m break LONG stop 0.15×ATR 4R days NOTWIDE",485,-377,-0.78,26.4,0.96,-0.37,1260,2,455,-2036,-4.47,24.4,0.90,-0.76,4589,-471,-692,511,275,-675,1563,-2924
MGC,ORB2,"ORB2 09:30 15m opening-candle direction LONG stop 0.15×ATR 4R days NOTWIDE",342,-297,-0.87,24.9,0.96,-0.33,931,1,311,-4692,-15.09,20.6,0.71,-2.19,4914,-279,-182,442,-277,-548,-1226,-2917
MGC,ORB2,"ORB2 09:30 15m break SHORT stop 0.15×ATR 4R days NOTWIDE",481,-706,-1.47,25.4,0.93,-0.68,1286,1,443,-2412,-5.45,22.8,0.88,-0.93,3444,-165,-651,562,-452,-945,-1640,172
MGC,ORB2,"ORB2 09:30 15m opening-candle direction SHORT stop 0.15×ATR 4R days NOTWIDE",318,-629,-1.98,22.3,0.91,-0.71,1275,2,282,-6183,-21.92,18.4,0.57,-3.61,6727,-43,271,4,-860,-1739,-1548,-2895
MGC,ORB2,"ORB2 09:30 15m break BOTH stop 0.15×ATR 4R days NOTWIDE",669,-1026,-1.53,24.5,0.92,-0.84,1385,1,598,-4243,-7.09,23.2,0.85,-1.40,5269,-349,-911,998,-764,-830,203,-3616
MGC,ORB2,"ORB2 09:30 15m opening-candle direction BOTH stop 0.15×ATR 4R days NOTWIDE",660,-925,-1.40,23.6,0.93,-0.74,1612,2,593,-10874,-18.34,19.6,0.64,-3.97,11374,-322,88,446,-1137,-2287,-2774,-5813
MGC,ORB2,"ORB2 09:30 15m break LONG stop 0.15×ATR 4R days NONEWS",499,-648,-1.30,26.5,0.93,-0.64,1112,2,462,-1252,-2.71,24.5,0.94,-0.46,4736,-431,-507,210,80,-913,2406,-2745
MGC,ORB2,"ORB2 09:30 15m opening-candle direction LONG stop 0.15×ATR 4R days NONEWS",360,-266,-0.74,25.0,0.96,-0.29,893,1,317,-3558,-11.22,21.5,0.78,-1.56,3732,-218,-274,649,-424,-748,-435,-2375
MGC,ORB2,"ORB2 09:30 15m break SHORT stop 0.15×ATR 4R days NONEWS",492,-1156,-2.35,24.4,0.88,-1.13,1875,1,448,-2952,-6.59,22.1,0.86,-1.13,4142,-340,-1078,500,-238,-891,-1484,-577
MGC,ORB2,"ORB2 09:30 15m opening-candle direction SHORT stop 0.15×ATR 4R days NONEWS",334,-853,-2.55,21.9,0.88,-0.97,1387,1,293,-6241,-21.30,18.1,0.58,-3.55,6843,125,-51,-47,-880,-1852,-1479,-2911
MGC,ORB2,"ORB2 09:30 15m break BOTH stop 0.15×ATR 4R days NONEWS",701,-943,-1.34,24.8,0.93,-0.76,1781,1,613,-4762,-7.77,22.5,0.84,-1.56,5786,-441,-1138,1005,-368,-1082,701,-4381
MGC,ORB2,"ORB2 09:30 15m opening-candle direction BOTH stop 0.15×ATR 4R days NONEWS",694,-1120,-1.61,23.5,0.92,-0.88,1755,1,610,-9799,-16.06,19.8,0.68,-3.40,10366,-93,-325,602,-1304,-2599,-1914,-5286
MGC,ORB2,"ORB2 09:30 15m break LONG stop 0.25×ATR to 15:55 days ALL",539,196,0.36,34.1,1.01,0.12,1819,2,496,-926,-1.87,33.1,0.97,-0.23,5290,-382,-323,837,64,-850,2305,-2381
MGC,ORB2,"ORB2 09:30 15m opening-candle direction LONG stop 0.25×ATR to 15:55 days ALL",380,-105,-0.28,31.6,0.99,-0.07,1688,1,343,-7379,-21.51,28.0,0.71,-2.36,7775,-309,-36,626,-387,-330,-2434,-4615
MGC,ORB2,"ORB2 09:30 15m break SHORT stop 0.25×ATR to 15:55 days ALL",534,66,0.12,35.4,1.00,0.04,1862,2,485,-1008,-2.08,33.0,0.97,-0.25,3827,-92,-821,573,405,540,-2319,770
MGC,ORB2,"ORB2 09:30 15m opening-candle direction SHORT stop 0.25×ATR to 15:55 days ALL",370,-1437,-3.88,29.5,0.87,-1.06,2179,1,316,-2890,-9.15,29.4,0.86,-0.89,3904,203,-660,-106,-874,-1582,-226,-1082
MGC,ORB2,"ORB2 09:30 15m break BOTH stop 0.25×ATR to 15:55 days ALL",757,280,0.37,33.2,1.01,0.14,1874,2,662,-4654,-7.03,32.0,0.89,-1.01,7438,59,-799,1167,-147,-907,697,-4444
MGC,ORB2,"ORB2 09:30 15m opening-candle direction BOTH stop 0.25×ATR to 15:55 days ALL",750,-1543,-2.06,30.5,0.93,-0.78,2269,1,659,-10270,-15.58,28.7,0.78,-2.28,11102,-106,-696,520,-1261,-1912,-2660,-5697
MGC,ORB2,"ORB2 09:30 15m break LONG stop 0.25×ATR to 15:55 days NARROW",175,561,3.20,33.7,1.11,0.52,1134,2,176,-6,-0.04,33.5,1.00,0.00,3178,-238,-557,913,442,-531,1697,-1172
MGC,ORB2,"ORB2 09:30 15m opening-candle direction LONG stop 0.25×ATR to 15:55 days NARROW",111,443,3.99,32.4,1.14,0.49,760,2,111,-1524,-13.73,27.9,0.83,-0.69,3941,-73,-212,605,124,-193,119,-1450
MGC,ORB2,"ORB2 09:30 15m break SHORT stop 0.25×ATR to 15:55 days NARROW",176,-238,-1.35,35.2,0.95,-0.27,973,2,178,819,4.60,37.6,1.07,0.30,2091,88,-303,70,-92,-28,-673,1520
MGC,ORB2,"ORB2 09:30 15m opening-candle direction SHORT stop 0.25×ATR to 15:55 days NARROW",104,-893,-8.59,32.7,0.71,-1.38,1354,2,108,1443,13.37,36.1,1.21,0.63,1553,223,126,-612,-630,-617,64,1996
MGC,ORB2,"ORB2 09:30 15m break BOTH stop 0.25×ATR to 15:55 days NARROW",222,626,2.82,33.3,1.10,0.53,816,2,221,2177,9.85,36.2,1.15,0.68,3598,88,-592,1477,-347,-639,1944,872
MGC,ORB2,"ORB2 09:30 15m opening-candle direction BOTH stop 0.25×ATR to 15:55 days NARROW",215,-450,-2.09,32.6,0.93,-0.41,1080,1,219,-80,-0.37,32.0,0.99,-0.03,3869,150,-86,-7,-506,-810,183,547
MGC,ORB2,"ORB2 09:30 15m break LONG stop 0.25×ATR to 15:55 days NOTWIDE",485,461,0.95,34.4,1.04,0.30,1584,2,455,1265,2.78,34.3,1.04,0.33,4565,-426,-395,754,528,-363,2591,-963
MGC,ORB2,"ORB2 09:30 15m opening-candle direction LONG stop 0.25×ATR to 15:55 days NOTWIDE",342,416,1.22,32.5,1.04,0.30,1419,1,311,-5602,-18.01,28.9,0.75,-1.85,6097,-353,-40,815,-5,-277,-2097,-3227
MGC,ORB2,"ORB2 09:30 15m break SHORT stop 0.25×ATR to 15:55 days NOTWIDE",481,408,0.85,36.2,1.03,0.28,1714,3,443,-1210,-2.73,33.9,0.96,-0.31,4314,52,-776,828,304,896,-3076,970
MGC,ORB2,"ORB2 09:30 15m opening-candle direction SHORT stop 0.25×ATR to 15:55 days NOTWIDE",318,-1109,-3.49,31.1,0.88,-0.91,1982,1,282,-2778,-9.85,30.9,0.85,-0.92,4116,254,-259,-324,-781,-1126,-1293,-360
MGC,ORB2,"ORB2 09:30 15m break BOTH stop 0.25×ATR to 15:55 days NOTWIDE",669,625,0.93,33.5,1.03,0.34,1624,3,598,-2941,-4.92,33.3,0.92,-0.67,6524,91,-820,1312,42,-254,-81,-2605
MGC,ORB2,"ORB2 09:30 15m opening-candle direction BOTH stop 0.25×ATR to 15:55 days NOTWIDE",660,-693,-1.05,31.8,0.96,-0.38,1946,1,593,-8380,-14.13,29.8,0.80,-1.96,9268,-99,-298,491,-786,-1403,-3390,-3587
MGC,ORB2,"ORB2 09:30 15m break LONG stop 0.25×ATR to 15:55 days NONEWS",499,-131,-0.26,34.3,0.99,-0.09,1495,1,462,602,1.30,33.5,1.02,0.16,4589,-547,-251,709,-42,-1172,3479,-1704
MGC,ORB2,"ORB2 09:30 15m opening-candle direction LONG stop 0.25×ATR to 15:55 days NONEWS",360,-155,-0.43,31.7,0.98,-0.11,1396,1,317,-6140,-19.37,28.4,0.73,-2.00,6253,-438,-99,765,-384,-703,-1543,-3894
MGC,ORB2,"ORB2 09:30 15m break SHORT stop 0.25×ATR to 15:55 days NONEWS",492,597,1.21,36.2,1.05,0.41,1792,2,448,-1850,-4.13,32.4,0.94,-0.47,4370,-55,-867,961,557,2,-2563,711
MGC,ORB2,"ORB2 09:30 15m opening-candle direction SHORT stop 0.25×ATR to 15:55 days NONEWS",334,-554,-1.66,31.4,0.94,-0.43,1226,2,293,-5178,-17.67,28.7,0.74,-1.77,5791,284,-662,484,-661,-1454,-1831,-1894
MGC,ORB2,"ORB2 09:30 15m break BOTH stop 0.25×ATR to 15:55 days NONEWS",701,1248,1.78,34.1,1.07,0.66,1628,2,613,-5419,-8.84,31.3,0.87,-1.22,7332,-68,-870,1900,286,-2068,1107,-4458
MGC,ORB2,"ORB2 09:30 15m opening-candle direction BOTH stop 0.25×ATR to 15:55 days NONEWS",694,-709,-1.02,31.6,0.96,-0.38,1920,1,610,-11318,-18.55,28.5,0.74,-2.67,11764,-153,-760,1249,-1044,-2157,-3374,-5788
MGC,ORB2,"ORB2 09:30 15m break LONG stop 0.25×ATR 2R days ALL",539,-363,-0.67,38.6,0.97,-0.29,1502,2,496,-2909,-5.86,36.3,0.90,-0.90,4789,-598,319,216,-299,-368,784,-3325
MGC,ORB2,"ORB2 09:30 15m opening-candle direction LONG stop 0.25×ATR 2R days ALL",380,-438,-1.15,36.6,0.96,-0.40,1143,2,343,-6877,-20.05,32.1,0.71,-2.57,7504,-466,84,259,-316,-345,-2871,-3662
MGC,ORB2,"ORB2 09:30 15m break SHORT stop 0.25×ATR 2R days ALL",534,223,0.42,39.7,1.02,0.18,1352,2,485,-965,-1.99,36.3,0.97,-0.29,3333,-138,-583,602,343,-397,-1296,728
MGC,ORB2,"ORB2 09:30 15m opening-candle direction SHORT stop 0.25×ATR 2R days ALL",370,-1445,-3.90,34.6,0.86,-1.36,1733,2,316,-3920,-12.41,32.0,0.81,-1.47,4892,32,-444,210,-1244,-1514,-1063,-1343
MGC,ORB2,"ORB2 09:30 15m break BOTH stop 0.25×ATR 2R days ALL",757,456,0.60,38.8,1.02,0.30,1312,2,662,-4781,-7.22,35.2,0.89,-1.25,5882,-265,251,684,-214,-1102,-516,-3162
MGC,ORB2,"ORB2 09:30 15m opening-candle direction BOTH stop 0.25×ATR 2R days ALL",750,-1883,-2.51,35.6,0.91,-1.24,2143,1,659,-10797,-16.38,32.0,0.76,-2.86,11570,-434,-359,470,-1560,-1859,-3934,-5004
MGC,ORB2,"ORB2 09:30 15m break LONG stop 0.25×ATR 2R days NARROW",175,-216,-1.24,37.1,0.95,-0.28,800,2,176,-716,-4.07,36.4,0.94,-0.34,2446,-238,-362,184,200,-531,803,-988
MGC,ORB2,"ORB2 09:30 15m opening-candle direction LONG stop 0.25×ATR 2R days NARROW",111,5,0.05,36.9,1.00,0.01,592,2,111,-1650,-14.86,32.4,0.80,-0.94,2953,-94,-45,92,52,-116,-420,-1113
MGC,ORB2,"ORB2 09:30 15m break SHORT stop 0.25×ATR 2R days NARROW",176,-34,-0.19,39.2,0.99,-0.05,658,2,178,432,2.42,39.9,1.04,0.20,2020,-6,-353,211,113,-125,-147,703
MGC,ORB2,"ORB2 09:30 15m opening-candle direction SHORT stop 0.25×ATR 2R days NARROW",104,-185,-1.77,39.4,0.93,-0.31,553,1,108,978,9.05,37.0,1.14,0.53,1240,-6,145,-15,-309,-520,295,1203
MGC,ORB2,"ORB2 09:30 15m break BOTH stop 0.25×ATR 2R days NARROW",222,138,0.62,38.7,1.02,0.16,653,1,221,1195,5.41,38.9,1.08,0.47,1849,-38,-481,694,-37,-846,1152,889
MGC,ORB2,"ORB2 09:30 15m opening-candle direction BOTH stop 0.25×ATR 2R days NARROW",215,-179,-0.83,38.1,0.97,-0.21,858,2,219,-672,-3.07,34.7,0.96,-0.26,2687,-100,101,78,-257,-637,-125,89
MGC,ORB2,"ORB2 09:30 15m break LONG stop 0.25×ATR 2R days NOTWIDE",485,-450,-0.93,38.1,0.96,-0.38,1333,2,455,-2249,-4.94,36.7,0.92,-0.72,4048,-558,58,177,-128,-84,452,-2618
MGC,ORB2,"ORB2 09:30 15m opening-candle direction LONG stop 0.25×ATR 2R days NOTWIDE",342,-292,-0.85,36.8,0.97,-0.28,1082,2,311,-5753,-18.50,32.8,0.73,-2.28,6423,-418,124,175,-174,-94,-2710,-2949
MGC,ORB2,"ORB2 09:30 15m break SHORT stop 0.25×ATR 2R days NOTWIDE",481,524,1.09,40.5,1.04,0.43,1107,2,443,-2810,-6.34,36.3,0.90,-0.93,3184,-19,-417,856,104,-104,-1727,-980
MGC,ORB2,"ORB2 09:30 15m opening-candle direction SHORT stop 0.25×ATR 2R days NOTWIDE",318,-841,-2.64,36.2,0.90,-0.84,1496,2,282,-3868,-13.71,32.6,0.79,-1.54,5056,-32,40,201,-1049,-1058,-1568,-1242
MGC,ORB2,"ORB2 09:30 15m break BOTH stop 0.25×ATR 2R days NOTWIDE",669,510,0.76,38.9,1.03,0.35,1320,2,598,-5417,-9.06,35.5,0.86,-1.52,5937,-174,151,874,-341,-715,-1160,-3541
MGC,ORB2,"ORB2 09:30 15m opening-candle direction BOTH stop 0.25×ATR 2R days NOTWIDE",660,-1133,-1.72,36.5,0.94,-0.78,1801,2,593,-9620,-16.22,32.7,0.76,-2.70,10651,-451,165,376,-1223,-1152,-4277,-4191
MGC,ORB2,"ORB2 09:30 15m break LONG stop 0.25×ATR 2R days NONEWS",499,-722,-1.45,38.1,0.94,-0.61,1402,2,462,-1882,-4.07,36.6,0.93,-0.60,4607,-659,368,63,-494,-651,1958,-3189
MGC,ORB2,"ORB2 09:30 15m opening-candle direction LONG stop 0.25×ATR 2R days NONEWS",360,-547,-1.52,36.1,0.94,-0.52,1069,1,317,-6617,-20.87,31.5,0.70,-2.56,6967,-486,-51,398,-407,-746,-2412,-3459
MGC,ORB2,"ORB2 09:30 15m break SHORT stop 0.25×ATR 2R days NONEWS",492,196,0.40,39.8,1.02,0.16,1361,2,448,-617,-1.38,35.9,0.98,-0.19,3387,-130,-504,491,340,-346,-1261,991
MGC,ORB2,"ORB2 09:30 15m opening-candle direction SHORT stop 0.25×ATR 2R days NONEWS",334,-1007,-3.01,35.6,0.89,-1.00,1552,2,293,-4475,-15.27,31.4,0.77,-1.77,5430,114,-304,226,-1043,-1241,-1689,-1544
MGC,ORB2,"ORB2 09:30 15m break BOTH stop 0.25×ATR 2R days NONEWS",701,646,0.92,39.1,1.04,0.44,1417,2,613,-4859,-7.93,34.4,0.87,-1.32,5923,-317,201,885,-122,-1635,171,-3394
MGC,ORB2,"ORB2 09:30 15m opening-candle direction BOTH stop 0.25×ATR 2R days NONEWS",694,-1554,-2.24,35.9,0.92,-1.06,2014,1,610,-11092,-18.18,31.5,0.73,-3.07,11642,-373,-355,624,-1450,-1987,-4101,-5003
MGC,ORB2,"ORB2 09:30 15m break LONG stop 0.25×ATR 4R days ALL",539,37,0.07,34.7,1.00,0.02,1614,2,496,-1643,-3.31,33.3,0.95,-0.43,5221,-430,-94,514,48,-779,1942,-2806
MGC,ORB2,"ORB2 09:30 15m opening-candle direction LONG stop 0.25×ATR 4R days ALL",380,-329,-0.87,32.1,0.97,-0.25,1561,2,343,-7449,-21.72,28.3,0.70,-2.40,8084,-369,9,636,-605,-113,-2850,-4485
MGC,ORB2,"ORB2 09:30 15m break SHORT stop 0.25×ATR 4R days ALL",534,227,0.42,35.8,1.02,0.15,1821,2,485,-388,-0.80,33.2,0.99,-0.10,2942,-78,-774,703,376,207,-1794,1199
MGC,ORB2,"ORB2 09:30 15m opening-candle direction SHORT stop 0.25×ATR 4R days ALL",370,-1761,-4.76,29.7,0.84,-1.42,2301,1,316,-3376,-10.68,29.7,0.84,-1.10,4353,137,-722,-134,-1042,-1632,-378,-1366
MGC,ORB2,"ORB2 09:30 15m break BOTH stop 0.25×ATR 4R days ALL",757,103,0.14,33.7,1.01,0.06,1799,2,662,-4027,-6.08,32.3,0.91,-0.89,7326,25,-657,840,-106,-835,842,-4034
MGC,ORB2,"ORB2 09:30 15m opening-candle direction BOTH stop 0.25×ATR 4R days ALL",750,-2090,-2.79,30.9,0.90,-1.16,2551,1,659,-10824,-16.43,29.0,0.77,-2.48,11791,-232,-714,503,-1647,-1746,-3228,-5851
MGC,ORB2,"ORB2 09:30 15m break LONG stop 0.25×ATR 4R days NARROW",175,224,1.28,34.3,1.04,0.24,987,2,176,-34,-0.19,33.5,1.00,-0.01,3203,-238,-557,491,527,-563,1634,-1105
MGC,ORB2,"ORB2 09:30 15m opening-candle direction LONG stop 0.25×ATR 4R days NARROW",111,94,0.84,33.3,1.03,0.13,627,2,111,-1663,-14.98,27.9,0.81,-0.76,3941,-73,-212,285,93,-269,-6,-1388
MGC,ORB2,"ORB2 09:30 15m break SHORT stop 0.25×ATR 4R days NARROW",176,-173,-0.98,35.8,0.96,-0.21,842,1,178,923,5.18,38.2,1.08,0.36,2058,-51,-332,210,0,-96,-279,1298
MGC,ORB2,"ORB2 09:30 15m opening-candle direction SHORT stop 0.25×ATR 4R days NARROW",104,-872,-8.38,33.7,0.72,-1.46,1171,2,108,1705,15.79,37.0,1.25,0.77,1312,68,119,-429,-630,-579,507,1777
MGC,ORB2,"ORB2 09:30 15m break BOTH stop 0.25×ATR 4R days NARROW",222,386,1.74,34.2,1.06,0.36,791,1,221,2259,10.22,36.7,1.15,0.73,3566,-51,-654,1195,-103,-822,2276,805
MGC,ORB2,"ORB2 09:30 15m opening-candle direction BOTH stop 0.25×ATR 4R days NARROW",215,-778,-3.62,33.5,0.88,-0.82,1047,0,219,42,0.19,32.4,1.00,0.01,3870,-4,-93,-144,-537,-848,501,389
MGC,ORB2,"ORB2 09:30 15m break LONG stop 0.25×ATR 4R days NOTWIDE",485,-16,-0.03,34.6,1.00,-0.01,1435,2,455,487,1.07,34.5,1.02,0.13,4558,-467,-402,397,456,-257,2133,-1389
MGC,ORB2,"ORB2 09:30 15m opening-candle direction LONG stop 0.25×ATR 4R days NOTWIDE",342,-183,-0.54,32.7,0.98,-0.15,1292,1,311,-5731,-18.43,29.3,0.74,-1.92,6548,-399,-19,458,-224,-48,-2586,-3098
MGC,ORB2,"ORB2 09:30 15m break SHORT stop 0.25×ATR 4R days NOTWIDE",481,457,0.95,36.6,1.04,0.33,1672,2,443,-1387,-3.13,34.1,0.95,-0.38,3444,-25,-722,957,247,563,-2603,653
MGC,ORB2,"ORB2 09:30 15m opening-candle direction SHORT stop 0.25×ATR 4R days NOTWIDE",318,-1191,-3.75,31.4,0.87,-1.03,1852,1,282,-3059,-10.85,31.2,0.84,-1.06,4392,115,-257,-82,-968,-1293,-1124,-643
MGC,ORB2,"ORB2 09:30 15m break BOTH stop 0.25×ATR 4R days NOTWIDE",669,72,0.11,33.8,1.00,0.04,1863,2,598,-3170,-5.30,33.6,0.92,-0.75,6412,-27,-854,953,0,-148,-83,-2940
MGC,ORB2,"ORB2 09:30 15m opening-candle direction BOTH stop 0.25×ATR 4R days NOTWIDE",660,-1374,-2.08,32.1,0.93,-0.81,2093,1,593,-8791,-14.82,30.2,0.79,-2.12,9812,-284,-276,377,-1191,-1340,-3710,-3741
MGC,ORB2,"ORB2 09:30 15m break LONG stop 0.25×ATR 4R days NONEWS",499,-135,-0.27,34.9,0.99,-0.09,1290,2,462,29,0.06,33.8,1.00,0.01,4570,-554,-8,385,42,-956,3115,-2130
MGC,ORB2,"ORB2 09:30 15m opening-candle direction LONG stop 0.25×ATR 4R days NONEWS",360,-203,-0.56,32.2,0.98,-0.16,1269,1,317,-6169,-19.46,28.7,0.73,-2.03,6551,-452,-54,775,-472,-445,-1959,-3764
MGC,ORB2,"ORB2 09:30 15m break SHORT stop 0.25×ATR 4R days NONEWS",492,378,0.77,36.2,1.03,0.27,1704,2,448,-856,-1.91,32.6,0.97,-0.22,3387,-41,-760,723,456,-22,-2113,1279
MGC,ORB2,"ORB2 09:30 15m opening-candle direction SHORT stop 0.25×ATR 4R days NONEWS",334,-997,-2.98,31.4,0.89,-0.84,1507,2,293,-5532,-18.88,29.0,0.72,-2.00,6169,218,-660,274,-829,-1478,-1940,-2114
MGC,ORB2,"ORB2 09:30 15m break BOTH stop 0.25×ATR 4R days NONEWS",701,917,1.31,34.5,1.05,0.52,1552,2,613,-4274,-6.97,31.6,0.89,-0.97,7082,-61,-668,1391,256,-1542,1177,-3908
MGC,ORB2,"ORB2 09:30 15m opening-candle direction BOTH stop 0.25×ATR 4R days NONEWS",694,-1200,-1.73,31.8,0.94,-0.69,1910,1,610,-11700,-19.18,28.9,0.73,-2.85,12170,-234,-714,1049,-1301,-1923,-3899,-5878
MGC,ORB2,"ORB2 09:30 30m break LONG stop range to 15:55 days ALL",449,1049,2.34,44.5,1.08,0.65,1321,2,435,2091,4.81,45.7,1.07,0.51,3873,-444,-94,664,924,460,3905,-2274
MGC,ORB2,"ORB2 09:30 30m opening-candle direction LONG stop range to 15:55 days ALL",380,-12,-0.03,41.8,1.00,-0.01,1418,2,326,-2387,-7.32,43.3,0.91,-0.65,6099,-305,-752,1028,17,237,1521,-4145
MGC,ORB2,"ORB2 09:30 30m break SHORT stop range to 15:55 days ALL",439,-86,-0.20,42.6,0.99,-0.06,1826,2,410,-1034,-2.52,41.2,0.97,-0.23,5626,-405,-1007,1111,215,-862,-675,503
MGC,ORB2,"ORB2 09:30 30m opening-candle direction SHORT stop range to 15:55 days ALL",372,-1329,-3.57,41.1,0.89,-0.91,2245,2,335,760,2.27,39.4,1.03,0.18,3250,-526,-1231,299,130,-874,-715,2349
MGC,ORB2,"ORB2 09:30 30m break BOTH stop range to 15:55 days ALL",720,374,0.52,43.1,1.02,0.18,2018,2,651,-4271,-6.56,42.2,0.91,-0.84,7725,-738,-947,1484,576,-46,1396,-5621
MGC,ORB2,"ORB2 09:30 30m opening-candle direction BOTH stop range to 15:55 days ALL",752,-1341,-1.78,41.5,0.95,-0.60,3032,2,661,-1627,-2.46,41.3,0.97,-0.29,5865,-831,-1983,1327,147,-637,806,-1796
MGC,ORB2,"ORB2 09:30 30m break LONG stop range to 15:55 days NARROW",35,271,7.74,37.1,1.31,0.59,260,2,49,-807,-16.47,28.6,0.79,-0.67,1445,-91,70,-109,401,111,68,-986
MGC,ORB2,"ORB2 09:30 30m opening-candle direction LONG stop range to 15:55 days NARROW",21,422,20.10,47.6,1.97,1.26,159,3,28,-536,-19.16,32.1,0.77,-0.58,1189,24,184,-21,234,78,-29,-585
MGC,ORB2,"ORB2 09:30 30m break SHORT stop range to 15:55 days NARROW",41,-290,-7.07,26.8,0.74,-0.77,396,1,52,-1381,-26.55,38.5,0.64,-1.26,2265,-52,-154,46,-130,-53,500,-1828
MGC,ORB2,"ORB2 09:30 30m opening-candle direction SHORT stop range to 15:55 days NARROW",29,341,11.75,41.4,1.54,0.93,158,2,36,-80,-2.22,38.9,0.97,-0.07,1510,-84,-62,87,400,427,344,-851
MGC,ORB2,"ORB2 09:30 30m break BOTH stop range to 15:55 days NARROW",50,120,2.40,30.0,1.09,0.23,320,1,64,-1634,-25.53,32.8,0.68,-1.34,2698,-45,-62,-2,229,257,191,-2082
MGC,ORB2,"ORB2 09:30 30m opening-candle direction BOTH stop range to 15:55 days NARROW",50,763,15.26,44.0,1.71,1.55,197,3,64,-616,-9.63,35.9,0.87,-0.43,2222,-60,122,66,635,505,315,-1436
MGC,ORB2,"ORB2 09:30 30m break LONG stop range to 15:55 days NOTWIDE",328,1248,3.80,43.6,1.14,0.93,959,3,330,2612,7.92,42.7,1.13,0.76,2366,-232,85,135,1259,-372,3858,-873
MGC,ORB2,"ORB2 09:30 30m opening-candle direction LONG stop range to 15:55 days NOTWIDE",264,1306,4.95,42.8,1.17,0.96,936,2,239,283,1.18,41.8,1.02,0.09,4161,-262,-266,690,1144,151,1295,-1163
MGC,ORB2,"ORB2 09:30 30m break SHORT stop range to 15:55 days NOTWIDE",320,-1244,-3.89,39.7,0.86,-1.10,1745,2,311,-2327,-7.48,40.8,0.89,-0.71,3035,63,-1088,155,-374,-1266,-730,-331
MGC,ORB2,"ORB2 09:30 30m opening-candle direction SHORT stop range to 15:55 days NOTWIDE",243,-1223,-5.03,39.5,0.83,-1.20,2129,1,237,-2108,-8.89,37.1,0.88,-0.68,3770,-258,-1104,-240,379,-1022,-1486,401
MGC,ORB2,"ORB2 09:30 30m break BOTH stop range to 15:55 days NOTWIDE",508,-409,-0.81,40.9,0.97,-0.26,1575,2,475,-2702,-5.69,39.8,0.92,-0.69,5684,-180,-860,52,579,-1053,1517,-3165
MGC,ORB2,"ORB2 09:30 30m opening-candle direction BOTH stop range to 15:55 days NOTWIDE",507,82,0.16,41.2,1.01,0.05,2393,2,476,-1825,-3.83,39.5,0.95,-0.42,4601,-520,-1370,450,1522,-871,-191,-763
MGC,ORB2,"ORB2 09:30 30m break LONG stop range to 15:55 days NONEWS",411,335,0.82,44.5,1.03,0.22,1109,2,403,4221,10.47,47.1,1.17,1.05,3399,-597,-63,621,373,414,5058,-1251
MGC,ORB2,"ORB2 09:30 30m opening-candle direction LONG stop range to 15:55 days NONEWS",353,-33,-0.09,41.9,1.00,-0.02,1374,1,299,-857,-2.87,44.1,0.96,-0.24,5465,-411,-710,1224,-137,-113,2406,-3151
MGC,ORB2,"ORB2 09:30 30m break SHORT stop range to 15:55 days NONEWS",409,749,1.83,43.5,1.07,0.52,1395,2,373,-2247,-6.03,39.9,0.92,-0.52,6729,-230,-854,1378,455,-776,-1979,508
MGC,ORB2,"ORB2 09:30 30m opening-candle direction SHORT stop range to 15:55 days NONEWS",343,-125,-0.37,43.1,0.99,-0.09,1794,2,312,-2110,-6.76,37.5,0.92,-0.53,5781,-348,-1127,866,483,-1428,-2439,1757
MGC,ORB2,"ORB2 09:30 30m break BOTH stop range to 15:55 days NONEWS",667,887,1.33,43.9,1.05,0.46,1805,2,602,-3508,-5.83,42.2,0.92,-0.71,6864,-716,-757,1892,468,-346,2136,-5298
MGC,ORB2,"ORB2 09:30 30m opening-candle direction BOTH stop range to 15:55 days NONEWS",696,-159,-0.23,42.5,0.99,-0.07,2783,2,611,-2967,-4.86,40.8,0.94,-0.55,5208,-758,-1837,2090,346,-1541,-32,-1394
MGC,ORB2,"ORB2 09:30 30m break LONG stop range 2R days ALL",449,-431,-0.96,45.0,0.97,-0.31,1560,1,435,-394,-0.91,46.2,0.99,-0.11,4930,-454,-66,-46,136,1020,2675,-4089
MGC,ORB2,"ORB2 09:30 30m opening-candle direction LONG stop range 2R days ALL",380,-1743,-4.59,42.4,0.86,-1.23,1912,1,326,-3615,-11.09,44.5,0.86,-1.07,6361,-347,-759,302,-939,673,575,-4863
MGC,ORB2,"ORB2 09:30 30m break SHORT stop range 2R days ALL",439,588,1.34,44.2,1.05,0.39,1504,1,410,2263,5.52,42.2,1.08,0.52,3430,-283,-853,1727,-3,-665,880,2048
MGC,ORB2,"ORB2 09:30 30m opening-candle direction SHORT stop range 2R days ALL",372,-317,-0.85,42.7,0.97,-0.21,1913,1,335,803,2.40,39.4,1.03,0.20,3148,-448,-992,1180,-56,-1041,-71,1915
MGC,ORB2,"ORB2 09:30 30m break BOTH stop range 2R days ALL",720,-616,-0.86,43.9,0.97,-0.33,1846,1,651,-2636,-4.05,42.7,0.95,-0.52,6666,-674,-841,1494,-594,513,1589,-4738
MGC,ORB2,"ORB2 09:30 30m opening-candle direction BOTH stop range 2R days ALL",752,-2060,-2.74,42.6,0.92,-1.00,3024,1,661,-2812,-4.25,41.9,0.95,-0.54,5890,-795,-1751,1482,-995,-368,504,-2948
MGC,ORB2,"ORB2 09:30 30m break LONG stop range 2R days NARROW",35,-94,-2.69,37.1,0.89,-0.31,260,2,49,-1227,-25.05,28.6,0.68,-1.12,1741,-91,86,-134,45,-54,-85,-1088
MGC,ORB2,"ORB2 09:30 30m opening-candle direction LONG stop range 2R days NARROW",21,361,17.20,52.4,1.93,1.38,120,3,28,-155,-5.55,39.3,0.93,-0.17,714,24,180,-47,203,-113,108,-150
MGC,ORB2,"ORB2 09:30 30m break SHORT stop range 2R days NARROW",41,-185,-4.51,34.1,0.82,-0.58,331,3,52,493,9.49,44.2,1.15,0.41,828,38,4,19,-246,-107,490,110
MGC,ORB2,"ORB2 09:30 30m opening-candle direction SHORT stop range 2R days NARROW",29,490,16.89,51.7,1.89,1.58,122,3,36,-396,-10.99,38.9,0.85,-0.43,1016,-6,74,194,228,-14,-82,-300
MGC,ORB2,"ORB2 09:30 30m break BOTH stop range 2R days NARROW",50,-206,-4.12,34.0,0.84,-0.58,290,1,64,-995,-15.55,35.9,0.79,-0.80,1671,-47,57,-40,-176,38,179,-1212
MGC,ORB2,"ORB2 09:30 30m opening-candle direction BOTH stop range 2R days NARROW",50,851,17.02,52.0,1.90,2.11,197,4,64,-551,-8.61,39.1,0.88,-0.42,1236,18,254,147,432,-127,26,-450
MGC,ORB2,"ORB2 09:30 30m break LONG stop range 2R days NOTWIDE",328,-95,-0.29,44.2,0.99,-0.09,1196,2,330,324,0.98,43.3,1.02,0.11,3323,-242,56,-474,564,89,2519,-2283
MGC,ORB2,"ORB2 09:30 30m opening-candle direction LONG stop range 2R days NOTWIDE",264,-220,-0.83,43.6,0.97,-0.20,952,2,239,-1123,-4.70,43.1,0.93,-0.41,3813,-304,-300,99,285,289,469,-1881
MGC,ORB2,"ORB2 09:30 30m break SHORT stop range 2R days NOTWIDE",320,-879,-2.75,41.9,0.90,-0.82,1615,2,311,567,1.82,42.1,1.03,0.18,2525,185,-1025,534,-573,-966,177,1356
MGC,ORB2,"ORB2 09:30 30m opening-candle direction SHORT stop range 2R days NOTWIDE",243,-590,-2.43,42.0,0.92,-0.59,1505,2,237,-2559,-10.80,37.1,0.86,-0.91,4752,-180,-1087,447,230,-1305,-1562,309
MGC,ORB2,"ORB2 09:30 30m break BOTH stop range 2R days NOTWIDE",508,-1548,-3.05,42.1,0.89,-1.13,1623,0,475,-2383,-5.02,40.4,0.93,-0.63,4995,-116,-880,-74,-478,-709,1097,-2770
MGC,ORB2,"ORB2 09:30 30m opening-candle direction BOTH stop range 2R days NOTWIDE",507,-811,-1.60,42.8,0.95,-0.55,2167,2,476,-3682,-7.73,40.1,0.90,-0.94,4674,-484,-1387,546,514,-1016,-1093,-1573
MGC,ORB2,"ORB2 09:30 30m break LONG stop range 2R days NONEWS",411,-893,-2.17,45.0,0.92,-0.69,1348,0,403,1361,3.38,47.4,1.05,0.38,4456,-577,-6,-99,-212,635,3792,-3066
MGC,ORB2,"ORB2 09:30 30m opening-candle direction LONG stop range 2R days NONEWS",353,-1503,-4.26,42.5,0.87,-1.10,1613,1,299,-3146,-10.52,44.1,0.86,-0.98,5771,-406,-717,501,-882,-142,1252,-4257
MGC,ORB2,"ORB2 09:30 30m break SHORT stop range 2R days NONEWS",409,635,1.55,44.3,1.06,0.44,1253,2,373,1062,2.85,41.0,1.04,0.25,4089,-184,-700,1364,155,-558,-302,1922
MGC,ORB2,"ORB2 09:30 30m opening-candle direction SHORT stop range 2R days NONEWS",343,410,1.19,44.0,1.04,0.29,1579,2,312,-1242,-3.98,37.5,0.95,-0.33,4856,-270,-888,1261,306,-1180,-1387,1325
MGC,ORB2,"ORB2 09:30 30m break BOTH stop range 2R days NONEWS",667,-439,-0.66,44.4,0.98,-0.25,1679,1,602,-2313,-3.84,42.7,0.95,-0.48,5826,-698,-651,1406,-496,112,2121,-4546
MGC,ORB2,"ORB2 09:30 30m opening-candle direction BOTH stop range 2R days NONEWS",696,-1094,-1.57,43.2,0.95,-0.55,2668,1,611,-4388,-7.18,40.8,0.91,-0.88,5022,-675,-1605,1762,-576,-1322,-134,-2932
MGC,ORB2,"ORB2 09:30 30m break LONG stop range 4R days ALL",449,518,1.15,44.5,1.04,0.34,1322,2,435,2286,5.26,45.7,1.08,0.55,4073,-444,-90,276,777,433,3934,-2081
MGC,ORB2,"ORB2 09:30 30m opening-candle direction LONG stop range 4R days ALL",380,-584,-1.54,41.8,0.95,-0.37,1421,1,326,-2292,-7.03,43.3,0.91,-0.62,6099,-305,-755,558,-82,187,1504,-3983
MGC,ORB2,"ORB2 09:30 30m break SHORT stop range 4R days ALL",439,108,0.25,42.8,1.01,0.07,1870,2,410,-142,-0.35,41.2,1.00,-0.03,5012,-361,-1051,1316,204,-719,-355,932
MGC,ORB2,"ORB2 09:30 30m opening-candle direction SHORT stop range 4R days ALL",372,-1060,-2.85,41.4,0.91,-0.72,2279,2,335,703,2.10,39.4,1.03,0.17,3317,-526,-1277,548,196,-1223,-528,2454
MGC,ORB2,"ORB2 09:30 30m break BOTH stop range 4R days ALL",720,3,0.00,43.2,1.00,0.00,2058,2,651,-3383,-5.20,42.2,0.93,-0.65,7157,-694,-987,1276,409,17,1653,-5053
MGC,ORB2,"ORB2 09:30 30m opening-candle direction BOTH stop range 4R days ALL",752,-1644,-2.19,41.6,0.93,-0.76,3211,2,661,-1589,-2.40,41.3,0.97,-0.28,5865,-831,-2032,1106,114,-1036,976,-1529
MGC,ORB2,"ORB2 09:30 30m break LONG stop range 4R days NARROW",35,141,4.03,37.1,1.16,0.36,260,2,49,-935,-19.09,28.6,0.76,-0.80,1529,-91,74,-109,267,67,68,-1070
MGC,ORB2,"ORB2 09:30 30m opening-candle direction LONG stop range 4R days NARROW",21,396,18.87,47.6,1.91,1.22,159,3,28,-588,-21.01,32.1,0.74,-0.65,1189,24,181,-21,211,26,-29,-585
MGC,ORB2,"ORB2 09:30 30m break SHORT stop range 4R days NARROW",41,-96,-2.34,29.3,0.91,-0.24,271,1,52,-1217,-23.40,38.5,0.68,-1.05,2265,-8,-154,222,-156,19,592,-1828
MGC,ORB2,"ORB2 09:30 30m opening-candle direction SHORT stop range 4R days NARROW",29,573,19.75,44.8,1.96,1.45,146,2,36,-423,-11.74,38.9,0.84,-0.42,1510,-84,-62,275,444,78,350,-851
MGC,ORB2,"ORB2 09:30 30m break BOTH stop range 4R days NARROW",50,175,3.50,32.0,1.13,0.36,278,2,64,-1606,-25.10,32.8,0.68,-1.32,2698,-1,-58,174,60,285,191,-2082
MGC,ORB2,"ORB2 09:30 30m opening-candle direction BOTH stop range 4R days NARROW",50,969,19.38,46.0,1.94,1.91,197,3,64,-1011,-15.80,35.9,0.79,-0.75,2222,-60,119,254,656,104,321,-1436
MGC,ORB2,"ORB2 09:30 30m break LONG stop range 4R days NOTWIDE",328,717,2.18,43.6,1.08,0.57,1065,2,330,2807,8.51,42.7,1.14,0.80,2566,-232,89,-177,1036,-399,3887,-680
MGC,ORB2,"ORB2 09:30 30m opening-candle direction LONG stop range 4R days NOTWIDE",264,772,2.92,42.8,1.10,0.61,936,2,239,378,1.58,41.8,1.02,0.12,4161,-262,-269,319,984,101,1278,-1001
MGC,ORB2,"ORB2 09:30 30m break SHORT stop range 4R days NOTWIDE",320,-1050,-3.28,40.0,0.88,-0.92,1772,2,311,-1542,-4.96,40.8,0.93,-0.45,2501,107,-1132,360,-385,-1176,-410,44
MGC,ORB2,"ORB2 09:30 30m opening-candle direction SHORT stop range 4R days NOTWIDE",243,-981,-4.04,39.9,0.86,-0.94,1987,2,237,-2154,-9.09,37.1,0.88,-0.68,3837,-258,-1150,9,418,-1371,-1299,517
MGC,ORB2,"ORB2 09:30 30m break BOTH stop range 4R days NOTWIDE",508,-780,-1.54,41.1,0.95,-0.52,1597,1,475,-1814,-3.82,39.8,0.95,-0.44,5116,-136,-900,-80,336,-990,1774,-2597
MGC,ORB2,"ORB2 09:30 30m opening-candle direction BOTH stop range 4R days NOTWIDE",507,-210,-0.41,41.4,0.99,-0.13,2482,2,476,-1776,-3.73,39.5,0.95,-0.40,4601,-520,-1419,328,1401,-1270,-21,-485
MGC,ORB2,"ORB2 09:30 30m break LONG stop range 4R days NONEWS",411,-101,-0.25,44.5,0.99,-0.07,1110,2,403,4416,10.96,47.1,1.17,1.08,3599,-597,-59,233,321,387,5087,-1058
MGC,ORB2,"ORB2 09:30 30m opening-candle direction LONG stop range 4R days NONEWS",353,-494,-1.40,41.9,0.96,-0.32,1377,1,299,-762,-2.55,44.1,0.97,-0.21,5465,-411,-713,754,-125,-163,2389,-2989
MGC,ORB2,"ORB2 09:30 30m break SHORT stop range 4R days NONEWS",409,767,1.87,43.5,1.07,0.53,1439,2,373,-1447,-3.88,39.9,0.95,-0.33,6207,-186,-898,1407,444,-633,-1751,937
MGC,ORB2,"ORB2 09:30 30m opening-candle direction SHORT stop range 4R days NONEWS",343,-105,-0.31,43.1,0.99,-0.08,1828,2,312,-1824,-5.84,37.5,0.93,-0.45,5505,-348,-1173,939,476,-1428,-2258,1862
MGC,ORB2,"ORB2 09:30 30m break BOTH stop range 4R days NONEWS",667,435,0.65,43.9,1.02,0.23,1845,2,602,-2620,-4.35,42.2,0.94,-0.52,6296,-672,-797,1508,396,-283,2393,-4730
MGC,ORB2,"ORB2 09:30 30m opening-candle direction BOTH stop range 4R days NONEWS",696,-600,-0.86,42.5,0.97,-0.29,2832,2,611,-2586,-4.23,40.8,0.95,-0.48,5208,-758,-1886,1693,351,-1591,132,-1127
MGC,ORB2,"ORB2 09:30 30m break LONG stop 0.10×ATR to 15:55 days ALL",449,-164,-0.37,18.3,0.98,-0.15,938,2,435,-3384,-7.78,15.2,0.79,-1.41,5150,-294,-364,303,192,-1794,2118,-3708
MGC,ORB2,"ORB2 09:30 30m opening-candle direction LONG stop 0.10×ATR to 15:55 days ALL",380,822,2.16,18.4,1.14,0.75,626,3,326,406,1.25,18.1,1.04,0.19,2865,-77,98,704,96,-383,1991,-1202
MGC,ORB2,"ORB2 09:30 30m break SHORT stop 0.10×ATR to 15:55 days ALL",439,-2039,-4.65,14.4,0.71,-2.42,2169,0,410,-8791,-21.44,10.5,0.44,-5.12,9159,-23,-823,-169,-1024,-2013,-2458,-4320
MGC,ORB2,"ORB2 09:30 30m opening-candle direction SHORT stop 0.10×ATR to 15:55 days ALL",372,-1101,-2.96,14.0,0.82,-1.26,1251,1,335,-3988,-11.90,13.4,0.69,-1.95,4055,-334,-649,159,-276,-1145,-933,-1910
MGC,ORB2,"ORB2 09:30 30m break BOTH stop 0.10×ATR to 15:55 days ALL",720,-2077,-2.89,15.3,0.82,-1.66,2096,1,651,-9468,-14.54,12.9,0.61,-3.85,9815,-357,-1009,61,-773,-2575,-373,-6520
MGC,ORB2,"ORB2 09:30 30m opening-candle direction BOTH stop 0.10×ATR to 15:55 days ALL",752,-279,-0.37,16.2,0.98,-0.20,1237,1,661,-3582,-5.42,15.7,0.85,-1.19,3810,-411,-551,863,-180,-1527,1058,-3112
MGC,ORB2,"ORB2 09:30 30m break LONG stop 0.10×ATR to 15:55 days NARROW",35,147,4.21,22.9,1.27,0.49,187,2,49,-1666,-33.99,10.2,0.35,-2.80,1858,-77,106,-20,138,-259,117,-1523
MGC,ORB2,"ORB2 09:30 30m opening-candle direction LONG stop 0.10×ATR to 15:55 days NARROW",21,114,5.41,28.6,1.35,0.50,218,3,28,-525,-18.76,17.9,0.65,-0.90,1249,31,163,76,-157,174,131,-831
MGC,ORB2,"ORB2 09:30 30m break SHORT stop 0.10×ATR to 15:55 days NARROW",41,144,3.51,22.0,1.22,0.43,172,2,52,-1116,-21.46,17.3,0.53,-1.49,1353,-12,-86,187,55,-287,354,-1183
MGC,ORB2,"ORB2 09:30 30m opening-candle direction SHORT stop 0.10×ATR to 15:55 days NARROW",29,245,8.45,24.1,1.58,0.80,158,2,36,-933,-25.91,16.7,0.43,-2.20,958,-58,-100,216,187,-13,-416,-504
MGC,ORB2,"ORB2 09:30 30m break BOTH stop 0.10×ATR to 15:55 days NARROW",50,412,8.25,26.0,1.54,1.05,138,3,64,-1845,-28.83,14.1,0.41,-2.81,2115,-30,44,220,179,-363,172,-1653
MGC,ORB2,"ORB2 09:30 30m opening-candle direction BOTH stop 0.10×ATR to 15:55 days NARROW",50,359,7.17,26.0,1.48,0.95,237,3,64,-1458,-22.78,17.2,0.53,-2.03,1965,-27,64,292,30,162,-285,-1335
MGC,ORB2,"ORB2 09:30 30m break LONG stop 0.10×ATR to 15:55 days NOTWIDE",328,-5,-0.02,18.6,1.00,-0.01,685,1,330,-3768,-11.42,14.5,0.70,-1.92,4714,-264,-163,-211,632,-1449,1899,-4218
MGC,ORB2,"ORB2 09:30 30m opening-candle direction LONG stop 0.10×ATR to 15:55 days NOTWIDE",264,1276,4.83,19.3,1.31,1.27,384,3,239,799,3.34,18.8,1.09,0.40,2210,-78,20,1136,198,-128,1207,-280
MGC,ORB2,"ORB2 09:30 30m break SHORT stop 0.10×ATR to 15:55 days NOTWIDE",320,-1432,-4.48,15.0,0.73,-1.99,1735,1,311,-6429,-20.67,10.9,0.47,-4.02,6786,127,-587,-430,-542,-1593,-2316,-2520
MGC,ORB2,"ORB2 09:30 30m opening-candle direction SHORT stop 0.10×ATR to 15:55 days NOTWIDE",243,-426,-1.75,16.0,0.89,-0.60,930,2,237,-3708,-15.65,13.5,0.60,-2.39,3737,-264,-498,24,312,-1138,-1057,-1513
MGC,ORB2,"ORB2 09:30 30m break BOTH stop 0.10×ATR to 15:55 days NOTWIDE",508,-1228,-2.42,15.9,0.85,-1.15,1779,1,475,-7200,-15.16,12.6,0.61,-3.25,7582,-206,-608,-567,154,-2015,-376,-4809
MGC,ORB2,"ORB2 09:30 30m opening-candle direction BOTH stop 0.10×ATR to 15:55 days NOTWIDE",507,850,1.68,17.8,1.11,0.69,1017,2,476,-2909,-6.11,16.2,0.84,-1.14,3826,-342,-477,1160,509,-1265,150,-1793
MGC,ORB2,"ORB2 09:30 30m break LONG stop 0.10×ATR to 15:55 days NONEWS",411,-304,-0.74,18.7,0.95,-0.30,765,2,403,-2212,-5.49,16.1,0.85,-0.93,4755,-279,-306,271,11,-1536,2637,-3313
MGC,ORB2,"ORB2 09:30 30m opening-candle direction LONG stop 0.10×ATR to 15:55 days NONEWS",353,448,1.27,18.1,1.08,0.44,559,2,299,1002,3.35,19.1,1.10,0.46,2546,-228,127,638,-88,-123,2280,-1155
MGC,ORB2,"ORB2 09:30 30m break SHORT stop 0.10×ATR to 15:55 days NONEWS",409,-1508,-3.69,15.2,0.77,-1.80,1662,2,373,-8979,-24.07,10.2,0.38,-5.92,9018,30,-659,33,-913,-1980,-2627,-4371
MGC,ORB2,"ORB2 09:30 30m opening-candle direction SHORT stop 0.10×ATR to 15:55 days NONEWS",343,-758,-2.21,14.6,0.86,-0.89,1151,1,312,-4026,-12.90,13.1,0.66,-2.04,4093,-298,-635,342,-166,-1017,-1177,-1832
MGC,ORB2,"ORB2 09:30 30m break BOTH stop 0.10×ATR to 15:55 days NONEWS",667,-1572,-2.36,16.2,0.85,-1.31,1624,1,602,-8718,-14.48,13.1,0.61,-3.65,8718,-287,-696,226,-813,-2414,143,-6447
MGC,ORB2,"ORB2 09:30 30m opening-candle direction BOTH stop 0.10×ATR to 15:55 days NONEWS",696,-310,-0.45,16.4,0.97,-0.23,1188,1,611,-3023,-4.95,16.0,0.86,-1.03,3427,-526,-509,980,-255,-1140,1104,-2987
MGC,ORB2,"ORB2 09:30 30m break LONG stop 0.10×ATR 2R days ALL",449,-1214,-2.70,32.5,0.79,-2.41,1345,0,435,-2506,-5.76,29.9,0.81,-1.84,2524,-34,-217,-643,-320,-1242,1261,-2524
MGC,ORB2,"ORB2 09:30 30m opening-candle direction LONG stop 0.10×ATR 2R days ALL",380,-1080,-2.84,32.1,0.78,-2.34,1196,0,326,-1474,-4.52,32.8,0.84,-1.27,1907,-227,-274,-286,-293,-620,23,-877
MGC,ORB2,"ORB2 09:30 30m break SHORT stop 0.10×ATR 2R days ALL",439,-2515,-5.73,26.4,0.59,-5.39,2634,0,410,-4941,-12.05,25.1,0.62,-3.94,5298,-42,-1157,-466,-851,-1397,-1357,-2187
MGC,ORB2,"ORB2 09:30 30m opening-candle direction SHORT stop 0.10×ATR 2R days ALL",372,-1435,-3.86,30.6,0.71,-3.21,1435,0,335,-1165,-3.48,34.0,0.88,-0.97,1386,-146,-463,-202,-623,-530,161,-797
MGC,ORB2,"ORB2 09:30 30m break BOTH stop 0.10×ATR 2R days ALL",720,-3531,-4.90,28.1,0.64,-5.78,3580,0,651,-6367,-9.78,27.3,0.69,-3.99,6691,-285,-1193,-838,-1216,-1928,-517,-3922
MGC,ORB2,"ORB2 09:30 30m opening-candle direction BOTH stop 0.10×ATR 2R days ALL",752,-2515,-3.34,31.4,0.74,-3.92,2612,0,661,-2639,-3.99,33.4,0.86,-1.58,2773,-374,-737,-488,-916,-1150,184,-1674
MGC,ORB2,"ORB2 09:30 30m break LONG stop 0.10×ATR 2R days NARROW",35,-106,-3.04,31.4,0.78,-0.69,161,1,49,-1392,-28.41,18.4,0.40,-2.77,1419,-21,48,-119,-14,-180,-81,-1131
MGC,ORB2,"ORB2 09:30 30m opening-candle direction LONG stop 0.10×ATR 2R days NARROW",21,-34,-1.61,38.1,0.88,-0.28,156,2,28,-431,-15.38,39.3,0.65,-1.02,876,10,85,-43,-87,52,127,-609
MGC,ORB2,"ORB2 09:30 30m break SHORT stop 0.10×ATR 2R days NARROW",41,-72,-1.75,34.1,0.87,-0.42,204,2,52,204,3.92,36.5,1.11,0.33,362,79,-25,32,-157,-99,112,190
MGC,ORB2,"ORB2 09:30 30m opening-candle direction SHORT stop 0.10×ATR 2R days NARROW",29,288,9.92,55.2,2.14,1.95,41,3,36,-132,-3.67,38.9,0.90,-0.30,725,-3,53,127,111,45,-296,120
MGC,ORB2,"ORB2 09:30 30m break BOTH stop 0.10×ATR 2R days NARROW",50,-3,-0.07,38.0,0.99,-0.02,125,3,64,-919,-14.36,29.7,0.65,-1.53,1550,9,30,39,-80,-204,-13,-702
MGC,ORB2,"ORB2 09:30 30m opening-candle direction BOTH stop 0.10×ATR 2R days NARROW",50,254,5.07,48.0,1.47,1.31,97,4,64,-563,-8.79,39.1,0.77,-0.92,1478,7,138,84,25,96,-170,-489
MGC,ORB2,"ORB2 09:30 30m break LONG stop 0.10×ATR 2R days NOTWIDE",328,-891,-2.72,32.6,0.79,-2.02,969,0,330,-2210,-6.70,30.3,0.79,-1.83,2887,-31,-113,-643,-105,-806,1483,-2887
MGC,ORB2,"ORB2 09:30 30m opening-candle direction LONG stop 0.10×ATR 2R days NOTWIDE",264,-841,-3.18,31.4,0.76,-2.14,963,0,239,-1044,-4.37,33.5,0.85,-1.03,1252,-202,-246,-87,-306,-382,290,-952
MGC,ORB2,"ORB2 09:30 30m break SHORT stop 0.10×ATR 2R days NOTWIDE",320,-1751,-5.47,26.6,0.61,-4.26,1864,1,311,-2993,-9.62,26.4,0.70,-2.62,3402,31,-768,-409,-606,-952,-1073,-967
MGC,ORB2,"ORB2 09:30 30m opening-candle direction SHORT stop 0.10×ATR 2R days NOTWIDE",243,-605,-2.49,33.3,0.81,-1.61,626,0,237,-783,-3.30,34.2,0.89,-0.76,1022,-104,-289,-88,-124,-384,88,-487
MGC,ORB2,"ORB2 09:30 30m break BOTH stop 0.10×ATR 2R days NOTWIDE",508,-2458,-4.84,28.1,0.65,-4.67,2507,0,475,-4037,-8.50,28.2,0.73,-2.84,4414,-201,-790,-766,-701,-1252,144,-2929
MGC,ORB2,"ORB2 09:30 30m opening-candle direction BOTH stop 0.10×ATR 2R days NOTWIDE",507,-1446,-2.85,32.3,0.78,-2.66,1543,0,476,-1827,-3.84,33.8,0.87,-1.26,1942,-306,-534,-175,-430,-766,379,-1440
MGC,ORB2,"ORB2 09:30 30m break LONG stop 0.10×ATR 2R days NONEWS",411,-1214,-2.95,32.4,0.77,-2.53,1385,0,403,-2122,-5.27,30.3,0.82,-1.62,2353,-19,-185,-615,-395,-1235,1410,-2297
MGC,ORB2,"ORB2 09:30 30m opening-candle direction LONG stop 0.10×ATR 2R days NONEWS",353,-1027,-2.91,32.0,0.77,-2.30,1144,0,299,-1560,-5.22,32.8,0.82,-1.43,1666,-233,-192,-267,-336,-631,220,-1149
MGC,ORB2,"ORB2 09:30 30m break SHORT stop 0.10×ATR 2R days NONEWS",409,-2163,-5.29,27.4,0.61,-4.77,2281,1,373,-4566,-12.24,24.9,0.62,-3.79,4817,12,-993,-429,-753,-1234,-1278,-2054
MGC,ORB2,"ORB2 09:30 30m opening-candle direction SHORT stop 0.10×ATR 2R days NONEWS",343,-1421,-4.14,30.0,0.69,-3.34,1421,0,312,-1373,-4.40,33.0,0.85,-1.18,1544,-163,-477,-221,-559,-529,196,-1040
MGC,ORB2,"ORB2 09:30 30m break BOTH stop 0.10×ATR 2R days NONEWS",667,-3173,-4.76,28.5,0.65,-5.38,3222,0,602,-5829,-9.68,27.4,0.69,-3.79,6048,-216,-1029,-821,-1108,-1813,-185,-3831
MGC,ORB2,"ORB2 09:30 30m opening-candle direction BOTH stop 0.10×ATR 2R days NONEWS",696,-2448,-3.52,31.0,0.73,-3.97,2545,0,611,-2933,-4.80,32.9,0.84,-1.84,3094,-396,-669,-488,-895,-1160,416,-2188
MGC,ORB2,"ORB2 09:30 30m break LONG stop 0.10×ATR 4R days ALL",449,-1372,-3.06,21.2,0.79,-2.03,1493,0,435,-4627,-10.64,18.2,0.70,-2.72,4714,-321,-531,-492,-28,-1090,568,-4105
MGC,ORB2,"ORB2 09:30 30m opening-candle direction LONG stop 0.10×ATR 4R days ALL",380,-586,-1.54,22.1,0.89,-0.90,678,1,326,-1038,-3.18,22.4,0.90,-0.65,1682,-193,-148,113,-358,-177,174,-1034
MGC,ORB2,"ORB2 09:30 30m break SHORT stop 0.10×ATR 4R days ALL",439,-2170,-4.94,18.2,0.68,-3.37,2350,0,410,-5938,-14.48,14.4,0.60,-3.59,6260,-30,-1013,-443,-683,-2012,-1109,-2817
MGC,ORB2,"ORB2 09:30 30m opening-candle direction SHORT stop 0.10×ATR 4R days ALL",372,-1314,-3.53,19.6,0.77,-2.12,1327,1,335,-2842,-8.48,19.1,0.76,-1.83,2997,-281,-541,54,-545,-711,-762,-1369
MGC,ORB2,"ORB2 09:30 30m break BOTH stop 0.10×ATR 4R days ALL",720,-3471,-4.82,18.5,0.69,-4.23,3520,0,651,-8739,-13.42,16.3,0.63,-4.32,9061,-376,-1295,-820,-980,-2243,-782,-5714
MGC,ORB2,"ORB2 09:30 30m opening-candle direction BOTH stop 0.10×ATR 4R days ALL",752,-1900,-2.53,20.9,0.83,-2.11,1972,1,661,-3879,-5.87,20.7,0.83,-1.74,4088,-475,-689,167,-903,-888,-588,-2403
MGC,ORB2,"ORB2 09:30 30m break LONG stop 0.10×ATR 4R days NARROW",35,18,0.52,22.9,1.03,0.08,187,2,49,-1753,-35.78,12.2,0.32,-3.47,1902,-77,101,-50,43,-104,-82,-1567
MGC,ORB2,"ORB2 09:30 30m opening-candle direction LONG stop 0.10×ATR 4R days NARROW",21,40,1.90,28.6,1.12,0.23,218,3,28,-883,-31.53,17.9,0.41,-2.04,1249,31,138,27,-157,-27,64,-920
MGC,ORB2,"ORB2 09:30 30m break SHORT stop 0.10×ATR 4R days NARROW",41,86,2.10,26.8,1.14,0.35,154,2,52,-25,-0.48,23.1,0.99,-0.03,768,89,-33,97,-67,-287,255,7
MGC,ORB2,"ORB2 09:30 30m opening-candle direction SHORT stop 0.10×ATR 4R days NARROW",29,312,10.77,34.5,1.84,1.33,140,2,36,-575,-15.97,19.4,0.64,-1.03,725,-58,-24,341,54,-56,-251,-268
MGC,ORB2,"ORB2 09:30 30m break BOTH stop 0.10×ATR 4R days NARROW",50,131,2.63,28.0,1.18,0.49,138,2,64,-1434,-22.40,18.8,0.52,-2.17,1935,-15,39,135,-28,-209,153,-1378
MGC,ORB2,"ORB2 09:30 30m opening-candle direction BOTH stop 0.10×ATR 4R days NARROW",50,352,7.05,32.0,1.51,1.21,197,2,64,-1458,-22.78,18.8,0.53,-2.07,1817,-27,115,368,-103,-83,-187,-1188
MGC,ORB2,"ORB2 09:30 30m break LONG stop 0.10×ATR 4R days NOTWIDE",328,-1023,-3.12,21.0,0.79,-1.73,1360,1,330,-4360,-13.21,17.6,0.64,-3.00,4446,-301,-370,-622,271,-813,682,-4229
MGC,ORB2,"ORB2 09:30 30m opening-candle direction LONG stop 0.10×ATR 4R days NOTWIDE",264,-442,-1.67,22.0,0.89,-0.79,623,1,239,-908,-3.80,22.2,0.89,-0.65,1667,-199,-108,296,-431,-86,136,-958
MGC,ORB2,"ORB2 09:30 30m break SHORT stop 0.10×ATR 4R days NOTWIDE",320,-1427,-4.46,18.8,0.71,-2.50,1644,1,311,-4343,-13.96,15.1,0.62,-2.94,4665,120,-722,-421,-404,-1459,-1142,-1741
MGC,ORB2,"ORB2 09:30 30m opening-candle direction SHORT stop 0.10×ATR 4R days NOTWIDE",243,-441,-1.81,21.8,0.88,-0.83,844,2,237,-2245,-9.47,18.6,0.74,-1.67,2338,-178,-460,185,13,-663,-648,-934
MGC,ORB2,"ORB2 09:30 30m break BOTH stop 0.10×ATR 4R days NOTWIDE",508,-2445,-4.81,18.5,0.69,-3.46,2494,0,475,-6627,-13.95,16.4,0.62,-3.77,6959,-237,-938,-893,-377,-1618,-382,-4627
MGC,ORB2,"ORB2 09:30 30m opening-candle direction BOTH stop 0.10×ATR 4R days NOTWIDE",507,-883,-1.74,21.9,0.88,-1.15,1177,1,476,-3153,-6.62,20.4,0.81,-1.63,3386,-377,-568,480,-418,-749,-512,-1892
MGC,ORB2,"ORB2 09:30 30m break LONG stop 0.10×ATR 4R days NONEWS",411,-1391,-3.39,21.2,0.77,-2.18,1418,0,403,-4026,-9.99,18.9,0.72,-2.47,4113,-306,-378,-526,-182,-953,757,-3830
MGC,ORB2,"ORB2 09:30 30m opening-candle direction LONG stop 0.10×ATR 4R days NONEWS",353,-713,-2.02,21.5,0.86,-1.14,805,1,299,-871,-2.91,22.7,0.91,-0.57,1600,-224,-98,35,-425,-193,464,-1141
MGC,ORB2,"ORB2 09:30 30m break SHORT stop 0.10×ATR 4R days NONEWS",409,-1853,-4.53,18.8,0.70,-2.96,2033,1,373,-5721,-15.34,14.2,0.58,-3.65,5828,24,-849,-403,-625,-1891,-1069,-2761
MGC,ORB2,"ORB2 09:30 30m opening-candle direction SHORT stop 0.10×ATR 4R days NONEWS",343,-1291,-3.76,19.2,0.75,-2.19,1304,1,312,-3082,-9.88,18.3,0.72,-2.07,3238,-246,-588,2,-460,-699,-878,-1505
MGC,ORB2,"ORB2 09:30 30m break BOTH stop 0.10×ATR 4R days NONEWS",667,-2987,-4.48,19.0,0.71,-3.75,3036,0,602,-7983,-13.26,16.6,0.63,-4.11,8090,-307,-982,-816,-881,-1993,-337,-5653
MGC,ORB2,"ORB2 09:30 30m opening-candle direction BOTH stop 0.10×ATR 4R days NONEWS",696,-2004,-2.88,20.4,0.81,-2.33,2077,1,611,-3953,-6.47,20.5,0.81,-1.85,4101,-469,-686,36,-885,-893,-414,-2646
MGC,ORB2,"ORB2 09:30 30m break LONG stop 0.15×ATR to 15:55 days ALL",449,720,1.60,28.7,1.08,0.58,895,2,435,-1467,-3.37,23.7,0.93,-0.49,5314,-179,-99,269,727,-1204,3300,-3563
MGC,ORB2,"ORB2 09:30 30m opening-candle direction LONG stop 0.15×ATR to 15:55 days ALL",380,980,2.58,25.5,1.13,0.81,878,3,326,2149,6.59,26.1,1.15,0.81,2496,-137,53,776,288,-421,2311,260
MGC,ORB2,"ORB2 09:30 30m break SHORT stop 0.15×ATR to 15:55 days ALL",439,-1146,-2.61,23.5,0.87,-1.08,1513,1,410,-2506,-6.11,21.7,0.87,-0.81,4680,-154,-844,476,-624,-1514,-1901,909
MGC,ORB2,"ORB2 09:30 30m opening-candle direction SHORT stop 0.15×ATR to 15:55 days ALL",372,-959,-2.58,21.0,0.88,-0.92,1752,2,335,-3720,-11.10,20.9,0.78,-1.42,4501,-445,-891,148,228,-763,-969,-1988
MGC,ORB2,"ORB2 09:30 30m break BOTH stop 0.15×ATR to 15:55 days ALL",720,-655,-0.91,24.9,0.95,-0.44,1712,2,651,-4060,-6.24,22.0,0.87,-1.13,4905,-306,-802,326,127,-1549,538,-3048
MGC,ORB2,"ORB2 09:30 30m opening-candle direction BOTH stop 0.15×ATR to 15:55 days ALL",752,21,0.03,23.3,1.00,0.01,1714,2,661,-1570,-2.38,23.4,0.95,-0.42,3730,-582,-837,924,517,-1184,1342,-1728
MGC,ORB2,"ORB2 09:30 30m break LONG stop 0.15×ATR to 15:55 days NARROW",35,466,13.30,34.3,1.70,1.07,186,2,49,-2131,-43.49,18.4,0.40,-2.71,2839,-109,105,-18,488,171,22,-2324
MGC,ORB2,"ORB2 09:30 30m opening-candle direction LONG stop 0.15×ATR to 15:55 days NARROW",21,334,15.91,38.1,1.84,1.06,122,4,28,-118,-4.21,28.6,0.94,-0.14,968,23,147,29,136,149,49,-316
MGC,ORB2,"ORB2 09:30 30m break SHORT stop 0.15×ATR to 15:55 days NARROW",41,-118,-2.89,22.0,0.87,-0.33,246,1,52,-812,-15.61,32.7,0.73,-0.86,1370,-37,-108,88,-61,3,280,-1095
MGC,ORB2,"ORB2 09:30 30m opening-candle direction SHORT stop 0.15×ATR to 15:55 days NARROW",29,63,2.18,24.1,1.10,0.20,226,2,36,628,17.44,38.9,1.34,0.60,971,-84,-142,168,121,500,634,-507
MGC,ORB2,"ORB2 09:30 30m break BOTH stop 0.15×ATR to 15:55 days NARROW",50,425,8.50,28.0,1.41,0.85,205,3,64,-1920,-30.00,26.6,0.54,-2.13,2855,-63,6,112,370,354,-52,-2222
MGC,ORB2,"ORB2 09:30 30m opening-candle direction BOTH stop 0.15×ATR to 15:55 days NARROW",50,397,7.94,30.0,1.39,0.89,158,3,64,510,7.97,34.4,1.14,0.38,1398,-60,4,197,256,650,683,-823
MGC,ORB2,"ORB2 09:30 30m break LONG stop 0.15×ATR to 15:55 days NOTWIDE",328,757,2.31,28.7,1.12,0.70,878,1,330,-1478,-4.48,23.6,0.91,-0.57,4667,-115,-99,-102,1073,-1093,3449,-3833
MGC,ORB2,"ORB2 09:30 30m opening-candle direction LONG stop 0.15×ATR to 15:55 days NOTWIDE",264,1275,4.83,26.5,1.24,1.16,589,2,239,2398,10.03,27.2,1.22,0.98,2049,-115,-113,1028,474,-125,1402,1121
MGC,ORB2,"ORB2 09:30 30m break SHORT stop 0.15×ATR to 15:55 days NOTWIDE",320,-923,-2.89,23.8,0.86,-1.03,1353,2,311,-1622,-5.21,23.5,0.89,-0.61,2924,58,-789,87,-280,-1186,-1471,1036
MGC,ORB2,"ORB2 09:30 30m opening-candle direction SHORT stop 0.15×ATR to 15:55 days NOTWIDE",243,-737,-3.03,22.2,0.85,-0.92,1266,2,237,-2872,-12.12,22.8,0.77,-1.37,3539,-378,-675,119,196,-682,-513,-1677
MGC,ORB2,"ORB2 09:30 30m break BOTH stop 0.15×ATR to 15:55 days NOTWIDE",508,-228,-0.45,25.0,0.98,-0.18,1527,1,475,-3114,-6.56,22.5,0.87,-1.01,4363,-72,-714,-302,860,-1234,1174,-3054
MGC,ORB2,"ORB2 09:30 30m opening-candle direction BOTH stop 0.15×ATR to 15:55 days NOTWIDE",507,538,1.06,24.5,1.05,0.40,1454,2,476,-475,-1.00,25.0,0.98,-0.15,2233,-493,-788,1148,671,-807,889,-556
MGC,ORB2,"ORB2 09:30 30m break LONG stop 0.15×ATR to 15:55 days NONEWS",411,411,1.00,29.2,1.05,0.36,871,2,403,226,0.56,25.1,1.01,0.08,4633,-331,-5,125,622,-833,3941,-2882
MGC,ORB2,"ORB2 09:30 30m opening-candle direction LONG stop 0.15×ATR to 15:55 days NONEWS",353,760,2.15,25.8,1.11,0.66,723,3,299,3224,10.78,27.8,1.24,1.23,2190,-281,128,756,157,-47,2734,537
MGC,ORB2,"ORB2 09:30 30m break SHORT stop 0.15×ATR to 15:55 days NONEWS",409,-735,-1.80,24.0,0.91,-0.71,1289,1,373,-3153,-8.45,21.2,0.83,-1.07,5522,-147,-755,656,-489,-1391,-2747,985
MGC,ORB2,"ORB2 09:30 30m opening-candle direction SHORT stop 0.15×ATR to 15:55 days NONEWS",343,-568,-1.66,21.9,0.92,-0.57,1696,2,312,-5635,-18.06,19.6,0.65,-2.39,6246,-394,-979,409,396,-1089,-2230,-2316
MGC,ORB2,"ORB2 09:30 30m break BOTH stop 0.15×ATR to 15:55 days NONEWS",667,-360,-0.54,25.8,0.97,-0.25,1456,2,602,-2904,-4.82,22.6,0.90,-0.82,4678,-451,-554,452,193,-1242,919,-2581
MGC,ORB2,"ORB2 09:30 30m opening-candle direction BOTH stop 0.15×ATR to 15:55 days NONEWS",696,192,0.28,23.9,1.01,0.13,1728,2,611,-2412,-3.95,23.6,0.92,-0.68,3662,-675,-851,1166,552,-1136,504,-1780
MGC,ORB2,"ORB2 09:30 30m break LONG stop 0.15×ATR 2R days ALL",449,25,0.06,37.2,1.00,0.03,719,3,435,-3802,-8.74,32.2,0.80,-1.92,4453,31,88,-319,224,-587,655,-3869
MGC,ORB2,"ORB2 09:30 30m opening-candle direction LONG stop 0.15×ATR 2R days ALL",380,-861,-2.27,34.2,0.87,-1.26,975,1,326,114,0.35,35.9,1.01,0.06,1184,-223,66,-94,-610,-90,80,123
MGC,ORB2,"ORB2 09:30 30m break SHORT stop 0.15×ATR 2R days ALL",439,-644,-1.47,35.1,0.92,-0.87,1002,1,410,-1447,-3.53,32.7,0.92,-0.72,2798,-42,-601,597,-598,-353,-1470,376
MGC,ORB2,"ORB2 09:30 30m opening-candle direction SHORT stop 0.15×ATR 2R days ALL",372,-582,-1.57,34.9,0.91,-0.85,962,1,335,-1188,-3.55,34.3,0.92,-0.66,1986,-248,-599,661,-397,-365,-79,-744
MGC,ORB2,"ORB2 09:30 30m break BOTH stop 0.15×ATR 2R days ALL",720,-997,-1.39,35.3,0.92,-1.05,1030,1,651,-5585,-8.58,31.8,0.80,-2.31,6602,-192,-357,155,-603,-583,-1341,-3660
MGC,ORB2,"ORB2 09:30 30m opening-candle direction BOTH stop 0.15×ATR 2R days ALL",752,-1443,-1.92,34.6,0.89,-1.50,1503,1,661,-1075,-1.63,35.1,0.96,-0.42,2372,-471,-533,567,-1006,-455,1,-621
MGC,ORB2,"ORB2 09:30 30m break LONG stop 0.15×ATR 2R days NARROW",35,-5,-0.13,37.1,0.99,-0.02,186,2,49,-2687,-54.85,20.4,0.25,-4.61,2938,-27,54,-100,68,30,-294,-2423
MGC,ORB2,"ORB2 09:30 30m opening-candle direction LONG stop 0.15×ATR 2R days NARROW",21,157,7.49,47.6,1.46,0.81,96,3,28,-262,-9.36,35.7,0.85,-0.36,668,17,133,-55,62,-91,59,-230
MGC,ORB2,"ORB2 09:30 30m break SHORT stop 0.15×ATR 2R days NARROW",41,167,4.06,41.5,1.24,0.63,278,3,52,1159,22.28,46.2,1.49,1.22,500,122,135,132,-222,-6,246,919
MGC,ORB2,"ORB2 09:30 30m opening-candle direction SHORT stop 0.15×ATR 2R days NARROW",29,140,4.84,41.4,1.29,0.64,94,1,36,345,9.58,44.4,1.20,0.49,755,-1,-9,201,-51,100,-39,284
MGC,ORB2,"ORB2 09:30 30m break BOTH stop 0.15×ATR 2R days NARROW",50,214,4.28,42.0,1.25,0.75,174,3,64,-889,-13.90,37.5,0.76,-0.98,2151,19,164,145,-113,204,-73,-1020
MGC,ORB2,"ORB2 09:30 30m opening-candle direction BOTH stop 0.15×ATR 2R days NARROW",50,298,5.95,44.0,1.36,1.03,141,4,64,83,1.29,40.6,1.02,0.08,983,16,124,146,11,9,20,54
MGC,ORB2,"ORB2 09:30 30m break LONG stop 0.15×ATR 2R days NOTWIDE",328,-245,-0.75,36.0,0.96,-0.37,860,2,330,-4180,-12.67,30.6,0.73,-2.42,4908,29,-40,-541,307,-572,880,-4489
MGC,ORB2,"ORB2 09:30 30m opening-candle direction LONG stop 0.15×ATR 2R days NOTWIDE",264,-595,-2.25,34.5,0.87,-1.02,683,1,239,-365,-1.53,35.6,0.96,-0.23,1134,-190,-3,22,-424,95,144,-603
MGC,ORB2,"ORB2 09:30 30m break SHORT stop 0.15×ATR 2R days NOTWIDE",320,-420,-1.31,35.3,0.93,-0.65,915,2,311,-276,-0.89,34.4,0.98,-0.15,1583,113,-558,428,-402,-123,-1037,884
MGC,ORB2,"ORB2 09:30 30m opening-candle direction SHORT stop 0.15×ATR 2R days NOTWIDE",243,-37,-0.15,36.6,0.99,-0.07,789,1,237,-430,-1.81,35.0,0.96,-0.27,1333,-139,-525,743,-117,-290,55,-195
MGC,ORB2,"ORB2 09:30 30m break BOTH stop 0.15×ATR 2R days NOTWIDE",508,-961,-1.89,34.4,0.89,-1.18,1011,0,475,-4451,-9.37,31.6,0.79,-2.11,5493,-82,-456,-212,-211,-406,-487,-3558
MGC,ORB2,"ORB2 09:30 30m opening-candle direction BOTH stop 0.15×ATR 2R days NOTWIDE",507,-633,-1.25,35.5,0.93,-0.78,1110,1,476,-794,-1.67,35.3,0.96,-0.36,1881,-329,-527,765,-541,-195,198,-798
MGC,ORB2,"ORB2 09:30 30m break LONG stop 0.15×ATR 2R days NONEWS",411,-105,-0.25,37.0,0.98,-0.14,706,2,403,-3087,-7.66,32.5,0.82,-1.62,4170,-4,62,-351,188,-631,1022,-3478
MGC,ORB2,"ORB2 09:30 30m opening-candle direction LONG stop 0.15×ATR 2R days NONEWS",353,-911,-2.58,33.7,0.86,-1.38,999,1,299,226,0.75,36.5,1.02,0.13,1263,-234,49,-133,-593,36,108,82
MGC,ORB2,"ORB2 09:30 30m break SHORT stop 0.15×ATR 2R days NONEWS",409,-520,-1.27,35.2,0.93,-0.73,870,1,373,-1696,-4.55,32.2,0.89,-0.89,3113,-34,-496,539,-530,-120,-1877,301
MGC,ORB2,"ORB2 09:30 30m opening-candle direction SHORT stop 0.15×ATR 2R days NONEWS",343,-414,-1.21,35.3,0.93,-0.63,960,1,312,-1756,-5.63,33.0,0.87,-1.01,2348,-276,-608,710,-241,-371,-500,-886
MGC,ORB2,"ORB2 09:30 30m break BOTH stop 0.15×ATR 2R days NONEWS",667,-714,-1.07,35.7,0.94,-0.78,840,1,602,-4906,-8.15,31.7,0.81,-2.10,5711,-220,-321,197,-370,-472,-953,-3481
MGC,ORB2,"ORB2 09:30 30m opening-candle direction BOTH stop 0.15×ATR 2R days NONEWS",696,-1325,-1.90,34.5,0.89,-1.42,1385,1,611,-1531,-2.51,34.7,0.94,-0.63,2753,-510,-558,577,-834,-335,-392,-804
MGC,ORB2,"ORB2 09:30 30m break LONG stop 0.15×ATR 4R days ALL",449,19,0.04,30.1,1.00,0.02,801,2,435,-3846,-8.84,25.3,0.81,-1.62,5920,-225,109,-511,646,-433,1878,-5291
MGC,ORB2,"ORB2 09:30 30m opening-candle direction LONG stop 0.15×ATR 4R days ALL",380,-207,-0.54,26.8,0.97,-0.23,852,1,326,2019,6.19,29.1,1.14,0.86,1571,-198,-209,365,-165,258,1090,671
MGC,ORB2,"ORB2 09:30 30m break SHORT stop 0.15×ATR 4R days ALL",439,-1022,-2.33,24.8,0.88,-1.06,1534,1,410,-2240,-5.46,22.9,0.89,-0.84,3478,-102,-882,311,-349,-1106,-1347,214
MGC,ORB2,"ORB2 09:30 30m opening-candle direction SHORT stop 0.15×ATR 4R days ALL",372,-1396,-3.75,22.8,0.82,-1.60,2027,2,335,-4635,-13.84,21.5,0.73,-2.11,5270,-405,-1032,36,6,-576,-1002,-3058
MGC,ORB2,"ORB2 09:30 30m break BOTH stop 0.15×ATR 4R days ALL",720,-1449,-2.01,26.1,0.90,-1.20,1740,0,651,-4988,-7.66,23.5,0.84,-1.61,5691,-236,-552,-441,-220,-804,-97,-4086
MGC,ORB2,"ORB2 09:30 30m opening-candle direction BOTH stop 0.15×ATR 4R days ALL",752,-1602,-2.13,24.9,0.89,-1.27,2174,1,661,-2616,-3.96,25.3,0.92,-0.81,3979,-603,-1241,401,-159,-318,88,-2387
MGC,ORB2,"ORB2 09:30 30m break LONG stop 0.15×ATR 4R days NARROW",35,237,6.78,34.3,1.36,0.71,186,2,49,-2292,-46.78,18.4,0.36,-3.19,2839,-109,67,-27,306,86,-55,-2324
MGC,ORB2,"ORB2 09:30 30m opening-candle direction LONG stop 0.15×ATR 4R days NARROW",21,213,10.12,38.1,1.53,0.79,122,4,28,296,10.56,32.1,1.17,0.32,674,23,101,10,78,19,52,224
MGC,ORB2,"ORB2 09:30 30m break SHORT stop 0.15×ATR 4R days NARROW",41,-69,-1.69,24.4,0.92,-0.21,246,2,52,-390,-7.51,34.6,0.86,-0.41,927,10,-108,135,-106,10,216,-617
MGC,ORB2,"ORB2 09:30 30m opening-candle direction SHORT stop 0.15×ATR 4R days NARROW",29,169,5.82,31.0,1.30,0.58,201,2,36,-8,-0.23,38.9,1.00,-0.01,971,-84,-29,217,65,130,368,-507
MGC,ORB2,"ORB2 09:30 30m break BOTH stop 0.15×ATR 4R days NARROW",50,212,4.24,30.0,1.21,0.55,206,2,64,-1541,-24.08,28.1,0.62,-1.62,2404,-15,-32,145,115,276,-73,-1744
MGC,ORB2,"ORB2 09:30 30m opening-candle direction BOTH stop 0.15×ATR 4R days NARROW",50,381,7.63,34.0,1.40,0.97,158,3,64,287,4.49,35.9,1.08,0.24,928,-60,72,227,143,150,420,-282
MGC,ORB2,"ORB2 09:30 30m break LONG stop 0.15×ATR 4R days NOTWIDE",328,-225,-0.69,29.6,0.96,-0.27,1142,1,330,-3815,-11.56,23.9,0.77,-1.81,5240,-204,-141,-743,863,-771,1850,-4894
MGC,ORB2,"ORB2 09:30 30m opening-candle direction LONG stop 0.15×ATR 4R days NOTWIDE",264,-405,-1.53,26.9,0.92,-0.54,760,1,239,986,4.13,28.5,1.09,0.48,1530,-211,-252,235,-176,98,472,416
MGC,ORB2,"ORB2 09:30 30m break SHORT stop 0.15×ATR 4R days NOTWIDE",320,-778,-2.43,25.3,0.88,-0.94,1304,2,311,-935,-3.01,24.8,0.94,-0.39,2093,110,-866,152,-174,-817,-1087,970
MGC,ORB2,"ORB2 09:30 30m opening-candle direction SHORT stop 0.15×ATR 4R days NOTWIDE",243,-498,-2.05,25.1,0.90,-0.68,1304,2,237,-2678,-11.30,23.6,0.78,-1.38,3186,-378,-571,245,205,-533,-276,-1868
MGC,ORB2,"ORB2 09:30 30m break BOTH stop 0.15×ATR 4R days NOTWIDE",508,-1321,-2.60,26.0,0.87,-1.30,1893,1,475,-4139,-8.71,23.2,0.82,-1.52,4756,-45,-756,-787,266,-974,264,-3429
MGC,ORB2,"ORB2 09:30 30m opening-candle direction BOTH stop 0.15×ATR 4R days NOTWIDE",507,-903,-1.78,26.0,0.91,-0.86,1711,2,476,-1692,-3.55,26.1,0.93,-0.60,2760,-589,-823,480,29,-435,195,-1452
MGC,ORB2,"ORB2 09:30 30m break LONG stop 0.15×ATR 4R days NONEWS",411,-76,-0.18,30.4,0.99,-0.08,838,2,403,-2567,-6.37,26.1,0.86,-1.11,5239,-298,225,-553,550,-477,2519,-4610
MGC,ORB2,"ORB2 09:30 30m opening-candle direction LONG stop 0.15×ATR 4R days NONEWS",353,-376,-1.06,26.6,0.95,-0.43,770,1,299,2457,8.22,30.4,1.19,1.09,1784,-246,-146,291,-275,515,1513,430
MGC,ORB2,"ORB2 09:30 30m break SHORT stop 0.15×ATR 4R days NONEWS",409,-1054,-2.58,24.7,0.87,-1.14,1428,1,373,-2696,-7.23,22.5,0.85,-1.07,4154,-139,-764,141,-292,-937,-1935,175
MGC,ORB2,"ORB2 09:30 30m opening-candle direction SHORT stop 0.15×ATR 4R days NONEWS",343,-1262,-3.68,23.0,0.82,-1.51,1941,2,312,-5634,-18.06,20.2,0.65,-2.75,5946,-354,-1093,62,123,-533,-1786,-3315
MGC,ORB2,"ORB2 09:30 30m break BOTH stop 0.15×ATR 4R days NONEWS",667,-1089,-1.63,26.8,0.92,-0.93,1670,1,602,-4006,-6.65,23.9,0.86,-1.33,4295,-346,-320,-448,25,-684,411,-3733
MGC,ORB2,"ORB2 09:30 30m opening-candle direction BOTH stop 0.15×ATR 4R days NONEWS",696,-1638,-2.35,24.9,0.88,-1.36,2061,1,611,-3176,-5.20,25.2,0.89,-1.04,3889,-600,-1239,353,-152,-18,-273,-2885
MGC,ORB2,"ORB2 09:30 30m break LONG stop 0.25×ATR to 15:55 days ALL",449,349,0.78,37.4,1.03,0.24,1066,2,435,-1061,-2.44,35.9,0.96,-0.30,5385,-295,-175,157,662,-287,3015,-3789
MGC,ORB2,"ORB2 09:30 30m opening-candle direction LONG stop 0.25×ATR to 15:55 days ALL",380,848,2.23,35.3,1.08,0.60,823,3,326,1316,4.04,36.8,1.06,0.41,4214,-375,43,742,438,247,2615,-1547
MGC,ORB2,"ORB2 09:30 30m break SHORT stop 0.25×ATR to 15:55 days ALL",439,-128,-0.29,36.7,0.99,-0.10,1600,2,410,-1612,-3.93,33.4,0.94,-0.42,3657,-237,-1026,946,188,-232,-1793,413
MGC,ORB2,"ORB2 09:30 30m opening-candle direction SHORT stop 0.25×ATR to 15:55 days ALL",372,-1653,-4.44,31.2,0.84,-1.36,2403,2,335,-5238,-15.64,29.3,0.78,-1.67,6038,-432,-1250,27,2,-758,-2043,-2437
MGC,ORB2,"ORB2 09:30 30m break BOTH stop 0.25×ATR to 15:55 days ALL",720,-121,-0.17,36.0,0.99,-0.07,1912,2,651,-4938,-7.59,33.5,0.88,-1.15,7369,-455,-1017,729,623,-64,621,-5495
MGC,ORB2,"ORB2 09:30 30m opening-candle direction BOTH stop 0.25×ATR to 15:55 days ALL",752,-805,-1.07,33.2,0.96,-0.43,2565,2,661,-3922,-5.93,33.0,0.91,-0.88,6847,-807,-1207,769,439,-511,573,-3984
MGC,ORB2,"ORB2 09:30 30m break LONG stop 0.25×ATR to 15:55 days NARROW",35,194,5.55,40.0,1.20,0.41,297,2,49,-1275,-26.02,32.7,0.71,-0.99,1954,-109,54,-164,413,229,-60,-1443
MGC,ORB2,"ORB2 09:30 30m opening-candle direction LONG stop 0.25×ATR to 15:55 days NARROW",21,476,22.66,57.1,2.18,1.42,110,3,28,-838,-29.92,35.7,0.69,-0.84,1485,7,172,-9,306,175,-116,-897
MGC,ORB2,"ORB2 09:30 30m break SHORT stop 0.25×ATR to 15:55 days NARROW",41,-215,-5.24,34.1,0.81,-0.55,292,1,52,-1044,-20.08,44.2,0.75,-0.82,2542,-64,-133,57,-74,610,375,-2030
MGC,ORB2,"ORB2 09:30 30m opening-candle direction SHORT stop 0.25×ATR to 15:55 days NARROW",29,435,15.00,44.8,1.75,1.19,130,2,36,424,11.78,44.4,1.17,0.37,942,-17,-82,167,367,416,600,-592
MGC,ORB2,"ORB2 09:30 30m break BOTH stop 0.25×ATR to 15:55 days NARROW",50,105,2.10,34.0,1.07,0.19,361,1,64,-1287,-20.11,40.6,0.76,-0.91,3169,-63,-49,-61,278,1124,12,-2424
MGC,ORB2,"ORB2 09:30 30m opening-candle direction BOTH stop 0.25×ATR to 15:55 days NARROW",50,911,18.22,50.0,1.93,1.86,161,3,64,-414,-6.47,40.6,0.92,-0.27,2023,-9,89,158,673,591,484,-1488
MGC,ORB2,"ORB2 09:30 30m break LONG stop 0.25×ATR to 15:55 days NOTWIDE",328,702,2.14,38.4,1.09,0.56,1098,1,330,-1019,-3.09,36.1,0.95,-0.33,3734,-183,-65,-81,1031,-779,2726,-2965
MGC,ORB2,"ORB2 09:30 30m opening-candle direction LONG stop 0.25×ATR to 15:55 days NOTWIDE",264,1508,5.71,37.5,1.22,1.20,676,2,239,1829,7.65,38.1,1.12,0.63,3367,-306,-89,1020,883,324,1571,-66
MGC,ORB2,"ORB2 09:30 30m break SHORT stop 0.25×ATR to 15:55 days NOTWIDE",320,-1121,-3.50,35.6,0.87,-1.08,1643,1,311,-2331,-7.50,35.4,0.88,-0.75,3365,-62,-1018,281,-323,-381,-1001,-949
MGC,ORB2,"ORB2 09:30 30m opening-candle direction SHORT stop 0.25×ATR to 15:55 days NOTWIDE",243,-1075,-4.42,33.3,0.84,-1.15,1682,1,237,-3170,-13.37,32.1,0.81,-1.22,3817,-254,-804,-202,186,-717,-476,-1976
MGC,ORB2,"ORB2 09:30 30m break BOTH stop 0.25×ATR to 15:55 days NOTWIDE",508,-620,-1.22,35.8,0.95,-0.42,1763,1,475,-3667,-7.72,34.3,0.88,-0.99,5900,-236,-893,-70,579,-272,998,-4393
MGC,ORB2,"ORB2 09:30 30m opening-candle direction BOTH stop 0.25×ATR to 15:55 days NOTWIDE",507,433,0.85,35.5,1.03,0.28,1705,2,476,-1341,-2.82,35.1,0.96,-0.34,4697,-561,-893,818,1069,-394,1095,-2042
MGC,ORB2,"ORB2 09:30 30m break LONG stop 0.25×ATR to 15:55 days NONEWS",411,53,0.13,38.2,1.01,0.04,946,2,403,1346,3.34,37.5,1.06,0.39,4133,-448,-88,97,492,-193,4075,-2537
MGC,ORB2,"ORB2 09:30 30m opening-candle direction LONG stop 0.25×ATR to 15:55 days NONEWS",353,728,2.06,35.4,1.08,0.54,830,3,299,2264,7.57,37.8,1.12,0.73,3710,-504,100,775,356,88,3305,-1130
MGC,ORB2,"ORB2 09:30 30m break SHORT stop 0.25×ATR to 15:55 days NONEWS",409,436,1.07,37.4,1.04,0.34,1364,2,373,-2608,-6.99,32.7,0.89,-0.71,5299,-199,-869,1118,386,-445,-3068,905
MGC,ORB2,"ORB2 09:30 30m opening-candle direction SHORT stop 0.25×ATR to 15:55 days NONEWS",343,-958,-2.79,32.7,0.90,-0.82,2164,2,312,-7176,-23.00,27.9,0.68,-2.49,7496,-350,-1203,446,151,-989,-3498,-2689
MGC,ORB2,"ORB2 09:30 30m break BOTH stop 0.25×ATR to 15:55 days NONEWS",667,576,0.86,37.3,1.03,0.33,1674,2,602,-3611,-6.00,33.9,0.91,-0.87,5307,-570,-756,1050,852,-485,1114,-4240
MGC,ORB2,"ORB2 09:30 30m opening-candle direction BOTH stop 0.25×ATR to 15:55 days NONEWS",696,-230,-0.33,34.1,0.99,-0.13,2236,2,611,-4912,-8.04,32.7,0.88,-1.15,5762,-854,-1103,1221,507,-901,-193,-3818
MGC,ORB2,"ORB2 09:30 30m break LONG stop 0.25×ATR 2R days ALL",449,-853,-1.90,39.6,0.92,-0.79,1152,1,435,-2517,-5.79,39.8,0.90,-0.85,5331,-384,-83,-434,48,885,1580,-4982
MGC,ORB2,"ORB2 09:30 30m opening-candle direction LONG stop 0.25×ATR 2R days ALL",380,-440,-1.16,38.2,0.95,-0.42,970,1,326,1201,3.69,41.4,1.06,0.44,3557,-469,-338,504,-139,1001,1085,-884
MGC,ORB2,"ORB2 09:30 30m break SHORT stop 0.25×ATR 2R days ALL",439,-288,-0.66,39.9,0.97,-0.26,1546,1,410,-1341,-3.27,36.1,0.95,-0.43,3036,-167,-930,866,-58,-629,-227,-485
MGC,ORB2,"ORB2 09:30 30m opening-candle direction SHORT stop 0.25×ATR 2R days ALL",372,-1299,-3.49,35.8,0.87,-1.25,2146,1,335,-5385,-16.07,32.5,0.76,-2.01,6126,-288,-1236,625,-401,-215,-1898,-3272
MGC,ORB2,"ORB2 09:30 30m break BOTH stop 0.25×ATR 2R days ALL",720,-1385,-1.92,38.9,0.92,-0.99,1632,1,651,-4386,-6.74,36.9,0.89,-1.17,6479,-392,-741,219,-471,480,801,-5667
MGC,ORB2,"ORB2 09:30 30m opening-candle direction BOTH stop 0.25×ATR 2R days ALL",752,-1740,-2.31,37.0,0.91,-1.17,2667,1,661,-4183,-6.33,36.9,0.90,-1.09,6791,-757,-1574,1130,-539,786,-813,-4157
MGC,ORB2,"ORB2 09:30 30m break LONG stop 0.25×ATR 2R days NARROW",35,-88,-2.52,40.0,0.91,-0.25,297,2,49,-1185,-24.17,34.7,0.72,-0.98,1688,-109,50,-180,152,187,-194,-1177
MGC,ORB2,"ORB2 09:30 30m opening-candle direction LONG stop 0.25×ATR 2R days NARROW",21,377,17.96,57.1,1.93,1.31,110,3,28,21,0.76,42.9,1.01,0.02,800,7,193,-48,225,100,85,-164
MGC,ORB2,"ORB2 09:30 30m break SHORT stop 0.25×ATR 2R days NARROW",41,-202,-4.92,36.6,0.81,-0.59,284,1,52,-696,-13.38,46.2,0.83,-0.57,1663,-32,-63,51,-158,221,233,-1150
MGC,ORB2,"ORB2 09:30 30m opening-candle direction SHORT stop 0.25×ATR 2R days NARROW",29,674,23.23,55.2,2.37,2.07,123,4,36,-215,-5.96,44.4,0.91,-0.24,909,74,79,293,228,6,371,-592
MGC,ORB2,"ORB2 09:30 30m break BOTH stop 0.25×ATR 2R days NARROW",50,-219,-4.38,36.0,0.84,-0.55,357,0,64,-774,-12.09,43.8,0.85,-0.57,2150,-31,-54,-80,-53,693,-51,-1416
MGC,ORB2,"ORB2 09:30 30m opening-candle direction BOTH stop 0.25×ATR 2R days NARROW",50,1051,21.02,56.0,2.17,2.44,161,4,64,-193,-3.02,43.8,0.96,-0.14,1229,81,272,245,453,106,456,-755
MGC,ORB2,"ORB2 09:30 30m break LONG stop 0.25×ATR 2R days NOTWIDE",328,-676,-2.06,39.9,0.91,-0.72,1143,1,330,-3137,-9.50,38.2,0.85,-1.20,4149,-299,-141,-565,329,60,734,-3931
MGC,ORB2,"ORB2 09:30 30m opening-candle direction LONG stop 0.25×ATR 2R days NOTWIDE",264,-423,-1.60,38.6,0.94,-0.48,926,1,239,496,2.07,41.0,1.03,0.21,2893,-420,-335,434,-102,726,787,-1017
MGC,ORB2,"ORB2 09:30 30m break SHORT stop 0.25×ATR 2R days NOTWIDE",320,-494,-1.55,39.4,0.94,-0.52,1431,1,311,-1818,-5.84,37.6,0.91,-0.68,2944,-36,-930,854,-382,-364,-330,-1124
MGC,ORB2,"ORB2 09:30 30m opening-candle direction SHORT stop 0.25×ATR 2R days NOTWIDE",243,-171,-0.71,38.3,0.97,-0.20,1276,2,237,-2808,-11.85,34.6,0.83,-1.20,3351,-218,-599,509,137,-160,-289,-2359
MGC,ORB2,"ORB2 09:30 30m break BOTH stop 0.25×ATR 2R days NOTWIDE",508,-1375,-2.71,38.6,0.89,-1.16,1527,1,475,-4592,-9.67,36.4,0.85,-1.42,6370,-244,-829,81,-382,-17,162,-4737
MGC,ORB2,"ORB2 09:30 30m opening-candle direction BOTH stop 0.25×ATR 2R days NOTWIDE",507,-594,-1.17,38.5,0.95,-0.48,1738,2,476,-2312,-4.86,37.8,0.92,-0.69,5290,-638,-934,943,36,566,498,-3376
MGC,ORB2,"ORB2 09:30 30m break LONG stop 0.25×ATR 2R days NONEWS",411,-767,-1.87,40.4,0.92,-0.74,1029,2,403,-1247,-3.10,40.7,0.95,-0.44,4798,-445,31,-464,111,561,2640,-4449
MGC,ORB2,"ORB2 09:30 30m opening-candle direction LONG stop 0.25×ATR 2R days NONEWS",353,-511,-1.45,38.0,0.94,-0.50,952,1,299,847,2.83,41.5,1.05,0.32,3902,-489,-299,517,-240,588,1545,-1286
MGC,ORB2,"ORB2 09:30 30m break SHORT stop 0.25×ATR 2R days NONEWS",409,-441,-1.08,39.6,0.96,-0.42,1499,2,373,-1337,-3.58,35.7,0.94,-0.45,2898,-158,-825,539,4,-398,-942,3
MGC,ORB2,"ORB2 09:30 30m opening-candle direction SHORT stop 0.25×ATR 2R days NONEWS",343,-1032,-3.01,36.4,0.88,-1.04,1924,1,312,-5912,-18.95,31.4,0.73,-2.30,6385,-206,-1131,586,-281,-58,-2513,-3341
MGC,ORB2,"ORB2 09:30 30m break BOTH stop 0.25×ATR 2R days NONEWS",667,-964,-1.45,39.7,0.94,-0.72,1507,1,602,-3369,-5.60,37.0,0.91,-0.94,5395,-444,-587,112,-45,265,1501,-5135
MGC,ORB2,"ORB2 09:30 30m opening-candle direction BOTH stop 0.25×ATR 2R days NONEWS",696,-1543,-2.22,37.2,0.91,-1.08,2395,1,611,-5065,-8.29,36.3,0.87,-1.38,6554,-696,-1429,1103,-521,530,-967,-4628
MGC,ORB2,"ORB2 09:30 30m break LONG stop 0.25×ATR 4R days ALL",449,-1,0.00,37.9,1.00,0.00,1052,2,435,-1642,-3.77,36.1,0.94,-0.48,5095,-324,64,-127,387,-186,2629,-4086
MGC,ORB2,"ORB2 09:30 30m opening-candle direction LONG stop 0.25×ATR 4R days ALL",380,452,1.19,35.5,1.05,0.35,942,3,326,921,2.83,37.1,1.05,0.30,4214,-420,65,726,81,532,2146,-1756
MGC,ORB2,"ORB2 09:30 30m break SHORT stop 0.25×ATR 4R days ALL",439,214,0.49,37.1,1.02,0.16,1602,2,410,10,0.02,33.4,1.00,0.00,2788,-237,-819,1107,163,-328,-675,1013
MGC,ORB2,"ORB2 09:30 30m opening-candle direction SHORT stop 0.25×ATR 4R days ALL",372,-1472,-3.96,31.5,0.86,-1.21,2251,1,335,-4238,-12.65,29.3,0.82,-1.30,5097,-432,-1071,188,-157,-839,-1571,-1828
MGC,ORB2,"ORB2 09:30 30m break BOTH stop 0.25×ATR 4R days ALL",720,-280,-0.39,36.4,0.98,-0.17,1654,2,651,-2889,-4.44,33.6,0.93,-0.65,5678,-484,-610,491,322,97,1197,-4182
MGC,ORB2,"ORB2 09:30 30m opening-candle direction BOTH stop 0.25×ATR 4R days ALL",752,-1020,-1.36,33.5,0.95,-0.58,2357,1,661,-3317,-5.02,33.1,0.92,-0.74,6341,-852,-1006,914,-76,-307,575,-3584
MGC,ORB2,"ORB2 09:30 30m break LONG stop 0.25×ATR 4R days NARROW",35,134,3.82,40.0,1.14,0.31,297,2,49,-1302,-26.58,32.7,0.71,-1.01,1946,-109,54,-164,352,194,-60,-1436
MGC,ORB2,"ORB2 09:30 30m opening-candle direction LONG stop 0.25×ATR 4R days NARROW",21,496,23.63,57.1,2.23,1.45,110,3,28,-881,-31.46,35.7,0.67,-0.89,1485,7,184,-9,314,132,-116,-897
MGC,ORB2,"ORB2 09:30 30m break SHORT stop 0.25×ATR 4R days NARROW",41,-11,-0.26,36.6,0.99,-0.03,257,1,52,-1063,-20.44,44.2,0.74,-0.82,2542,-64,-133,240,-53,425,542,-2030
MGC,ORB2,"ORB2 09:30 30m opening-candle direction SHORT stop 0.25×ATR 4R days NARROW",29,636,21.94,48.3,2.18,1.63,130,2,36,193,5.35,44.4,1.08,0.17,942,-17,-82,350,385,122,662,-592
MGC,ORB2,"ORB2 09:30 30m break BOTH stop 0.25×ATR 4R days NARROW",50,249,4.97,36.0,1.18,0.46,322,2,64,-1507,-23.55,40.6,0.72,-1.12,3169,-63,-49,122,239,904,12,-2424
MGC,ORB2,"ORB2 09:30 30m opening-candle direction BOTH stop 0.25×ATR 4R days NARROW",50,1132,22.65,52.0,2.20,2.20,161,3,64,-688,-10.76,40.6,0.86,-0.47,2023,-9,101,341,699,254,546,-1488
MGC,ORB2,"ORB2 09:30 30m break LONG stop 0.25×ATR 4R days NOTWIDE",328,-76,-0.23,38.4,0.99,-0.07,1270,1,330,-1163,-3.52,36.1,0.94,-0.38,3412,-212,-73,-563,772,-675,2358,-2846
MGC,ORB2,"ORB2 09:30 30m opening-candle direction LONG stop 0.25×ATR 4R days NOTWIDE",264,632,2.39,37.5,1.09,0.58,676,2,239,1457,6.10,38.1,1.10,0.52,3367,-352,-83,506,561,407,1326,-276
MGC,ORB2,"ORB2 09:30 30m break SHORT stop 0.25×ATR 4R days NOTWIDE",320,-714,-2.23,36.3,0.91,-0.67,1613,1,311,-1482,-4.77,35.4,0.93,-0.47,3189,-62,-976,621,-297,-515,-633,-334
MGC,ORB2,"ORB2 09:30 30m opening-candle direction SHORT stop 0.25×ATR 4R days NOTWIDE",243,-970,-3.99,33.7,0.85,-1.04,1599,2,237,-3111,-13.12,32.1,0.81,-1.18,3816,-254,-879,3,160,-1021,-481,-1609
MGC,ORB2,"ORB2 09:30 30m break BOTH stop 0.25×ATR 4R days NOTWIDE",508,-1161,-2.28,36.0,0.91,-0.85,1881,1,475,-3375,-7.10,34.3,0.89,-0.90,5265,-265,-880,-361,346,-369,841,-3847
MGC,ORB2,"ORB2 09:30 30m opening-candle direction BOTH stop 0.25×ATR 4R days NOTWIDE",507,-338,-0.67,35.7,0.97,-0.24,1876,2,476,-1654,-3.47,35.1,0.95,-0.43,4359,-606,-962,508,722,-614,845,-1885
MGC,ORB2,"ORB2 09:30 30m break LONG stop 0.25×ATR 4R days NONEWS",411,-149,-0.36,38.7,0.99,-0.12,920,2,403,554,1.38,37.5,1.02,0.16,3920,-448,164,-182,316,-302,3690,-2833
MGC,ORB2,"ORB2 09:30 30m opening-candle direction LONG stop 0.25×ATR 4R days NONEWS",353,492,1.39,35.7,1.05,0.40,830,3,299,1611,5.39,37.8,1.09,0.54,3710,-504,122,758,115,114,2836,-1339
MGC,ORB2,"ORB2 09:30 30m break SHORT stop 0.25×ATR 4R days NONEWS",409,411,1.01,37.4,1.04,0.33,1373,2,373,-934,-2.50,32.7,0.96,-0.25,3556,-199,-662,912,361,-259,-2180,1505
MGC,ORB2,"ORB2 09:30 30m opening-candle direction SHORT stop 0.25×ATR 4R days NONEWS",343,-962,-2.80,32.7,0.90,-0.83,2014,1,312,-5999,-19.23,27.9,0.73,-1.98,6319,-350,-1028,424,-8,-776,-3085,-2138
MGC,ORB2,"ORB2 09:30 30m break BOTH stop 0.25×ATR 4R days NONEWS",667,366,0.55,37.6,1.02,0.23,1267,2,602,-1563,-2.60,33.9,0.96,-0.36,3592,-570,-348,634,650,-251,1616,-2928
MGC,ORB2,"ORB2 09:30 30m opening-candle direction BOTH stop 0.25×ATR 4R days NONEWS",696,-470,-0.67,34.2,0.97,-0.28,2031,2,611,-4388,-7.18,32.7,0.89,-1.03,5507,-854,-905,1183,107,-662,-249,-3477
MGC,CAL,"FOMC DAY hold 18:00→13:59 LONG",25,215,8.60,56.0,1.24,0.33,786,2,19,513,26.99,42.1,1.19,0.26,1644,468,-454,-150,351,497,-455,470
MGC,CAL,"FOMC DAY hold 09:30→13:59 LONG",25,-93,-3.72,44.0,0.86,-0.27,509,2,20,784,39.20,45.0,2.01,1.08,629,184,-24,-387,134,-114,-449,1347
MGC,CAL,"TURN OF MONTH hold 09:30→15:55 LONG",156,-1821,-11.67,46.8,0.74,-1.35,1915,1,134,2713,20.24,49.3,1.26,0.91,1830,47,-663,-700,-504,67,958,1689
MGC,CAL,"TURN OF MONTH hold 18:00→15:55 LONG",145,-1224,-8.44,49.7,0.87,-0.63,2614,1,127,8464,66.65,55.1,1.47,1.32,2720,905,-665,-949,-516,-341,2728,6077
MGC,CAL,"Monday hold 09:30→15:55 LONG",146,-1650,-11.30,43.8,0.73,-1.42,1696,0,131,1202,9.18,53.4,1.12,0.47,2436,-487,-43,-941,-179,216,1503,-516
MGC,CAL,"Monday hold 18:00→09:29 LONG",142,-3660,-25.77,45.1,0.57,-2.25,3728,1,130,2741,21.08,56.2,1.16,0.58,3178,-924,67,-2127,-676,-1431,4215,-43
MGC,CAL,"Tuesday hold 09:30→15:55 LONG",162,-462,-2.85,44.4,0.93,-0.34,1730,1,140,-509,-3.64,45.7,0.96,-0.15,3359,-165,-726,-248,677,303,-769,-43
MGC,CAL,"Tuesday hold 18:00→09:29 LONG",160,-7,-0.04,53.1,1.00,0.00,1547,2,140,175,1.25,60.0,1.01,0.03,6254,714,-641,502,-582,552,1583,-1960
MGC,CAL,"Wednesday hold 09:30→15:55 LONG",159,-107,-0.67,48.4,0.98,-0.08,1470,2,138,-2672,-19.37,47.1,0.82,-0.81,3141,-71,314,497,-847,-1877,1108,-1903
MGC,CAL,"Wednesday hold 18:00→09:29 LONG",158,-389,-2.46,53.8,0.94,-0.28,1424,1,134,8057,60.13,59.0,1.51,1.58,4138,-517,-215,-487,829,-881,2647,6291
MGC,CAL,"Thursday hold 09:30→15:55 LONG",153,-559,-3.66,49.0,0.91,-0.42,1364,2,131,1310,10.00,53.4,1.10,0.35,3185,304,-300,-654,91,697,1545,-932
MGC,CAL,"Thursday hold 18:00→09:29 LONG",148,-1795,-12.13,48.0,0.78,-1.11,2441,1,128,-3024,-23.63,53.1,0.83,-0.63,7761,356,-1280,-425,-446,1382,-10,-4397
MGC,CAL,"Friday hold 09:30→15:55 LONG",141,593,4.21,47.5,1.10,0.43,1101,2,126,-3510,-27.86,48.4,0.76,-0.96,4031,-307,-633,1092,441,-287,-2139,-1084
MGC,CAL,"Friday hold 18:00→09:29 LONG",141,-690,-4.89,55.3,0.90,-0.45,2481,2,126,7336,58.22,59.5,1.61,1.84,2214,484,-455,-1476,757,1428,362,5546
MGC,CAL,"FOMC DAY hold 18:00→13:59 SHORT",25,-405,-16.20,44.0,0.67,-0.63,661,2,19,-657,-34.59,52.6,0.80,-0.33,1235,-484,394,90,-405,-543,401,-516
MGC,CAL,"FOMC DAY hold 09:30→13:59 SHORT",25,-97,-3.88,52.0,0.86,-0.28,342,1,20,-936,-46.80,55.0,0.42,-1.29,1393,-200,-36,327,-188,68,389,-1393
MGC,CAL,"TURN OF MONTH hold 09:30→15:55 SHORT",156,635,4.07,50.6,1.11,0.47,1519,3,134,-3731,-27.84,46.3,0.73,-1.25,4590,-139,299,336,140,-431,-1322,-1977
MGC,CAL,"TURN OF MONTH hold 18:00→15:55 SHORT",145,122,0.84,48.3,1.01,0.06,1995,3,127,-9430,-74.25,44.1,0.65,-1.47,10225,-997,345,591,182,-9,-3062,-6359
MGC,CAL,"Monday hold 09:30→15:55 SHORT",146,540,3.70,53.4,1.11,0.47,1148,2,131,-2198,-16.78,45.0,0.81,-0.86,3762,403,-315,607,-155,-580,-1867,250
MGC,CAL,"Monday hold 18:00→09:29 SHORT",142,2580,18.17,53.5,1.47,1.59,909,3,130,-3729,-28.68,40.8,0.82,-0.79,8585,840,-409,1793,356,1073,-4579,-223
MGC,CAL,"Tuesday hold 09:30→15:55 SHORT",162,-770,-4.75,51.2,0.88,-0.57,1571,2,140,-555,-3.96,51.4,0.96,-0.16,3811,81,338,-140,-1049,-683,373,-245
MGC,CAL,"Tuesday hold 18:00→09:29 SHORT",160,-1209,-7.56,41.3,0.83,-0.84,1648,2,140,-1239,-8.85,40.0,0.93,-0.24,7542,-798,261,-890,218,-932,-1979,1672
MGC,CAL,"Wednesday hold 09:30→15:55 SHORT",159,-1101,-6.93,49.7,0.84,-0.83,2076,1,138,1624,11.77,50.0,1.13,0.49,2335,-13,-694,-877,483,1513,-1496,1607
MGC,CAL,"Wednesday hold 18:00→09:29 SHORT",158,-811,-5.14,42.4,0.88,-0.59,1873,2,134,-9075,-67.73,40.3,0.63,-1.78,10333,433,-165,107,-1187,531,-3019,-6587
MGC,CAL,"Thursday hold 09:30→15:55 SHORT",153,-603,-3.94,49.0,0.90,-0.45,1061,1,131,-2306,-17.60,45.0,0.85,-0.62,4495,-372,-72,282,-441,-1047,-1909,650
MGC,CAL,"Thursday hold 18:00→09:29 SHORT",148,671,4.53,50.7,1.10,0.41,1554,3,128,2052,16.03,46.9,1.13,0.43,3745,-424,930,61,104,-1732,-340,4123
MGC,CAL,"Friday hold 09:30→15:55 SHORT",141,-1665,-11.81,47.5,0.76,-1.19,2942,2,126,2552,20.26,48.4,1.22,0.70,2529,253,291,-1434,-775,-71,1797,826
MGC,CAL,"Friday hold 18:00→09:29 SHORT",141,-382,-2.71,41.8,0.95,-0.25,1855,2,126,-8294,-65.82,38.9,0.59,-2.08,8294,-538,113,1134,-1091,-1786,-704,-5804
